customer_id,full_name,account_age_days,kyc_status,pep_status,declared_monthly_income,device_id_count,unique_counterparties_30d,shared_ip_count,historical_avg_tx_amount,session_velocity_seconds,recent_failed_logins,risk_tier
CUST_0,Allison Hill,3175,Verified,False,1631.41,1,8,1,46.6,110,0,Low
CUST_1,Noah Rhodes,3508,Pending,False,4759.81,2,12,1,3346.66,110,0,Low
CUST_2,Angie Henderson,861,Pending,False,7214.5,3,13,2,71.4,110,0,Low
CUST_3,Daniel Wagner,1295,Verified,False,3666.38,1,8,1,678.89,110,0,Low
CUST_4,Cristian Santos,1131,Verified,False,2784.74,1,38,2,67.32,110,0,High (Network Risk)
CUST_5,Connie Lawrence,1096,Verified,False,1114.91,2,20,1,266.48,110,1,Low
CUST_6,Abigail Shaffer,3093,Verified,False,5602.17,1,2,2,121.06,110,0,Low
CUST_7,Gina Moore,1639,Verified,False,12291.99,2,2,1,434.5,110,0,Low
CUST_8,Gabrielle Davis,2170,Verified,False,2392.95,1,2,1,431.06,110,0,Low
CUST_9,Ryan Munoz,467,Verified,False,1275.65,1,18,1,55.02,110,0,Low
CUST_10,Monica Herrera,1239,Pending,False,3574.2,3,1,1,457.07,110,0,Low
CUST_11,Jamie Arnold,331,Verified,False,2988.87,1,10,1,26.74,110,0,Low
CUST_12,Lisa Hensley,1483,Verified,False,883.28,1,6,1,1975.66,110,0,Low
CUST_13,Michele Williams,2136,Verified,False,1803.19,1,2,1,254.39,110,0,Low
CUST_14,Dylan Miller,3445,Verified,False,17827.29,10,9,1,1.58,110,1,Low
CUST_15,Brian Ramirez,3172,Verified,False,774.68,2,6,1,20.85,110,0,Low
CUST_16,Holly Wood,2920,Verified,False,1494.25,1,14,1,414.3,4,1,Low
CUST_17,Derek Zuniga,131,Verified,False,1154.34,2,2,2,627.0,110,0,Low
CUST_18,Lisa Jackson,1686,Verified,False,1261.05,1,3,1,82.59,110,0,Low
CUST_19,Carla Gray,3381,Verified,False,1909.36,1,3,2,187.83,110,0,Low
CUST_20,Margaret Hawkins DDS,770,Verified,False,4667.52,2,12,1,440.74,110,1,Low
CUST_21,Patty Perez,2392,Verified,False,11032.08,2,6,5,1060.71,110,0,High (Network Risk)
CUST_22,Ethan Adams,1516,Verified,False,3653.06,1,19,1,579.28,110,0,Low
CUST_23,Tommy Walter,3486,Verified,False,1503.6,1,5,1,64.03,110,0,Low
CUST_24,Matthew Foster,2854,Verified,False,13903.77,1,8,1,1148.75,110,0,Low
CUST_25,Judy Baker,2434,Verified,False,376.7,2,24,1,5.7,110,0,Low
CUST_26,Justin Baker,1216,Verified,False,5845.8,2,1,1,97.54,110,0,Low
CUST_27,Stephanie Ross,956,Verified,False,1067.68,2,7,1,376.18,110,0,Low
CUST_28,Zachary Hicks,2325,Verified,False,2832.96,2,7,1,24.31,110,0,Low
CUST_29,Anthony Rodriguez,1185,Pending,False,5234.88,2,3,1,161.17,110,0,Low
CUST_30,Rebecca Henderson,460,Verified,False,598.62,2,6,1,340.35,110,0,Low
CUST_31,James Ferrell,3386,Failed,False,3434.59,1,9,1,46.36,110,10,Medium (Compliance)
CUST_32,Tricia Valencia,22,Pending,False,3708.85,1,4,1,197.49,110,0,Low
CUST_33,Nathan Maldonado,2301,Verified,False,12865.93,1,7,1,23.71,110,0,Low
CUST_34,Debra Davidson,748,Verified,False,45032.93,1,3,1,670.78,110,0,Low
CUST_35,Jeffrey Chavez,2905,Verified,False,630.83,2,6,1,330.3,110,0,Low
CUST_36,Sherri Baker,3633,Verified,False,12297.53,2,15,1,449.49,110,0,Low
CUST_37,Cassandra Gaines,475,Verified,False,2870.15,1,16,1,133.75,110,0,Low
CUST_38,Elizabeth Fowler,1083,Verified,False,1328.0,2,18,1,12.2,110,5,Low
CUST_39,Brittany Farmer,2559,Verified,False,4311.55,1,6,1,121.62,110,0,Low
CUST_40,Paula Moreno,2048,Verified,False,810.55,1,5,20,1976.78,110,0,High (Network Risk)
CUST_41,Fred Smith,3548,Verified,False,860.39,1,13,1,681.68,110,0,Low
CUST_42,Sherry Decker,2748,Verified,False,525.76,1,18,1,2034.4,110,0,Low
CUST_43,Anthony Humphrey,976,Failed,False,5146.59,1,7,1,161.25,110,10,Medium (Compliance)
CUST_44,Angelica Tucker,1807,Verified,False,4134.05,1,24,5,52.57,110,0,High (Network Risk)
CUST_45,Philip Cannon,190,Verified,False,1320.3,2,13,1,357.78,110,0,Low
CUST_46,John Pierce,3006,Verified,False,13678.79,1,4,1,111.26,110,0,Low
CUST_47,Shane Henderson,2735,Verified,False,1536.16,1,5,1,64.27,110,0,Low
CUST_48,Joshua Blair,3006,Pending,False,10753.53,1,7,1,11.0,110,0,Low
CUST_49,Eric Carney,563,Verified,False,3368.02,3,2,1,245.03,110,0,Low
CUST_50,Jessica Holmes,1900,Pending,False,1515.7,1,4,1,605.19,110,5,Low
CUST_51,Danny Morgan,3639,Verified,False,2657.17,2,18,20,25.86,110,0,High (Network Risk)
CUST_52,Crystal Robinson,1268,Verified,False,850.87,1,21,2,1385.5,110,0,Low
CUST_53,Mark Perez,2880,Verified,False,3702.39,1,9,2,215.83,110,0,Low
CUST_54,Shannon Jones,1529,Verified,False,3073.43,2,10,1,175.13,110,1,Low
CUST_55,Michael Lewis,3203,Pending,False,5051.54,1,5,1,23.83,110,0,Low
CUST_56,Timothy Duncan,3557,Verified,False,7180.7,2,4,1,327.42,110,0,Low
CUST_57,Richard Aguirre,647,Verified,False,3346.32,1,11,2,26.34,110,0,Low
CUST_58,Brent Jordan,2069,Verified,False,681.08,2,5,1,35.43,110,5,Low
CUST_59,John Daniel,2889,Verified,False,7573.14,2,28,2,12.08,110,0,Low
CUST_60,Victoria Garcia,2215,Verified,False,3024.99,1,10,2,8523.69,110,0,Low
CUST_61,Gerald Hensley,1298,Verified,False,448.51,1,10,1,138.06,110,0,Low
CUST_62,Connor West,2436,Verified,False,4062.75,1,3,1,59.47,110,5,Low
CUST_63,Donald Wright,601,Verified,False,4381.4,1,1,1,139.38,110,10,Low
CUST_64,Jessica Callahan,2364,Verified,False,2082.91,2,10,1,69.89,110,0,Low
CUST_65,Amber Kidd,2062,Verified,False,2445.89,1,4,1,113.44,110,1,Low
CUST_66,Tracy House,242,Verified,False,1643.75,1,16,1,259.24,110,0,Low
CUST_67,Carol Tucker,2042,Pending,False,4519.36,1,3,1,80.69,110,0,Low
CUST_68,James Brown,2825,Verified,False,3428.89,1,4,1,178.75,110,0,Low
CUST_69,William Baker,3418,Verified,False,1202.04,1,18,1,4911.98,110,1,Low
CUST_70,Jordan Henderson,2613,Verified,False,15032.51,1,10,2,9.49,110,0,Low
CUST_71,Whitney Peters,2946,Verified,False,1531.8,2,3,1,26.91,110,0,Low
CUST_72,Brittney Phillips,1364,Verified,False,199.04,1,7,1,311.16,110,0,Low
CUST_73,Lauren Daniels,2140,Verified,False,1861.85,2,33,1,1155.92,110,0,High (Network Risk)
CUST_74,Amy Silva,1391,Verified,False,8357.69,1,8,1,13204.94,110,0,Low
CUST_75,Sarah Moore,3004,Verified,False,2424.71,2,6,1,276.38,110,0,Low
CUST_76,Angela Lopez,1479,Verified,False,581.27,2,15,1,23.84,110,0,Low
CUST_77,Megan Young,3500,Verified,False,1066.26,1,9,1,1419.42,110,0,Low
CUST_78,Steve Sanchez,2557,Verified,False,1011.32,2,23,1,178.91,110,1,Low
CUST_79,Lisa Barnes,776,Verified,False,1676.92,2,13,1,168.84,110,0,Low
CUST_80,Kelly Donovan,35,Verified,False,2294.56,1,15,1,8.05,110,0,Low
CUST_81,Mike Allen,2254,Verified,False,4884.66,2,24,1,856.45,110,0,Low
CUST_82,Michael Evans,3153,Verified,False,3389.5,1,5,1,37.27,110,0,Low
CUST_83,Paul Jones,1956,Verified,False,3556.04,1,4,2,347.36,110,0,Low
CUST_84,Zachary Ferrell,1586,Verified,False,17665.22,1,2,1,164.17,110,0,Low
CUST_85,Daniel Baker,3460,Verified,False,7050.33,2,6,2,200.19,110,1,Low
CUST_86,Shirley Suarez,3074,Verified,False,6456.25,1,2,1,160.42,110,0,Low
CUST_87,Christopher Bass,1022,Verified,False,486.31,1,9,1,47.89,110,0,Low
CUST_88,Lisa Archer,3462,Verified,False,1405.56,1,4,1,42.03,110,10,Low
CUST_89,Aimee Montoya,2614,Verified,False,603.64,2,15,2,614.98,110,1,Low
CUST_90,Matthew Mcmillan,1130,Verified,False,1381.53,2,13,2,144.94,110,0,Low
CUST_91,Brian Rodriguez,1501,Verified,False,6600.28,1,5,1,55.57,110,0,Low
CUST_92,Denise Jacobs,703,Verified,False,2012.58,2,16,2,68.82,110,0,Low
CUST_93,Christina Walters,2450,Verified,False,8711.87,1,8,1,416.54,110,0,Low
CUST_94,John Whitehead,2778,Verified,False,5961.84,1,1,1,53.67,110,0,Low
CUST_95,Anna Henderson,1580,Pending,False,3135.21,1,3,1,1625.91,110,0,Low
CUST_96,Aaron Wise,162,Verified,False,8919.96,2,4,1,117.52,110,0,Low
CUST_97,Deborah Figueroa,202,Verified,False,11665.79,2,7,1,87.85,110,0,Low
CUST_98,Jessica Smith,1982,Verified,False,4695.63,1,5,1,374.95,110,0,Low
CUST_99,Stephen Mckee,996,Verified,False,3751.71,1,4,2,96.91,110,0,Low
CUST_100,Sandra Aguilar,2318,Verified,False,5615.97,1,11,1,263.11,110,0,Low
CUST_101,Cameron Parker,816,Verified,False,730.27,1,13,2,136.53,110,0,Low
CUST_102,Rebecca Valencia,3343,Verified,False,2650.3,3,4,1,10.98,110,0,Low
CUST_103,Christine Wright,456,Verified,False,2910.29,1,3,1,29.94,110,0,Low
CUST_104,Richard Henson,3534,Verified,False,2061.64,1,20,1,230.27,4,0,Low
CUST_105,Marc Moore,1276,Verified,False,1353.57,2,65,1,75.45,110,0,High (Network Risk)
CUST_106,Sharon Cherry,1017,Verified,False,8087.26,1,3,5,3255.63,110,0,High (Network Risk)
CUST_107,Sierra Johnson,2344,Verified,False,3533.55,2,15,1,45.59,110,0,Low
CUST_108,Evelyn Galvan,2768,Verified,False,3869.93,2,6,1,20.83,110,0,Low
CUST_109,Sharon Cochran,338,Verified,False,12389.2,2,12,1,157.51,110,0,Low
CUST_110,Richard Rodriguez,879,Verified,False,2452.03,1,3,5,216.25,110,0,High (Network Risk)
CUST_111,Shannon Walker,1077,Verified,False,2020.74,1,2,1,558.53,110,0,Low
CUST_112,Julia Torres,792,Verified,False,11629.42,1,3,2,3.46,110,0,Low
CUST_113,Crystal Johnson,2265,Verified,False,671.33,1,4,1,1424.01,110,0,Low
CUST_114,Garrett Lin,764,Verified,False,3137.53,2,6,1,20.84,110,0,Low
CUST_115,Diana May,2236,Verified,False,1425.61,1,15,1,760.39,110,0,Low
CUST_116,William Herrera,380,Verified,False,3994.52,2,3,1,2796.87,110,0,Low
CUST_117,Ashley Waller,493,Verified,False,5281.5,1,4,1,454.9,110,0,Low
CUST_118,Victor Baker,3113,Verified,False,5583.61,2,39,1,26.57,110,0,High (Network Risk)
CUST_119,Jeffrey Chandler,1181,Verified,False,8318.52,1,7,1,111.11,110,1,Low
CUST_120,Larry Dixon,2063,Verified,False,2315.71,1,9,1,461.0,4,5,High (ATO Risk)
CUST_121,Kenneth Scott,65,Verified,False,2464.59,1,13,1,156.0,110,0,Low
CUST_122,April Frost,2569,Failed,False,5047.27,2,4,2,30.76,110,0,Medium (Compliance)
CUST_123,Michelle Harmon,1368,Verified,False,7240.91,1,7,1,172.39,110,0,Low
CUST_124,Helen Jones,1153,Verified,False,812.16,1,5,1,68.37,110,0,Low
CUST_125,Erin Edwards,2028,Verified,False,4081.1,1,6,1,366.11,110,0,Low
CUST_126,Michelle Evans,2696,Verified,False,2007.72,1,14,1,30.19,110,0,Low
CUST_127,Jason Powell,1496,Verified,False,3252.41,2,12,1,8.16,110,1,Low
CUST_128,Cameron Fisher,3135,Verified,False,2086.64,2,1,2,32.3,110,0,Low
CUST_129,Megan Orr,1163,Verified,False,1447.01,1,16,1,11.49,110,0,Low
CUST_130,Elizabeth Kelley,1523,Verified,False,1076.51,1,5,1,57.83,110,0,Low
CUST_131,Dustin Jordan,2641,Verified,False,2563.11,1,10,1,406.12,110,0,Low
CUST_132,Mary Marshall,392,Verified,False,4265.89,3,5,1,82.19,110,0,Low
CUST_133,Daniel Kennedy,1699,Verified,False,1631.07,1,7,1,143.11,110,0,Low
CUST_134,Rebecca Jackson,419,Verified,False,9796.81,2,21,2,32.87,110,0,Low
CUST_135,Jose Schultz,2337,Verified,False,34837.52,2,9,1,152.9,110,0,Low
CUST_136,Robert Potter,379,Verified,False,4505.82,2,20,2,35.37,110,0,Low
CUST_137,Courtney Gonzalez,1797,Verified,False,2860.54,2,7,1,24.95,110,0,Low
CUST_138,David Alvarez,3562,Pending,False,1197.2,1,6,1,105.77,110,1,Low
CUST_139,Angel Perry,2279,Verified,False,4315.89,3,7,1,53.81,110,1,Low
CUST_140,Cheyenne Horton,3066,Verified,False,13058.25,2,2,1,2.18,110,0,Low
CUST_141,David Douglas Jr.,2089,Verified,False,20920.39,1,0,1,131.76,110,10,Low
CUST_142,Patricia Rodriguez,3100,Verified,False,12042.0,2,3,1,34.42,110,0,Low
CUST_143,Christopher Rubio,2183,Verified,False,6927.88,2,16,1,31.06,110,0,Low
CUST_144,Amber Wright,201,Verified,False,4492.63,2,23,1,1204.55,110,0,Low
CUST_145,Joyce Solis,1864,Pending,False,1044.54,1,1,1,534.17,110,0,Low
CUST_146,Victoria Larson,780,Verified,False,2698.03,1,20,2,260.43,110,1,Low
CUST_147,Stephanie Salazar,2978,Verified,False,2402.16,1,4,1,162.45,110,0,Low
CUST_148,Kathy Rivas,3105,Verified,False,2715.68,2,2,2,368.27,110,0,Low
CUST_149,Stephanie Manning,3120,Verified,False,1451.84,3,17,1,82.38,110,0,Low
CUST_150,David Wright,503,Verified,False,6360.5,2,4,1,167.12,110,0,Low
CUST_151,Pamela Boyd,2455,Verified,False,2266.82,1,59,2,81.0,110,0,High (Network Risk)
CUST_152,Denise Jones,3646,Verified,False,2090.11,2,4,1,175.63,110,5,Low
CUST_153,Devon Flores,1752,Verified,False,1456.76,1,5,1,227.74,110,0,Low
CUST_154,Brenda Hall,805,Verified,False,3760.47,1,3,5,207.42,110,0,High (Network Risk)
CUST_155,Michelle Brown,2147,Verified,False,13316.7,2,8,1,85.53,110,0,Low
CUST_156,Joshua Perry,2732,Verified,False,2950.68,1,13,2,418.27,110,0,Low
CUST_157,Jason Stein,1896,Verified,False,3951.07,1,1,1,109.55,110,5,Low
CUST_158,Melissa Gates,2774,Verified,False,20645.66,2,12,1,105.4,110,1,Low
CUST_159,Jamie Smith,1571,Verified,False,9931.26,1,5,2,9.66,110,0,Low
CUST_160,Paul Castaneda,961,Verified,False,5365.5,2,3,1,41.39,110,0,Low
CUST_161,Jennifer Adkins,2661,Verified,False,5144.57,1,2,1,543.95,110,0,Low
CUST_162,Lindsey Walker,1486,Verified,False,1630.98,1,16,1,480.81,110,5,Low
CUST_163,Jeffrey Johnson,2691,Verified,False,1479.01,1,9,1,143.59,110,0,Low
CUST_164,Michael Powell,1029,Verified,False,3433.75,2,4,1,64.24,110,0,Low
CUST_165,John Anderson,3290,Verified,False,3521.96,1,13,2,186.27,110,0,Low
CUST_166,Alyssa Long,503,Verified,False,1274.41,2,11,2,4.09,110,0,Low
CUST_167,Alyssa Day,2815,Verified,False,6022.73,1,14,1,183.01,110,0,Low
CUST_168,Joel Williams,398,Verified,False,2259.06,2,27,2,22.86,110,0,Low
CUST_169,Daniel Murphy,871,Verified,False,9203.33,1,8,1,129.51,110,1,Low
CUST_170,Jamie Walton,2843,Pending,False,2820.28,1,34,1,204.11,110,10,High (Network Risk)
CUST_171,Darlene Miller,393,Verified,False,2581.38,1,23,1,87.84,110,0,Low
CUST_172,Joshua Cooke,207,Verified,False,1167.48,1,13,1,454.8,110,1,Low
CUST_173,Matthew Harrington,1039,Verified,False,1302.63,1,1,1,57.51,110,0,Low
CUST_174,Nicole Herring,1882,Verified,False,11134.06,1,8,1,49.75,110,0,Low
CUST_175,Alex Hernandez,3626,Verified,False,3900.9,3,8,2,378.6,110,0,Low
CUST_176,Michael Elliott,2940,Verified,False,4399.75,1,8,1,86.47,110,0,Low
CUST_177,Michael Wang,1485,Verified,False,14774.34,1,6,1,1118.89,110,1,Low
CUST_178,Lawrence Adkins,3647,Verified,False,798.24,2,12,1,151.46,110,0,Low
CUST_179,Robert Oconnell,864,Verified,False,5832.82,1,13,5,339.31,110,1,High (Network Risk)
CUST_180,Alexander Collins,2791,Verified,False,609.18,1,1,1,599.98,110,0,Low
CUST_181,Tina Sanders,3313,Verified,False,1924.36,1,21,1,133.3,110,0,Low
CUST_182,Angela Vaughn,564,Verified,False,948.53,1,2,1,15.02,110,0,Low
CUST_183,Ashley Barton,1021,Verified,False,7034.56,1,5,2,380.41,110,1,Low
CUST_184,Lindsay Martinez,96,Verified,False,450.46,1,3,1,888.24,110,0,Low
CUST_185,Dr. Hannah Patterson,1924,Verified,False,2368.27,2,4,1,99.65,110,0,Low
CUST_186,Jonathan Peterson,1758,Verified,False,935.64,1,17,1,657.88,110,1,Low
CUST_187,Samantha Garcia,2533,Pending,False,1267.99,1,8,1,25.74,110,0,Low
CUST_188,Madison Poole,3479,Verified,False,1479.25,1,12,2,185.75,110,0,Low
CUST_189,Jessica Gross,2279,Pending,False,11148.99,1,12,1,96.66,110,0,Low
CUST_190,Debra Morton,2797,Verified,False,2131.9,1,1,1,13.94,110,0,Low
CUST_191,Karen Graham,1679,Verified,False,16769.65,2,4,1,269.72,110,5,Low
CUST_192,Debra Christian,3243,Verified,False,20673.05,2,13,5,39.17,110,0,High (Network Risk)
CUST_193,Angelica Keith,541,Verified,False,24678.41,2,12,1,261.03,110,0,Low
CUST_194,John Bishop,1060,Verified,False,2810.82,1,1,1,33.22,110,0,Low
CUST_195,Allen Rosales,2573,Verified,False,3678.86,3,16,1,12.05,110,10,Low
CUST_196,Daniel Salinas,1184,Verified,False,4350.11,1,12,1,50.84,110,1,Low
CUST_197,Spencer Haynes,1723,Verified,False,2064.23,1,3,1,701.15,110,0,Low
CUST_198,Adam Vaughan,3315,Verified,False,4556.77,1,10,1,116.76,110,0,Low
CUST_199,Nathan Freeman,3158,Verified,False,1170.05,2,6,1,156.57,110,1,Low
CUST_200,Melissa Brewer,1820,Pending,False,456.93,1,10,1,182.99,4,0,Low
CUST_201,Ricky Davis II,2626,Verified,False,6088.36,1,1,1,172.88,4,5,High (ATO Risk)
CUST_202,Elizabeth Perkins,2730,Failed,False,2101.12,2,5,1,2468.4,110,0,Medium (Compliance)
CUST_203,Joseph Coleman,2605,Verified,False,1122.49,1,19,1,139.45,110,0,Low
CUST_204,Erin Warner,1598,Verified,False,1273.82,2,11,2,8.51,110,0,Low
CUST_205,David Martinez,3061,Verified,False,13563.29,1,13,1,84.96,110,0,Low
CUST_206,Bryan Herrera,2694,Verified,False,4741.52,1,6,1,164.43,110,0,Low
CUST_207,Cathy Robinson,796,Verified,False,650.47,1,11,1,22.39,110,0,Low
CUST_208,Dr. William Warren,1052,Verified,False,909.61,1,6,2,103.86,110,0,Low
CUST_209,Brian Lee,1644,Verified,False,2226.35,1,3,1,105.85,110,0,Low
CUST_210,Christopher Smith,3628,Verified,False,4800.18,2,6,1,2129.9,110,0,Low
CUST_211,Denise Mccann,1364,Pending,False,1346.72,3,23,1,53.71,110,1,Low
CUST_212,Melissa Martinez,1982,Verified,False,2507.53,2,18,1,616.72,110,5,Low
CUST_213,Katherine Salas,1355,Verified,False,3342.76,1,3,1,119.23,4,0,Low
CUST_214,Julie Alexander,1664,Verified,False,3412.73,1,5,1,539.23,110,0,Low
CUST_215,Anthony Everett,1530,Verified,False,271.74,1,3,1,1204.16,110,1,Low
CUST_216,Rodney Morales,2039,Verified,False,3720.6,2,8,1,262.91,110,0,Low
CUST_217,Mark Brown,3420,Verified,False,526.97,3,16,1,136.15,110,0,Low
CUST_218,Justin Torres,1497,Verified,False,2238.59,2,37,1,831.16,110,0,High (Network Risk)
CUST_219,Bailey Duran DDS,3303,Verified,False,1805.49,1,2,2,16.53,110,1,Low
CUST_220,Courtney Mills,2238,Verified,False,1013.6,1,14,1,192.46,110,0,Low
CUST_221,Jeremy Dalton,3297,Verified,False,6926.9,2,7,1,22.88,110,0,Low
CUST_222,Elizabeth Oliver DDS,1409,Verified,False,968.77,1,5,1,492.65,110,0,Low
CUST_223,Theresa Clark,1401,Failed,False,1767.04,1,3,1,172.01,110,0,Medium (Compliance)
CUST_224,Matthew Moore,1307,Verified,False,7177.7,2,30,2,133.15,110,0,Low
CUST_225,Benjamin Smith,2681,Verified,False,1717.28,1,2,1,85.2,110,0,Low
CUST_226,Kirk Carter,2676,Verified,False,1396.17,1,4,1,409.56,110,0,Low
CUST_227,Michael Warner,973,Verified,False,2279.8,1,9,1,10.17,110,0,Low
CUST_228,Michael Bradshaw,1769,Verified,False,5117.92,1,10,1,2575.87,110,0,Low
CUST_229,Lori Guerrero,1283,Verified,False,12661.33,1,20,1,119.89,110,0,Low
CUST_230,Jessica Stephens,3431,Failed,False,1168.97,1,3,2,21.12,110,0,Medium (Compliance)
CUST_231,Susan Serrano,710,Verified,False,1267.65,2,12,1,2.88,110,0,Low
CUST_232,Christopher Parker,1480,Pending,False,2261.23,1,7,1,115.31,110,0,Low
CUST_233,Laura Roberts,1435,Pending,False,3752.36,1,7,2,209.63,110,0,Low
CUST_234,Michael Lyons,649,Verified,False,1379.88,1,5,1,234.63,110,1,Low
CUST_235,Kathryn Snyder,318,Verified,False,5934.65,1,8,1,16.85,110,0,Low
CUST_236,Andrew Reynolds,3297,Pending,False,1191.21,2,6,2,23.46,110,0,Low
CUST_237,David Davis,1258,Verified,False,445.48,2,5,1,1134.76,110,0,Low
CUST_238,Sara Johnston,684,Verified,False,5073.44,1,4,2,14.46,110,0,Low
CUST_239,Yvonne Chambers,664,Pending,False,5696.4,1,9,1,175.38,110,1,Low
CUST_240,Andrew Avila,1999,Verified,False,8473.09,2,2,5,83.27,110,0,High (Network Risk)
CUST_241,Matthew Moon,3446,Verified,False,406.71,1,6,1,66.43,110,0,Low
CUST_242,Kevin Walters,1632,Verified,False,1532.09,1,3,1,98.4,110,0,Low
CUST_243,Brandon Bailey MD,1496,Verified,False,2319.12,1,6,2,66.06,110,1,Low
CUST_244,Shannon Rivera,3305,Verified,False,17274.01,1,6,1,62.84,4,0,Low
CUST_245,Donna Landry,1137,Verified,False,2542.23,1,14,1,663.82,110,0,Low
CUST_246,Krista Gibson,1854,Verified,False,775.48,1,12,1,80.99,110,0,Low
CUST_247,Frank Cordova,1521,Verified,False,4010.78,1,9,1,23.86,110,0,Low
CUST_248,Jose Travis,2490,Verified,False,11041.94,3,8,1,130.87,110,1,Low
CUST_249,Kimberly Gutierrez,564,Verified,False,8925.24,1,6,2,30.32,110,0,Low
CUST_250,Isaiah Avila,1292,Verified,False,5228.07,1,6,2,29.06,110,0,Low
CUST_251,Olivia Harris,3582,Verified,False,3876.28,1,1,2,1316.68,110,1,Low
CUST_252,Tanya Kim,3458,Verified,False,308.66,1,13,1,112.76,110,1,Low
CUST_253,Barbara Dudley,3459,Verified,False,3058.46,1,9,2,21.84,110,0,Low
CUST_254,Cynthia Moore,3185,Verified,False,3562.22,1,19,1,127.18,110,0,Low
CUST_255,Kristen Davis,1637,Pending,False,2540.43,2,4,2,163.32,110,1,Low
CUST_256,Susan Murray MD,3000,Verified,False,6045.68,2,20,5,108.79,110,1,High (Network Risk)
CUST_257,Kathleen Moran,3153,Verified,False,2499.89,1,6,1,71.33,110,1,Low
CUST_258,Denise Davenport,699,Verified,False,2062.01,2,4,1,18.52,110,0,Low
CUST_259,Mrs. Kristen Reyes,2161,Verified,False,8425.33,1,25,2,79.56,110,0,Low
CUST_260,Katie Suarez,2,Verified,False,1971.23,1,9,1,45.11,110,0,Low
CUST_261,Desiree Tyler,642,Verified,False,3180.06,2,28,1,123.59,4,0,Low
CUST_262,Timothy Romero,2268,Verified,True,7313.9,2,8,2,279.78,110,0,Medium (Compliance)
CUST_263,Diane Evans,1590,Verified,False,1085.0,1,14,1,2053.14,110,0,Low
CUST_264,Yvonne Burns,855,Verified,False,973.42,1,16,2,474.49,110,0,Low
CUST_265,Joshua Reed,1760,Verified,False,11590.49,1,5,5,2.53,110,0,High (Network Risk)
CUST_266,Kimberly Gibson,3297,Verified,False,1647.95,1,9,1,207.18,4,0,Low
CUST_267,Colin Terry,2433,Verified,False,5957.66,2,8,1,1441.81,110,0,Low
CUST_268,Cynthia Rowe,3475,Verified,False,505.06,1,14,1,119.86,110,5,Low
CUST_269,Patrick Thornton,1662,Verified,False,243.95,1,3,1,1530.54,110,0,Low
CUST_270,Jasmin Alvarado,1154,Verified,False,4290.81,1,11,1,28.3,110,0,Low
CUST_271,Veronica Simpson,1077,Verified,False,2624.06,1,15,2,39.79,110,0,Low
CUST_272,Jonathan Lawrence,1708,Verified,False,4331.34,2,4,1,115.18,110,0,Low
CUST_273,Shelly Alexander,2778,Verified,False,19432.63,2,3,1,119.19,110,0,Low
CUST_274,Joyce Bowen,1696,Verified,False,864.94,1,1,1,520.64,110,5,Low
CUST_275,Matthew Moore,1734,Verified,False,3097.0,1,38,1,148.85,110,0,High (Network Risk)
CUST_276,Wayne Morgan,1440,Verified,False,13062.05,1,4,2,126.04,110,0,Low
CUST_277,Marie Christian,2295,Pending,False,999.25,1,22,5,6090.13,110,0,High (Network Risk)
CUST_278,Shannon James,836,Verified,False,1661.16,1,6,1,46.23,110,0,Low
CUST_279,Nathan Malone,3511,Verified,False,509.14,1,17,1,1025.56,110,0,Low
CUST_280,Amanda Jones,203,Verified,False,27940.97,1,11,1,276.83,110,0,Low
CUST_281,Tammie Bright,3256,Verified,False,328.8,1,39,1,85.64,110,5,High (Network Risk)
CUST_282,Jessica Garcia,123,Verified,False,6624.87,2,23,1,218.82,110,1,Low
CUST_283,Shelia Wallace,401,Verified,False,796.48,1,8,1,43.54,110,0,Low
CUST_284,Stephanie Williams,767,Verified,False,1042.22,2,9,1,168.91,110,0,Low
CUST_285,Elaine Brooks,294,Pending,False,8638.24,1,12,1,147.53,110,0,Low
CUST_286,Joseph Knight,2328,Verified,False,1418.69,2,63,1,303.23,110,0,High (Network Risk)
CUST_287,Carolyn Miller,2932,Pending,False,5720.36,1,7,1,124.57,110,0,Low
CUST_288,Lisa Allen,198,Verified,False,11849.39,2,2,1,1806.7,110,0,Low
CUST_289,Briana Murray,3030,Verified,False,3643.49,1,8,1,39.51,110,0,Low
CUST_290,David Smith,1931,Verified,False,7253.84,3,4,1,52.83,110,1,Low
CUST_291,Stephanie Byrd,3583,Verified,False,3231.41,2,8,1,212.48,110,0,Low
CUST_292,Jeremy Reed,2800,Verified,False,3384.65,1,18,1,44.33,110,0,Low
CUST_293,Margaret Coleman,2192,Verified,False,1579.83,1,11,5,407.26,4,0,High (Network Risk)
CUST_294,Ryan Gonzalez,609,Verified,False,20513.93,2,4,2,1065.88,110,0,Low
CUST_295,John Young,3273,Verified,False,6265.69,2,6,1,68.07,110,0,Low
CUST_296,Laura Haney,1148,Verified,False,5023.11,2,3,1,169.39,110,0,Low
CUST_297,William Barrett,187,Verified,False,6440.07,2,20,2,396.25,110,0,Low
CUST_298,Keith Jennings,3398,Verified,False,1514.3,2,14,2,558.35,110,0,Low
CUST_299,Amber Obrien,2512,Verified,False,7562.61,1,3,1,27357.17,110,0,Low
CUST_300,Tanner Mitchell DDS,3421,Verified,False,14127.53,1,55,2,19.37,110,0,High (Network Risk)
CUST_301,Heather Fields,1795,Verified,False,749.42,1,6,1,1395.86,110,0,Low
CUST_302,Megan Le,660,Verified,False,5123.34,1,9,1,56.61,4,0,Low
CUST_303,Sara Fuller,2812,Verified,False,3174.13,1,5,1,60.33,110,0,Low
CUST_304,Maria Parker,3003,Failed,False,1773.69,1,10,20,183.92,110,0,High (Network Risk)
CUST_305,Kevin Oconnor,1956,Verified,False,998.99,1,7,1,162.9,110,0,Low
CUST_306,Edward Burgess,2451,Verified,False,8534.91,1,2,1,968.99,110,0,Low
CUST_307,Carlos Ryan,1370,Verified,False,3670.16,1,18,1,16.35,110,0,Low
CUST_308,Kiara Mcintyre,1987,Verified,False,2423.26,1,3,1,1.71,110,0,Low
CUST_309,Dawn Summers,1535,Verified,False,5127.54,1,15,1,2699.28,110,0,Low
CUST_310,Dr. Paul Morgan,147,Verified,False,2624.17,1,6,1,17.12,110,0,Low
CUST_311,Victor Taylor,3220,Verified,False,1474.28,2,7,1,670.2,110,1,Low
CUST_312,Shannon Ramsey,2912,Verified,False,3391.24,1,10,1,1202.46,110,0,Low
CUST_313,Tracy Ballard,1735,Pending,False,2898.63,2,8,1,813.98,110,0,Low
CUST_314,Richard Smith,1844,Verified,False,505.63,1,13,1,319.62,110,0,Low
CUST_315,Jordan Chambers,489,Verified,False,1588.32,1,4,1,454.29,110,0,Low
CUST_316,Lauren Carson,2977,Verified,False,841.85,1,16,1,67.77,110,1,Low
CUST_317,Ashley Hall,1960,Verified,False,571.69,1,3,1,8.4,110,1,Low
CUST_318,Stephen Hoffman,1664,Pending,False,4758.56,1,3,1,88.12,110,0,Low
CUST_319,Connie Brown,2599,Verified,False,1527.26,1,11,1,65.66,110,0,Low
CUST_320,Susan Turner,2386,Verified,False,8445.65,2,17,1,35.99,110,0,Low
CUST_321,Charles Shah,2920,Verified,False,478.86,2,9,2,159.87,110,0,Low
CUST_322,Johnathan Davis,641,Verified,False,2213.31,2,24,1,7.97,110,0,Low
CUST_323,Brandy Chavez,1803,Verified,False,1610.14,3,3,1,974.24,110,5,Low
CUST_324,Natalie Bautista,2521,Verified,False,615.25,1,2,1,133.7,110,0,Low
CUST_325,Patrick Moore,1970,Verified,False,2996.16,1,14,1,70.73,4,0,Low
CUST_326,Brett Burns,2199,Verified,False,671.38,1,8,1,93.29,110,0,Low
CUST_327,Trevor Johnson,1439,Verified,False,3724.6,1,14,1,117.37,110,0,Low
CUST_328,Jeremy Sampson,3370,Verified,False,6128.83,2,3,2,31.36,110,0,Low
CUST_329,Ariana Jennings,1635,Verified,False,3895.41,2,5,1,31.19,110,0,Low
CUST_330,Vanessa Howard,263,Verified,False,4419.95,2,29,1,20.87,110,1,Low
CUST_331,Colton Martinez,1788,Verified,False,8360.18,2,6,1,17.66,110,0,Low
CUST_332,Jordan Bates,2192,Verified,False,2902.24,1,23,2,41.1,110,0,Low
CUST_333,Linda Smith,2394,Verified,False,1305.02,1,13,1,118.98,110,0,Low
CUST_334,Dana Martinez,624,Failed,False,1621.41,1,5,5,774.02,110,0,High (Network Risk)
CUST_335,Andrea Hubbard,1017,Verified,False,1656.77,10,22,1,13.95,4,0,Low
CUST_336,Daniel Kane,3644,Verified,False,1050.12,2,9,2,585.86,110,1,Low
CUST_337,Charles Lester,881,Verified,False,6530.32,1,7,1,13.29,110,0,Low
CUST_338,Scott Thomas,2050,Verified,False,5048.78,1,6,1,171.51,110,0,Low
CUST_339,David Thompson,2945,Verified,False,563.97,1,10,1,15.25,110,0,Low
CUST_340,Allison Smith,1328,Verified,False,1304.63,1,2,1,22.27,110,0,Low
CUST_341,Cynthia Morris,2302,Verified,False,1000.26,2,15,20,238.52,110,0,High (Network Risk)
CUST_342,Anthony Harmon,453,Pending,False,4094.28,1,10,1,234.46,110,0,Low
CUST_343,Nichole Alvarez,3109,Verified,False,8747.38,1,4,1,456.44,110,0,Low
CUST_344,Kayla Rodriguez,1184,Verified,False,4666.6,1,2,2,36.69,110,0,Low
CUST_345,Theresa Williams,3063,Verified,False,1478.54,2,6,1,661.83,110,0,Low
CUST_346,Sharon Boyd,2057,Verified,False,2166.83,1,9,1,1548.4,110,0,Low
CUST_347,Victor Brown,3305,Verified,False,740.37,1,8,1,210.55,110,10,Low
CUST_348,James Parks,3171,Verified,False,799.38,1,8,1,10.17,110,0,Low
CUST_349,Theodore Jones Jr.,1683,Verified,False,6946.89,1,12,5,8.22,110,0,High (Network Risk)
CUST_350,Ana Hill,2864,Verified,False,12633.56,1,2,1,186.7,110,0,Low
CUST_351,Kimberly Nguyen,2256,Verified,False,1458.6,2,7,2,62.91,110,5,Low
CUST_352,Kerry Chavez DDS,1155,Verified,False,3127.91,2,9,2,33.33,110,1,Low
CUST_353,Michael Farrell,404,Verified,False,6127.39,1,10,1,115.5,110,0,Low
CUST_354,Patricia Le,2200,Verified,False,564.62,1,15,1,86.74,110,0,Low
CUST_355,Jesse Perez,2102,Verified,False,1044.52,2,6,1,116.69,110,0,Low
CUST_356,Jesse Perry,3192,Verified,False,21886.72,2,7,1,39.62,110,0,Low
CUST_357,Jeffery Ortega,1697,Verified,False,1144.0,1,4,1,2890.72,110,0,Low
CUST_358,Christian Leblanc,628,Verified,False,2075.93,1,10,1,29.05,110,0,Low
CUST_359,Ronald Davis,587,Verified,False,1631.19,2,3,5,99.1,110,0,High (Network Risk)
CUST_360,Parker Cain,1649,Verified,False,405.54,1,11,1,6.94,110,0,Low
CUST_361,Laurie Hoffman,1444,Verified,False,3238.04,3,19,1,26.19,110,0,Low
CUST_362,Bryan Gomez,1446,Verified,False,2906.63,2,10,1,21.07,110,0,Low
CUST_363,Nicole Parrish,104,Verified,False,3571.89,1,20,1,66.21,110,0,Low
CUST_364,Tracy Burke,254,Verified,False,2739.21,2,5,1,102.17,110,0,Low
CUST_365,Kenneth Lewis,3299,Verified,False,1882.09,1,2,1,78.83,110,0,Low
CUST_366,Courtney Rodriguez,3184,Verified,False,1777.08,2,6,1,65.33,110,0,Low
CUST_367,Holly Farmer,2558,Verified,False,1807.72,1,4,1,204.67,110,0,Low
CUST_368,Renee Bruce,1497,Pending,False,1109.11,1,4,2,229.63,110,0,Low
CUST_369,Sabrina Austin,99,Verified,False,1294.91,2,1,1,4.17,110,0,Low
CUST_370,Allison Hickman,2201,Verified,False,1127.87,2,8,1,725.21,110,1,Low
CUST_371,Debra White,1885,Verified,False,5289.14,2,7,1,219.61,110,0,Low
CUST_372,Ellen Morgan,2962,Pending,False,4048.5,1,14,1,7.86,110,0,Low
CUST_373,Sergio Knight,1920,Verified,False,3062.95,1,11,5,571.33,4,0,High (Network Risk)
CUST_374,Charles Schultz,878,Verified,False,20790.79,1,6,1,685.1,110,5,Low
CUST_375,Paul Lewis,338,Verified,False,1181.22,3,15,2,7.52,110,5,Low
CUST_376,Glen Wood,2870,Verified,False,9125.03,1,15,2,92.91,110,0,Low
CUST_377,Paula Bradley,3235,Verified,False,2298.4,1,5,1,220.44,110,0,Low
CUST_378,Anthony Moore,957,Verified,True,3488.28,1,8,1,738.54,110,0,Medium (Compliance)
CUST_379,Megan Nelson,1705,Pending,False,5832.12,1,24,2,310.16,110,0,Low
CUST_380,Karla Ramos,161,Verified,False,1849.12,2,9,1,63.77,110,0,Low
CUST_381,Paul Wilson,1604,Verified,False,1036.19,2,3,1,29.26,110,0,Low
CUST_382,Douglas Gregory,2849,Verified,False,1221.98,3,3,1,16.15,110,0,Low
CUST_383,Mr. Andrew Foster,398,Verified,False,362.75,2,2,1,36.88,110,5,Low
CUST_384,Aimee Turner,1301,Verified,False,5468.7,1,1,1,332.5,110,0,Low
CUST_385,Chad Scott,816,Verified,False,5338.71,1,5,5,590.79,110,0,High (Network Risk)
CUST_386,Adam Burgess,1528,Verified,False,14525.35,2,6,1,84.28,4,0,Low
CUST_387,James Padilla,1920,Verified,False,4513.95,10,3,2,768.64,110,0,Low
CUST_388,Sandra Drake,1416,Verified,False,5740.06,1,4,1,273.61,110,0,Low
CUST_389,Scott Williams,1159,Verified,False,2747.52,1,3,1,6582.31,110,0,Low
CUST_390,Thomas Atkins,1219,Verified,False,4745.15,1,2,1,9.5,110,0,Low
CUST_391,Laura Mckinney,401,Verified,False,8862.58,1,6,5,106.93,110,1,High (Network Risk)
CUST_392,Brian Smith,640,Verified,False,3574.11,1,12,1,204.04,110,0,Low
CUST_393,Robert Montgomery,3105,Verified,False,1770.06,2,4,1,2371.8,110,1,Low
CUST_394,Tamara Davis,2736,Verified,False,2391.73,2,18,1,16.74,4,1,Low
CUST_395,Dana Chapman,460,Pending,False,6322.46,1,8,2,34.85,110,0,Low
CUST_396,Jennifer Collins,955,Verified,False,1823.91,1,15,1,161.19,110,0,Low
CUST_397,Gary Jackson,470,Verified,True,7252.24,2,7,1,23.69,110,0,Medium (Compliance)
CUST_398,Ashley Hicks,3447,Verified,False,20102.47,1,12,1,102.23,110,0,Low
CUST_399,Hannah Luna,1046,Verified,False,7342.7,1,2,1,12.77,4,0,Low
CUST_400,Robin Young,2798,Verified,False,6292.64,1,14,1,891.43,110,0,Low
CUST_401,Craig Morrison,1694,Verified,False,4220.18,1,7,1,1842.24,110,0,Low
CUST_402,Mary Thompson,2086,Verified,False,1370.77,1,17,1,1944.89,110,0,Low
CUST_403,Kathleen Webster,2278,Verified,False,1251.9,1,6,1,186.77,110,0,Low
CUST_404,Joann Glass,3437,Verified,False,1239.39,10,29,1,193.04,110,0,Low
CUST_405,Madison Weber,563,Verified,False,5191.26,2,11,1,145.72,110,0,Low
CUST_406,Lori Hernandez,2486,Verified,False,2019.36,1,3,1,539.98,110,0,Low
CUST_407,Jeremy Turner,1800,Verified,False,2895.77,1,18,1,984.42,110,5,Low
CUST_408,Anthony Romero,3355,Verified,False,4530.81,2,3,1,432.67,110,0,Low
CUST_409,Jesse Brown,2075,Verified,False,1286.37,2,3,2,213.55,110,0,Low
CUST_410,Angela Lin,226,Verified,False,1804.57,1,20,1,427.58,110,0,Low
CUST_411,Lisa Hunter,3349,Verified,False,4117.01,1,9,1,146.09,110,0,Low
CUST_412,Julian Conner,798,Verified,False,2228.64,2,7,1,19.84,110,0,Low
CUST_413,Joanna Pacheco,2332,Verified,False,2446.83,1,4,1,61.11,110,0,Low
CUST_414,Erica Alvarez,2927,Verified,False,1061.4,1,14,1,204.27,110,0,Low
CUST_415,Antonio Garcia,960,Verified,False,2480.19,1,5,1,40.22,110,0,Low
CUST_416,Gwendolyn Klein,1505,Verified,False,15555.51,1,8,1,36.25,110,0,Low
CUST_417,Carrie Wright,453,Verified,False,1907.69,1,2,1,375.12,110,0,Low
CUST_418,Jeffrey Mills,3068,Verified,False,946.71,1,7,1,411.88,110,0,Low
CUST_419,Jake Campbell,816,Verified,False,7770.86,1,8,1,231.25,110,0,Low
CUST_420,George Harper,659,Verified,False,5030.9,1,11,1,70.34,110,0,Low
CUST_421,Maria Jones,3588,Verified,False,3687.18,1,9,1,89.44,110,0,Low
CUST_422,Michael Mitchell,547,Verified,False,797.4,1,5,1,424.14,110,0,Low
CUST_423,Mary Escobar,1216,Verified,False,919.09,2,9,1,38.38,110,0,Low
CUST_424,Felicia Aguilar,3121,Verified,False,640.78,1,16,1,16.74,110,0,Low
CUST_425,Gregory Ponce,3584,Verified,False,4589.52,1,2,1,317.6,110,0,Low
CUST_426,Jenna Larson,17,Verified,True,8265.69,1,6,1,124.08,110,0,Medium (Compliance)
CUST_427,Emily Bennett,3244,Verified,False,4747.0,2,8,1,1054.5,110,0,Low
CUST_428,Robin Santiago,1244,Verified,False,20950.18,1,3,5,30.03,110,0,High (Network Risk)
CUST_429,Nancy Jennings,2206,Verified,False,1916.19,1,15,1,743.99,110,1,Low
CUST_430,Maria Henderson,2525,Verified,False,2156.69,1,11,1,61.83,110,0,Low
CUST_431,Jack White,1070,Verified,False,3316.16,1,16,1,479.69,110,0,Low
CUST_432,Travis Tucker,3445,Verified,False,2369.66,2,41,1,21.49,110,0,High (Network Risk)
CUST_433,Chad Jones,2566,Verified,False,4908.44,2,9,1,13.36,110,0,Low
CUST_434,Ashley Wise,2147,Verified,False,1572.43,3,5,1,251.23,110,0,Low
CUST_435,Sophia Johnson,1769,Failed,False,738.98,1,15,1,98.22,110,0,Medium (Compliance)
CUST_436,Ralph Anderson,1061,Verified,True,498.03,1,4,1,188.48,110,0,Medium (Compliance)
CUST_437,Christopher Guerra,2328,Verified,False,4819.92,3,10,1,34.35,110,0,Low
CUST_438,Rhonda Martin,3421,Verified,False,1761.8,1,16,1,242.77,110,0,Low
CUST_439,Jason Rhodes,2545,Verified,False,925.62,2,14,1,1003.13,110,0,Low
CUST_440,Jeremy Mitchell,302,Verified,False,1605.1,1,22,1,768.93,110,0,Low
CUST_441,Joann Ferguson,181,Verified,False,21005.34,1,5,1,53.94,110,0,Low
CUST_442,Robert Harrison,607,Verified,False,981.52,1,13,1,22.55,110,0,Low
CUST_443,Holly Valentine,3171,Verified,False,6168.38,1,7,2,147.73,110,0,Low
CUST_444,Mrs. Diane Reyes,700,Verified,False,4541.87,1,9,1,529.12,110,0,Low
CUST_445,Tracy Montoya,993,Verified,False,11400.73,1,9,1,11.8,110,0,Low
CUST_446,Brenda Wright,1140,Verified,False,2635.71,1,11,1,370.22,110,0,Low
CUST_447,Shelly Spencer,191,Pending,False,626.19,1,7,1,3027.29,110,0,Low
CUST_448,Ryan Rosales,2301,Verified,False,8042.9,1,2,1,387.4,110,0,Low
CUST_449,Phillip Nelson,981,Verified,False,2321.98,1,8,1,14.39,110,0,Low
CUST_450,Brittany Kim,2976,Pending,False,10662.23,1,9,1,27.14,110,0,Low
CUST_451,Courtney Hayes,2007,Verified,False,6741.04,1,7,20,52.72,110,0,High (Network Risk)
CUST_452,Alexander Brown,1185,Failed,False,8069.68,1,10,2,119.4,110,0,Medium (Compliance)
CUST_453,Cynthia Vang,3328,Verified,False,31840.1,1,6,1,250.51,110,0,Low
CUST_454,Alfred Galvan,3395,Verified,False,3952.08,2,5,1,437.33,110,1,Low
CUST_455,Marie Moody,128,Verified,False,12617.69,1,22,1,94.85,110,0,Low
CUST_456,Dustin Gallegos,2066,Verified,False,1988.54,2,44,1,217.9,110,0,High (Network Risk)
CUST_457,Brenda Thornton,1817,Verified,False,5118.98,2,14,1,29.31,110,0,Low
CUST_458,Aaron Miller,1759,Pending,False,1803.94,2,4,1,51.47,110,0,Low
CUST_459,Ruben Dunn,2614,Verified,False,4813.79,1,8,1,559.72,110,0,Low
CUST_460,Kelsey Rodriguez,570,Verified,False,4336.42,1,8,2,292.43,110,0,Low
CUST_461,Eric Williams,1347,Verified,False,379.72,2,12,1,352.63,110,0,Low
CUST_462,Riley Bryant,1896,Verified,False,1616.91,3,8,1,31.22,110,1,Low
CUST_463,Taylor Carlson,2734,Verified,False,3753.02,3,12,1,140.21,110,0,Low
CUST_464,Jose Allen,626,Verified,False,311.88,1,30,1,168.68,110,0,Low
CUST_465,Jeffrey Mendez,3360,Verified,False,2708.51,1,1,1,240.91,110,0,Low
CUST_466,Jason Beck,2902,Verified,False,8172.01,2,4,1,682.59,110,0,Low
CUST_467,William Jones,1687,Verified,False,10940.72,2,15,1,158.81,110,0,Low
CUST_468,Katie Mcneil,3010,Verified,False,1363.15,1,7,1,1612.43,110,5,Low
CUST_469,Jeanette Harrison,155,Verified,False,11665.68,1,11,2,7.78,110,0,Low
CUST_470,Veronica King,2538,Verified,False,9977.79,1,6,20,93.46,110,0,High (Network Risk)
CUST_471,Richard Cooper,1410,Verified,False,347.97,1,25,1,698.25,110,0,Low
CUST_472,Lori Ingram,785,Verified,False,3346.91,2,18,1,48.44,4,0,Low
CUST_473,Evelyn Williams,3176,Verified,False,3738.46,3,9,1,518.32,110,0,Low
CUST_474,Robin Thompson,3465,Verified,False,13613.2,2,28,1,171.88,110,0,Low
CUST_475,Julie Dominguez,246,Verified,False,3969.46,1,9,1,2558.9,110,0,Low
CUST_476,Robin Brown,3248,Verified,False,12012.84,2,7,1,118.3,110,1,Low
CUST_477,Judith Carter,3111,Verified,False,1365.42,1,23,1,120.45,110,0,Low
CUST_478,Curtis Williams,1501,Verified,False,603.02,2,2,1,2212.3,110,1,Low
CUST_479,Kaylee Hays,1706,Verified,False,1559.56,2,8,1,86.3,110,0,Low
CUST_480,Dawn Mullins,2807,Verified,False,14428.9,1,9,1,723.7,110,0,Low
CUST_481,Howard Norman,538,Verified,False,7524.5,1,6,1,235.42,110,0,Low
CUST_482,Evelyn Martinez,1891,Verified,False,30408.01,1,4,1,758.05,110,0,Low
CUST_483,Steve Paul,1842,Verified,False,703.92,1,6,1,87.92,110,0,Low
CUST_484,Jasmine Beltran,921,Verified,False,8444.93,2,2,1,126.5,110,0,Low
CUST_485,Jonathan Glass MD,2456,Verified,False,6341.47,1,25,2,85.52,110,0,Low
CUST_486,Monica Miller,525,Verified,False,2241.01,1,26,1,7.68,110,0,Low
CUST_487,Samantha Gardner,2876,Verified,False,6476.45,1,7,2,99.72,110,0,Low
CUST_488,Bobby Guerrero,1530,Verified,False,3428.8,2,5,1,18087.96,110,1,Low
CUST_489,Lance Simmons,2951,Verified,False,4723.51,1,2,1,49.48,110,0,Low
CUST_490,Heather Williams,36,Verified,False,5887.28,1,4,1,184.74,110,5,Low
CUST_491,Heather Bolton,685,Verified,False,7943.5,2,24,1,886.03,110,1,Low
CUST_492,William Gould,20,Verified,False,3251.3,1,7,1,324.5,110,0,Low
CUST_493,Mark Cox,2369,Failed,False,17629.63,1,4,1,132.11,110,0,Medium (Compliance)
CUST_494,Meghan Cisneros,2560,Verified,False,2402.52,2,7,5,38.81,110,0,High (Network Risk)
CUST_495,Lawrence Harrington,400,Verified,False,19609.27,1,4,2,1291.45,110,0,Low
CUST_496,Austin Osborne,2702,Failed,False,965.03,2,2,1,782.84,110,0,Medium (Compliance)
CUST_497,James Bradley,972,Verified,False,1113.14,1,5,1,1246.14,110,0,Low
CUST_498,Meghan Rush,1907,Pending,False,1180.26,1,3,1,1072.56,110,0,Low
CUST_499,Phillip Berry,2519,Verified,False,7760.96,1,10,1,17.44,110,5,Low
CUST_500,Jennifer Banks,1167,Verified,False,1332.14,2,15,1,87.56,110,0,Low
CUST_501,Brian Fitzgerald,1116,Verified,False,13228.45,1,4,1,236.62,110,5,Low
CUST_502,Mr. Justin Green III,3426,Verified,False,1760.8,1,8,1,35.63,110,0,Low
CUST_503,Zachary Mitchell,834,Verified,False,4443.89,1,7,1,57.67,110,0,Low
CUST_504,Katherine Martinez,1824,Verified,False,5653.82,1,4,1,387.95,110,0,Low
CUST_505,Jodi Roach,2775,Verified,False,1079.5,2,1,20,364.68,110,0,High (Network Risk)
CUST_506,Brandon Fleming,1983,Verified,False,741.91,2,3,1,2082.49,110,0,Low
CUST_507,Emma Reed,854,Verified,False,3955.58,2,3,1,50.31,110,0,Low
CUST_508,Joshua Vance,51,Verified,False,2259.18,1,8,1,36.78,110,0,Low
CUST_509,Michelle Ho,575,Pending,False,4907.15,1,8,1,3453.75,110,5,Low
CUST_510,Rebecca Hicks,3262,Verified,False,776.15,2,19,2,102.66,110,0,Low
CUST_511,Curtis Taylor,1149,Verified,False,2086.5,3,3,1,8.58,110,0,Low
CUST_512,Allison Spencer,2198,Verified,False,2485.33,1,3,5,270.28,110,0,High (Network Risk)
CUST_513,Robert Arnold,2362,Verified,False,260.48,1,4,1,29.59,110,0,Low
CUST_514,Angelica Parker,2618,Verified,False,8066.36,1,6,2,83.14,110,0,Low
CUST_515,Dr. Kelly Hammond DVM,3414,Verified,False,1397.66,1,8,1,17.7,110,5,Low
CUST_516,William Day,2353,Verified,False,13348.53,1,10,2,786.2,110,0,Low
CUST_517,Michael Cooper,1716,Verified,False,1490.95,2,1,1,273.78,110,0,Low
CUST_518,Penny Bowman,682,Verified,False,1769.89,1,19,1,21.44,110,0,Low
CUST_519,Vincent Reynolds,838,Verified,False,860.99,1,10,1,199.84,110,0,Low
CUST_520,Amy Martinez,1078,Verified,False,9382.61,1,14,1,406.12,110,0,Low
CUST_521,Christopher Morris,3051,Verified,False,4694.57,2,1,2,108.04,110,0,Low
CUST_522,Hannah Everett,2492,Verified,False,12090.02,1,14,1,1777.69,110,0,Low
CUST_523,Sarah King,2661,Verified,False,2422.73,1,3,1,707.85,110,0,Low
CUST_524,Krista Martinez,3041,Verified,False,2859.16,1,5,1,72.04,110,0,Low
CUST_525,Joseph Shaw,2312,Verified,False,554.46,1,23,1,105.63,110,0,Low
CUST_526,Todd Moore,3125,Verified,False,1597.12,2,12,2,23.22,110,1,Low
CUST_527,Michelle Jacobs,1596,Verified,False,3535.11,1,4,1,11.65,110,0,Low
CUST_528,Kristy Bryan,3052,Verified,False,4390.51,1,13,1,40.22,110,0,Low
CUST_529,Angel May,5,Verified,False,18470.64,1,9,1,51.72,110,0,Low
CUST_530,Marilyn Wang,1127,Verified,False,468.27,1,5,2,1085.41,110,0,Low
CUST_531,Mark Jimenez,1220,Verified,False,3749.79,1,10,1,18.88,110,0,Low
CUST_532,Donna Frye,774,Verified,False,2046.25,2,5,1,171.75,110,0,Low
CUST_533,Dr. Michael Evans,877,Verified,False,3214.75,1,10,5,204.75,110,0,High (Network Risk)
CUST_534,Anthony Gonzales,992,Verified,False,3303.43,2,9,1,51.38,110,0,Low
CUST_535,Mr. Lawrence Edwards,2932,Verified,False,2462.21,1,11,1,684.88,110,0,Low
CUST_536,Morgan Valencia,3422,Verified,False,959.96,10,34,1,92.86,110,0,High (Network Risk)
CUST_537,Bianca Wood,47,Verified,False,797.29,1,15,1,61.01,110,1,Low
CUST_538,Emma Owens,2915,Verified,False,2287.21,1,16,2,1743.21,110,0,Low
CUST_539,David Davis,2871,Verified,False,720.09,1,4,1,41.97,110,0,Low
CUST_540,James Gilbert,2984,Verified,False,2662.7,1,2,1,477.1,110,0,Low
CUST_541,Sean Moore,2704,Verified,False,2313.76,1,6,1,63.33,110,0,Low
CUST_542,Kenneth Edwards,269,Verified,False,257.23,3,5,1,23.98,110,0,Low
CUST_543,Kathleen Robertson,370,Verified,False,20611.68,2,11,1,90.41,110,0,Low
CUST_544,Mr. Alexander Landry MD,636,Verified,False,3220.39,1,6,1,5082.86,110,0,Low
CUST_545,Cindy Gomez,1130,Verified,False,260.5,1,21,1,17.02,110,0,Low
CUST_546,Johnny Khan,1694,Verified,False,3816.67,1,1,2,51.9,110,0,Low
CUST_547,Julie Herrera,1683,Verified,False,2432.34,2,5,1,937.89,110,0,Low
CUST_548,Jessica Khan,657,Verified,False,798.1,1,9,1,36.24,110,0,Low
CUST_549,Pamela Diaz,120,Verified,False,4061.48,1,3,1,60.17,110,0,Low
CUST_550,Kelly Lee,831,Verified,False,1161.94,2,15,1,181.64,110,0,Low
CUST_551,Angel Gordon,1811,Verified,False,3615.67,1,14,1,105.92,110,0,Low
CUST_552,Diana Hays,1082,Verified,False,1478.07,2,5,2,318.39,110,0,Low
CUST_553,Barbara Hester,1975,Verified,False,1205.22,1,61,1,100.07,110,0,High (Network Risk)
CUST_554,Robert Morgan,1370,Verified,False,2935.01,2,3,1,149.7,110,0,Low
CUST_555,Nicole Gonzalez,741,Verified,False,588.69,1,2,1,121.99,110,0,Low
CUST_556,Kathryn Williams,3546,Pending,False,2744.8,1,5,1,43.54,110,0,Low
CUST_557,Gary Wells,117,Verified,False,5751.72,10,8,2,9.25,110,0,Low
CUST_558,Larry Robertson,1854,Verified,False,10621.24,1,2,1,2651.38,110,0,Low
CUST_559,Louis Martin,2839,Verified,False,8853.5,1,12,1,42.83,110,1,Low
CUST_560,Nancy Evans MD,1151,Verified,False,11537.18,1,52,1,46.85,110,0,High (Network Risk)
CUST_561,Kim Erickson,3465,Verified,False,1891.8,1,2,1,199.86,110,0,Low
CUST_562,Robert Richardson,1932,Verified,False,1069.95,2,8,2,31.45,110,0,Low
CUST_563,Veronica Silva,1013,Verified,False,6736.91,1,15,1,586.17,110,0,Low
CUST_564,Molly Watts,1665,Verified,False,1777.76,2,13,1,217.44,110,0,Low
CUST_565,John Coffey,1082,Verified,False,2999.68,1,41,1,98.8,110,0,High (Network Risk)
CUST_566,Paula Lane,634,Verified,False,6290.95,1,5,1,70.14,110,1,Low
CUST_567,Lauren Jackson,513,Verified,False,22496.11,2,36,1,24.52,110,0,High (Network Risk)
CUST_568,Lisa Randall,2850,Verified,False,5058.37,1,7,1,237.46,110,0,Low
CUST_569,Michael Johnson,1120,Verified,False,3659.58,2,4,1,182.05,110,0,Low
CUST_570,Ashley Smith,1142,Verified,False,971.55,1,33,1,56.32,4,0,High (Network Risk)
CUST_571,Christian Vaughn,560,Verified,False,9598.44,1,5,1,325.75,110,0,Low
CUST_572,Reginald Knapp,488,Verified,False,4485.67,1,17,1,1588.89,110,1,Low
CUST_573,Nancy Brown,3309,Failed,False,2106.66,1,4,1,151.72,110,0,Medium (Compliance)
CUST_574,Daniel Nguyen,897,Verified,False,1899.95,1,2,1,102.43,110,0,Low
CUST_575,Kelly Edwards,3344,Verified,False,1984.53,1,2,1,35.13,110,1,Low
CUST_576,Thomas Peterson,1213,Verified,False,3114.94,2,12,1,116.9,110,0,Low
CUST_577,Raymond Le,704,Verified,False,692.97,1,3,1,79.11,110,0,Low
CUST_578,Melissa Bishop,1471,Verified,False,10077.12,1,6,1,30.88,110,0,Low
CUST_579,David Grant,581,Verified,False,8388.97,1,4,1,292.03,110,0,Low
CUST_580,William Evans,2838,Verified,False,2521.25,1,3,1,223.65,110,0,Low
CUST_581,Daniel Bush,2909,Verified,False,1988.93,1,4,1,166.43,4,0,Low
CUST_582,Gregory Peck,2295,Verified,False,2912.66,1,8,5,86.2,110,0,High (Network Risk)
CUST_583,Denise Martinez,3148,Verified,False,3451.49,1,0,1,591.2,110,0,Low
CUST_584,Jamie Baird,154,Verified,False,2208.13,1,14,1,10.75,110,0,Low
CUST_585,Tina Ballard,1680,Verified,False,8095.67,1,2,1,11.53,110,0,Low
CUST_586,Dwayne Klein,3507,Verified,False,717.59,2,2,1,208.14,110,1,Low
CUST_587,Jeremy Scott,997,Verified,False,1462.74,2,2,1,988.88,110,0,Low
CUST_588,Dale Ryan,3158,Verified,False,6472.01,1,9,1,177.82,110,0,Low
CUST_589,Melissa Taylor,2745,Verified,False,4122.75,2,23,1,179.58,110,0,Low
CUST_590,Laurie Sanchez,3357,Verified,False,1510.9,1,6,1,30.85,110,0,Low
CUST_591,Kiara Little,1244,Verified,False,4449.15,1,10,1,5.95,110,0,Low
CUST_592,Jason Love,1093,Verified,False,1348.89,2,11,1,34.4,110,0,Low
CUST_593,Randy Smith,3119,Verified,False,2186.12,1,13,1,390.11,110,0,Low
CUST_594,Tanya Russell,1009,Verified,False,8465.2,3,3,1,14.03,110,0,Low
CUST_595,Sherry Woods,2142,Verified,False,7578.6,2,26,1,41.36,110,0,Low
CUST_596,Victor Morris,1774,Verified,False,3976.82,1,5,1,14.16,110,1,Low
CUST_597,Susan Davis,958,Pending,False,1041.95,3,9,1,38.18,4,0,Low
CUST_598,Kimberly Sharp,3060,Verified,False,2043.35,2,6,1,820.51,110,0,Low
CUST_599,Susan Thompson,453,Pending,False,3282.84,1,5,1,59.81,110,0,Low
CUST_600,Casey Gillespie,1228,Pending,False,12777.25,3,15,1,584.96,110,0,Low
CUST_601,Jennifer Simpson DVM,2960,Verified,False,501.51,1,12,1,62.08,110,0,Low
CUST_602,Tammy Mcdowell,2266,Verified,False,1246.2,2,1,5,1289.25,110,0,High (Network Risk)
CUST_603,Keith Rodriguez,2522,Verified,False,9215.14,1,10,1,250.53,110,0,Low
CUST_604,Mrs. Virginia Daniels,2480,Verified,False,11616.33,1,39,2,74.36,110,0,High (Network Risk)
CUST_605,Todd Rosales MD,2389,Verified,True,2780.22,1,8,2,116.43,110,0,Medium (Compliance)
CUST_606,Brian Martin,551,Verified,False,13882.73,1,4,1,17.08,110,0,Low
CUST_607,David Lopez,1636,Verified,False,1431.72,2,5,1,68.96,110,0,Low
CUST_608,Rachel Bradley,1313,Pending,False,659.02,1,4,1,1249.94,110,0,Low
CUST_609,Casey Chase,3326,Verified,False,6569.74,1,2,1,254.41,110,0,Low
CUST_610,Samantha Robertson,1758,Verified,False,10880.25,1,6,1,6.48,110,0,Low
CUST_611,Michael Lopez,357,Verified,False,10700.32,1,6,1,114.82,110,0,Low
CUST_612,Franklin Wright,2071,Verified,False,1257.09,2,11,1,190.96,110,0,Low
CUST_613,David Molina,1786,Verified,False,3638.69,1,4,1,457.53,110,0,Low
CUST_614,Elizabeth Sharp,2570,Verified,False,6903.74,1,36,1,84.58,110,0,High (Network Risk)
CUST_615,Matthew Schwartz,1782,Verified,False,4027.81,1,3,1,123.96,110,5,Low
CUST_616,Bryan Parker,3172,Verified,False,12661.95,1,8,20,698.63,110,0,High (Network Risk)
CUST_617,Jonathan Jacobson,2850,Pending,False,1988.14,1,4,1,103.04,110,0,Low
CUST_618,Emily Wilson,3252,Verified,False,2777.72,3,4,1,49.75,110,0,Low
CUST_619,Elizabeth Mendez,3295,Verified,False,3775.13,2,5,1,519.89,110,0,Low
CUST_620,Casey Hernandez,2810,Verified,False,6853.77,1,8,1,534.66,110,5,Low
CUST_621,Lisa Perry,2490,Verified,False,2454.16,1,14,1,5.81,110,0,Low
CUST_622,Kaitlin Medina,1632,Verified,False,7535.9,1,5,1,218.85,110,0,Low
CUST_623,Colleen Wright,2817,Pending,False,14833.22,2,2,1,32.75,110,0,Low
CUST_624,Shelley Miller,1016,Verified,True,1775.66,1,22,1,270.39,110,0,Medium (Compliance)
CUST_625,Michael Miller,1349,Verified,False,2528.4,2,3,1,619.48,110,0,Low
CUST_626,Amy Kelley,516,Verified,False,7846.0,1,6,1,375.73,110,0,Low
CUST_627,Laura Hernandez,3088,Verified,False,20486.64,1,7,1,435.68,110,0,Low
CUST_628,Joseph Wilson,2840,Verified,False,5630.53,2,6,1,55.12,4,0,Low
CUST_629,Kevin Davis,336,Verified,False,1357.99,1,2,1,74.71,110,0,Low
CUST_630,Rhonda Chavez,1783,Verified,False,3634.3,3,14,1,361.06,110,0,Low
CUST_631,Joyce Brown,2306,Verified,False,7786.86,1,0,1,165.08,110,0,Low
CUST_632,Robert Cummings,497,Verified,False,1322.7,1,16,1,14.66,110,0,Low
CUST_633,Robert Reese,896,Verified,False,1013.96,1,18,1,565.17,110,1,Low
CUST_634,Amber Cooper,2208,Verified,False,2111.21,2,15,1,16.53,110,1,Low
CUST_635,Zachary Michael,3547,Verified,False,5765.42,2,5,1,241.57,110,0,Low
CUST_636,Timothy Johnson,852,Verified,False,758.08,1,8,1,202.53,4,0,Low
CUST_637,Randy Cannon,1688,Verified,False,1490.58,1,4,1,873.38,110,0,Low
CUST_638,Maria Fisher,1932,Verified,False,3919.27,1,7,1,104.2,110,0,Low
CUST_639,Janet Kane DVM,2738,Verified,False,8870.79,1,12,1,7.07,110,0,Low
CUST_640,Michael Stanley,2428,Verified,False,3984.67,1,3,1,184.0,110,0,Low
CUST_641,Martha Bailey,1569,Verified,False,4335.9,1,6,1,244.42,4,0,Low
CUST_642,Joshua Rice,957,Verified,False,8143.06,1,5,2,742.81,110,0,Low
CUST_643,Courtney Smith,2739,Verified,False,14724.35,1,18,1,67.23,110,0,Low
CUST_644,Edwin Nunez,3499,Pending,False,13167.56,1,3,5,426.15,110,0,High (Network Risk)
CUST_645,Kim Morrow,1637,Verified,False,387.08,1,12,1,569.95,110,0,Low
CUST_646,Gregory Hill,1292,Pending,False,3288.08,1,7,1,49.49,110,0,Low
CUST_647,Molly Rodriguez,3649,Verified,False,7424.32,1,6,1,238.77,110,0,Low
CUST_648,Jennifer Miranda,1441,Verified,False,16314.13,2,12,1,16.31,110,0,Low
CUST_649,Alexis Harris,1192,Verified,False,5658.91,1,5,1,345.9,110,0,Low
CUST_650,Andrew Harper,1067,Verified,False,1262.46,1,8,1,207.18,110,0,Low
CUST_651,Amber Yang,3628,Pending,False,1440.85,1,17,1,23.15,110,0,Low
CUST_652,David Robinson,285,Verified,False,1481.73,2,3,1,81.83,110,0,Low
CUST_653,Amy Gordon,2445,Verified,False,4054.24,1,9,1,755.52,110,0,Low
CUST_654,Robert Dennis,12,Verified,False,1844.9,3,14,1,200.29,110,0,Low
CUST_655,Kyle Chambers,1631,Pending,False,141.93,1,10,1,53.29,110,0,Low
CUST_656,Eric Thomas,3374,Verified,False,917.55,1,20,1,46.91,110,0,Low
CUST_657,Connie Turner,3325,Verified,False,1911.71,1,6,1,668.31,110,0,Low
CUST_658,Travis Hobbs,2547,Verified,False,763.2,1,12,1,71.05,110,0,Low
CUST_659,Lori Simmons,754,Verified,False,885.78,1,17,1,206.63,4,0,Low
CUST_660,William David DDS,2083,Verified,False,23178.27,1,1,1,79.88,110,0,Low
CUST_661,Emma Butler,2775,Verified,False,2955.37,1,5,1,5.37,110,0,Low
CUST_662,James Webster,2897,Verified,False,2026.13,1,10,1,55.71,110,0,Low
CUST_663,Samuel Turner,90,Verified,False,5810.04,1,15,1,818.07,110,0,Low
CUST_664,Renee Melendez,776,Verified,False,9377.51,1,8,1,3699.38,4,0,Low
CUST_665,Tracy Grant,2653,Pending,False,28018.37,1,22,2,46.52,110,0,Low
CUST_666,David Harris,3018,Verified,False,16405.52,2,4,1,244.69,110,0,Low
CUST_667,Tammy Boone,1626,Verified,False,4604.59,1,2,1,4881.07,110,10,Low
CUST_668,Nathaniel Lee,3070,Verified,False,643.67,1,13,1,899.13,110,0,Low
CUST_669,Michael Morrison,418,Verified,False,1093.91,1,6,1,24.09,110,0,Low
CUST_670,Chelsea Gill,115,Verified,False,1994.49,1,3,1,99.8,110,5,Low
CUST_671,Kristin Mendoza,617,Verified,False,4947.13,1,28,1,218.44,110,0,Low
CUST_672,Felicia Krueger,3268,Verified,False,3275.8,1,13,1,1001.31,110,0,Low
CUST_673,Timothy Hayden,826,Pending,False,683.33,1,12,1,24.41,110,0,Low
CUST_674,Zachary Mendoza,3573,Verified,False,571.49,2,26,2,474.06,110,0,Low
CUST_675,Larry Harris,1650,Pending,False,3862.26,1,5,1,426.39,110,0,Low
CUST_676,Kristen Rowe,1517,Verified,False,3361.16,1,22,1,94.07,110,1,Low
CUST_677,Joseph Howard,3147,Verified,False,2416.62,2,10,1,3700.49,110,0,Low
CUST_678,Jose Crawford,413,Verified,False,4831.57,1,4,1,37.82,110,0,Low
CUST_679,William Harrison,3448,Verified,False,10371.45,2,7,2,256.25,110,5,Low
CUST_680,Suzanne Wood,3492,Verified,False,4064.59,1,8,1,200.16,110,0,Low
CUST_681,Justin Walker,729,Verified,False,1162.53,1,17,2,260.87,110,0,Low
CUST_682,Dean Donovan,3349,Verified,False,20236.02,2,2,1,839.85,110,0,Low
CUST_683,Jennifer Hernandez,3069,Verified,False,2499.11,2,1,1,19.81,110,0,Low
CUST_684,James Whitaker,2809,Verified,False,3133.79,1,3,1,188.25,110,0,Low
CUST_685,Mr. Michael Scott PhD,676,Verified,False,1550.51,1,6,1,2847.79,110,0,Low
CUST_686,Maria Henry,3466,Verified,False,1017.99,1,13,2,491.45,110,0,Low
CUST_687,Robert Jackson,1893,Pending,False,1104.34,1,5,1,55.07,110,0,Low
CUST_688,Katherine Stark,2505,Verified,False,886.43,2,10,1,44.7,110,1,Low
CUST_689,Maria Brown,2968,Verified,False,146.95,1,26,2,322.68,110,0,Low
CUST_690,Ryan Landry,2240,Verified,False,2549.72,1,1,1,71.24,110,0,Low
CUST_691,Pamela Gutierrez,2787,Verified,False,8976.35,1,6,2,119.79,110,0,Low
CUST_692,Crystal Mann,1123,Verified,False,1113.97,2,51,1,48.66,110,0,High (Network Risk)
CUST_693,Jonathan Brooks,1572,Pending,False,38541.39,1,4,1,3330.69,110,0,Low
CUST_694,Mary Jensen,978,Verified,False,11924.83,2,3,1,249.56,110,0,Low
CUST_695,Mr. Aaron Arnold,1009,Verified,False,2927.13,1,11,1,160.64,110,0,Low
CUST_696,Joseph Hill,2144,Verified,False,981.34,1,4,1,12.82,110,0,Low
CUST_697,Alicia Li,1688,Verified,False,603.59,1,17,2,43.02,110,0,Low
CUST_698,Renee Browning,2711,Verified,False,2660.62,1,53,1,135.45,110,0,High (Network Risk)
CUST_699,Brent Hernandez,3262,Verified,False,3191.1,1,7,1,135.69,110,0,Low
CUST_700,Joseph Ochoa,37,Verified,False,2429.92,2,66,1,1792.45,110,0,High (Network Risk)
CUST_701,James Watson,3441,Verified,False,8684.74,1,5,1,178.69,110,0,Low
CUST_702,Karl Branch,1549,Verified,False,13320.8,1,6,1,704.47,110,0,Low
CUST_703,Michael Abbott,2327,Verified,False,4782.29,1,3,1,194.21,110,1,Low
CUST_704,Shannon Malone,2265,Pending,False,5046.58,1,5,2,539.97,110,0,Low
CUST_705,James Tran,2915,Verified,False,2174.26,1,6,2,12.16,110,0,Low
CUST_706,Adam Jackson,873,Verified,False,2966.33,2,10,1,22.54,110,0,Low
CUST_707,Mr. Richard Knight PhD,1822,Verified,False,4499.1,1,2,1,593.31,110,0,Low
CUST_708,Joseph Williams,1297,Verified,False,2171.69,1,4,1,1400.82,110,0,Low
CUST_709,Sean Clay,2110,Verified,False,5772.42,1,4,2,11.48,110,0,Low
CUST_710,Anthony Jones,596,Verified,False,1036.73,1,15,2,151.15,110,0,Low
CUST_711,Stephanie Elliott,1904,Verified,False,1433.39,2,8,2,15.65,110,0,Low
CUST_712,Timothy Edwards,729,Verified,False,1046.37,1,8,1,54.8,110,0,Low
CUST_713,Laurie Goodwin,1366,Verified,False,1527.49,1,7,1,8.57,110,0,Low
CUST_714,Jennifer Jones,397,Verified,False,2236.61,3,1,1,124.26,110,0,Low
CUST_715,David Davenport,699,Verified,False,8342.27,1,26,1,112.54,110,0,Low
CUST_716,Steven Rivera,3091,Verified,False,3107.06,2,3,1,110.51,110,0,Low
CUST_717,Brenda Hinton,2225,Verified,False,825.25,1,15,2,95.68,110,0,Low
CUST_718,Kathryn Mccann,1636,Verified,False,733.66,1,6,1,384.66,110,0,Low
CUST_719,Jeffrey Roberson,396,Pending,False,1966.48,2,4,2,1942.42,110,0,Low
CUST_720,Randy Friedman,2493,Verified,False,6866.44,1,17,2,24.21,110,0,Low
CUST_721,Raymond Johnson,3305,Verified,False,12124.42,2,2,2,42.07,110,0,Low
CUST_722,Willie Henry,76,Verified,False,607.43,1,3,1,180.2,110,0,Low
CUST_723,Todd Reynolds,265,Failed,False,4325.8,1,8,1,99.28,110,0,Medium (Compliance)
CUST_724,Mary Miller,2503,Verified,False,1994.46,1,8,1,92.3,110,0,Low
CUST_725,Rebecca Marquez,1820,Verified,False,2155.5,1,14,1,20.73,110,0,Low
CUST_726,Christian Dawson,718,Verified,False,1028.4,1,13,1,74.92,110,0,Low
CUST_727,Nancy Stewart,2783,Verified,False,2392.12,2,6,1,76.05,110,0,Low
CUST_728,Aaron Parker,3456,Verified,False,983.21,2,8,1,206.07,110,0,Low
CUST_729,Derrick Anderson,3636,Verified,False,2285.06,1,6,2,38.05,110,0,Low
CUST_730,Jerry Peters,851,Verified,False,9398.05,2,22,2,565.97,110,0,Low
CUST_731,Alexander Gomez,3578,Verified,False,5604.01,2,3,1,22.26,110,0,Low
CUST_732,Kyle Nguyen,1391,Verified,False,20206.34,1,7,2,1527.33,110,0,Low
CUST_733,Edgar Hughes,144,Verified,False,5046.03,1,13,1,43.53,110,0,Low
CUST_734,Steven Stein,885,Verified,False,3549.34,1,17,1,1291.32,110,0,Low
CUST_735,Laura Jackson,3141,Verified,False,5181.74,2,4,1,48.19,110,1,Low
CUST_736,Charles Turner,3171,Pending,False,1372.24,2,3,1,515.87,110,0,Low
CUST_737,Arthur Hamilton MD,396,Verified,False,370.17,2,2,1,85.86,4,0,Low
CUST_738,Mr. David Wright,3097,Verified,False,6608.89,2,5,1,167.48,110,0,Low
CUST_739,Linda Gonzalez,2996,Verified,False,495.06,1,9,1,366.04,110,0,Low
CUST_740,Eric Rush,2939,Verified,False,9150.84,1,5,2,89.99,110,0,Low
CUST_741,Manuel Brock,1493,Failed,False,6315.83,1,12,2,8.54,110,5,Medium (Compliance)
CUST_742,George Ochoa,3556,Verified,False,1274.72,1,7,2,57.17,110,0,Low
CUST_743,Valerie Taylor,3637,Verified,False,1927.37,1,12,1,69.53,110,1,Low
CUST_744,Travis Harris,3223,Verified,False,2946.76,2,8,1,1983.84,110,0,Low
CUST_745,Vincent Novak,1168,Verified,False,1185.39,1,1,1,138.27,110,0,Low
CUST_746,Michael Henry,2617,Verified,False,5118.01,1,2,1,191.7,110,0,Low
CUST_747,Dana Bennett,1063,Verified,False,5589.64,2,18,2,124.78,110,0,Low
CUST_748,Jenna Wilson,2157,Verified,False,704.18,1,3,1,205.8,110,0,Low
CUST_749,Leslie Gardner,1066,Verified,False,1308.83,1,14,2,23.18,110,0,Low
CUST_750,Krista Benton,1210,Verified,False,2873.23,1,8,1,52.95,110,0,Low
CUST_751,Michael Gonzales,2983,Verified,False,9326.18,1,3,1,400.93,110,0,Low
CUST_752,Michael Fuentes,2446,Verified,False,5723.21,2,13,1,106.19,110,0,Low
CUST_753,Jennifer Porter,3295,Verified,False,289.77,1,5,1,127.49,110,0,Low
CUST_754,Dana Hopkins,634,Verified,False,2226.1,2,8,1,143.99,110,5,Low
CUST_755,Rachel Jones,1157,Verified,False,4782.28,1,6,1,416.6,110,0,Low
CUST_756,Karen Morales DDS,3235,Failed,False,1339.48,1,0,1,56.76,110,0,Medium (Compliance)
CUST_757,Melissa Stephens,1239,Verified,False,1239.65,1,12,1,172.41,110,0,Low
CUST_758,Heather Woodard,733,Verified,False,1412.4,1,13,1,5.87,110,0,Low
CUST_759,Margaret Miller,235,Verified,False,2190.8,1,4,1,13.23,110,0,Low
CUST_760,Mary Kelly,2706,Verified,False,1119.8,1,12,1,102.21,110,0,Low
CUST_761,Amanda Terrell,751,Verified,False,5767.13,1,3,1,28.28,110,0,Low
CUST_762,Jennifer Goodwin,2636,Verified,False,1260.54,1,3,2,648.66,110,0,Low
CUST_763,Jessica Smith,3081,Verified,False,1057.69,1,8,1,29.9,110,10,Low
CUST_764,Jorge Stone,3146,Failed,False,2000.81,1,4,1,122.53,110,1,Medium (Compliance)
CUST_765,Laura Griffin,954,Verified,False,13081.01,1,6,1,494.55,110,0,Low
CUST_766,Raymond Chapman,2540,Verified,False,5040.6,1,3,1,311.04,4,0,Low
CUST_767,Haley Johnson,2961,Verified,False,5371.51,2,2,1,65.56,110,1,Low
CUST_768,Jason Nixon,3325,Verified,False,3968.93,2,8,1,82.7,110,0,Low
CUST_769,Todd Thomas,3302,Verified,False,1156.34,2,8,1,302.48,110,1,Low
CUST_770,Jesse Clark,1543,Verified,False,1571.73,2,7,1,497.86,110,0,Low
CUST_771,Mr. Jeffrey Horton,1198,Pending,False,1326.11,1,5,1,1401.65,110,0,Low
CUST_772,Eric Patrick,1677,Verified,False,8880.03,1,4,1,496.61,110,0,Low
CUST_773,Samuel Wong,1192,Verified,False,4005.15,2,3,1,414.91,110,0,Low
CUST_774,Carly Riggs,2218,Verified,False,562.67,1,3,2,248.12,110,1,Low
CUST_775,Christopher Moore,1417,Verified,False,12741.93,1,4,1,177.91,110,0,Low
CUST_776,Tina Hall,2994,Verified,False,2138.9,2,16,1,85.08,110,0,Low
CUST_777,Cody Davidson,2843,Verified,False,5729.47,1,8,1,313.46,110,0,Low
CUST_778,Allen Mendez,2682,Verified,False,8538.48,1,9,1,104.1,110,0,Low
CUST_779,Kevin Price,1218,Verified,False,229.97,1,2,1,421.88,110,0,Low
CUST_780,Christine Goodwin,1541,Verified,False,4696.62,1,8,1,438.58,110,0,Low
CUST_781,Amy Garcia,2077,Verified,False,2315.6,2,9,1,300.47,110,0,Low
CUST_782,Chelsea Nguyen,3237,Verified,False,264.57,1,26,1,58.36,110,0,Low
CUST_783,Dennis Huffman,1446,Verified,False,960.52,2,7,1,130.01,110,0,Low
CUST_784,Margaret Harper,2387,Verified,False,1892.0,2,5,1,754.29,110,0,Low
CUST_785,Laurie Bailey,1520,Pending,False,6944.13,1,4,1,11.47,110,0,Low
CUST_786,Lisa Cervantes,1389,Verified,False,2499.29,1,7,2,197.38,110,0,Low
CUST_787,Elizabeth Mendez,1857,Verified,False,3456.88,1,6,20,462.01,110,0,High (Network Risk)
CUST_788,Cesar Wilson,1366,Verified,False,2087.81,2,18,1,284.84,110,0,Low
CUST_789,Clayton Steele,500,Verified,False,8847.62,1,15,1,3307.81,110,0,Low
CUST_790,Jennifer Taylor,1681,Verified,False,5019.23,2,3,1,13.23,110,0,Low
CUST_791,Cody Reid,511,Verified,True,3508.19,1,7,1,25.14,110,0,Medium (Compliance)
CUST_792,Maria Cooke,3399,Verified,False,950.38,1,52,1,195.09,110,0,High (Network Risk)
CUST_793,Katherine Taylor,217,Pending,False,3360.48,2,2,1,600.61,110,0,Low
CUST_794,Jerry Brown,1325,Pending,False,48140.15,1,6,1,161.75,110,0,Low
CUST_795,Adam Taylor,1156,Verified,False,6602.92,2,13,1,1071.69,110,0,Low
CUST_796,Tracey Wagner,1828,Verified,True,1423.19,1,6,2,62.44,110,0,Medium (Compliance)
CUST_797,Michael Perry PhD,3142,Verified,False,19005.05,2,5,1,98.56,110,0,Low
CUST_798,Bradley Johnson DDS,3324,Verified,False,1361.86,2,5,1,465.93,110,0,Low
CUST_799,Donald Medina,3487,Verified,False,6089.4,2,3,1,87.3,110,0,Low
CUST_800,Jim Newton,1811,Verified,False,2846.37,1,6,2,605.06,110,0,Low
CUST_801,Krista Wilson,2493,Verified,False,3576.46,1,16,2,420.79,110,0,Low
CUST_802,Reginald Morrow,2924,Verified,False,3710.16,1,2,1,79.48,110,0,Low
CUST_803,Rodney Williams,1206,Pending,False,2327.22,1,9,1,232.6,110,0,Low
CUST_804,Kimberly Fritz,2215,Verified,False,2019.61,1,17,2,72.46,110,0,Low
CUST_805,Ronald Potter,91,Verified,False,798.84,1,7,1,38.92,110,0,Low
CUST_806,Zachary Cole,714,Verified,False,967.76,1,5,1,82.52,110,0,Low
CUST_807,Robert Gonzales,1882,Verified,False,4162.89,2,12,2,113.39,110,0,Low
CUST_808,Patricia Young PhD,3603,Verified,False,1506.11,2,3,2,175.49,110,0,Low
CUST_809,Heather Page,39,Verified,False,1199.9,3,10,1,126.09,110,0,Low
CUST_810,Carol Taylor,3198,Pending,False,50378.71,1,6,1,10.67,110,0,Low
CUST_811,Daniel Brown,3523,Verified,False,35930.63,1,7,1,656.08,110,0,Low
CUST_812,Douglas Ryan,173,Verified,False,5328.49,1,28,1,11.55,110,0,Low
CUST_813,Michael Roberts,653,Verified,False,6133.44,1,18,1,197.01,110,0,Low
CUST_814,Scott Duke,754,Verified,False,1322.9,1,24,1,48.84,110,0,Low
CUST_815,Anna Estes,1244,Verified,False,911.2,3,3,5,184.76,4,0,High (Network Risk)
CUST_816,Tamara Riddle,1082,Failed,False,2121.05,1,3,1,106.04,110,0,Medium (Compliance)
CUST_817,Beth Cline,1684,Verified,False,2981.84,1,10,1,250.03,110,0,Low
CUST_818,Michael Poole,2524,Verified,False,6081.93,1,9,1,323.98,110,0,Low
CUST_819,Megan Burns,456,Verified,False,478.03,1,1,1,704.06,110,5,Low
CUST_820,Debra Perry,829,Verified,False,25520.75,1,9,1,473.29,110,0,Low
CUST_821,Mark Beard,895,Verified,False,3820.07,1,38,1,157.92,110,0,High (Network Risk)
CUST_822,Jose Ramirez,1385,Verified,False,632.26,1,33,1,610.82,110,0,High (Network Risk)
CUST_823,Jackie Clements,1959,Verified,False,3489.36,1,4,2,69.18,110,1,Low
CUST_824,Aaron Schroeder,3073,Verified,False,1209.0,1,13,1,1847.08,110,1,Low
CUST_825,Monica Ellis,2435,Verified,False,1127.16,1,3,1,60.85,110,0,Low
CUST_826,Heather Brown,1997,Verified,False,1030.29,1,6,1,73.36,110,0,Low
CUST_827,Claudia Jordan,2396,Verified,False,2306.56,1,3,1,9.72,110,0,Low
CUST_828,Derrick Clayton,190,Verified,False,24409.21,2,2,1,54.51,110,0,Low
CUST_829,Kenneth Knight,505,Verified,False,3270.39,1,14,1,99.43,110,0,Low
CUST_830,Mr. Michael Williams,1215,Verified,False,5966.35,1,9,1,98.65,110,0,Low
CUST_831,Richard Stevens,1532,Verified,False,7619.87,2,10,1,1852.61,110,0,Low
CUST_832,Scott Alexander,3441,Verified,False,2579.22,1,12,1,356.91,110,0,Low
CUST_833,Tyler Harris,3481,Pending,False,933.54,2,8,1,606.99,110,0,Low
CUST_834,Bonnie Santos,824,Pending,False,602.6,2,3,1,148.44,4,0,Low
CUST_835,Timothy Hill,929,Verified,False,2023.43,1,8,1,51.85,110,1,Low
CUST_836,Danielle Watson,934,Pending,False,9357.53,2,6,1,3898.48,110,0,Low
CUST_837,Carol Sanders,1141,Verified,False,7596.11,1,6,1,127.56,110,0,Low
CUST_838,Michael Young,134,Verified,False,3852.13,1,3,1,390.22,110,0,Low
CUST_839,Michele Smith,2106,Verified,False,4397.88,2,2,2,35.83,110,0,Low
CUST_840,Casey Perez,3628,Verified,False,2599.76,2,4,2,25.64,110,0,Low
CUST_841,Alexandra Dominguez,685,Verified,False,1841.84,2,11,1,1399.31,110,0,Low
CUST_842,Virginia Henderson,2720,Verified,False,1424.84,1,6,1,283.94,110,0,Low
CUST_843,Benjamin Reyes,2221,Verified,False,684.4,1,30,1,106.31,110,0,Low
CUST_844,Ashley Edwards,1853,Verified,False,17981.99,1,7,1,111.84,110,0,Low
CUST_845,Breanna Ayala,815,Verified,False,3537.31,1,8,1,31.42,110,1,Low
CUST_846,Brandi Haney,1173,Pending,False,1915.12,10,7,1,63.97,110,0,Low
CUST_847,Joseph Smith,80,Verified,False,18419.53,1,3,1,281.06,110,0,Low
CUST_848,Jessica Bowen,2934,Verified,False,22291.98,1,7,1,158.93,110,0,Low
CUST_849,Brittany Jenkins,3285,Verified,False,46404.81,1,3,1,459.08,4,0,Low
CUST_850,Shannon Miller,203,Verified,False,2325.46,1,6,1,2.43,110,0,Low
CUST_851,Paul Lawrence,2812,Verified,False,3311.75,2,1,1,192.76,110,0,Low
CUST_852,Victor Edwards,1253,Verified,False,5715.61,1,6,1,478.07,110,0,Low
CUST_853,Donald Miller,1700,Verified,False,15712.08,2,8,1,5.42,110,0,Low
CUST_854,Lindsay Lawson,1251,Verified,False,3171.7,1,8,2,31.47,110,1,Low
CUST_855,Melissa Abbott,1683,Verified,False,1115.04,1,2,1,16.96,110,0,Low
CUST_856,Elizabeth Holmes,1556,Verified,False,1403.35,2,10,1,1037.73,110,0,Low
CUST_857,Nicole Phillips,3513,Verified,False,9676.27,1,12,1,165.36,110,0,Low
CUST_858,Steven Blevins,3474,Verified,True,5547.13,1,3,1,183.41,110,0,Medium (Compliance)
CUST_859,Brian Porter MD,2095,Verified,False,2507.62,2,16,1,813.79,110,0,Low
CUST_860,Vanessa Hatfield,1257,Verified,False,2348.0,1,8,1,125.69,110,0,Low
CUST_861,Bonnie Valencia,3377,Verified,False,2507.73,1,7,2,55.99,110,0,Low
CUST_862,Holly Vega,1550,Pending,False,10291.14,2,11,1,191.87,110,0,Low
CUST_863,Tiffany Townsend,1167,Failed,False,1354.31,3,27,1,282.97,110,0,Medium (Compliance)
CUST_864,Austin Baker,3487,Verified,False,885.89,1,6,1,27.21,110,0,Low
CUST_865,Antonio Mccormick,3585,Verified,False,18339.43,2,4,2,1555.61,110,1,Low
CUST_866,Lori Mason,1397,Verified,False,3056.59,1,39,1,8.67,110,0,High (Network Risk)
CUST_867,Michael Miller,3638,Verified,False,2753.62,1,6,1,242.18,110,0,Low
CUST_868,Lisa Ramirez,3331,Verified,False,5831.28,1,9,1,1827.23,110,0,Low
CUST_869,Jorge Harris,2704,Verified,False,1108.86,3,6,1,177.96,110,0,Low
CUST_870,Kimberly Myers,471,Pending,False,6313.82,1,2,1,6.81,110,1,Low
CUST_871,Sandra Becker,3019,Verified,False,2033.01,1,5,2,1380.08,4,0,Low
CUST_872,Michael Blair,1036,Pending,False,9188.17,1,17,1,72.11,110,0,Low
CUST_873,Amy Miller,1354,Verified,False,643.08,2,3,1,478.82,110,0,Low
CUST_874,Jesse Lynch,2784,Verified,False,4678.19,1,21,1,278.21,110,5,Low
CUST_875,Patrick Yang,2832,Verified,False,2365.55,1,13,1,144.85,110,0,Low
CUST_876,Michael Miles,968,Verified,False,1473.44,2,3,1,6.76,110,0,Low
CUST_877,Troy Mills,358,Verified,False,6446.83,1,2,1,273.26,110,1,Low
CUST_878,Michelle Jackson,3020,Verified,False,2570.04,1,2,1,449.06,110,0,Low
CUST_879,Richard Adams,3480,Verified,False,4750.54,1,5,1,13.44,110,0,Low
CUST_880,Patricia Johnson,668,Verified,False,10569.33,2,3,1,1829.64,110,0,Low
CUST_881,Denise Brown,373,Verified,False,6578.06,2,19,1,83.16,110,0,Low
CUST_882,Laura Jones,1032,Verified,False,1011.94,1,2,2,2263.35,110,0,Low
CUST_883,Ian Porter,1146,Pending,False,1734.12,1,3,1,403.64,110,0,Low
CUST_884,Holly Scott,1372,Verified,False,4718.71,1,24,1,153.78,110,0,Low
CUST_885,Kenneth Sharp,2724,Verified,False,6593.75,1,5,1,173.67,110,0,Low
CUST_886,Jordan Williams,90,Verified,False,2016.35,2,10,1,650.18,110,0,Low
CUST_887,Dana Ruiz,2746,Verified,False,3633.14,1,10,1,1468.47,110,1,Low
CUST_888,Chris Velazquez,3388,Verified,False,3610.45,2,2,2,34.54,110,0,Low
CUST_889,Kristen Sloan,3250,Verified,False,4150.15,2,14,5,60.47,110,0,High (Network Risk)
CUST_890,Jennifer Morris,540,Verified,False,916.95,2,12,1,1784.77,110,0,Low
CUST_891,Nathan Nelson,2780,Verified,True,724.13,2,12,1,39.52,110,0,Medium (Compliance)
CUST_892,Jake Shaw,869,Verified,False,311.3,1,4,2,153.43,110,1,Low
CUST_893,Cassie Brock,41,Verified,False,3312.84,1,9,1,52.94,4,0,Low
CUST_894,Dr. Andrea Marshall,740,Verified,False,761.9,2,6,2,449.81,110,0,Low
CUST_895,Ryan Murphy,1947,Verified,False,25253.64,2,7,1,3.69,110,0,Low
CUST_896,Aimee Gonzalez,2550,Verified,False,5733.7,1,3,1,446.75,110,0,Low
CUST_897,Elizabeth Dean,3007,Verified,False,914.28,2,6,5,846.01,110,0,High (Network Risk)
CUST_898,Kevin Snyder,3217,Verified,False,9275.49,1,16,1,397.9,110,0,Low
CUST_899,Christie Mccullough,1225,Verified,False,9297.48,1,1,1,42.64,110,0,Low
CUST_900,Danielle Smith,929,Verified,False,10084.19,1,5,1,0.73,110,0,Low
CUST_901,David Reed,2037,Verified,False,1328.66,3,12,2,53.72,110,0,Low
CUST_902,Sherry Tapia,2509,Verified,False,6100.06,1,3,1,394.52,110,0,Low
CUST_903,Matthew Sweeney,2780,Verified,False,10256.5,1,10,2,143.04,4,0,Low
CUST_904,Ashley Moreno,2800,Pending,False,14340.7,10,10,1,554.58,110,0,Low
CUST_905,Johnathan Brown,925,Verified,False,649.54,2,6,20,106.5,110,0,High (Network Risk)
CUST_906,Michelle Davis DVM,2957,Verified,False,2397.94,2,9,1,98.72,110,1,Low
CUST_907,Kelly Haynes,1582,Verified,False,1281.76,1,27,1,1636.44,110,0,Low
CUST_908,William Miller,3619,Verified,False,19228.03,1,4,2,52.68,110,0,Low
CUST_909,Casey Wilkins,3325,Verified,False,4871.01,1,2,1,391.44,110,0,Low
CUST_910,Keith Graham,390,Verified,False,7268.08,2,5,2,481.13,110,0,Low
CUST_911,Cynthia Green,1618,Verified,False,4799.92,1,3,1,5203.48,110,0,Low
CUST_912,Robert Haynes,2931,Verified,False,4338.51,1,10,1,1778.54,110,1,Low
CUST_913,Emily Nelson,256,Verified,False,1257.29,2,5,1,338.17,110,5,Low
CUST_914,Dale Chan,709,Verified,False,1907.39,1,12,1,430.36,110,0,Low
CUST_915,Brittney Martin,1839,Verified,False,3201.95,2,9,1,985.18,110,0,Low
CUST_916,Jason Herrera,1945,Verified,False,1558.4,1,4,1,56.69,110,0,Low
CUST_917,Christine Parker,2498,Failed,False,1295.73,1,3,1,2084.23,110,0,Medium (Compliance)
CUST_918,Bryan Moore,10,Verified,False,2426.79,1,2,1,141.63,110,0,Low
CUST_919,Samantha Terry,2872,Failed,False,1627.59,2,17,1,412.65,110,0,Medium (Compliance)
CUST_920,Russell Murphy,798,Pending,False,3133.22,2,11,2,255.24,4,0,Low
CUST_921,David Kelly,3314,Verified,False,1914.34,1,5,2,47.68,110,5,Low
CUST_922,Megan Green,3323,Verified,False,1502.88,1,12,1,83.81,110,0,Low
CUST_923,Amanda Sullivan MD,877,Verified,False,1178.95,1,3,5,44.88,110,0,High (Network Risk)
CUST_924,Danielle Murray,1029,Verified,False,2999.19,2,3,1,206.22,110,0,Low
CUST_925,Brenda Smith,3191,Verified,False,7246.68,2,3,1,14.91,110,0,Low
CUST_926,Vickie Anderson,1016,Verified,False,5715.13,3,9,1,33.67,110,0,Low
CUST_927,Jacqueline Mccoy,1825,Verified,False,647.48,2,4,1,76.32,110,0,Low
CUST_928,Lauren Green,374,Verified,False,7042.73,1,2,1,117.14,110,0,Low
CUST_929,Alison Brown,3137,Pending,False,5674.9,1,7,1,1317.85,110,0,Low
CUST_930,Jill Anderson,2194,Verified,False,7239.25,1,11,2,660.14,110,0,Low
CUST_931,Sandra Rivera,224,Verified,False,8809.73,1,6,1,124.47,110,0,Low
CUST_932,Joel Jackson,1263,Verified,False,1439.92,1,18,1,2256.58,4,0,Low
CUST_933,Samantha Foster,2225,Pending,False,2208.78,1,14,1,245.53,4,0,Low
CUST_934,Michael Thompson,1803,Verified,False,17862.58,2,18,1,407.97,110,0,Low
CUST_935,Cody Ramirez,853,Verified,False,16832.05,1,13,1,8.7,110,0,Low
CUST_936,Amanda Harvey,3354,Verified,False,2761.17,1,8,1,36.14,110,0,Low
CUST_937,Edward Jenkins,63,Verified,False,5448.59,1,2,1,714.42,110,0,Low
CUST_938,Amy Ramirez,1241,Verified,False,5946.75,1,5,1,396.29,4,0,Low
CUST_939,Curtis Wilkerson,2875,Pending,False,17285.87,2,4,2,2192.58,110,0,Low
CUST_940,Lydia Pham,2843,Verified,False,4210.26,2,3,1,1951.3,110,0,Low
CUST_941,Virginia Casey,689,Verified,False,886.88,1,4,2,66.95,110,0,Low
CUST_942,Joshua Washington,1485,Verified,False,1851.95,1,2,1,834.37,110,0,Low
CUST_943,Kathryn Price,1634,Verified,False,68427.95,1,14,5,33.99,110,0,High (Network Risk)
CUST_944,Francis Robinson,2153,Verified,False,846.73,1,3,1,13.71,110,5,Low
CUST_945,Paula Brown,3171,Verified,False,3134.67,1,14,1,239.51,110,1,Low
CUST_946,Kendra Wang DVM,511,Verified,False,30137.74,10,21,1,467.82,110,1,Low
CUST_947,Ariel Sandoval,385,Verified,False,1339.77,1,4,1,245.21,110,0,Low
CUST_948,Robert Stark,405,Verified,False,195.02,1,4,2,622.81,110,0,Low
CUST_949,Zachary Robinson,2871,Verified,False,234.39,2,11,1,62.03,110,0,Low
CUST_950,Rebecca Kelly,518,Verified,False,1347.2,1,5,2,684.18,110,0,Low
CUST_951,Sarah Thompson,476,Verified,False,511.36,1,3,1,68.04,110,0,Low
CUST_952,Renee Wolfe,2001,Verified,False,8409.92,2,10,1,5341.37,110,0,Low
CUST_953,Alyssa Haynes,2757,Pending,False,3897.71,1,4,1,535.97,110,0,Low
CUST_954,Kristy Hart,1669,Verified,False,352.89,2,40,1,1581.29,110,1,High (Network Risk)
CUST_955,William Keith,1894,Verified,False,604.65,2,11,2,22.95,110,1,Low
CUST_956,Eric Henry Jr.,2819,Verified,False,10302.49,2,12,1,78.96,110,1,Low
CUST_957,Daniel Fox,1461,Verified,False,3616.13,10,6,5,130.51,110,1,High (Network Risk)
CUST_958,Thomas Harris,3095,Verified,False,12501.84,2,32,1,25.98,4,0,High (Network Risk)
CUST_959,Mitchell Sellers,3045,Verified,False,9127.17,2,4,5,1672.28,110,0,High (Network Risk)
CUST_960,Erica Johnson,3637,Verified,False,943.39,2,13,1,161.6,110,1,Low
CUST_961,Sylvia Schroeder,2725,Pending,False,7200.95,2,2,1,15.42,110,0,Low
CUST_962,Shannon Yu,714,Verified,False,5233.58,3,46,1,70.46,110,0,High (Network Risk)
CUST_963,Tom Foster,3530,Verified,False,419.17,2,14,2,27.52,110,0,Low
CUST_964,Eric Taylor,83,Verified,False,763.58,1,3,2,453.85,110,5,Low
CUST_965,Travis Conner,1169,Verified,False,34121.07,2,11,1,368.9,110,0,Low
CUST_966,Marie Thompson,3157,Verified,False,1178.93,1,17,1,392.06,110,0,Low
CUST_967,Melissa Mcfarland,3150,Verified,False,4498.6,1,3,1,646.12,110,0,Low
CUST_968,Courtney Chapman,2505,Verified,False,2463.53,1,5,1,4007.06,110,0,Low
CUST_969,Eric Barker,1902,Verified,False,3582.17,2,3,20,2257.02,110,0,High (Network Risk)
CUST_970,Nicholas Rush,2049,Verified,False,2632.01,1,10,1,75.8,110,0,Low
CUST_971,Jenna Gamble,51,Verified,False,7825.85,2,8,1,3619.68,110,0,Low
CUST_972,Amanda Guzman,685,Verified,False,7623.5,1,7,1,109.9,110,0,Low
CUST_973,Tracy Walker,717,Verified,False,3354.05,1,3,1,173.71,110,1,Low
CUST_974,Taylor Taylor,1470,Verified,False,1206.56,1,6,2,165.12,110,0,Low
CUST_975,Cynthia Haas,449,Verified,False,1687.85,2,4,1,402.24,110,0,Low
CUST_976,Stephen Davis,881,Verified,False,616.51,2,10,1,9.02,110,0,Low
CUST_977,Margaret Tanner,488,Verified,False,2133.61,1,3,1,154.06,110,0,Low
CUST_978,Derek Wright,1824,Pending,False,509.57,1,3,1,231.14,110,0,Low
CUST_979,David Rodriguez,2082,Verified,False,3710.22,2,14,1,11.86,110,0,Low
CUST_980,James Oconnor,3420,Verified,False,4007.8,1,5,1,11.53,110,0,Low
CUST_981,Stacey Snyder,2143,Verified,False,8145.75,1,30,1,43.01,110,0,Low
CUST_982,Joshua Garcia,3144,Verified,False,879.99,1,8,1,48.87,110,1,Low
CUST_983,Sean Curtis,1575,Verified,False,941.81,2,1,1,158.28,110,0,Low
CUST_984,Carla Jones,2202,Verified,False,13693.84,1,2,1,121.56,110,0,Low
CUST_985,Elizabeth Flores,250,Verified,False,758.44,1,4,1,863.53,110,0,Low
CUST_986,Angela Jackson,674,Verified,False,23183.97,3,13,1,83.94,110,0,Low
CUST_987,Nicholas Payne,438,Verified,False,1183.35,2,12,1,86.32,110,0,Low
CUST_988,Anna Wheeler,2166,Verified,False,1191.65,1,5,1,669.04,110,0,Low
CUST_989,Karen Johnson,771,Verified,False,6924.42,1,19,1,8.55,110,0,Low
CUST_990,Carmen Preston,3378,Verified,False,5163.61,1,9,1,2122.62,110,0,Low
CUST_991,Brian Harris,268,Verified,False,15390.98,1,5,5,15.12,110,0,High (Network Risk)
CUST_992,Michael Bowen,1985,Verified,False,449.75,1,18,1,686.28,110,0,Low
CUST_993,Deborah Campbell,1078,Verified,False,5082.89,1,3,1,526.49,4,5,High (ATO Risk)
CUST_994,Anthony Armstrong,236,Verified,False,2847.02,1,11,1,1552.85,110,1,Low
CUST_995,Brittany Ward,389,Verified,False,1015.64,2,12,1,50.83,110,5,Low
CUST_996,Edward Stanley,3038,Verified,False,19564.52,2,12,2,158.08,110,0,Low
CUST_997,Christina Johnson,763,Verified,False,3771.96,1,6,2,26.38,110,0,Low
CUST_998,Edgar Miller,1849,Verified,False,2799.37,1,14,1,135.37,4,0,Low
CUST_999,Elizabeth Sanders,2449,Verified,False,4693.84,1,32,1,127.28,110,5,High (Network Risk)
CUST_1000,Matthew Davis MD,624,Verified,False,529.35,1,6,1,1526.04,110,0,Low
CUST_1001,Stephen Wood,2815,Verified,False,855.25,1,7,5,332.4,110,0,High (Network Risk)
CUST_1002,Dennis Marshall,3375,Verified,False,2137.47,2,15,1,141.06,110,0,Low
CUST_1003,Derrick Brown,2967,Verified,False,4090.41,2,5,1,138.35,110,0,Low
CUST_1004,Mary Miller,3279,Verified,False,10664.06,1,5,1,74.54,110,0,Low
CUST_1005,Joshua Arellano,1253,Verified,False,1230.38,2,2,1,103.69,110,0,Low
CUST_1006,Kristen Randall,2901,Verified,False,979.17,1,1,1,167.87,110,0,Low
CUST_1007,Jennifer Nichols,578,Verified,False,4921.78,1,2,2,2719.9,110,0,Low
CUST_1008,Karen Keith,2123,Verified,False,2602.17,1,14,1,271.16,110,0,Low
CUST_1009,Blake Orr,435,Failed,False,436.47,2,3,2,31.41,110,0,Medium (Compliance)
CUST_1010,Kathryn Lester,2151,Verified,False,1189.9,2,10,2,7420.97,110,0,Low
CUST_1011,Megan Oliver,3494,Verified,False,2485.51,2,24,2,700.44,110,0,Low
CUST_1012,Peter Thompson,764,Verified,False,2554.97,1,8,1,637.76,110,0,Low
CUST_1013,Dr. Rhonda Martinez,2786,Verified,False,3261.23,2,3,1,107.34,110,1,Low
CUST_1014,William Graham,2854,Verified,False,812.15,3,6,1,490.92,4,0,Low
CUST_1015,Lori Flowers MD,1330,Verified,False,2614.91,1,10,2,234.26,110,0,Low
CUST_1016,Suzanne Jones,2146,Verified,False,7685.41,1,10,1,19.32,110,0,Low
CUST_1017,James Nguyen,2846,Verified,False,166.06,2,8,1,293.08,110,0,Low
CUST_1018,Jimmy Marks,1359,Verified,False,2247.58,3,12,1,22.59,110,0,Low
CUST_1019,Lisa Mills,2907,Verified,False,565.68,1,16,1,232.08,110,0,Low
CUST_1020,Jason Hernandez,2483,Verified,False,2886.41,1,5,1,266.93,110,0,Low
CUST_1021,Olivia Ayers,447,Verified,False,661.97,1,22,1,37.77,110,0,Low
CUST_1022,Kristine Garcia,2018,Verified,False,3408.66,2,9,1,177.03,110,1,Low
CUST_1023,Joseph Cooper,1332,Verified,False,15163.35,2,1,1,362.02,110,0,Low
CUST_1024,James Washington,249,Pending,False,1119.39,1,6,1,68.8,110,0,Low
CUST_1025,Amanda Hill,166,Verified,False,1294.08,1,6,1,294.64,110,0,Low
CUST_1026,Lee Steele,3553,Verified,False,1863.38,2,17,1,1000.7,110,0,Low
CUST_1027,Steve Rivera,3032,Verified,False,4099.75,1,4,1,524.91,110,0,Low
CUST_1028,Patrick Mccall,1359,Verified,False,1075.94,2,8,1,93.24,110,0,Low
CUST_1029,Alicia Roth,1020,Verified,True,2038.13,1,2,2,1312.62,110,0,Medium (Compliance)
CUST_1030,Douglas Vasquez,542,Verified,False,1526.16,1,3,1,459.14,110,0,Low
CUST_1031,Annette Melton,759,Verified,False,1869.59,1,13,1,115.16,110,0,Low
CUST_1032,William Ramos,3178,Verified,False,4148.12,1,2,1,58.84,110,0,Low
CUST_1033,Debra Butler,3635,Verified,False,5172.25,2,16,1,375.44,110,0,Low
CUST_1034,Chelsea Lewis,2129,Verified,False,680.75,3,18,1,756.0,110,0,Low
CUST_1035,Natalie Malone,2181,Verified,False,4131.96,2,19,1,813.32,110,0,Low
CUST_1036,Samantha Robertson,797,Verified,False,69269.61,1,25,1,374.07,110,0,Low
CUST_1037,Eric Hunter,2948,Verified,False,13963.82,1,13,1,88.99,110,0,Low
CUST_1038,Samuel Suarez,138,Pending,False,1568.92,1,10,2,347.99,110,0,Low
CUST_1039,Corey Whitaker,2232,Verified,True,3401.27,2,12,1,40.8,110,0,Medium (Compliance)
CUST_1040,Danielle Bryant,3473,Verified,False,2882.52,1,7,1,229.3,110,0,Low
CUST_1041,Michele Hill,1354,Verified,False,4719.48,3,5,1,2202.74,110,0,Low
CUST_1042,Kathy Reid,2833,Verified,False,1954.3,3,13,1,32.75,110,0,Low
CUST_1043,Andre Watson,3580,Verified,False,2277.54,1,10,1,64.7,110,0,Low
CUST_1044,Cassandra Harrell,1876,Pending,False,1435.37,2,14,1,614.09,110,0,Low
CUST_1045,Hannah Martin,3032,Verified,False,8914.54,10,6,1,39.86,110,0,Low
CUST_1046,Nicole Barker,69,Verified,False,4068.26,2,6,1,1483.39,110,0,Low
CUST_1047,James Martin,2594,Verified,False,4099.24,2,8,1,641.74,110,0,Low
CUST_1048,Traci Vincent,2101,Verified,False,10080.71,2,6,1,683.19,110,0,Low
CUST_1049,Megan Adams,1474,Verified,False,10230.95,1,71,1,817.94,110,0,High (Network Risk)
CUST_1050,Alejandro Deleon,205,Verified,False,8471.8,1,34,1,21.36,110,0,High (Network Risk)
CUST_1051,Alexa Buck,2174,Verified,False,9928.49,1,7,1,29.3,4,0,Low
CUST_1052,Lindsay Smith,43,Verified,False,14223.75,1,6,1,1075.08,110,0,Low
CUST_1053,Robert Torres,1907,Verified,False,1133.86,2,10,2,93.66,110,0,Low
CUST_1054,Maria Coleman,2159,Verified,False,2211.27,1,5,1,133.16,110,5,Low
CUST_1055,Gregory King,761,Pending,False,6056.87,1,5,5,429.16,110,0,High (Network Risk)
CUST_1056,Michael Holloway,3255,Verified,False,1229.63,1,7,5,186.23,110,0,High (Network Risk)
CUST_1057,Brian Hunt,2896,Verified,False,2072.99,3,5,1,750.72,110,0,Low
CUST_1058,Sarah Brooks,2143,Verified,False,3620.68,2,8,1,353.45,110,0,Low
CUST_1059,Lisa Evans,1995,Verified,False,2368.15,1,9,1,110.32,110,0,Low
CUST_1060,Arthur Mcneil,3446,Pending,False,3184.4,3,0,1,128.71,110,0,Low
CUST_1061,Shannon Green,1936,Verified,False,948.24,1,1,2,218.66,110,0,Low
CUST_1062,Stephanie Evans,3592,Verified,False,2870.51,2,3,1,266.38,110,0,Low
CUST_1063,Ralph Yoder,900,Verified,False,3408.49,2,9,1,496.26,110,1,Low
CUST_1064,Rebekah Greene,360,Verified,False,14987.99,2,3,1,190.25,110,0,Low
CUST_1065,Melanie Griffith,2948,Verified,False,2278.72,2,46,1,130.73,110,0,High (Network Risk)
CUST_1066,Yolanda Green,1720,Verified,False,1555.79,1,15,2,113.29,110,0,Low
CUST_1067,James Johnson,281,Verified,False,6081.12,1,35,5,77.62,4,0,High (Network Risk)
CUST_1068,Laura Lee,3267,Verified,False,124.62,1,15,1,1647.85,110,0,Low
CUST_1069,Courtney Nichols,1888,Verified,False,2170.37,1,2,1,40.05,110,0,Low
CUST_1070,Susan Powers,3267,Pending,False,1783.42,1,2,1,22.41,110,0,Low
CUST_1071,Sarah Pittman,667,Verified,False,3869.66,1,4,1,565.15,110,0,Low
CUST_1072,Catherine Davis,93,Verified,False,10365.38,1,2,2,305.55,110,0,Low
CUST_1073,David Stokes,672,Verified,False,14062.7,1,17,1,3283.29,110,5,Low
CUST_1074,Catherine Frazier,1970,Verified,False,3815.96,1,6,1,130.96,110,0,Low
CUST_1075,Brandon Kelly,61,Verified,False,631.64,2,8,1,142.1,110,0,Low
CUST_1076,Elizabeth French,2682,Verified,False,1782.57,1,22,1,43.14,4,0,Low
CUST_1077,David Carter,3123,Pending,False,1989.12,3,34,1,172.62,110,0,High (Network Risk)
CUST_1078,Julie Delacruz,3475,Verified,False,4303.64,1,5,1,11.02,110,0,Low
CUST_1079,Terry Jones,1029,Verified,False,3153.43,1,2,1,8.74,110,0,Low
CUST_1080,Kathryn Dillon,1490,Verified,False,1497.72,1,2,1,65.69,110,0,Low
CUST_1081,Edwin Brown,604,Verified,False,852.65,1,18,1,163.94,110,0,Low
CUST_1082,Brenda Gonzalez,682,Verified,True,1250.66,1,9,1,61.53,110,0,Medium (Compliance)
CUST_1083,Keith Knox,2582,Verified,False,1205.5,2,3,1,62.32,110,0,Low
CUST_1084,Eugene Baldwin,1429,Verified,False,15086.82,1,13,2,15.45,110,1,Low
CUST_1085,Katherine Welch,2886,Verified,False,1380.69,1,3,2,382.73,110,0,Low
CUST_1086,Mark Smith,3585,Verified,False,3165.72,1,1,1,50.96,110,0,Low
CUST_1087,Philip Jackson,2693,Verified,False,7851.36,2,1,1,1788.81,110,0,Low
CUST_1088,Katherine Gallagher,2281,Verified,False,3622.42,1,2,1,133.77,110,0,Low
CUST_1089,Lucas Schultz,524,Verified,False,1006.26,2,18,1,30.66,110,0,Low
CUST_1090,Vincent Reyes,2394,Verified,False,7983.12,1,6,2,4.67,110,0,Low
CUST_1091,Curtis Watson,3118,Verified,False,4247.93,1,7,1,23.52,110,0,Low
CUST_1092,Frank Whitaker,2594,Verified,False,335.13,1,8,1,134.95,110,1,Low
CUST_1093,Michael Sims,1969,Verified,False,10360.14,2,3,1,4.2,110,1,Low
CUST_1094,Michael Cooper,1102,Verified,False,7139.37,2,5,1,45.2,110,0,Low
CUST_1095,James Chapman,1754,Pending,False,4181.81,1,5,5,66.81,110,0,High (Network Risk)
CUST_1096,Rodney Evans,1837,Verified,False,15287.08,1,3,2,48.9,110,0,Low
CUST_1097,Nicholas Carlson,3145,Verified,False,6977.65,1,5,1,61.76,110,1,Low
CUST_1098,Stephen Cowan,2842,Verified,False,9209.05,1,6,1,73.84,110,0,Low
CUST_1099,Steven Howard,2297,Verified,False,8403.48,1,6,1,45.71,110,0,Low
CUST_1100,Travis Hull,2095,Verified,False,6355.3,2,10,1,1346.01,110,0,Low
CUST_1101,Darryl Acosta,1145,Verified,False,497.26,2,5,1,58.84,110,0,Low
CUST_1102,Nicholas Lawrence,2262,Verified,False,560.33,1,25,1,2.88,110,0,Low
CUST_1103,Jacob Santos,2287,Verified,False,6980.25,3,3,5,12.75,110,0,High (Network Risk)
CUST_1104,Shawn Scott,1080,Pending,False,10215.39,2,4,1,366.09,110,5,Low
CUST_1105,Amber Vang,2398,Verified,False,1472.66,1,10,1,291.68,110,0,Low
CUST_1106,Martha Smith,107,Verified,False,978.71,1,12,1,67.51,110,1,Low
CUST_1107,Jennifer James,2879,Verified,False,3876.35,2,2,1,17.87,110,0,Low
CUST_1108,Kara Hernandez,48,Verified,False,697.81,1,6,2,431.48,110,5,Low
CUST_1109,Lorraine Turner,3645,Verified,False,2517.7,1,14,1,13.73,110,0,Low
CUST_1110,Mary Nelson,337,Verified,False,2089.95,2,2,5,259.94,110,0,High (Network Risk)
CUST_1111,Breanna Rivas,1050,Verified,False,2381.64,1,6,1,77.97,110,1,Low
CUST_1112,Nathan Wilson,2852,Verified,False,19622.48,2,2,5,314.01,110,0,High (Network Risk)
CUST_1113,Brian Gonzalez,1281,Verified,False,1581.31,1,3,1,69.42,110,0,Low
CUST_1114,Dennis Mills,2056,Verified,False,3144.5,1,7,1,1326.64,110,0,Low
CUST_1115,Michael Phillips,625,Verified,False,802.59,1,6,1,9.32,110,0,Low
CUST_1116,Jon Clark,1891,Verified,False,7634.05,1,2,1,351.76,110,1,Low
CUST_1117,Erin Smith,1277,Verified,False,2490.94,1,19,1,88.31,110,0,Low
CUST_1118,Susan Conley,1716,Verified,False,9684.75,1,5,1,51.64,110,10,Low
CUST_1119,Brittany Davis,2767,Verified,False,255.42,2,11,1,975.31,110,1,Low
CUST_1120,Misty Garcia,303,Verified,False,2812.61,1,24,5,32.25,110,0,High (Network Risk)
CUST_1121,David Hinton,639,Verified,False,3402.03,1,4,1,210.86,110,0,Low
CUST_1122,John Garcia,56,Failed,True,7416.95,1,12,2,178.23,110,0,Medium (Compliance)
CUST_1123,Andrew Roberts,726,Verified,False,1568.7,1,10,1,23.44,110,0,Low
CUST_1124,Emily Rodgers,526,Verified,False,6547.41,1,2,1,512.0,110,0,Low
CUST_1125,Peter Williams,474,Verified,False,1759.11,1,19,1,3076.56,110,0,Low
CUST_1126,Mary Jackson,28,Verified,False,3273.97,2,8,5,1685.03,110,0,High (Network Risk)
CUST_1127,Jeffrey Howell,2126,Verified,False,7494.7,1,4,1,269.27,110,5,Low
CUST_1128,Anna Briggs,3288,Verified,False,1176.42,2,2,1,105.42,110,0,Low
CUST_1129,James Rivers,3458,Verified,False,6251.55,1,2,1,504.94,110,0,Low
CUST_1130,James Jefferson,365,Verified,False,4166.8,2,6,1,634.0,110,0,Low
CUST_1131,Mariah Robles,2714,Verified,False,2135.22,1,2,2,170.11,110,1,Low
CUST_1132,Michael Brown,526,Pending,False,1528.12,2,12,1,4.12,110,0,Low
CUST_1133,Caitlin Perry,2747,Verified,False,364.74,1,5,1,14.38,110,0,Low
CUST_1134,Rebekah Gregory,1336,Verified,False,2751.04,1,2,1,295.74,110,0,Low
CUST_1135,James Howard,883,Verified,False,2138.8,1,4,1,241.54,110,0,Low
CUST_1136,Michael Roberson,1031,Verified,False,5648.42,2,3,1,74.22,110,0,Low
CUST_1137,Bianca Knapp,1027,Verified,False,5105.11,2,2,1,224.04,110,10,Low
CUST_1138,Jason Williams,1647,Verified,False,8691.64,1,1,1,16.5,110,0,Low
CUST_1139,Ernest Bush,919,Verified,False,9015.76,1,8,1,113.45,110,0,Low
CUST_1140,Patricia Ray,2798,Verified,False,69950.13,2,3,1,89.66,110,0,Low
CUST_1141,Vanessa Santiago,2411,Verified,False,4982.37,2,33,1,7.8,110,0,High (Network Risk)
CUST_1142,Joseph Haynes,1775,Verified,False,1260.83,1,16,2,169.17,110,0,Low
CUST_1143,Matthew Wright,1532,Verified,False,6810.31,2,27,1,15.06,110,0,Low
CUST_1144,Michael Cruz,3346,Verified,False,14852.21,1,13,1,552.13,110,0,Low
CUST_1145,Kristin Huerta,3578,Verified,False,4792.93,1,4,1,245.2,110,0,Low
CUST_1146,Mason Moore,2854,Verified,False,356.28,1,9,1,54.47,110,0,Low
CUST_1147,Sarah Booth,2787,Verified,False,5194.52,2,5,1,32.24,110,0,Low
CUST_1148,John Allen,1907,Pending,False,1587.84,1,9,1,18.4,110,0,Low
CUST_1149,Amber Walker,3087,Verified,False,794.79,1,15,2,72.68,110,0,Low
CUST_1150,Jennifer Young,1216,Verified,False,3592.8,1,11,1,472.88,110,0,Low
CUST_1151,Robert West,1655,Verified,False,648.19,1,7,1,89.32,110,0,Low
CUST_1152,Jillian Wilson,485,Verified,False,8292.83,1,7,1,114.65,110,0,Low
CUST_1153,Matthew Garcia MD,2076,Verified,False,6191.17,1,8,1,28.28,110,0,Low
CUST_1154,April Davis,714,Pending,False,2733.48,2,17,1,69.57,110,0,Low
CUST_1155,Lisa Torres,1063,Verified,False,1719.73,1,4,1,105.77,110,1,Low
CUST_1156,Christine Powers,1977,Verified,False,2479.72,1,6,1,178.78,110,1,Low
CUST_1157,Heidi Brown,1297,Verified,False,1084.73,2,4,1,113.99,110,0,Low
CUST_1158,Jesse Castro,1255,Verified,False,2759.92,2,8,2,290.94,4,5,High (ATO Risk)
CUST_1159,Kara Sandoval,2134,Verified,False,173.39,1,12,1,396.4,110,0,Low
CUST_1160,Ashley Malone,3546,Pending,False,3257.48,1,9,1,1469.53,110,0,Low
CUST_1161,Glenn Gallegos,126,Verified,False,3341.65,2,7,1,206.41,110,0,Low
CUST_1162,Dorothy Boyd,2860,Verified,False,6940.64,1,17,1,279.01,110,0,Low
CUST_1163,Amber Martin,537,Verified,False,4023.11,1,3,1,67.77,110,0,Low
CUST_1164,Mitchell Griffith,2193,Verified,False,7921.49,1,2,2,1492.25,110,0,Low
CUST_1165,Levi Lopez,3597,Verified,False,5151.44,2,9,1,73.29,110,0,Low
CUST_1166,Jenna Bryant,3284,Verified,False,8404.51,1,7,1,366.16,110,5,Low
CUST_1167,Michelle Rodriguez,2073,Verified,False,41004.01,2,6,2,70.86,110,0,Low
CUST_1168,Timothy Monroe,1604,Verified,False,4536.98,1,2,1,119.5,110,0,Low
CUST_1169,Patricia Hayes,3466,Verified,False,3583.25,2,8,1,152.93,110,0,Low
CUST_1170,Tina Taylor,67,Verified,False,9769.78,1,31,1,7.92,110,0,High (Network Risk)
CUST_1171,Mr. Anthony Mcconnell PhD,233,Verified,False,1866.4,1,2,1,199.85,110,0,Low
CUST_1172,Mr. Thomas Thompson,2157,Verified,False,2646.02,1,6,1,131.58,110,0,Low
CUST_1173,Monica Anderson,1170,Verified,False,4541.42,1,7,5,54.01,110,0,High (Network Risk)
CUST_1174,Kyle Andrade,2159,Verified,False,3204.83,1,5,1,32.89,110,0,Low
CUST_1175,Janice Petty,2276,Verified,False,3190.44,2,8,1,56.77,110,0,Low
CUST_1176,Pamela Hill,111,Verified,False,7330.35,2,5,1,30.14,110,0,Low
CUST_1177,Tracy Chavez,1494,Verified,False,546.72,1,8,1,70.06,110,0,Low
CUST_1178,Jason Graves,2082,Verified,False,22775.92,1,6,1,54.37,110,0,Low
CUST_1179,Elizabeth Miles,623,Verified,False,4845.96,1,4,1,88.0,4,0,Low
CUST_1180,Michelle Walls,3441,Verified,False,1997.67,2,6,1,465.11,110,0,Low
CUST_1181,Christina Weber,2796,Verified,False,15184.84,1,10,2,37.95,110,0,Low
CUST_1182,Gregory Chambers,2643,Verified,False,3306.13,2,2,1,61.85,110,0,Low
CUST_1183,Miss Tina Gordon,3626,Verified,False,3394.46,1,12,1,176.79,110,1,Low
CUST_1184,Erica Wilson,2473,Verified,False,2404.98,1,4,1,34.11,110,0,Low
CUST_1185,John Duncan,2661,Verified,False,12935.02,1,12,1,465.5,110,0,Low
CUST_1186,Jennifer Adkins,1542,Verified,False,2953.21,1,4,1,34.91,110,0,Low
CUST_1187,Donna Boone,2740,Verified,False,1705.45,2,13,1,181.56,110,0,Low
CUST_1188,Kelly Johnson,1306,Verified,False,8093.15,2,7,1,729.96,110,10,Low
CUST_1189,Michael Gonzalez,3392,Verified,False,9729.87,2,3,1,33.94,110,0,Low
CUST_1190,Candace Mitchell,1762,Verified,False,14862.67,2,5,1,44.72,4,0,Low
CUST_1191,Ryan Vaughn,3515,Verified,False,5617.26,1,19,2,75.46,110,0,Low
CUST_1192,Paul Johnson,1976,Verified,False,9379.36,1,7,1,152.74,110,0,Low
CUST_1193,Ashley Parrish,2363,Verified,False,2300.19,2,5,1,122.07,110,0,Low
CUST_1194,Sharon Newton,877,Verified,False,8314.86,2,18,1,144.65,110,0,Low
CUST_1195,Cynthia Mueller,1990,Verified,False,6263.68,2,14,1,317.13,110,0,Low
CUST_1196,Donna Beck,3449,Verified,False,5066.78,1,3,1,112.07,110,0,Low
CUST_1197,Jasmine Frye,1313,Verified,False,628.21,1,6,1,16.47,110,0,Low
CUST_1198,Emily Arnold,1461,Verified,False,2021.97,1,1,1,1002.48,110,0,Low
CUST_1199,David Oliver,2710,Pending,False,2847.75,2,14,1,283.46,110,1,Low
CUST_1200,Sheila Greer,2325,Verified,False,5072.54,2,7,1,21.96,110,0,Low
CUST_1201,Michele Holland,1734,Verified,False,32883.86,1,12,2,112.57,110,0,Low
CUST_1202,Kimberly Morrison,1606,Verified,False,7039.16,1,1,1,482.05,110,0,Low
CUST_1203,Tracey Phillips,1527,Verified,False,1326.09,1,5,1,37.99,110,0,Low
CUST_1204,Michael Lopez,2672,Verified,False,1844.12,1,8,1,593.86,110,0,Low
CUST_1205,Jose Bennett,2564,Verified,False,11966.47,1,1,1,34.72,110,5,Low
CUST_1206,Justin Anderson,3422,Verified,False,1764.78,3,12,1,282.76,110,1,Low
CUST_1207,Dawn Rivera,2891,Verified,False,8256.07,2,5,1,3.18,4,1,Low
CUST_1208,Brittney Hernandez,3518,Verified,False,3351.7,2,1,1,610.84,110,0,Low
CUST_1209,Anthony Randolph,2398,Verified,False,2524.03,1,4,1,8.76,110,0,Low
CUST_1210,Mary Henry,1631,Verified,False,1791.73,1,10,5,886.03,110,0,High (Network Risk)
CUST_1211,Heather Bowers,2871,Pending,False,141.68,10,3,1,25.83,110,0,Low
CUST_1212,Daniel White,1161,Verified,False,5114.07,1,7,5,2503.15,110,0,High (Network Risk)
CUST_1213,Jonathan Perry,759,Verified,False,1040.93,2,5,1,173.19,110,0,Low
CUST_1214,Anna Walker,2947,Verified,False,721.72,2,1,1,682.13,110,0,Low
CUST_1215,Gary Ward,243,Verified,False,3819.12,1,12,1,112.21,110,5,Low
CUST_1216,Paul Moreno,2591,Verified,False,8346.04,1,14,1,15.13,4,0,Low
CUST_1217,Samantha Zavala MD,1064,Verified,False,546.31,1,18,2,36.51,110,0,Low
CUST_1218,Jill Conway,229,Verified,False,8130.64,1,7,1,298.58,110,0,Low
CUST_1219,Lisa Haley,2596,Verified,False,1208.09,1,10,1,11505.07,110,1,Low
CUST_1220,Erica Moon,920,Verified,False,5704.05,2,2,1,1291.21,110,0,Low
CUST_1221,Janice Fernandez,1247,Verified,False,5318.51,2,8,1,169.39,110,0,Low
CUST_1222,Thomas Short,6,Verified,False,2424.44,1,5,1,612.19,110,0,Low
CUST_1223,Robert Griffin,3394,Verified,False,3071.35,1,6,1,205.59,110,0,Low
CUST_1224,Steven Lee,468,Verified,False,2005.8,1,3,1,104.79,110,0,Low
CUST_1225,Tiffany Jackson,1756,Verified,False,3879.79,1,18,2,161.85,110,0,Low
CUST_1226,Kimberly Smith,75,Verified,False,3845.68,1,1,1,63.25,110,0,Low
CUST_1227,Michael Ayala,4,Verified,False,1183.36,2,9,1,164.87,110,0,Low
CUST_1228,Jessica Garcia,1871,Failed,False,766.76,1,3,1,254.35,110,0,Medium (Compliance)
CUST_1229,Michele Cherry,646,Verified,False,8171.06,1,40,1,134.2,110,0,High (Network Risk)
CUST_1230,Maria Case,118,Verified,False,3655.58,1,12,1,72.4,110,0,Low
CUST_1231,Brittany Stevens,2929,Verified,False,7114.12,1,7,1,66.74,110,0,Low
CUST_1232,Brandon Brown,1630,Verified,False,1524.77,1,3,1,97.65,110,1,Low
CUST_1233,Kristin Andrews,2552,Verified,False,1307.09,1,15,1,174.49,110,0,Low
CUST_1234,David Hughes,2022,Verified,False,1083.73,1,0,1,71.14,110,0,Low
CUST_1235,Jessica Smith,947,Verified,False,2488.02,2,10,1,324.9,110,0,Low
CUST_1236,Kimberly May,2622,Verified,False,3761.02,2,11,1,12.74,110,0,Low
CUST_1237,Nicole Richards,1465,Verified,False,1730.52,2,10,1,202.02,110,0,Low
CUST_1238,Angel Reilly,194,Failed,False,14254.45,1,14,5,635.38,110,0,High (Network Risk)
CUST_1239,Richard Turner,847,Verified,False,1568.46,1,4,2,2098.87,110,0,Low
CUST_1240,Preston Kim,2763,Verified,False,3823.02,1,11,2,131.88,110,1,Low
CUST_1241,Matthew Wells,1416,Verified,False,1232.69,2,4,1,391.22,110,0,Low
CUST_1242,Brandy Myers,3098,Verified,False,1520.63,1,3,1,201.92,110,0,Low
CUST_1243,Kimberly Choi,1459,Verified,False,2734.39,1,3,1,680.02,110,0,Low
CUST_1244,Michael Sloan,2221,Verified,False,1296.42,1,6,1,102.61,110,0,Low
CUST_1245,Monica Brooks,3372,Verified,False,3259.78,2,17,1,309.47,110,0,Low
CUST_1246,Kristen Peters,1669,Verified,False,4629.72,2,29,1,5.71,110,0,Low
CUST_1247,Aaron Carlson,2374,Verified,False,8896.15,1,5,1,648.35,110,0,Low
CUST_1248,Theresa Torres,1434,Verified,False,1012.42,2,4,1,177.72,110,0,Low
CUST_1249,Stephanie Cooper,1142,Verified,False,3525.73,1,21,1,51.76,4,0,Low
CUST_1250,Matthew Hunt,2884,Verified,False,2801.9,1,10,5,222.05,110,0,High (Network Risk)
CUST_1251,Daniel Davenport,1811,Verified,False,469.57,1,7,1,1223.15,110,0,Low
CUST_1252,Christopher Marsh,724,Verified,False,964.12,1,3,2,34.89,4,0,Low
CUST_1253,Sarah Randolph,225,Verified,False,4793.17,1,23,1,38.37,110,0,Low
CUST_1254,Julia Dunn MD,532,Verified,False,770.73,2,7,1,12.75,110,0,Low
CUST_1255,Brett Swanson,113,Verified,False,2769.94,2,7,1,38.45,110,0,Low
CUST_1256,Mr. Carl Rios,2188,Verified,False,356.94,1,11,1,35.1,110,0,Low
CUST_1257,Manuel Mccullough,559,Verified,False,2689.33,1,7,1,109.29,110,0,Low
CUST_1258,Jerry Jensen,2049,Verified,False,382.41,1,24,1,157.89,110,0,Low
CUST_1259,Kevin Cunningham,2138,Verified,False,1628.51,1,16,1,17.91,110,0,Low
CUST_1260,Eugene Patterson,654,Verified,False,1924.19,2,4,1,236.75,4,0,Low
CUST_1261,David Walker,320,Verified,False,3371.21,1,7,1,215.03,110,0,Low
CUST_1262,Jessica Larsen,1574,Verified,False,2315.66,1,4,1,207.9,110,0,Low
CUST_1263,Nicholas Humphrey,1829,Verified,False,866.19,1,33,1,39.68,110,0,High (Network Risk)
CUST_1264,Ian Torres,1918,Verified,False,882.52,1,4,1,2644.16,110,0,Low
CUST_1265,Casey Obrien,139,Pending,False,593.41,1,6,2,381.47,110,0,Low
CUST_1266,Shannon Taylor,3583,Verified,False,3664.64,2,9,1,19.8,110,0,Low
CUST_1267,Deborah Mercado,2893,Verified,False,3506.43,2,11,1,13.53,110,10,Low
CUST_1268,Bernard Smith,2027,Verified,False,5822.05,1,12,1,43.98,110,1,Low
CUST_1269,Amanda Perkins,2307,Pending,False,1807.79,2,14,1,169.3,4,0,Low
CUST_1270,Kevin Escobar,902,Verified,False,526.19,2,12,1,1293.16,110,0,Low
CUST_1271,Kimberly Lutz,690,Verified,False,2173.3,1,5,1,53.63,110,0,Low
CUST_1272,Reginald Diaz,2040,Verified,False,3014.07,1,4,1,14.49,110,0,Low
CUST_1273,Raymond Quinn,10,Verified,False,930.06,1,7,1,228.22,110,0,Low
CUST_1274,John Dixon,261,Verified,False,1022.66,1,4,2,73.15,110,0,Low
CUST_1275,Jonathan Bates,1943,Verified,False,4679.39,2,4,1,174.41,110,0,Low
CUST_1276,Renee Mendez,1674,Verified,False,3296.52,1,5,1,115.78,110,1,Low
CUST_1277,Jose Griffin,2220,Pending,False,9254.54,1,39,1,98.67,110,0,High (Network Risk)
CUST_1278,Travis Hopkins,2946,Verified,False,16682.25,1,25,1,689.51,110,1,Low
CUST_1279,Nancy Webb,2061,Verified,False,663.28,1,6,2,358.3,110,0,Low
CUST_1280,Daniel Freeman,1192,Verified,False,1960.85,1,1,1,204.36,110,0,Low
CUST_1281,Jacob Williams,1620,Verified,False,3373.26,2,4,1,5.85,110,5,Low
CUST_1282,Terry Ward,321,Verified,False,4287.99,1,14,2,101.31,110,0,Low
CUST_1283,Jesse Williams,1343,Verified,False,8232.8,1,2,1,541.26,110,0,Low
CUST_1284,Mrs. Michele Boyd,1637,Verified,False,6177.23,1,11,1,34.35,110,1,Low
CUST_1285,Sandy Baker,2377,Verified,False,9306.14,2,11,1,105.07,110,0,Low
CUST_1286,Carrie Valdez,2833,Verified,False,3169.6,1,7,1,136.47,110,0,Low
CUST_1287,Matthew Houston,2825,Failed,False,1590.01,1,7,2,207.85,110,0,Medium (Compliance)
CUST_1288,Jamie Solomon,1995,Verified,False,20951.31,1,3,5,80.02,110,0,High (Network Risk)
CUST_1289,Heather Parrish,2959,Verified,False,3474.91,1,12,1,276.53,110,0,Low
CUST_1290,Mr. Larry Shaw,1944,Verified,False,2340.58,1,9,2,262.12,110,0,Low
CUST_1291,Christopher Jones,3622,Verified,False,1020.23,1,5,1,37.48,110,0,Low
CUST_1292,Christine Lopez,2039,Verified,False,3496.33,2,3,1,45.32,110,10,Low
CUST_1293,Mitchell Wilson,3491,Verified,False,8139.55,1,2,1,191.54,110,1,Low
CUST_1294,Robert Cortez,1119,Verified,False,1807.2,1,9,1,1330.61,110,0,Low
CUST_1295,Mr. Daniel Martin,1605,Verified,False,2608.73,2,6,1,665.08,110,0,Low
CUST_1296,Alison Williams,2366,Verified,False,3824.4,1,6,1,63.24,110,0,Low
CUST_1297,Candace Soto,236,Verified,False,4779.9,1,2,1,44.34,110,0,Low
CUST_1298,Kenneth Brown,1970,Verified,False,2298.85,1,3,2,83.79,110,1,Low
CUST_1299,Christopher Mullen,334,Verified,False,2011.01,2,2,20,1481.53,110,0,High (Network Risk)
CUST_1300,Kristy Smith,1909,Verified,False,1788.69,2,13,1,144.78,110,0,Low
CUST_1301,Mary Campbell,376,Verified,False,985.75,1,8,1,194.82,110,0,Low
CUST_1302,Jerry Haney,3531,Verified,False,1379.98,1,5,2,43.04,110,0,Low
CUST_1303,Carolyn Greer,1161,Verified,False,1343.37,2,17,1,153.63,110,0,Low
CUST_1304,Rebecca Hoover,2636,Verified,False,637.67,1,15,2,15.19,110,0,Low
CUST_1305,Matthew Baker,1571,Verified,False,8046.12,2,17,1,18.54,110,0,Low
CUST_1306,Grace Chavez,2561,Verified,False,4270.85,1,6,1,167.16,110,0,Low
CUST_1307,Crystal Cruz,1320,Verified,False,3436.56,3,2,1,209.62,110,0,Low
CUST_1308,Dale Heath,3392,Verified,False,10987.88,2,28,1,79.22,110,0,Low
CUST_1309,Jennifer Hernandez,2966,Verified,False,6111.01,1,11,1,239.03,110,5,Low
CUST_1310,John Mendez,3644,Verified,False,1353.41,1,11,1,21.35,110,0,Low
CUST_1311,Richard Gordon,1856,Verified,False,9637.25,1,12,1,88.04,110,0,Low
CUST_1312,John Anderson,1373,Verified,False,7881.41,1,67,1,56.85,110,0,High (Network Risk)
CUST_1313,Samantha Prince,873,Verified,False,974.65,2,6,1,130.14,110,0,Low
CUST_1314,Marie Boyd,1253,Verified,False,7352.39,1,23,2,93.95,110,0,Low
CUST_1315,Andrew Moreno,2318,Verified,False,1868.24,2,3,1,4434.85,110,0,Low
CUST_1316,Robert Clarke,1852,Failed,False,8080.01,1,14,1,35.52,110,5,Medium (Compliance)
CUST_1317,Kevin Figueroa,2846,Verified,False,2126.12,2,30,2,147.33,110,1,Low
CUST_1318,Melissa Davis,1315,Verified,False,1748.77,1,7,1,9711.05,110,0,Low
CUST_1319,John Hall,725,Failed,False,1938.61,2,1,1,371.1,110,0,Medium (Compliance)
CUST_1320,Diane Mcdowell,3237,Verified,False,1127.58,1,11,1,139.89,110,0,Low
CUST_1321,Colin Fletcher,2053,Verified,False,678.34,1,6,1,504.52,110,0,Low
CUST_1322,Laura Wilson,2899,Verified,False,244.94,1,14,1,382.07,110,0,Low
CUST_1323,Matthew Watts,3451,Verified,False,1038.29,1,5,1,28.34,110,0,Low
CUST_1324,Jack Moore,78,Verified,False,41382.91,1,49,1,14.53,110,0,High (Network Risk)
CUST_1325,Dawn Wyatt,3482,Verified,False,4809.08,1,8,1,171.57,110,5,Low
CUST_1326,Jacob Hill,2622,Verified,False,19229.92,3,13,1,72.31,110,0,Low
CUST_1327,Nicole Gutierrez,132,Verified,False,2168.52,1,3,1,4495.21,110,0,Low
CUST_1328,Karen Wood,601,Pending,False,1866.24,2,2,1,795.31,110,0,Low
CUST_1329,Dawn Parker,1773,Verified,False,16589.76,1,2,1,794.87,110,5,Low
CUST_1330,Michael Fitzgerald,1066,Verified,False,4340.58,1,2,1,4.24,110,0,Low
CUST_1331,Mary Adkins,2137,Verified,False,1146.79,1,12,1,61.25,110,5,Low
CUST_1332,Michael Martin,2450,Verified,False,5613.43,2,4,1,146.13,110,1,Low
CUST_1333,James Morgan,2344,Verified,False,10413.77,1,2,1,49.27,110,1,Low
CUST_1334,Melissa Mann,1864,Pending,False,714.89,2,4,2,58.11,110,0,Low
CUST_1335,Vincent Smith,1319,Verified,False,4744.11,1,12,1,100.94,110,0,Low
CUST_1336,Charles Frost,616,Verified,False,763.78,2,12,1,178.89,110,10,Low
CUST_1337,Austin Walker,3598,Verified,False,9865.07,1,16,1,8598.14,110,5,Low
CUST_1338,Andrew Cruz,2848,Verified,False,3754.46,1,5,5,54.17,110,0,High (Network Risk)
CUST_1339,Miss Kelly Dawson,2470,Pending,False,5595.18,1,36,5,527.68,110,0,High (Network Risk)
CUST_1340,Theresa Wilkins,1889,Verified,False,2398.4,1,17,20,1333.32,110,0,High (Network Risk)
CUST_1341,Jessica Harris,1047,Verified,False,501.9,1,2,2,33.36,110,1,Low
CUST_1342,Regina Mitchell,575,Verified,False,1917.1,1,14,1,3036.99,110,0,Low
CUST_1343,Kyle Black,2191,Verified,False,7554.05,1,7,1,211.3,110,0,Low
CUST_1344,Christopher Johnson,993,Verified,False,21886.58,1,6,1,3.52,110,0,Low
CUST_1345,Aaron Moore,2713,Verified,False,3953.24,1,7,1,927.69,110,0,Low
CUST_1346,Penny Gomez MD,2193,Verified,False,1500.64,1,4,1,13.11,110,1,Low
CUST_1347,Kelly Mclaughlin,1249,Verified,False,5093.41,2,16,1,1321.93,110,0,Low
CUST_1348,Brandon Mitchell,3055,Verified,False,6904.27,2,4,1,639.09,110,0,Low
CUST_1349,Suzanne Bailey,503,Verified,False,3404.16,1,4,1,31.17,110,0,Low
CUST_1350,Destiny Obrien,1998,Verified,False,3200.99,1,13,1,82.67,110,1,Low
CUST_1351,Timothy Andrews,821,Verified,False,3690.84,1,41,1,414.37,110,0,High (Network Risk)
CUST_1352,Jason Rodriguez,2152,Verified,False,3113.65,2,4,2,64.56,110,0,Low
CUST_1353,Edward Arroyo,3111,Verified,False,4014.95,2,2,1,2018.59,110,0,Low
CUST_1354,Tina Walter,1971,Verified,False,18537.73,1,18,1,585.25,110,0,Low
CUST_1355,Laura Benson,198,Verified,False,390.21,2,8,1,15.77,110,10,Low
CUST_1356,Kristine Carrillo,1670,Verified,False,2348.53,1,11,2,114.08,110,0,Low
CUST_1357,Tonya Ellis,2627,Verified,False,1173.38,1,7,1,323.63,110,0,Low
CUST_1358,Kevin Johnson,2439,Verified,False,9708.95,2,11,1,46.09,110,0,Low
CUST_1359,Austin Schultz,1203,Verified,False,2589.24,2,9,1,763.2,110,0,Low
CUST_1360,Megan Hall MD,2602,Verified,False,5217.14,2,4,1,373.07,110,1,Low
CUST_1361,Kelli Smith,1472,Failed,False,12423.02,1,12,1,435.87,110,0,Medium (Compliance)
CUST_1362,Danielle Davis,3572,Verified,False,1011.3,1,11,1,92.52,110,0,Low
CUST_1363,Samantha Jones,3087,Verified,False,1758.97,2,5,1,32.2,110,1,Low
CUST_1364,Karen Gomez,1647,Verified,False,11204.63,2,6,1,921.83,110,0,Low
CUST_1365,Debra Valentine,1693,Verified,False,971.59,1,3,1,2081.0,110,0,Low
CUST_1366,Susan Porter,1313,Verified,False,1819.32,1,10,2,699.07,110,0,Low
CUST_1367,Nicolas Salas,2036,Verified,False,601.63,2,10,1,564.96,110,0,Low
CUST_1368,Dale Wright,478,Pending,False,11653.52,2,7,1,162.99,110,0,Low
CUST_1369,Brittney Rodriguez,1255,Verified,False,1666.95,2,2,1,51.28,110,0,Low
CUST_1370,Megan Alvarado,923,Verified,False,4235.09,2,1,1,451.43,110,0,Low
CUST_1371,Pamela Weaver,420,Verified,False,5860.44,1,6,1,57.95,110,0,Low
CUST_1372,John Oliver,2205,Verified,False,1335.1,1,8,1,667.07,110,0,Low
CUST_1373,William Prince PhD,2598,Verified,False,444.08,2,12,2,223.2,110,0,Low
CUST_1374,William Moon IV,3513,Verified,False,2393.56,1,18,1,16.2,110,1,Low
CUST_1375,Kenneth Brown,1121,Verified,True,2354.71,2,5,2,161.42,110,0,Medium (Compliance)
CUST_1376,Karen Fernandez,3069,Verified,False,2805.95,2,2,1,23.0,110,0,Low
CUST_1377,Jennifer Parks,3045,Verified,False,2821.48,1,4,2,18.43,4,0,Low
CUST_1378,William Wolfe,3483,Verified,False,1810.26,2,42,1,5.35,110,0,High (Network Risk)
CUST_1379,Michael Smith,951,Verified,False,1741.43,2,27,1,19.63,110,0,Low
CUST_1380,Kevin Nguyen,2337,Verified,False,4014.64,1,10,1,24.93,110,0,Low
CUST_1381,Debbie Dunn,1278,Verified,False,1307.85,2,5,1,999.48,110,0,Low
CUST_1382,John Austin,2244,Verified,False,2709.93,1,6,1,350.97,110,0,Low
CUST_1383,Jonathan Clark,2646,Verified,False,1697.72,2,29,1,2977.29,110,1,Low
CUST_1384,Jacqueline Dickerson,1858,Verified,False,4006.23,1,8,1,110.79,110,0,Low
CUST_1385,Christopher Anderson,3594,Verified,False,9032.43,2,5,1,21.28,110,0,Low
CUST_1386,Crystal Garcia,517,Verified,False,9408.58,1,21,1,146.46,110,0,Low
CUST_1387,David Reynolds,1659,Verified,False,10821.51,1,1,5,78.48,110,0,High (Network Risk)
CUST_1388,Charles Haley,1866,Verified,False,2134.33,1,3,1,279.96,110,0,Low
CUST_1389,Robert Thompson,2913,Failed,False,2321.46,1,3,1,17.53,110,0,Medium (Compliance)
CUST_1390,Dr. Samuel Holmes DDS,1142,Verified,False,838.02,1,16,1,159.42,110,0,Low
CUST_1391,Elizabeth Hart,2854,Verified,False,2116.36,1,4,5,1120.77,110,0,High (Network Risk)
CUST_1392,Jennifer Vaughn,1933,Verified,False,2193.3,2,1,1,1146.83,110,0,Low
CUST_1393,Robert Woods,3231,Verified,False,1608.17,2,4,1,884.31,110,0,Low
CUST_1394,Joanna Cook,815,Verified,False,1600.72,2,5,1,339.26,110,0,Low
CUST_1395,Justin Frederick,2276,Verified,False,545.83,2,7,1,607.98,110,0,Low
CUST_1396,Alejandro Martinez,1901,Verified,False,779.06,2,8,1,140.05,110,0,Low
CUST_1397,Tracey Gonzalez,2264,Verified,False,3116.74,1,16,1,278.95,110,0,Low
CUST_1398,Mariah Thompson,2996,Verified,False,3235.94,2,5,1,122.33,110,5,Low
CUST_1399,Heather Nunez,2063,Verified,False,4832.19,2,4,1,65.35,110,0,Low
CUST_1400,Dr. Steve James,3229,Verified,False,2301.01,1,7,1,218.24,110,0,Low
CUST_1401,Mark Thomas,3333,Verified,False,3015.9,2,8,1,1903.14,110,0,Low
CUST_1402,Robert Rogers,3229,Verified,False,10409.87,1,4,5,225.47,110,0,High (Network Risk)
CUST_1403,Laura Sweeney,2095,Verified,False,2827.36,2,1,1,306.34,110,0,Low
CUST_1404,Christopher Perez,2372,Verified,False,1584.35,2,4,1,476.29,110,0,Low
CUST_1405,Eddie Adams,2892,Verified,False,906.01,3,14,2,240.76,110,0,Low
CUST_1406,Denise Wallace,130,Verified,False,6617.55,1,6,1,106.67,110,0,Low
CUST_1407,Heidi Matthews,3483,Pending,False,542.75,1,19,1,478.83,110,0,Low
CUST_1408,Jennifer White,95,Verified,False,1288.95,3,11,1,49.46,110,0,Low
CUST_1409,Nicholas Stanley,2675,Verified,True,4530.46,1,4,1,866.98,110,0,Medium (Compliance)
CUST_1410,Mercedes Miller,2803,Verified,False,442.95,1,23,5,982.58,110,0,High (Network Risk)
CUST_1411,Brian Brown,1956,Verified,False,1612.67,1,3,1,138.25,110,0,Low
CUST_1412,Kimberly Johnson,3364,Pending,False,3391.97,2,1,1,54.98,110,0,Low
CUST_1413,Phillip Miller,794,Verified,False,2031.77,1,9,2,3646.34,110,0,Low
CUST_1414,Christopher Pena,1835,Verified,False,1115.78,1,3,1,51.8,110,0,Low
CUST_1415,Ellen Wright,3355,Verified,False,1646.74,1,7,2,95.38,110,1,Low
CUST_1416,Mark Anderson,2117,Verified,False,6747.88,1,3,1,7.29,110,0,Low
CUST_1417,Alyssa Alvarado,1684,Verified,False,18608.57,1,7,1,1167.84,110,0,Low
CUST_1418,Erika Alvarez,11,Verified,False,3427.17,2,10,1,17.23,110,0,Low
CUST_1419,Kimberly Nelson,3326,Pending,False,408.18,2,12,1,308.43,110,0,Low
CUST_1420,Wayne Wolfe,1866,Verified,False,5261.14,2,2,1,234.22,110,0,Low
CUST_1421,Kyle Welch,2920,Verified,False,2005.44,1,2,1,132.01,110,5,Low
CUST_1422,Kristy Mills,2598,Verified,False,996.83,2,10,1,65.81,110,0,Low
CUST_1423,Emily Reed,3206,Verified,False,1339.07,3,5,1,287.43,110,0,Low
CUST_1424,Regina Ramos,712,Pending,False,1397.18,1,4,1,2026.58,110,1,Low
CUST_1425,David Torres,2071,Failed,False,727.16,1,6,1,101.56,110,0,Medium (Compliance)
CUST_1426,Robert Charles,815,Verified,False,2798.76,10,6,1,12.39,4,0,Low
CUST_1427,John Smith,346,Verified,False,18548.55,1,9,1,9.81,110,0,Low
CUST_1428,Theresa Woods,2350,Verified,False,993.08,2,10,1,111.9,110,0,Low
CUST_1429,Jeffrey Carter,363,Pending,False,17985.97,1,16,2,74.84,110,0,Low
CUST_1430,Adam Brooks,2444,Verified,False,3670.62,2,6,1,114.81,110,5,Low
CUST_1431,Justin Foster,2266,Verified,False,2716.51,2,16,1,227.93,110,0,Low
CUST_1432,Omar Price,2189,Pending,False,2160.38,1,11,1,71.85,110,0,Low
CUST_1433,Dennis Henderson,3006,Pending,False,1331.23,1,14,1,9322.74,110,0,Low
CUST_1434,Phillip Kent,3282,Verified,False,3991.22,1,3,1,263.4,110,1,Low
CUST_1435,Melinda Mitchell,985,Verified,False,5023.99,1,6,1,574.17,110,0,Low
CUST_1436,Rhonda Gutierrez,3041,Pending,False,263.71,1,33,1,117.38,110,0,High (Network Risk)
CUST_1437,Catherine Roberts,1640,Verified,False,37912.58,2,2,1,118.58,110,1,Low
CUST_1438,Lisa Nelson,828,Pending,False,487.37,1,30,5,60.9,110,0,High (Network Risk)
CUST_1439,Chelsea Smith,2731,Verified,False,1768.12,1,29,1,166.15,110,0,Low
CUST_1440,Joseph Lopez,3532,Verified,False,230.84,1,13,1,15.09,110,0,Low
CUST_1441,Derrick Espinoza,3052,Verified,False,2280.36,1,2,1,13.33,110,0,Low
CUST_1442,Crystal Hernandez,356,Verified,False,1879.08,1,6,1,58.54,110,0,Low
CUST_1443,Glenn Collins DDS,3056,Verified,False,1787.02,2,13,1,35.89,110,0,Low
CUST_1444,Mrs. Raven Rivera DVM,1348,Verified,False,4041.35,2,2,1,58.58,110,0,Low
CUST_1445,Amy Rowe,3205,Verified,False,2335.98,1,12,1,89.58,110,0,Low
CUST_1446,John Lee,2936,Verified,False,5107.26,1,8,1,96.2,110,0,Low
CUST_1447,Ruth Clayton,1864,Verified,False,864.95,1,4,1,502.16,110,1,Low
CUST_1448,Randy Wright,127,Verified,False,3220.79,1,3,1,473.18,110,1,Low
CUST_1449,Jessica Rojas,3178,Verified,False,1584.97,1,23,1,142.17,110,0,Low
CUST_1450,Joel Wise,3057,Verified,False,2058.35,2,13,1,2915.5,110,1,Low
CUST_1451,Vickie Kennedy,604,Verified,False,3906.31,1,6,1,73.71,110,1,Low
CUST_1452,Emily Morris,3450,Verified,False,1800.27,1,7,1,517.25,110,0,Low
CUST_1453,Amanda Pineda,1929,Verified,False,2683.38,2,5,1,316.87,110,5,Low
CUST_1454,Dawn Little,1014,Verified,False,939.88,2,1,1,107.13,110,5,Low
CUST_1455,Stephen Boyer,51,Pending,False,8915.19,1,20,1,122.13,110,0,Low
CUST_1456,Brian Chen,3101,Verified,False,6176.11,2,8,1,76.58,110,0,Low
CUST_1457,Christopher Hill,3534,Verified,False,3294.41,3,15,2,463.11,110,0,Low
CUST_1458,Richard Smith,3368,Failed,False,2338.68,1,5,2,966.03,110,0,Medium (Compliance)
CUST_1459,Richard Alvarez,3369,Verified,False,2685.52,1,7,1,156.78,110,0,Low
CUST_1460,Jacqueline Davis,2827,Verified,False,8725.66,1,9,1,9.02,110,1,Low
CUST_1461,Brandon Montgomery,1431,Verified,False,5753.74,2,16,1,336.73,110,0,Low
CUST_1462,Yolanda Garrett,1793,Verified,False,8873.68,1,31,1,113.45,110,0,High (Network Risk)
CUST_1463,Matthew Miles,2862,Verified,False,2117.75,3,5,1,30.49,110,0,Low
CUST_1464,Beth Hall,1637,Verified,False,4833.85,2,5,1,166.16,4,0,Low
CUST_1465,Dr. Nicole Trujillo,3477,Verified,False,9785.67,1,6,1,88.07,4,0,Low
CUST_1466,Corey Norris,3418,Verified,False,1180.69,1,4,1,28.65,110,0,Low
CUST_1467,Chad Roach,1646,Verified,False,1108.72,1,61,1,106.5,110,0,High (Network Risk)
CUST_1468,Mr. Edward Terry,2468,Verified,False,3925.33,1,1,1,1232.17,110,1,Low
CUST_1469,Cody Bailey,1206,Verified,False,867.02,2,63,1,183.58,110,0,High (Network Risk)
CUST_1470,Denise Guerra,3031,Verified,False,485.01,1,12,1,154.26,110,0,Low
CUST_1471,Kristen Jones,2873,Verified,False,9649.35,1,6,1,290.06,110,0,Low
CUST_1472,Edward Baker,3073,Verified,False,11486.16,1,3,1,211.28,110,0,Low
CUST_1473,Aaron Little,1855,Verified,False,915.97,1,7,2,97.41,110,0,Low
CUST_1474,Cody Smith,567,Verified,False,711.95,1,4,2,198.85,110,0,Low
CUST_1475,Patty Allen,2419,Verified,False,1551.24,1,22,1,168.37,110,0,Low
CUST_1476,Mary Ryan,936,Verified,False,10433.83,1,12,1,5.92,110,0,Low
CUST_1477,Joseph Jimenez,1935,Verified,False,1976.85,1,28,1,328.26,4,0,Low
CUST_1478,Lisa Morris,2709,Verified,False,3277.04,1,5,1,158.77,110,0,Low
CUST_1479,Ashley Mills,3503,Verified,False,4125.41,2,8,1,334.33,110,0,Low
CUST_1480,Russell Anderson,3017,Verified,False,3546.97,1,6,1,144.23,110,0,Low
CUST_1481,Christina Washington,1333,Verified,False,13280.75,1,5,5,87.69,110,0,High (Network Risk)
CUST_1482,Kenneth Huff,3209,Verified,False,1451.15,1,3,1,35.5,110,0,Low
CUST_1483,Kelly Miles,202,Verified,False,2691.34,1,13,1,189.0,110,5,Low
CUST_1484,Jacob Obrien,3508,Verified,False,3760.95,3,9,1,187.86,110,0,Low
CUST_1485,Timothy Clark,2361,Verified,False,2838.42,1,7,1,1124.0,110,0,Low
CUST_1486,Steve Miller PhD,117,Verified,False,880.86,2,11,2,71.92,110,0,Low
CUST_1487,Justin Hurley,937,Verified,False,683.66,1,5,1,746.03,110,0,Low
CUST_1488,Jacob Erickson,575,Verified,False,669.49,1,7,1,488.82,110,0,Low
CUST_1489,Deborah Williams,2292,Verified,False,6162.6,2,14,1,46.81,110,0,Low
CUST_1490,Eric Blackburn,537,Verified,False,1312.38,1,16,1,18.64,4,0,Low
CUST_1491,Anne Hardy,1626,Verified,False,4766.06,2,25,1,679.95,110,0,Low
CUST_1492,Chelsey Fox,2123,Verified,False,3251.08,1,3,2,295.56,110,0,Low
CUST_1493,Mario White,386,Verified,False,1124.56,1,3,1,508.23,110,0,Low
CUST_1494,Jennifer Garcia,3282,Verified,False,1152.98,2,2,2,185.51,110,0,Low
CUST_1495,Heather Ellis,475,Verified,False,3408.45,1,4,1,32.02,110,0,Low
CUST_1496,Sonya Jackson,418,Verified,False,3221.77,2,5,1,194.46,4,0,Low
CUST_1497,James Morgan,2395,Verified,False,4875.76,1,10,5,394.28,4,0,High (Network Risk)
CUST_1498,Zachary Ramos,3601,Verified,False,1886.53,2,18,2,5.26,110,0,Low
CUST_1499,Ethan Frey,2688,Verified,False,1278.31,1,5,2,304.79,110,0,Low
CUST_1500,Jacob Duran,939,Verified,False,3327.15,2,11,1,514.3,110,0,Low
CUST_1501,Nicholas Franklin,955,Verified,False,12331.58,2,20,1,600.44,110,0,Low
CUST_1502,Cindy Cannon,876,Verified,False,456.38,1,5,1,294.62,110,0,Low
CUST_1503,Dawn Nixon,763,Verified,False,1340.7,1,5,1,78.94,110,0,Low
CUST_1504,James Barber,1203,Pending,False,5379.98,2,7,1,134.61,110,0,Low
CUST_1505,Ms. Kelly Holder,1206,Verified,False,3701.47,1,1,1,16.18,110,0,Low
CUST_1506,Eric Walker,664,Verified,False,5458.99,1,11,1,717.57,110,0,Low
CUST_1507,Alison Short,25,Verified,False,1939.81,2,2,1,486.64,110,5,Low
CUST_1508,Desiree Spencer,1991,Verified,False,594.72,2,13,1,89.9,110,0,Low
CUST_1509,Tammy Moore,1204,Verified,False,15859.0,1,5,1,363.18,110,1,Low
CUST_1510,Henry Taylor,710,Failed,False,8811.7,1,4,2,376.69,110,0,Medium (Compliance)
CUST_1511,Kevin Hall,3573,Verified,False,2909.75,1,3,1,28.62,110,0,Low
CUST_1512,Anna Ross,1880,Verified,False,1284.78,1,11,1,3143.58,110,0,Low
CUST_1513,Morgan Cummings,1185,Verified,False,1825.18,1,11,1,42.14,110,0,Low
CUST_1514,Carrie Petersen,2225,Verified,False,3748.4,2,5,2,6.17,110,0,Low
CUST_1515,Laura Velez,285,Verified,False,2317.79,1,31,5,271.36,110,0,High (Network Risk)
CUST_1516,Elizabeth Cross,63,Verified,False,2938.05,2,7,1,246.03,110,0,Low
CUST_1517,Angela Brown,1003,Failed,False,14915.22,2,7,1,82.07,110,0,Medium (Compliance)
CUST_1518,Hannah Montoya,662,Verified,False,7507.63,2,7,1,203.37,110,0,Low
CUST_1519,Sean Kane,2714,Verified,False,924.47,1,4,1,45.75,110,0,Low
CUST_1520,Matthew Guzman,2204,Verified,False,3219.3,1,3,1,11.47,110,0,Low
CUST_1521,Richard Reyes,1493,Verified,False,1771.6,1,5,1,640.96,110,5,Low
CUST_1522,Andrew Fernandez,3121,Verified,False,4015.6,1,12,1,234.61,110,0,Low
CUST_1523,Jonathan Walker,967,Verified,False,2798.02,1,1,1,85.01,110,0,Low
CUST_1524,Nicholas Long,849,Verified,False,57971.04,2,2,1,2034.18,110,0,Low
CUST_1525,Kurt Wagner,1108,Verified,False,4579.12,1,4,1,95.35,110,5,Low
CUST_1526,Dylan Foster,3433,Verified,False,2606.64,1,1,2,360.97,110,0,Low
CUST_1527,Bradley Duncan,689,Verified,False,18826.22,1,2,1,34.15,110,0,Low
CUST_1528,James Miller,148,Verified,False,3661.21,2,14,1,5.42,110,0,Low
CUST_1529,Patricia Anderson,342,Verified,False,652.8,2,5,1,373.06,110,0,Low
CUST_1530,Justin Freeman,2524,Verified,False,2632.14,1,3,1,356.61,110,0,Low
CUST_1531,Christina Gilbert,1087,Verified,False,5506.6,1,8,20,2622.53,110,0,High (Network Risk)
CUST_1532,Danielle Jones,1725,Verified,False,4839.32,2,8,1,27.47,110,0,Low
CUST_1533,Erica Glass,1384,Verified,False,8145.12,1,18,2,11.99,110,0,Low
CUST_1534,Michael Henderson,2609,Verified,False,3476.27,2,1,2,59.08,110,0,Low
CUST_1535,Frank Wheeler,327,Verified,False,3239.29,1,3,1,340.66,110,0,Low
CUST_1536,Eric Huerta,1793,Pending,False,733.28,1,4,1,5.56,110,0,Low
CUST_1537,Wanda Ramos,1760,Verified,False,13744.89,1,10,2,167.26,110,0,Low
CUST_1538,Andrew Meyers,3213,Verified,False,2196.01,2,74,2,74.19,110,0,High (Network Risk)
CUST_1539,James Todd,990,Verified,False,1119.31,1,11,5,81.54,110,0,High (Network Risk)
CUST_1540,Ashley Brown,2263,Verified,False,41270.69,1,5,2,39.81,110,0,Low
CUST_1541,Tammy Melton,2483,Verified,False,15995.87,1,2,1,784.72,110,0,Low
CUST_1542,Alexis Benson,952,Verified,False,1905.03,1,2,1,13.58,110,1,Low
CUST_1543,Jerry Johnson,723,Verified,False,454.56,2,15,1,615.52,110,0,Low
CUST_1544,Joshua Harris,3390,Verified,False,1453.21,2,3,1,306.66,110,0,Low
CUST_1545,Deanna Webb,2080,Pending,False,14459.91,1,5,1,72.44,110,0,Low
CUST_1546,Brenda Hale,2718,Verified,False,3557.14,2,27,1,1497.64,110,0,Low
CUST_1547,Kevin Alvarado,2333,Verified,False,773.22,1,1,1,8.74,4,0,Low
CUST_1548,Christopher Campbell,3377,Verified,False,6528.82,1,9,2,664.07,110,0,Low
CUST_1549,Lisa Brown,429,Verified,False,2416.66,2,3,1,28.47,110,1,Low
CUST_1550,Alejandra Price,1501,Verified,False,1558.22,1,27,1,74.67,110,0,Low
CUST_1551,Samuel Keller,286,Verified,False,1681.03,1,3,1,236.83,110,1,Low
CUST_1552,Alicia Dillon,3216,Verified,False,11008.16,1,12,1,713.06,110,0,Low
CUST_1553,Crystal James,3496,Verified,False,5149.4,2,1,1,35.39,110,0,Low
CUST_1554,Ariana Stewart,3091,Verified,False,674.48,1,25,2,349.23,110,0,Low
CUST_1555,Kim Lopez,2066,Verified,False,4303.52,1,15,1,76.84,110,0,Low
CUST_1556,Judith House,769,Verified,False,3319.65,2,4,1,41.21,110,0,Low
CUST_1557,David Moreno,2638,Verified,False,1957.83,2,10,1,12.59,110,1,Low
CUST_1558,James Moore,1395,Verified,False,2063.83,2,15,1,83.97,110,5,Low
CUST_1559,Harold Garrett,3247,Verified,False,1255.07,1,8,1,21.76,110,0,Low
CUST_1560,William Mason,3058,Verified,False,1536.82,1,5,1,23.72,110,0,Low
CUST_1561,Lori Johns,194,Verified,False,3982.73,1,6,1,71.49,110,1,Low
CUST_1562,Robin Johnson,2550,Verified,False,2258.44,2,8,1,103.9,110,0,Low
CUST_1563,Diana Hernandez,988,Verified,False,5144.49,2,7,1,65.19,110,0,Low
CUST_1564,Mary Miller,1137,Verified,False,1359.7,3,10,1,164.69,110,0,Low
CUST_1565,Tyler Salazar,2162,Verified,False,6048.07,1,3,1,1858.72,110,0,Low
CUST_1566,Crystal Allen,3294,Verified,False,11097.16,1,4,5,54.27,110,0,High (Network Risk)
CUST_1567,Wesley Browning,1702,Verified,False,2960.8,1,5,1,38.85,110,0,Low
CUST_1568,Joshua Clark,947,Verified,False,5017.2,1,10,1,36.45,110,0,Low
CUST_1569,Joshua Mcbride,831,Verified,False,5216.82,1,2,1,2.27,110,0,Low
CUST_1570,Ellen Thornton,1921,Verified,False,1804.25,3,8,1,57.28,110,0,Low
CUST_1571,Brandy Forbes,3336,Pending,False,5236.27,1,13,1,2147.55,110,1,Low
CUST_1572,Brianna Fitzpatrick,2973,Verified,False,308.45,1,7,1,164.83,110,1,Low
CUST_1573,Emily Grant,55,Verified,False,207.15,2,7,1,80.92,110,0,Low
CUST_1574,Bailey Stewart,800,Verified,False,2144.2,1,5,5,326.5,4,0,High (Network Risk)
CUST_1575,Monica Cannon,778,Verified,False,5616.51,2,7,1,77.89,110,5,Low
CUST_1576,Jennifer Jenkins,1482,Verified,False,2737.9,1,5,1,951.17,110,0,Low
CUST_1577,Timothy Shannon,1902,Verified,False,6284.7,1,6,1,123.04,110,1,Low
CUST_1578,Denise Maxwell,2210,Verified,False,896.29,1,5,1,1209.68,110,0,Low
CUST_1579,Cody Farmer,3452,Verified,False,7207.23,1,6,1,220.06,110,0,Low
CUST_1580,Debra Bradley,2135,Failed,False,15196.38,1,5,2,328.39,110,0,Medium (Compliance)
CUST_1581,David Mcdaniel,55,Verified,False,1485.62,1,2,2,118.1,110,1,Low
CUST_1582,Michael Woods,3548,Verified,False,6444.61,1,2,1,635.11,110,0,Low
CUST_1583,Lisa Joseph,1824,Verified,False,3049.76,1,7,2,1891.09,110,0,Low
CUST_1584,Samuel Henry,1202,Pending,False,4637.08,1,11,1,332.02,110,0,Low
CUST_1585,Corey Johnson,3463,Verified,False,15166.0,1,25,1,113.08,110,0,Low
CUST_1586,Alexis Nelson,3421,Verified,False,4135.25,1,17,1,640.49,110,0,Low
CUST_1587,Patrick Mcneil,3080,Pending,False,6402.49,2,15,1,73.23,110,0,Low
CUST_1588,Andrea Ho,833,Verified,False,842.99,3,8,1,1243.19,110,5,Low
CUST_1589,Dr. Katherine Nguyen,313,Verified,False,6208.29,2,8,2,69.32,110,0,Low
CUST_1590,David Sullivan,2807,Verified,False,14913.28,1,3,1,133.1,110,0,Low
CUST_1591,Nicolas James,1859,Verified,False,1183.82,2,3,2,547.04,110,0,Low
CUST_1592,Logan Newton,2008,Verified,False,2158.09,1,8,1,6.92,110,0,Low
CUST_1593,Kelly Liu,2007,Verified,False,5920.21,1,3,1,238.0,110,0,Low
CUST_1594,Kelly Hayes,2491,Pending,False,4664.72,1,6,1,188.46,110,0,Low
CUST_1595,Amanda Forbes,1791,Failed,False,765.3,2,1,1,73.88,110,0,Medium (Compliance)
CUST_1596,Jennifer Moss,328,Verified,False,3515.41,2,10,5,91.25,110,0,High (Network Risk)
CUST_1597,Kelli Mccoy,3126,Verified,False,2137.34,3,3,1,41.78,110,1,Low
CUST_1598,Eddie Sanders,2809,Verified,False,1131.55,1,2,1,35.07,110,0,Low
CUST_1599,Ronald Murray,3311,Verified,False,11576.41,2,13,1,79.67,110,0,Low
CUST_1600,Louis Brown,3301,Verified,False,2997.28,1,15,1,33.32,110,0,Low
CUST_1601,Brenda Gallegos,2627,Verified,False,7966.88,1,6,1,319.04,110,0,Low
CUST_1602,Nathan Wilson,3123,Verified,False,922.04,2,4,1,50.46,110,0,Low
CUST_1603,Teresa Horton,3055,Verified,False,5371.95,1,13,1,491.63,110,1,Low
CUST_1604,Jason Hayes,1288,Pending,False,8618.7,1,3,1,35.88,110,1,Low
CUST_1605,Kevin Marquez,3490,Verified,False,2339.87,1,6,5,21.49,110,0,High (Network Risk)
CUST_1606,Jesse Wright,2144,Verified,False,1813.15,2,21,2,106.84,110,0,Low
CUST_1607,Susan Hogan,1112,Verified,False,808.94,1,9,1,26.15,110,0,Low
CUST_1608,Becky Wilson,3150,Verified,False,1251.31,1,7,1,120.84,110,0,Low
CUST_1609,Jack Mills,1312,Verified,False,1895.74,1,5,1,45.45,110,0,Low
CUST_1610,Richard Hunt,3192,Verified,False,1123.37,1,7,2,22.38,110,0,Low
CUST_1611,Jamie James,2862,Verified,False,1383.06,3,9,1,22.82,110,0,Low
CUST_1612,Susan Cunningham,2539,Verified,False,3491.54,1,3,1,863.18,110,0,Low
CUST_1613,Brittany Melton,452,Verified,False,3935.48,1,19,1,424.76,110,0,Low
CUST_1614,Michael Barnes,1524,Verified,False,8873.68,1,5,1,20.79,110,5,Low
CUST_1615,Randy Griffin,165,Verified,False,1391.62,1,6,1,45.18,110,0,Low
CUST_1616,Autumn Anderson,182,Failed,True,3050.88,1,14,2,1379.31,110,0,Medium (Compliance)
CUST_1617,Marcus King,2517,Verified,False,1963.15,1,6,1,142.06,4,1,Low
CUST_1618,Scott Stephens,910,Pending,False,1829.2,3,14,1,88.69,110,0,Low
CUST_1619,Stephen Young,2783,Verified,False,2172.99,1,7,1,174.36,110,0,Low
CUST_1620,Karen Ortiz,823,Pending,False,2449.95,1,8,2,220.39,4,0,Low
CUST_1621,Kyle Sanchez,944,Verified,False,3829.14,1,8,1,146.03,110,0,Low
CUST_1622,Lisa Grant,2002,Verified,False,2142.31,1,9,1,44.53,110,0,Low
CUST_1623,Amber Hernandez,2055,Verified,False,10171.35,1,11,2,7.52,110,0,Low
CUST_1624,Amanda Nash,330,Verified,False,542.18,1,17,1,144.02,110,0,Low
CUST_1625,Sara Evans,775,Verified,False,8552.28,10,16,1,9.26,110,1,Low
CUST_1626,Amber Butler,2199,Verified,False,2062.13,1,3,1,71.28,110,0,Low
CUST_1627,Michael Carr,3157,Verified,False,2468.01,1,23,1,55.54,110,0,Low
CUST_1628,Linda Cobb,147,Verified,False,2952.43,1,1,1,50.02,4,0,Low
CUST_1629,Jesse Riley,3453,Verified,False,6036.88,1,4,2,280.5,110,0,Low
CUST_1630,Anna Evans,915,Verified,False,1236.09,1,6,1,107.77,110,0,Low
CUST_1631,James Jones,1572,Verified,False,1545.56,1,2,1,301.88,110,0,Low
CUST_1632,Joshua Carter,1309,Verified,False,4917.52,1,9,1,10.02,110,0,Low
CUST_1633,Michael Hill,2748,Verified,False,545.56,1,13,1,461.71,110,0,Low
CUST_1634,Kelly Dominguez,82,Verified,False,2880.83,2,4,1,589.89,110,1,Low
CUST_1635,Ashley Blair,514,Verified,False,1342.48,1,10,1,137.68,110,0,Low
CUST_1636,Victoria Webb,1921,Verified,False,1087.65,1,14,2,2707.42,110,0,Low
CUST_1637,Taylor Andersen,2863,Pending,False,579.14,2,1,1,408.61,110,1,Low
CUST_1638,Lee Stewart,2757,Verified,False,6453.01,1,8,1,141.01,110,0,Low
CUST_1639,Whitney Gomez,1940,Verified,False,3494.08,2,9,1,1271.49,110,0,Low
CUST_1640,Justin Stone,3595,Verified,False,1521.91,1,3,1,168.38,110,1,Low
CUST_1641,Katherine White,746,Verified,False,2528.65,1,2,1,37.14,110,0,Low
CUST_1642,Michelle Krause,3071,Verified,False,999.36,1,4,1,501.04,110,0,Low
CUST_1643,Alexander Garrett,1410,Verified,False,1743.79,1,6,1,1436.7,110,1,Low
CUST_1644,Ryan Marsh,707,Verified,False,2444.64,1,4,1,14.86,110,0,Low
CUST_1645,Mrs. Felicia Castro DDS,471,Verified,False,3177.82,2,11,2,74.08,4,0,Low
CUST_1646,Curtis Campbell,3191,Verified,False,4411.91,2,10,1,69.13,110,0,Low
CUST_1647,Elizabeth Hunter,396,Verified,False,489.87,2,9,2,21.91,110,0,Low
CUST_1648,Aaron Jennings,1556,Verified,False,4425.67,2,20,1,97.2,110,0,Low
CUST_1649,Nathaniel Gilbert,2309,Verified,False,530.86,2,12,1,45.89,110,0,Low
CUST_1650,Christopher Rivera,805,Verified,False,4589.53,1,9,1,279.07,4,1,Low
CUST_1651,Michael Hendricks,934,Verified,False,2408.33,2,2,2,311.36,110,0,Low
CUST_1652,Maria Olson,1280,Pending,False,8879.14,1,18,1,182.78,110,0,Low
CUST_1653,Stephanie Herrera,1758,Verified,False,1518.57,2,20,1,203.68,110,1,Low
CUST_1654,Richard Gutierrez,905,Verified,False,6508.34,2,5,1,1418.12,110,0,Low
CUST_1655,Sandy Evans,3298,Verified,False,927.61,1,3,1,3049.02,110,0,Low
CUST_1656,Emily Herrera,1077,Verified,False,3313.92,1,13,1,369.83,110,5,Low
CUST_1657,Michael Marsh,2988,Verified,False,388.39,2,1,1,69.46,110,0,Low
CUST_1658,Heather Montes,1891,Verified,False,7208.84,1,10,1,225.73,110,0,Low
CUST_1659,Andre Terrell,1524,Verified,False,16762.06,1,24,1,155.45,110,0,Low
CUST_1660,Sarah Duncan,3578,Verified,False,1482.93,1,5,1,413.17,110,0,Low
CUST_1661,Kurt Hancock,2902,Verified,False,3369.87,1,8,1,39.35,110,0,Low
CUST_1662,Michele Edwards,1388,Failed,False,4646.35,1,8,1,454.04,110,0,Medium (Compliance)
CUST_1663,Jason Crawford,1304,Verified,False,632.54,1,17,1,167.85,110,5,Low
CUST_1664,Jesse Sampson,593,Verified,False,1409.36,1,8,1,130.72,110,0,Low
CUST_1665,Eric Rodriguez,2762,Verified,False,1324.76,2,5,1,138.73,110,0,Low
CUST_1666,Paula Gentry,3230,Verified,False,33092.56,1,2,1,1120.66,110,0,Low
CUST_1667,Alexander Webb,2680,Verified,False,8482.86,1,7,2,8983.83,110,0,Low
CUST_1668,Cheryl Mclean,2107,Verified,False,2399.26,1,6,1,177.2,110,0,Low
CUST_1669,Kelly Rowe,128,Verified,False,6496.64,1,1,1,49.54,110,0,Low
CUST_1670,Shane Short,736,Verified,False,3682.14,10,3,2,145.84,110,0,Low
CUST_1671,Megan Anderson,2769,Verified,False,5393.97,2,4,1,235.89,110,0,Low
CUST_1672,Julia Reeves,3187,Verified,False,1039.49,1,4,1,189.11,4,0,Low
CUST_1673,April Randolph,3281,Verified,False,11770.79,1,7,1,191.43,110,0,Low
CUST_1674,Linda Miller,2574,Pending,False,1383.34,1,6,1,113.82,4,0,Low
CUST_1675,Angel Meyer,521,Verified,False,1456.84,1,7,1,1121.21,110,0,Low
CUST_1676,Emily Lane,2600,Verified,False,5378.84,1,45,1,99.02,110,0,High (Network Risk)
CUST_1677,Steven Flores,237,Verified,False,4212.29,1,5,1,496.32,110,0,Low
CUST_1678,Donald Flores,1305,Verified,False,3050.79,3,3,1,15.4,110,0,Low
CUST_1679,Bruce Hernandez,3431,Verified,True,6902.23,1,25,1,63.46,110,0,Medium (Compliance)
CUST_1680,Adrian Dean,3273,Verified,False,933.5,1,23,1,230.33,110,0,Low
CUST_1681,Christine Bell,1782,Verified,False,18851.61,1,3,1,141.61,110,0,Low
CUST_1682,Charles Bush,1302,Verified,False,1806.86,1,19,1,920.86,110,0,Low
CUST_1683,David Jones,3307,Verified,True,2728.72,1,1,1,222.24,110,0,Medium (Compliance)
CUST_1684,Gina Wallace,2542,Verified,False,19145.57,1,73,2,1082.35,110,0,High (Network Risk)
CUST_1685,John Lowe,2052,Verified,False,1466.39,2,30,1,308.07,110,0,Low
CUST_1686,Anthony Simmons,2714,Verified,False,8291.97,1,11,2,43.6,4,0,Low
CUST_1687,Kyle Watkins,442,Verified,False,2405.9,1,14,1,111.2,110,0,Low
CUST_1688,Melissa Jensen,2077,Verified,False,1284.55,1,10,1,122.13,110,0,Low
CUST_1689,Robert Marquez,3181,Verified,False,2030.95,2,4,1,1008.46,110,0,Low
CUST_1690,Kim Beltran,2658,Verified,False,5251.56,1,19,1,102.4,110,0,Low
CUST_1691,Julie Anderson,805,Verified,False,8219.51,1,21,1,120.94,110,0,Low
CUST_1692,Tamara Mcdonald,75,Verified,False,3735.38,2,4,1,81.55,110,0,Low
CUST_1693,Michael Mckinney,2886,Verified,False,603.08,1,7,2,178.28,110,0,Low
CUST_1694,David Walker,3218,Verified,False,5628.13,2,2,2,394.8,110,0,Low
CUST_1695,Lisa Durham,2176,Pending,False,2586.0,1,7,1,424.91,110,5,Low
CUST_1696,Michael Ortega,2090,Verified,False,989.81,1,5,1,92.77,110,0,Low
CUST_1697,Sonya Chavez,1380,Verified,False,4214.95,1,20,1,7.37,110,0,Low
CUST_1698,John Bell,41,Verified,False,9263.52,1,26,1,224.46,110,0,Low
CUST_1699,Christopher Tate,2982,Verified,False,3001.05,2,3,1,172.86,110,0,Low
CUST_1700,Bethany Garcia,2082,Verified,False,7505.06,1,13,1,186.62,110,0,Low
CUST_1701,Rebecca Nguyen,3089,Pending,False,4733.39,1,14,1,149.8,110,0,Low
CUST_1702,Rebecca Patel,1701,Verified,False,4794.88,2,1,1,234.63,110,0,Low
CUST_1703,Jason Oliver,3225,Verified,False,2196.26,2,15,1,7.22,110,0,Low
CUST_1704,Valerie Reyes,3046,Verified,False,6759.45,1,2,1,184.73,110,0,Low
CUST_1705,Robert Garza,1402,Verified,False,7436.67,1,4,5,33.42,110,0,High (Network Risk)
CUST_1706,Jessica Cobb,588,Verified,False,6585.78,1,3,2,877.47,110,1,Low
CUST_1707,Cynthia Bates,1623,Verified,False,2178.11,2,2,1,178.57,110,0,Low
CUST_1708,Timothy Andrews,342,Verified,False,7983.08,2,17,1,50.08,110,0,Low
CUST_1709,Mr. Joel Peters,2075,Verified,False,4386.62,1,3,1,25.2,110,1,Low
CUST_1710,Casey Blanchard,3359,Verified,False,1127.41,1,5,1,41.09,110,0,Low
CUST_1711,Brian Cervantes,646,Verified,False,2035.52,1,7,1,56.62,110,0,Low
CUST_1712,Jamie Snyder,731,Verified,False,1753.89,1,13,1,157.61,110,0,Low
CUST_1713,Ann Montoya,168,Verified,False,408.34,2,3,1,24.77,110,0,Low
CUST_1714,Stephanie Fields,610,Verified,False,8130.79,1,10,1,213.35,110,0,Low
CUST_1715,Charles Hernandez,2316,Verified,False,66249.73,1,6,1,668.04,110,1,Low
CUST_1716,Jean Lane,1773,Verified,False,9980.1,1,3,1,776.78,110,0,Low
CUST_1717,Michael Stewart,2041,Verified,False,3508.2,1,16,1,83.41,110,5,Low
CUST_1718,Susan Torres,2869,Verified,False,1779.67,1,38,2,142.31,110,0,High (Network Risk)
CUST_1719,Jessica Haas,455,Verified,False,1181.94,2,8,1,55.0,110,0,Low
CUST_1720,Brandon Smith,2954,Verified,False,3465.61,2,4,1,24.3,110,0,Low
CUST_1721,Mrs. Bethany Phillips,1709,Verified,False,7850.3,1,4,1,66.19,110,0,Low
CUST_1722,Joshua Brown,3473,Verified,False,1518.41,2,14,1,9.9,110,0,Low
CUST_1723,Samantha Howard,2970,Verified,False,38725.76,2,7,1,7.67,110,1,Low
CUST_1724,Sharon Young,3029,Verified,False,746.96,1,3,1,233.63,110,0,Low
CUST_1725,Jennifer Flores,3548,Verified,False,3731.25,1,1,1,216.91,110,0,Low
CUST_1726,James Gardner,702,Verified,False,3198.04,1,10,1,924.79,110,0,Low
CUST_1727,Karen Lopez,2682,Verified,False,3000.78,1,2,1,1277.62,110,0,Low
CUST_1728,Tim Larsen,3630,Verified,False,1687.74,2,5,1,195.02,110,1,Low
CUST_1729,Zachary Santiago,1600,Verified,False,3237.21,1,27,2,36.07,110,0,Low
CUST_1730,Benjamin Smith,130,Verified,False,1901.18,2,3,1,35.88,110,0,Low
CUST_1731,Katelyn Kim,3068,Verified,False,10806.35,2,17,1,31.18,110,0,Low
CUST_1732,Angela May MD,1846,Verified,False,15074.71,1,3,1,216.54,110,0,Low
CUST_1733,Richard Munoz,1387,Verified,False,2021.22,2,14,1,48.1,110,0,Low
CUST_1734,Christopher Hicks,2867,Verified,False,575.38,1,11,1,18.04,110,0,Low
CUST_1735,Joanna Kelly,693,Verified,False,4095.51,1,10,1,279.06,110,0,Low
CUST_1736,Larry Lane,3364,Verified,False,3950.49,1,4,1,539.31,110,0,Low
CUST_1737,Cynthia Shaw,1395,Verified,False,3311.68,1,12,1,48.43,110,1,Low
CUST_1738,Joshua Richardson,794,Verified,False,5079.42,1,9,1,140.93,110,1,Low
CUST_1739,Laura Bush,29,Verified,False,11867.13,2,33,1,1329.34,110,0,High (Network Risk)
CUST_1740,John Vaughn,149,Verified,False,6856.64,2,4,1,601.82,110,0,Low
CUST_1741,Nicholas Terrell,1320,Verified,False,5071.72,1,20,1,37.19,110,0,Low
CUST_1742,Dr. Julie Miller,2059,Verified,False,6335.45,1,3,1,1527.1,110,1,Low
CUST_1743,Ann Kennedy,3584,Verified,False,3833.28,1,6,1,435.95,110,0,Low
CUST_1744,Toni Miller,2724,Verified,False,1158.13,2,4,1,1698.83,110,0,Low
CUST_1745,Rebecca Edwards,1137,Verified,False,12713.97,1,4,1,113.25,110,0,Low
CUST_1746,Greg Osborne,187,Verified,False,3302.99,2,6,1,41.2,110,0,Low
CUST_1747,Jose Harrison,2855,Verified,False,1157.55,2,23,1,139.89,110,0,Low
CUST_1748,Jennifer Yu,2792,Verified,False,964.9,1,10,1,17.88,110,0,Low
CUST_1749,Donna Johnson,1251,Verified,False,1190.59,2,19,1,513.89,110,0,Low
CUST_1750,Nicole Acosta,1334,Verified,False,868.96,2,7,2,64.76,110,0,Low
CUST_1751,Amy Kennedy,98,Verified,False,5819.0,1,20,1,266.54,110,0,Low
CUST_1752,Anthony Mooney,55,Verified,False,2502.11,1,8,2,3807.83,110,0,Low
CUST_1753,Lori Mitchell,2671,Verified,False,6476.95,2,3,1,71.41,110,0,Low
CUST_1754,Jonathan York,2712,Verified,False,9599.57,3,17,1,148.34,110,0,Low
CUST_1755,Casey Campbell,758,Verified,False,7411.45,2,24,1,73.65,110,0,Low
CUST_1756,Alexis Rodriguez,406,Verified,False,5619.64,1,12,1,119.31,4,0,Low
CUST_1757,Kevin Hernandez,2117,Verified,False,3974.0,2,14,1,104.41,110,0,Low
CUST_1758,Robert Green,3384,Verified,False,2464.24,1,20,1,664.86,110,0,Low
CUST_1759,Kari Lloyd,1313,Verified,False,2634.25,10,5,1,563.08,110,0,Low
CUST_1760,Grace Miller,1786,Verified,False,5347.39,1,4,2,105.54,110,1,Low
CUST_1761,Timothy Moore,3620,Verified,False,1139.89,2,9,1,177.7,110,0,Low
CUST_1762,Wyatt Townsend II,751,Verified,False,2824.58,1,29,1,89.85,110,5,Low
CUST_1763,Mark Clark,3220,Verified,False,1418.22,2,9,5,1240.11,110,0,High (Network Risk)
CUST_1764,Haley May,3539,Pending,False,9633.31,1,12,1,3.22,110,0,Low
CUST_1765,Audrey Jackson,1763,Verified,False,6106.18,2,7,5,45.72,110,0,High (Network Risk)
CUST_1766,Eric Reese,3316,Verified,False,25272.05,3,9,1,281.05,110,0,Low
CUST_1767,Kim James,3563,Verified,False,1397.3,1,4,2,526.76,110,0,Low
CUST_1768,Karen Thomas,3006,Verified,False,1555.46,2,11,5,995.8,110,0,High (Network Risk)
CUST_1769,Alexandra Ho,3579,Pending,False,3157.39,1,14,20,148.43,110,0,High (Network Risk)
CUST_1770,Michael Nixon,365,Verified,False,1443.09,1,2,1,61.25,110,0,Low
CUST_1771,Amanda Hardin,2027,Verified,False,5103.18,2,2,2,142.48,110,5,Low
CUST_1772,Tina Reynolds,482,Verified,False,2832.87,1,1,1,634.42,110,5,Low
CUST_1773,Shannon Rogers,2249,Pending,False,1828.9,2,24,1,59.03,110,0,Low
CUST_1774,Brett Pena,154,Verified,False,8844.97,2,3,1,135.4,110,0,Low
CUST_1775,Raymond Curry,3522,Verified,False,468.91,1,9,1,94.67,110,0,Low
CUST_1776,Leah Lee,1525,Verified,False,5126.17,1,30,1,963.39,110,0,Low
CUST_1777,Michael White,2121,Verified,False,1717.92,1,9,1,25.98,110,0,Low
CUST_1778,Megan Decker,2761,Verified,False,6746.35,1,11,20,3.37,110,0,High (Network Risk)
CUST_1779,Brent Garcia,2344,Verified,False,8571.99,2,3,1,123.35,110,0,Low
CUST_1780,Daniel Campbell,1041,Verified,False,306.02,2,9,2,376.3,110,0,Low
CUST_1781,Alexander Davis,1665,Verified,False,2412.4,1,3,2,68.99,110,5,Low
CUST_1782,Mary Houston,1241,Verified,False,3159.57,1,1,1,9.45,110,1,Low
CUST_1783,Margaret Erickson,61,Verified,False,282.07,2,7,1,393.13,110,0,Low
CUST_1784,Scott Anderson,939,Verified,False,3743.4,1,9,1,76.18,110,0,Low
CUST_1785,Stephanie Knight,1640,Pending,False,1758.03,1,4,1,208.1,110,1,Low
CUST_1786,Stephanie Dominguez,2090,Verified,False,892.72,1,4,1,95.41,4,0,Low
CUST_1787,John Mayer,25,Verified,False,1555.44,2,6,1,5.39,110,0,Low
CUST_1788,Tammy Hill,1063,Verified,False,1308.56,1,4,1,241.51,110,1,Low
CUST_1789,Steven Carrillo,131,Verified,False,1684.36,1,13,1,348.48,110,0,Low
CUST_1790,Christopher Jones,3570,Verified,False,3587.19,3,10,1,110.8,110,1,Low
CUST_1791,Janet Cook,1253,Verified,False,7952.54,1,27,1,27.35,110,0,Low
CUST_1792,Tyler Baker,108,Verified,False,2757.73,2,5,1,2341.71,110,1,Low
CUST_1793,John Mcfarland,172,Verified,False,8980.03,1,7,1,266.58,110,0,Low
CUST_1794,Cassandra Vasquez,1459,Verified,False,1047.38,1,8,1,19.11,110,0,Low
CUST_1795,Randy Robinson,3550,Verified,False,3473.4,1,5,5,4675.48,110,0,High (Network Risk)
CUST_1796,Susan Baldwin,102,Verified,False,24504.49,1,1,1,59.29,110,0,Low
CUST_1797,Benjamin Duncan,2914,Pending,False,607.55,1,10,1,1094.55,110,0,Low
CUST_1798,Jeremy Mosley,2572,Verified,False,584.78,1,47,1,396.48,110,0,High (Network Risk)
CUST_1799,Martin Fitzpatrick,2323,Verified,False,10721.13,1,16,2,252.8,110,0,Low
CUST_1800,Deborah Graves,1637,Verified,False,3716.45,1,35,1,1194.6,110,5,High (Network Risk)
CUST_1801,Laura Robertson,3116,Verified,False,1633.53,2,15,1,9.63,110,0,Low
CUST_1802,Katherine Graham,2865,Verified,False,963.26,2,6,1,350.49,110,0,Low
CUST_1803,Priscilla Floyd,3005,Verified,False,2875.58,2,11,1,89.43,110,0,Low
CUST_1804,April Finley,1041,Verified,False,3406.97,1,17,1,5487.73,110,0,Low
CUST_1805,Karen Bradley,330,Verified,False,3423.87,2,2,1,8.21,110,0,Low
CUST_1806,Heather Maldonado,3641,Verified,False,953.89,1,10,1,237.05,110,0,Low
CUST_1807,Mark Benjamin,1521,Verified,False,2128.24,1,6,1,263.56,110,0,Low
CUST_1808,Joseph Woodward,12,Pending,False,1689.04,1,24,1,60.39,110,0,Low
CUST_1809,Joe Miranda,1342,Verified,False,5689.88,2,9,1,100.63,110,0,Low
CUST_1810,Cassandra Williams,216,Verified,False,1011.87,2,1,1,74.13,110,5,Low
CUST_1811,Connor Dominguez,339,Verified,False,3216.43,1,10,2,34.54,110,0,Low
CUST_1812,Lydia Howard,1800,Verified,False,41532.29,1,1,2,36.71,110,0,Low
CUST_1813,Mark Moss,2709,Verified,False,945.08,2,20,1,116.66,110,1,Low
CUST_1814,Corey Cortez,3153,Verified,False,1411.96,1,3,1,408.65,110,0,Low
CUST_1815,Katherine Brown,1751,Pending,False,2713.89,1,2,5,55.51,110,0,High (Network Risk)
CUST_1816,Elizabeth Ferguson,1509,Verified,False,157.24,1,3,1,4.45,110,0,Low
CUST_1817,Joann Forbes,2422,Verified,False,715.64,1,3,1,128.85,110,0,Low
CUST_1818,Anthony French,3024,Verified,False,4067.13,1,6,1,227.15,110,0,Low
CUST_1819,Bruce Roman,710,Pending,False,2500.71,2,3,1,102.98,110,5,Low
CUST_1820,Judy Gregory,1224,Verified,False,8558.73,1,5,1,158.22,110,0,Low
CUST_1821,Brittany Riley,3609,Verified,False,2349.31,1,2,1,591.54,110,0,Low
CUST_1822,Amanda Thomas,2514,Verified,False,2151.36,1,6,1,133.97,110,0,Low
CUST_1823,Kaitlin Hardin,1113,Verified,False,1476.06,3,23,2,505.11,110,0,Low
CUST_1824,Michael Anderson,1292,Verified,False,2115.73,1,5,20,236.38,4,0,High (Network Risk)
CUST_1825,Anthony Parker,3643,Verified,False,887.5,1,12,1,36.23,110,0,Low
CUST_1826,Joy Jackson,489,Verified,False,2572.24,1,2,1,791.71,110,0,Low
CUST_1827,Sabrina Rodriguez,1562,Verified,False,1128.61,1,11,1,19.65,110,0,Low
CUST_1828,Robert Walker PhD,47,Verified,False,888.23,1,18,5,6.45,110,0,High (Network Risk)
CUST_1829,Robert Hendrix,3360,Verified,False,1572.69,1,23,1,172.4,110,0,Low
CUST_1830,Erika Daugherty,778,Verified,False,4680.47,1,8,1,364.58,110,0,Low
CUST_1831,Brenda Copeland,1040,Verified,False,3436.66,1,12,1,328.85,110,1,Low
CUST_1832,Pamela Watkins,711,Verified,False,5811.57,1,2,1,24.25,110,0,Low
CUST_1833,Bryan Thomas,401,Verified,False,1184.13,2,5,1,184.74,110,0,Low
CUST_1834,Michael Tran,1818,Verified,False,2941.88,2,3,1,12.28,110,0,Low
CUST_1835,Timothy Williams,3029,Pending,False,16346.88,2,9,1,250.59,110,1,Low
CUST_1836,Ryan Salazar,3158,Verified,False,12058.38,2,4,1,169.56,110,0,Low
CUST_1837,Alexis Tucker,250,Verified,False,833.27,1,12,1,335.32,4,0,Low
CUST_1838,Christopher Davis,391,Verified,False,1087.46,2,53,1,484.65,110,0,High (Network Risk)
CUST_1839,Stacie Butler,335,Verified,False,16276.38,2,12,1,330.01,110,0,Low
CUST_1840,Patricia Schwartz,629,Failed,False,4682.33,2,22,1,20.15,110,0,Medium (Compliance)
CUST_1841,Mark Mills,3591,Verified,False,2463.33,1,2,1,69.11,110,0,Low
CUST_1842,Todd Bishop,137,Verified,False,2203.03,1,6,1,26.88,110,0,Low
CUST_1843,Christopher Porter,2931,Verified,False,3742.32,3,8,1,3.28,110,0,Low
CUST_1844,Lori Patton,2736,Verified,False,3789.52,3,7,1,452.93,110,0,Low
CUST_1845,Aaron Young,1522,Verified,False,1749.07,1,32,1,385.7,110,0,High (Network Risk)
CUST_1846,Joseph Davis,827,Verified,False,2532.09,10,4,5,37.01,110,0,High (Network Risk)
CUST_1847,Philip Fernandez,727,Verified,False,1688.81,2,9,1,45.73,110,0,Low
CUST_1848,Randy Hopkins,1501,Pending,False,3528.9,1,1,1,141.25,110,0,Low
CUST_1849,Cory Hogan,2642,Verified,False,1425.72,1,10,1,65.04,110,0,Low
CUST_1850,Tracy Wells,3295,Verified,False,839.04,1,11,1,773.63,110,0,Low
CUST_1851,Michael Williams,990,Verified,False,13034.77,1,7,1,83.26,110,0,Low
CUST_1852,Dominique Hamilton,2420,Verified,False,2780.61,10,10,1,41.88,110,0,Low
CUST_1853,Robert Chang,935,Verified,False,16269.62,1,4,1,283.41,110,5,Low
CUST_1854,Patrick Buckley,3043,Verified,False,431.69,2,2,1,37.94,110,5,Low
CUST_1855,Richard Washington,402,Verified,False,699.61,2,3,1,428.38,110,0,Low
CUST_1856,Steven Griffith,1467,Verified,False,4754.25,1,3,2,135.92,110,0,Low
CUST_1857,Erika Gonzalez,3562,Verified,False,2782.95,1,2,1,581.88,110,0,Low
CUST_1858,Erika Maxwell,615,Verified,False,936.65,2,2,1,663.09,110,0,Low
CUST_1859,Brent Rojas,1297,Verified,False,9288.16,1,3,1,20.98,110,0,Low
CUST_1860,Jaime Walker,3598,Failed,False,1249.01,2,5,1,163.74,110,0,Medium (Compliance)
CUST_1861,John Zamora,1183,Pending,False,9882.8,1,8,1,138.45,110,0,Low
CUST_1862,Timothy Gibson,3224,Pending,False,2778.22,1,2,2,124.93,110,0,Low
CUST_1863,Chad Cortez,3043,Verified,False,1022.56,1,3,2,845.05,110,0,Low
CUST_1864,Vanessa Harris,2668,Verified,False,1527.31,1,4,1,144.97,110,0,Low
CUST_1865,Michael Brown,2236,Verified,False,11756.4,1,10,1,18.57,110,0,Low
CUST_1866,Samuel Ellis,1122,Pending,False,2213.33,3,2,1,74.52,110,0,Low
CUST_1867,Greg Tanner,131,Verified,False,7882.03,1,4,1,51.92,110,0,Low
CUST_1868,Rachel Little,2853,Verified,False,12093.7,2,16,1,79.96,110,0,Low
CUST_1869,Carolyn Cordova,1195,Verified,False,2750.61,3,3,1,145.14,110,0,Low
CUST_1870,Angelica Vincent,2984,Verified,False,2384.65,2,2,1,52.08,110,0,Low
CUST_1871,Zachary Vargas PhD,3034,Verified,False,1988.29,1,6,1,371.69,110,1,Low
CUST_1872,Nicholas Fitzgerald,183,Verified,False,4239.06,2,3,1,1450.31,110,0,Low
CUST_1873,Garrett Riley,3031,Verified,False,13439.19,1,0,1,193.4,110,0,Low
CUST_1874,Leslie Hernandez,364,Verified,False,873.9,1,8,1,483.89,110,0,Low
CUST_1875,Abigail Baird,39,Verified,False,3711.36,2,14,5,33.38,110,0,High (Network Risk)
CUST_1876,John Mack,3599,Verified,False,3554.18,1,7,1,535.45,110,0,Low
CUST_1877,Joseph Mendoza,2545,Verified,False,490.69,3,17,1,1159.7,110,0,Low
CUST_1878,Samantha Chavez,3588,Verified,False,1227.25,2,12,1,931.18,110,0,Low
CUST_1879,Justin Smith,1373,Verified,False,1506.37,1,3,1,61.9,110,0,Low
CUST_1880,Tiffany Anderson,3030,Verified,False,6399.85,1,38,1,951.48,110,1,High (Network Risk)
CUST_1881,Matthew Davis,921,Pending,False,7623.2,2,9,1,2079.92,4,0,Low
CUST_1882,Eric Warner,3469,Verified,False,456.97,1,10,1,63.99,110,0,Low
CUST_1883,Nicole Johnson,2770,Failed,False,5648.82,2,3,1,424.77,110,0,Medium (Compliance)
CUST_1884,Raymond Sawyer,3233,Pending,False,4963.81,1,2,1,62.59,110,5,Low
CUST_1885,Richard Wood,16,Verified,False,5315.52,1,3,2,19.41,110,0,Low
CUST_1886,Mark Dalton,493,Verified,False,3472.9,1,15,1,107.66,110,0,Low
CUST_1887,Steven Cook,1450,Verified,False,7711.28,1,29,2,63.89,110,0,Low
CUST_1888,Jeffery Nelson,1132,Verified,False,9619.24,1,9,1,120.99,110,5,Low
CUST_1889,Kimberly Norton,2942,Verified,False,581.8,1,7,1,3.08,110,0,Low
CUST_1890,Angela Gilmore,3522,Verified,False,2839.19,1,16,1,264.1,110,0,Low
CUST_1891,Amy Dougherty,311,Verified,False,2311.17,2,22,1,104.75,110,0,Low
CUST_1892,Stacy Rodriguez,739,Verified,False,1681.18,1,2,1,457.54,110,1,Low
CUST_1893,Manuel Diaz,3242,Verified,False,1892.19,1,27,1,74.57,110,0,Low
CUST_1894,Justin Jones,546,Verified,False,3593.15,1,5,2,1996.89,110,0,Low
CUST_1895,Christine Zavala,2462,Verified,False,815.17,1,17,1,77.02,110,5,Low
CUST_1896,Brian Mendoza,251,Verified,False,5829.12,1,3,1,175.74,110,0,Low
CUST_1897,Lauren Haley,759,Verified,False,2060.86,1,16,1,34.02,110,0,Low
CUST_1898,Patrick Perez,1805,Verified,False,7148.42,1,2,1,171.65,110,0,Low
CUST_1899,Derek Frazier,3213,Verified,False,1603.7,1,18,1,222.11,110,0,Low
CUST_1900,Arthur Reed,1298,Verified,False,1519.12,1,12,1,63.48,110,0,Low
CUST_1901,Mr. Bryan Mckinney,3488,Verified,False,1158.1,1,2,1,463.36,110,0,Low
CUST_1902,Kim Carter,1632,Verified,False,1612.67,1,20,1,63.88,110,0,Low
CUST_1903,Rebecca Dougherty,1915,Verified,False,1337.52,2,3,1,813.28,110,0,Low
CUST_1904,Teresa Jones,3111,Verified,False,4604.31,1,18,1,19.01,110,0,Low
CUST_1905,Judith Miller,814,Verified,False,8493.93,2,8,1,134.52,110,0,Low
CUST_1906,Donna Frye,29,Verified,False,4393.44,2,2,1,7645.53,110,1,Low
CUST_1907,Donald Terry,958,Verified,False,2758.87,1,3,1,4.09,110,0,Low
CUST_1908,Shaun Meyer DDS,2033,Verified,False,4850.74,2,167,2,620.77,110,0,High (Network Risk)
CUST_1909,Wayne Weaver,477,Verified,False,2874.35,1,46,1,238.61,110,1,High (Network Risk)
CUST_1910,Gregory Wallace,318,Pending,False,3067.36,2,6,1,93.65,110,0,Low
CUST_1911,Dorothy Brown,245,Verified,False,2193.74,1,10,2,772.16,110,0,Low
CUST_1912,Crystal Meza,748,Verified,False,6881.5,1,19,1,281.85,110,0,Low
CUST_1913,Jennifer Cooper,697,Verified,False,229.08,1,2,1,95.29,110,0,Low
CUST_1914,Erin Watkins,272,Verified,False,353.24,2,12,1,49.18,110,0,Low
CUST_1915,Sarah Wallace,3512,Verified,False,8326.72,1,16,2,78.68,110,0,Low
CUST_1916,Carlos Clarke,1772,Verified,False,2449.09,2,9,1,102.57,110,0,Low
CUST_1917,David Washington,1263,Verified,False,7459.43,2,22,1,114.02,110,0,Low
CUST_1918,Patricia Williams,2425,Verified,False,1622.82,1,8,1,45.03,110,0,Low
CUST_1919,Jesus Jackson,266,Verified,False,15902.7,1,17,1,185.76,110,0,Low
CUST_1920,Michelle Mitchell,2974,Verified,False,2600.56,1,8,1,55.85,110,1,Low
CUST_1921,Sara Schwartz,921,Verified,False,4672.23,1,2,1,182.01,4,0,Low
CUST_1922,Brittany Young,3431,Verified,False,1906.17,2,15,1,2611.99,110,0,Low
CUST_1923,Eugene Martinez,340,Verified,False,1215.45,2,20,1,534.37,110,0,Low
CUST_1924,Cody Hart,389,Verified,False,522.73,2,6,2,140.03,110,0,Low
CUST_1925,Evan Cooper,2625,Verified,False,6540.08,3,2,1,25.23,110,0,Low
CUST_1926,Joshua Martin,2051,Verified,False,4426.74,1,14,1,183.6,4,0,Low
CUST_1927,Thomas Sullivan,3501,Verified,False,3273.75,1,9,1,2163.12,110,0,Low
CUST_1928,Mr. Jimmy Flores Jr.,1166,Verified,False,954.69,2,9,2,32.72,110,0,Low
CUST_1929,Vanessa Rivera,376,Verified,False,12276.79,2,8,1,5.52,110,0,Low
CUST_1930,Kara Roberts,2034,Verified,False,3313.87,1,16,1,238.22,110,0,Low
CUST_1931,Veronica Berry,2372,Verified,False,6020.28,1,9,5,1489.21,110,0,High (Network Risk)
CUST_1932,Keith Meadows,146,Verified,False,2972.07,2,5,1,917.81,110,0,Low
CUST_1933,Michael Dennis,1982,Verified,False,1002.83,1,2,1,1777.72,110,0,Low
CUST_1934,Brenda Pierce,293,Verified,False,8042.03,1,5,1,21.5,110,0,Low
CUST_1935,James Randall,432,Verified,False,4678.67,2,15,1,81.63,110,0,Low
CUST_1936,Brandon Brown,705,Verified,False,2486.4,3,5,1,258.11,110,0,Low
CUST_1937,Lauren Walker,2997,Verified,False,4599.35,2,15,1,4.65,110,1,Low
CUST_1938,Diana Johnson,1999,Verified,False,6751.66,2,2,1,142.38,110,1,Low
CUST_1939,Jill Powers,2633,Pending,False,5768.72,1,3,1,66.83,4,0,Low
CUST_1940,Jorge Lee,399,Verified,False,538.44,2,3,2,102.53,110,0,Low
CUST_1941,Larry Harding,2865,Verified,False,671.69,1,8,1,221.59,4,0,Low
CUST_1942,Heather Hernandez,3416,Verified,False,6203.38,10,30,2,89.51,110,0,Low
CUST_1943,Jaclyn Watson,964,Verified,False,1486.05,1,44,2,28.93,110,1,High (Network Risk)
CUST_1944,Gregory Madden,3212,Verified,False,1044.6,1,17,1,427.63,110,0,Low
CUST_1945,Anita Luna,2235,Verified,False,4324.73,2,1,1,28.47,110,0,Low
CUST_1946,Willie Lara,2042,Verified,False,1013.39,1,4,1,125.33,110,0,Low
CUST_1947,Robert Waller,1829,Verified,False,1846.15,3,0,2,42.62,110,0,Low
CUST_1948,Steven Taylor,2109,Verified,False,6990.24,1,8,1,413.84,110,0,Low
CUST_1949,Angelica Clark,939,Verified,False,655.8,1,27,1,14.0,110,5,Low
CUST_1950,Sean Hatfield,3452,Verified,False,758.8,1,14,2,128.0,110,0,Low
CUST_1951,Tyler Avila,710,Verified,False,595.26,2,1,1,235.37,110,0,Low
CUST_1952,Jason Rocha,807,Verified,False,1259.96,2,22,2,225.08,110,0,Low
CUST_1953,Justin Page,1464,Verified,False,3238.01,1,19,1,743.52,110,0,Low
CUST_1954,Breanna Lopez,3391,Verified,False,1605.53,1,25,2,513.27,110,0,Low
CUST_1955,Julian Williams,1326,Verified,False,13404.54,2,17,1,292.77,110,1,Low
CUST_1956,Sandra Torres,3416,Verified,False,4699.96,1,4,1,7.48,110,0,Low
CUST_1957,Julie Johnson,11,Verified,True,2925.39,1,1,2,351.95,110,0,Medium (Compliance)
CUST_1958,Dennis Blanchard,1086,Verified,False,10587.28,1,18,1,910.2,110,0,Low
CUST_1959,Kaitlyn Valdez,1869,Verified,False,787.76,2,13,1,46.28,110,0,Low
CUST_1960,Jennifer Vasquez,2274,Verified,False,7090.93,1,1,1,847.71,110,0,Low
CUST_1961,Danielle Wilson,3225,Verified,False,2353.69,1,3,2,576.31,110,0,Low
CUST_1962,Zachary Jones,2612,Verified,False,1890.65,3,3,1,51.61,110,0,Low
CUST_1963,Lauren Cunningham,772,Verified,False,5492.13,1,13,2,67.29,110,1,Low
CUST_1964,Lori Alvarez,1595,Verified,False,1973.36,1,7,1,35.06,110,0,Low
CUST_1965,Barbara Hunt,1608,Verified,False,3575.65,1,5,1,726.77,110,0,Low
CUST_1966,Sarah Martin,3647,Verified,False,2697.52,3,5,1,53.16,110,0,Low
CUST_1967,Francisco Johns,1334,Verified,False,4049.92,2,3,1,54.68,110,0,Low
CUST_1968,Christopher Nelson,885,Pending,False,1795.29,1,15,1,104.41,110,5,Low
CUST_1969,Thomas Kelly,3315,Verified,False,7530.84,2,4,1,27.4,110,0,Low
CUST_1970,Joseph Mayer,3565,Verified,False,385.99,1,18,1,309.03,110,0,Low
CUST_1971,Pamela White,1390,Pending,False,5658.38,3,2,1,95.09,110,0,Low
CUST_1972,Paul Stephens,3402,Verified,False,449.78,1,4,2,770.22,110,0,Low
CUST_1973,Samantha Cohen,3179,Failed,False,1403.26,2,35,1,532.27,110,0,High (Network Risk)
CUST_1974,Michael Barker,226,Pending,False,5025.9,1,8,5,1713.01,110,0,High (Network Risk)
CUST_1975,Kevin Morrow,825,Verified,False,397.95,1,4,1,14.11,110,0,Low
CUST_1976,Joseph Watson,2266,Verified,False,3520.93,2,4,1,21.85,110,1,Low
CUST_1977,Mr. Thomas Garcia,937,Verified,False,756.46,1,3,1,149.1,110,0,Low
CUST_1978,Daniel Lopez,2801,Verified,False,1131.08,2,10,1,176.99,110,0,Low
CUST_1979,Lisa Guerra,2554,Verified,False,1080.23,2,15,1,96.18,110,0,Low
CUST_1980,Kim Arnold,2307,Verified,False,777.95,1,9,1,1739.4,110,0,Low
CUST_1981,Ashley Stevens,1912,Verified,False,528.68,1,7,2,81.36,110,0,Low
CUST_1982,Robert Mclean,3589,Verified,False,23651.63,3,11,1,299.27,110,0,Low
CUST_1983,Eric Cox,1797,Pending,False,2483.76,1,2,1,245.9,110,0,Low
CUST_1984,Stacy Harper,54,Verified,False,864.87,1,9,1,59.83,110,0,Low
CUST_1985,Gloria Mckinney,3119,Verified,True,1699.14,2,10,1,298.14,110,0,Medium (Compliance)
CUST_1986,Robert Walker,727,Verified,False,3092.27,2,9,1,147.57,110,0,Low
CUST_1987,Brenda Perez,2737,Verified,False,2041.22,1,4,1,951.37,4,0,Low
CUST_1988,Carlos Miller,1545,Verified,False,839.8,1,3,1,849.7,110,0,Low
CUST_1989,Rachel Jones,3171,Verified,False,1212.9,2,2,1,3.38,110,0,Low
CUST_1990,Nicole Williams,1044,Failed,False,9756.77,1,23,2,14.78,110,1,Medium (Compliance)
CUST_1991,Ricky Palmer,1914,Verified,False,733.1,1,7,1,119.35,110,0,Low
CUST_1992,Bryan King,1777,Verified,False,404.65,2,5,1,541.69,110,0,Low
CUST_1993,Michael Webster,1597,Verified,False,2022.41,1,4,1,178.52,110,0,Low
CUST_1994,Tamara Harris,1915,Pending,False,431.94,1,3,1,276.41,110,0,Low
CUST_1995,Cathy Bell,3562,Verified,False,1200.18,1,4,2,9737.76,110,0,Low
CUST_1996,Ryan Mcmahon,2467,Verified,False,852.41,1,19,1,58.3,110,1,Low
CUST_1997,Hannah Martin,2738,Verified,False,859.9,1,11,1,288.07,110,0,Low
CUST_1998,Monica Allen,850,Verified,False,3195.6,1,14,1,189.92,110,0,Low
CUST_1999,Annette Lane,2110,Verified,False,3854.73,2,15,1,538.32,110,0,Low
CUST_2000,Daniel Lee,3217,Verified,False,1331.55,2,42,1,617.31,110,0,High (Network Risk)
CUST_2001,Steven Medina,2264,Verified,False,2712.48,1,7,2,341.24,110,0,Low
CUST_2002,Annette Lewis,3,Verified,False,1266.84,1,5,1,1214.03,110,0,Low
CUST_2003,Michelle Richardson,160,Verified,False,4450.8,2,10,1,1107.55,110,0,Low
CUST_2004,Jessica Rosario,781,Verified,False,680.17,1,12,1,276.22,110,0,Low
CUST_2005,Henry Gray,3192,Verified,False,3516.57,1,7,2,126.72,110,0,Low
CUST_2006,Darren Rodriguez,893,Verified,False,3793.64,2,3,1,229.25,110,0,Low
CUST_2007,Mrs. Ashley Taylor,2031,Verified,False,30821.85,1,8,1,12.29,110,0,Low
CUST_2008,Michele Hawkins,3161,Verified,False,515.72,1,11,1,67.44,110,0,Low
CUST_2009,Garrett Wilson,2377,Verified,False,42436.34,3,9,1,34.86,110,0,Low
CUST_2010,Kyle Collins,580,Verified,False,6353.01,1,1,1,564.06,110,0,Low
CUST_2011,Jill Spencer,1934,Verified,False,18533.12,1,2,2,1124.97,110,1,Low
CUST_2012,Scott Lopez,1381,Verified,False,7370.68,1,13,1,400.08,110,1,Low
CUST_2013,Ryan Alvarez,1291,Verified,False,1160.33,1,5,1,122.25,110,0,Low
CUST_2014,Cassie Lutz,1641,Verified,False,5755.09,2,43,1,48.94,110,0,High (Network Risk)
CUST_2015,Brian Kim DDS,952,Failed,False,1532.03,2,21,2,552.72,110,0,Medium (Compliance)
CUST_2016,Charles Morales,3395,Verified,False,2729.45,1,2,1,711.94,110,0,Low
CUST_2017,Ashley Schaefer,2683,Verified,False,920.87,1,16,1,128.6,110,0,Low
CUST_2018,Amy Hester,988,Verified,False,1512.17,10,26,1,162.34,110,0,Low
CUST_2019,Kurt Ewing,3613,Pending,False,7309.84,1,5,5,87.72,110,10,High (Network Risk)
CUST_2020,Ryan Hardy,1219,Verified,False,4619.11,1,6,1,277.08,110,0,Low
CUST_2021,Micheal Perkins,921,Verified,False,8301.82,1,4,1,82.84,110,0,Low
CUST_2022,Richard Schneider,2786,Verified,False,736.71,1,3,1,131.84,110,0,Low
CUST_2023,John Morrison,1356,Verified,False,459.23,1,26,1,25.63,110,0,Low
CUST_2024,John Ramirez,170,Verified,False,8970.67,1,0,1,219.94,110,0,Low
CUST_2025,Ashley King,521,Verified,False,8330.45,2,4,1,2052.91,110,0,Low
CUST_2026,Mark Taylor Jr.,1487,Verified,False,3683.2,2,5,1,249.88,110,0,Low
CUST_2027,Barry Gregory,40,Verified,False,4533.39,1,8,1,708.82,110,5,Low
CUST_2028,Janet Shelton,1561,Verified,False,7080.06,1,2,1,466.54,110,0,Low
CUST_2029,Marco Davis,3333,Verified,False,3574.3,1,21,1,123.55,110,0,Low
CUST_2030,Paul Saunders,1419,Verified,False,5098.32,1,1,1,145.39,110,0,Low
CUST_2031,Christina Bates,955,Verified,False,6733.31,1,1,1,65.26,110,0,Low
CUST_2032,Dennis Cooper PhD,3298,Verified,False,2714.83,1,7,1,644.21,110,1,Low
CUST_2033,Tiffany Johnson,984,Verified,False,2109.92,1,2,1,299.57,110,0,Low
CUST_2034,Thomas Reyes,3196,Verified,False,4367.97,1,8,2,668.11,110,0,Low
CUST_2035,James Stevens,975,Pending,False,28698.9,3,4,2,174.27,110,0,Low
CUST_2036,Justin Dalton,38,Verified,False,1277.06,1,14,1,10.13,110,0,Low
CUST_2037,Michael Henry,2376,Verified,False,1937.71,1,3,1,50.3,110,0,Low
CUST_2038,Mike Freeman,1275,Pending,False,514.7,1,23,5,666.46,110,0,High (Network Risk)
CUST_2039,Michael Keller,1200,Verified,False,4604.56,1,12,1,110.52,110,0,Low
CUST_2040,Laura Alvarez,1626,Verified,False,1754.72,2,4,1,730.87,110,1,Low
CUST_2041,Katie Myers,914,Verified,False,734.85,1,12,1,1231.54,110,0,Low
CUST_2042,Wesley Jensen MD,454,Verified,False,2797.3,2,8,1,598.73,110,0,Low
CUST_2043,Erica Johnson,37,Verified,False,13288.2,1,13,1,565.5,110,0,Low
CUST_2044,Russell Bailey,3388,Verified,False,2096.39,2,11,2,2.63,110,1,Low
CUST_2045,Alyssa Vance,1712,Verified,True,2297.29,1,9,1,104.52,110,0,Medium (Compliance)
CUST_2046,Brent Reed,3021,Verified,False,12780.9,1,7,1,147.08,110,0,Low
CUST_2047,Gregory Stanley,796,Verified,False,2966.07,1,15,1,568.05,110,0,Low
CUST_2048,Matthew Watkins,973,Verified,False,891.01,1,18,5,176.0,110,0,High (Network Risk)
CUST_2049,Ana Torres,593,Verified,False,5937.24,1,8,1,15.76,110,0,Low
CUST_2050,Alejandro Nguyen,1138,Verified,False,9178.26,1,12,2,16.3,110,0,Low
CUST_2051,Scott Bradley,3112,Verified,False,2439.69,2,15,1,71.71,110,1,Low
CUST_2052,Deborah Dominguez,1325,Verified,False,3396.47,1,26,1,8368.63,110,0,Low
CUST_2053,Victoria Gray,2272,Verified,False,803.37,1,23,1,226.03,4,0,Low
CUST_2054,Kenneth Stokes,318,Verified,False,1248.14,1,16,2,319.91,4,0,Low
CUST_2055,Michael Rogers,2397,Verified,False,2136.58,1,5,1,16.26,110,0,Low
CUST_2056,Pamela Morgan,2163,Verified,False,3219.34,1,2,2,776.9,110,0,Low
CUST_2057,Heidi Graham,2746,Verified,False,1603.99,1,11,1,92.19,110,1,Low
CUST_2058,Ryan Cobb PhD,1347,Pending,False,2057.45,1,11,2,1417.89,110,0,Low
CUST_2059,Donna Williams,1592,Verified,False,2633.8,2,5,1,23.01,110,1,Low
CUST_2060,Jennifer Perez PhD,3112,Verified,False,1098.8,2,2,1,128.92,110,0,Low
CUST_2061,Ryan Davis,1890,Verified,False,2278.33,1,27,1,68.91,110,1,Low
CUST_2062,Austin Solis,2088,Pending,False,9470.53,1,10,1,384.76,110,0,Low
CUST_2063,Daniel Flynn,1997,Verified,False,1642.5,1,2,1,645.43,110,0,Low
CUST_2064,Elizabeth Brock,1773,Verified,False,1210.84,1,6,1,57.71,110,0,Low
CUST_2065,Joshua Gonzalez,1313,Verified,False,23983.57,1,2,1,496.48,110,0,Low
CUST_2066,Mario Chavez,1286,Verified,False,3735.37,1,12,1,1246.64,110,1,Low
CUST_2067,Catherine Smith,216,Verified,False,1376.31,1,32,1,646.43,110,0,High (Network Risk)
CUST_2068,Shari Ray,3219,Verified,False,5673.15,1,6,1,62.77,110,0,Low
CUST_2069,Victor Harmon,2384,Pending,False,3851.07,1,6,2,78.57,110,0,Low
CUST_2070,Timothy Patel,3240,Verified,False,1685.49,1,5,1,107.87,110,0,Low
CUST_2071,Patricia Hamilton,2140,Verified,False,2838.55,1,6,1,614.13,110,0,Low
CUST_2072,Lori Boyd,2401,Pending,False,2227.33,1,3,1,282.47,110,0,Low
CUST_2073,Charles Hernandez,2619,Verified,False,8023.12,2,22,1,22.49,110,1,Low
CUST_2074,Elizabeth Graham,3643,Verified,False,5891.95,2,8,1,144.9,110,1,Low
CUST_2075,Ronald Brown,2864,Verified,False,349.69,1,7,1,1725.85,110,0,Low
CUST_2076,Jason Colon,1705,Verified,False,19988.43,1,6,1,651.17,110,0,Low
CUST_2077,Dawn Burke,2829,Verified,False,2234.3,1,2,1,60.27,110,0,Low
CUST_2078,Brian Lee,363,Verified,False,16686.63,1,15,1,14.82,110,0,Low
CUST_2079,Ronald Marshall,2605,Verified,False,6100.04,2,23,1,70.21,110,0,Low
CUST_2080,Jessica Lucas,3417,Verified,False,3820.86,1,1,2,147.66,110,1,Low
CUST_2081,Christopher Taylor,1717,Verified,False,2713.07,2,13,1,80.08,110,0,Low
CUST_2082,Robert Hopkins,1194,Verified,False,47041.11,1,14,1,34.04,110,0,Low
CUST_2083,Samuel Stuart,356,Verified,False,2271.85,2,20,1,357.4,110,0,Low
CUST_2084,Mr. Scott Miller,191,Verified,False,1523.35,2,19,2,4.12,110,1,Low
CUST_2085,Sharon Lester,2470,Verified,False,1666.85,2,60,1,797.95,110,0,High (Network Risk)
CUST_2086,Jack Sandoval,700,Verified,False,2984.12,1,10,1,460.54,4,0,Low
CUST_2087,Tony Ramsey,2055,Verified,False,2978.91,2,16,1,281.59,110,0,Low
CUST_2088,Brian Navarro,2181,Verified,False,8135.76,1,7,1,362.74,110,0,Low
CUST_2089,Kelly Calderon,557,Verified,False,6362.96,2,3,2,96.93,110,0,Low
CUST_2090,Tara King,826,Verified,False,6370.87,1,13,1,142.5,4,1,Low
CUST_2091,Cynthia Martinez,2809,Verified,False,2372.65,1,16,2,1345.79,110,0,Low
CUST_2092,Erin Silva,1055,Verified,False,5863.62,3,9,2,118.13,110,0,Low
CUST_2093,Paul Young,2583,Verified,False,6511.31,2,1,1,264.1,110,0,Low
CUST_2094,Charles Thompson,426,Verified,False,2753.63,2,2,1,327.15,110,10,Low
CUST_2095,Jessica King,3466,Verified,False,3941.04,1,13,2,173.83,110,0,Low
CUST_2096,Katherine Brooks,2720,Verified,False,6503.08,3,5,1,107.65,110,0,Low
CUST_2097,Emily Coleman,2411,Verified,False,3681.83,2,9,1,10.81,110,0,Low
CUST_2098,Tracey Suarez,3509,Verified,False,4050.43,1,10,2,504.52,110,0,Low
CUST_2099,Heidi Baldwin,1575,Verified,False,12174.46,2,6,1,747.5,110,0,Low
CUST_2100,Alisha Rasmussen,2130,Verified,False,3710.84,1,6,1,165.51,110,0,Low
CUST_2101,Sarah Bates,2404,Verified,False,1623.38,1,6,2,958.12,110,0,Low
CUST_2102,Melissa Mccormick,3330,Verified,False,776.13,1,11,1,262.4,110,0,Low
CUST_2103,Juan Parker,589,Verified,False,3338.08,1,10,1,7.84,110,0,Low
CUST_2104,Heidi Burnett,2013,Verified,False,2139.94,2,3,1,30.51,110,0,Low
CUST_2105,Sean Mathews,1548,Verified,False,6689.63,1,7,1,71.27,110,0,Low
CUST_2106,Theodore Long,295,Verified,False,14439.14,1,3,2,59.44,110,0,Low
CUST_2107,Dawn Davis,1986,Verified,False,1064.54,1,11,1,165.9,110,0,Low
CUST_2108,Cynthia Clark,1248,Verified,False,1229.24,1,5,1,37.45,110,0,Low
CUST_2109,Sydney Welch,1549,Verified,False,2909.8,1,13,1,1910.66,110,0,Low
CUST_2110,Pamela Sullivan,3118,Verified,False,1339.52,1,6,2,5.88,110,0,Low
CUST_2111,Sean Morrow,1691,Verified,False,2387.43,1,18,1,131.45,110,0,Low
CUST_2112,Kaitlin Gutierrez,1137,Verified,False,1743.81,2,21,1,48.22,110,0,Low
CUST_2113,Michelle Mcdowell,1257,Verified,False,1088.14,2,10,2,21.02,110,0,Low
CUST_2114,Samantha Hale,2065,Verified,False,6808.22,1,5,1,359.43,110,0,Low
CUST_2115,Heather Guzman,360,Verified,False,3214.03,1,3,5,32.55,110,0,High (Network Risk)
CUST_2116,Nancy Chavez,3295,Verified,False,18589.81,1,15,5,157.68,110,0,High (Network Risk)
CUST_2117,Anthony May,2914,Verified,False,4268.45,1,7,2,35.63,110,0,Low
CUST_2118,Rachel Taylor,700,Verified,False,10813.3,2,7,1,8.53,110,0,Low
CUST_2119,Mark Edwards,448,Verified,False,1438.28,1,5,1,106.25,110,0,Low
CUST_2120,Christopher Black,2904,Verified,False,1420.54,1,2,1,234.77,110,0,Low
CUST_2121,Sandra Hines,2413,Verified,False,27470.57,1,17,1,60.53,110,0,Low
CUST_2122,Melissa Sparks,675,Verified,False,1621.46,3,6,1,1069.12,4,0,Low
CUST_2123,John Moss,1008,Verified,False,1153.84,1,1,2,231.3,110,0,Low
CUST_2124,Michael Serrano,1350,Verified,False,924.04,1,6,1,439.94,110,0,Low
CUST_2125,Christina Perry,2515,Verified,False,20246.77,1,2,1,55.38,110,1,Low
CUST_2126,Shawn Duffy,2462,Verified,False,2264.94,1,11,1,57.56,110,0,Low
CUST_2127,Courtney Vaughan,3527,Verified,False,4462.18,2,10,1,89.24,110,0,Low
CUST_2128,Maria Sims,586,Verified,False,3468.22,1,24,2,87.38,110,0,Low
CUST_2129,Valerie Gonzalez,1257,Verified,False,1446.05,2,2,1,74.2,110,0,Low
CUST_2130,Caroline Morales,1248,Verified,False,2216.53,1,23,1,28.1,110,0,Low
CUST_2131,David Davis,994,Verified,False,6944.35,1,11,1,485.81,110,0,Low
CUST_2132,Travis Wilson,1436,Pending,False,874.93,1,2,1,16.44,110,0,Low
CUST_2133,Jessica Mora,572,Verified,False,5849.83,2,31,1,379.48,110,0,High (Network Risk)
CUST_2134,Michael Wilson,2383,Verified,False,12506.92,1,6,1,515.21,110,0,Low
CUST_2135,Cheryl Atkins,1246,Verified,False,3993.31,1,2,1,96.5,110,0,Low
CUST_2136,Donna Snyder,2085,Verified,False,11309.52,1,16,1,6653.52,110,0,Low
CUST_2137,Scott Greene,989,Verified,False,756.41,2,3,2,150.47,110,0,Low
CUST_2138,Diane Byrd MD,278,Verified,False,478.17,2,18,1,95.68,110,0,Low
CUST_2139,Charles Roberts,1220,Verified,False,3799.57,2,6,2,102.5,110,1,Low
CUST_2140,Luke Solomon,2964,Failed,False,1658.48,1,5,2,756.68,110,0,Medium (Compliance)
CUST_2141,Michael Ellis,1888,Verified,False,7177.92,1,2,1,99.69,110,0,Low
CUST_2142,Casey Morris,484,Verified,False,2185.4,1,3,1,384.75,110,0,Low
CUST_2143,Melissa Reeves,1266,Verified,False,3453.67,1,8,2,19.53,110,0,Low
CUST_2144,Nancy Scott,3396,Verified,False,3232.41,2,1,2,184.91,110,0,Low
CUST_2145,Anthony Cook,731,Verified,False,3337.19,2,12,1,652.07,110,0,Low
CUST_2146,Terry Barajas,2240,Verified,False,1732.56,2,4,1,139.6,110,0,Low
CUST_2147,Tracy George,1041,Verified,False,761.55,1,5,1,47.73,110,0,Low
CUST_2148,Amber King,2572,Verified,False,2394.21,2,11,1,96.78,110,0,Low
CUST_2149,Elizabeth Foster,918,Verified,False,12708.7,2,6,1,17.52,110,0,Low
CUST_2150,Walter Hansen,2449,Verified,False,1621.61,1,19,1,583.18,110,0,Low
CUST_2151,Debbie Gordon,886,Verified,False,1612.68,1,1,1,925.72,110,0,Low
CUST_2152,Sherry Anderson,2753,Verified,False,3489.97,1,14,1,122.69,110,0,Low
CUST_2153,Joseph Thomas,22,Verified,False,918.64,1,7,2,1435.91,110,0,Low
CUST_2154,Andrew Anderson,474,Verified,False,8131.4,2,4,2,451.05,110,1,Low
CUST_2155,Sandy Adkins,3192,Verified,False,1010.56,1,15,5,152.56,110,1,High (Network Risk)
CUST_2156,Diane Mcdowell,2258,Verified,False,2232.11,1,11,1,1116.0,110,0,Low
CUST_2157,Pam Baker,2354,Verified,False,37756.33,1,8,1,432.32,110,0,Low
CUST_2158,Steven Stewart,3342,Verified,False,950.93,1,6,2,882.82,4,0,Low
CUST_2159,Pamela Hernandez DVM,704,Verified,False,12995.66,1,4,1,1197.69,110,0,Low
CUST_2160,Rebecca Brown,687,Verified,True,3365.22,10,3,1,103.68,110,1,Medium (Compliance)
CUST_2161,David Johnson,285,Verified,False,3875.07,1,22,1,417.2,110,0,Low
CUST_2162,Michael Graham,716,Verified,False,1326.95,2,14,2,8.18,110,0,Low
CUST_2163,Tammy Williams MD,763,Verified,False,6625.96,2,11,1,25.98,110,0,Low
CUST_2164,Karina Vasquez,1251,Verified,False,2067.46,1,5,1,316.37,110,0,Low
CUST_2165,Sharon Martinez,948,Verified,False,945.97,2,37,1,255.91,110,0,High (Network Risk)
CUST_2166,Sean White,2429,Verified,False,12780.3,1,4,2,35.7,110,0,Low
CUST_2167,Jordan Nelson,2508,Verified,False,2026.67,1,5,1,84.13,110,0,Low
CUST_2168,Laurie Silva,1031,Pending,False,464.34,1,31,1,253.33,110,0,High (Network Risk)
CUST_2169,Kelly Duncan,29,Verified,False,2278.55,1,7,1,147.45,110,0,Low
CUST_2170,Billy Tate,907,Verified,False,6688.0,1,29,1,105.36,110,0,Low
CUST_2171,Stacy Johnson,3105,Verified,False,5700.8,2,10,1,17.9,110,0,Low
CUST_2172,Melanie Long,2927,Verified,False,1570.46,1,4,1,251.07,110,0,Low
CUST_2173,Tiffany Hood,2127,Verified,False,1121.61,1,6,5,111.68,110,1,High (Network Risk)
CUST_2174,Brad Rivas,2995,Verified,False,760.38,2,4,2,3862.97,4,0,Low
CUST_2175,Jordan Moses,2507,Verified,False,2913.87,2,12,1,1221.02,110,0,Low
CUST_2176,Abigail Booker,570,Verified,False,3466.83,1,19,1,181.58,110,1,Low
CUST_2177,Tiffany Nguyen,2007,Verified,False,6056.94,1,10,1,8.08,110,0,Low
CUST_2178,Morgan Bernard,3610,Verified,False,2568.21,1,9,2,5637.01,110,0,Low
CUST_2179,Christine Williams,3554,Verified,False,2493.22,1,3,1,505.33,110,0,Low
CUST_2180,Erica Brown,1454,Verified,False,2256.36,1,17,1,64.98,110,1,Low
CUST_2181,Trevor James,738,Verified,False,3472.75,2,14,1,560.54,110,0,Low
CUST_2182,Christopher Hanna,3357,Verified,False,2607.99,1,9,1,489.37,110,0,Low
CUST_2183,Ann Phelps,516,Pending,False,7624.23,1,5,1,55.51,110,0,Low
CUST_2184,Richard Mitchell,2001,Verified,False,4067.75,2,7,1,36.74,110,0,Low
CUST_2185,Martha Martinez,3171,Verified,False,3320.94,1,3,1,451.6,110,1,Low
CUST_2186,Jeffrey Drake MD,2445,Verified,False,2859.12,1,2,2,744.91,110,0,Low
CUST_2187,Bonnie Wade,3561,Verified,False,1162.32,1,5,2,240.26,110,0,Low
CUST_2188,Kayla Burns,39,Verified,False,2979.01,2,3,1,217.91,110,0,Low
CUST_2189,Karen Hart,3343,Pending,False,1561.61,2,4,1,1131.09,110,0,Low
CUST_2190,Peter Shepherd,887,Verified,False,4215.62,2,5,1,118.51,110,0,Low
CUST_2191,Jessica Simmons,2845,Verified,False,2419.08,1,6,1,1.95,110,0,Low
CUST_2192,Glenn Ford,2205,Verified,False,15745.57,2,6,1,330.81,110,0,Low
CUST_2193,Michael Moore,1099,Verified,False,843.91,1,0,1,836.41,110,0,Low
CUST_2194,Mark Warren IV,2932,Verified,False,134.22,1,9,2,302.74,110,0,Low
CUST_2195,Terry Woods,1824,Verified,False,3895.83,1,8,1,21.79,110,0,Low
CUST_2196,Carl Leach,3202,Verified,False,1566.74,1,15,1,56.7,110,0,Low
CUST_2197,Kelly Phillips,1711,Verified,False,3501.9,1,6,1,120.41,110,0,Low
CUST_2198,Billy Williams,974,Verified,False,866.41,1,17,1,20.41,110,0,Low
CUST_2199,Jeffery Davis,3156,Verified,False,20109.74,1,6,1,62.51,110,5,Low
CUST_2200,Laura King,3094,Verified,False,2025.33,1,9,2,1202.57,110,0,Low
CUST_2201,Brad Gordon,3531,Verified,False,1468.58,2,3,1,33.39,4,0,Low
CUST_2202,Matthew White,1563,Verified,False,19741.77,2,18,2,95.06,110,5,Low
CUST_2203,James Miller,2897,Verified,False,6907.36,1,20,1,434.83,110,1,Low
CUST_2204,Elizabeth Matthews,3454,Verified,False,11962.24,1,33,2,13.27,110,0,High (Network Risk)
CUST_2205,Michael Hanson,2796,Verified,False,2509.46,1,4,1,1134.52,110,0,Low
CUST_2206,Vincent Savage,3512,Verified,False,3124.13,1,11,1,58.76,110,0,Low
CUST_2207,Cody Burgess,989,Verified,False,1641.35,2,2,1,30.58,110,0,Low
CUST_2208,Shelby Rodriguez,21,Verified,False,1460.49,1,1,1,1189.88,110,0,Low
CUST_2209,Abigail Wilson,2351,Verified,False,4439.24,1,11,2,548.75,110,0,Low
CUST_2210,John Holt,869,Verified,False,2062.24,1,6,1,31.9,110,1,Low
CUST_2211,Tracy Guzman,84,Verified,False,27469.16,2,2,1,83.72,110,0,Low
CUST_2212,Mr. William Ward,1683,Verified,False,6922.45,1,8,2,227.1,110,0,Low
CUST_2213,Melissa Foster,1977,Verified,False,19599.54,2,15,1,90.88,110,0,Low
CUST_2214,Calvin Smith,3525,Verified,False,320.96,1,7,1,1018.98,110,0,Low
CUST_2215,Alan Waller,1411,Verified,False,19839.32,2,19,2,541.83,110,0,Low
CUST_2216,Christine Wong,1531,Pending,False,274.53,2,4,2,1.64,110,0,Low
CUST_2217,Jessica Garrett,3329,Verified,False,844.79,1,17,1,42.97,110,1,Low
CUST_2218,Cheryl Turner,570,Verified,False,516.64,2,5,1,66.01,110,0,Low
CUST_2219,John Johnson,934,Verified,False,3801.11,2,19,5,73.29,110,0,High (Network Risk)
CUST_2220,Christian Park,3599,Verified,False,2927.2,2,2,1,289.76,110,10,Low
CUST_2221,Kaitlyn Heath,3234,Verified,False,6600.62,2,8,1,814.18,110,0,Low
CUST_2222,Christina Hudson,1981,Verified,False,2728.58,1,8,1,56.78,4,1,Low
CUST_2223,Amber Smith,3235,Verified,False,10148.69,1,10,1,27.38,110,0,Low
CUST_2224,Michelle Petty,1856,Verified,False,1172.98,3,5,1,91.29,110,0,Low
CUST_2225,Nancy Larson,3057,Verified,False,10385.47,1,10,1,5.77,110,0,Low
CUST_2226,Donna Freeman,793,Verified,False,2890.72,3,6,1,422.13,110,0,Low
CUST_2227,Mr. Logan Gregory,792,Verified,False,31440.75,1,4,2,123.0,110,0,Low
CUST_2228,Katherine Klein,3596,Verified,False,7128.86,1,22,1,79.68,110,0,Low
CUST_2229,Jennifer Stewart,1810,Verified,False,2200.28,2,7,1,206.05,110,0,Low
CUST_2230,Steven Butler,1295,Verified,False,2881.1,2,2,1,37.47,110,0,Low
CUST_2231,Johnny Mcmillan,2540,Verified,False,1086.68,1,4,2,87.78,110,0,Low
CUST_2232,Michael Smith,2256,Verified,False,4269.96,1,23,1,53.65,110,0,Low
CUST_2233,Corey Cooper,3611,Verified,False,2199.1,2,3,1,8.66,110,0,Low
CUST_2234,Daniel Stout,1608,Verified,False,6149.76,3,11,5,146.93,110,0,High (Network Risk)
CUST_2235,Lance Kirby,1084,Verified,False,782.11,1,4,5,6480.58,110,0,High (Network Risk)
CUST_2236,Bonnie Carter,2478,Verified,False,2143.78,1,2,1,154.77,110,0,Low
CUST_2237,Toni Whitaker,985,Verified,False,934.94,1,10,1,46.54,110,0,Low
CUST_2238,Morgan Flynn,1681,Verified,False,994.92,2,5,1,161.62,110,0,Low
CUST_2239,Sarah Howell,3381,Verified,False,5464.62,1,26,1,28.73,110,0,Low
CUST_2240,Paul Estrada,520,Verified,False,9177.47,1,18,2,60.63,110,0,Low
CUST_2241,Curtis Obrien,591,Verified,False,289.3,1,20,1,78.35,110,5,Low
CUST_2242,Jason Chaney,1051,Verified,False,19184.82,1,17,1,64.57,110,1,Low
CUST_2243,Daniel Williams,1710,Verified,False,12137.89,1,12,1,95.51,110,0,Low
CUST_2244,Stanley Kelly,3634,Verified,False,775.36,1,2,1,418.3,110,1,Low
CUST_2245,Ronald Kline,2036,Verified,False,6814.74,2,6,1,80.64,110,0,Low
CUST_2246,Arthur Jordan,2247,Verified,False,1881.48,1,12,2,95.19,110,0,Low
CUST_2247,Barbara Walker,2435,Verified,False,2702.41,1,5,1,8.36,110,0,Low
CUST_2248,Gerald Kelly,349,Verified,False,5442.83,1,7,1,20.41,110,0,Low
CUST_2249,Shawn Adams,960,Verified,False,4817.43,2,13,1,167.7,110,0,Low
CUST_2250,Michael Robertson,1964,Verified,False,1680.76,2,17,1,822.75,110,0,Low
CUST_2251,Michelle House,693,Verified,False,1673.66,1,3,1,111.89,110,0,Low
CUST_2252,Jim Skinner,1560,Verified,False,1775.39,1,12,5,132.85,110,0,High (Network Risk)
CUST_2253,Brian Bishop,378,Verified,False,9347.16,1,11,1,17.67,110,0,Low
CUST_2254,Theresa Colon,2947,Verified,False,463.21,2,3,1,43.34,110,0,Low
CUST_2255,Brian Soto,2964,Verified,False,2535.35,1,5,1,212.17,110,5,Low
CUST_2256,Susan Moore,3630,Verified,False,14364.96,1,8,1,901.55,4,0,Low
CUST_2257,Jeremy Hunter,527,Verified,False,6025.19,2,22,1,200.66,110,5,Low
CUST_2258,Annette Holland,3225,Verified,False,8526.75,1,5,1,121.9,110,0,Low
CUST_2259,Chad Allison,2782,Verified,False,2570.72,1,10,1,218.68,110,0,Low
CUST_2260,Jason Mack,2254,Verified,False,931.17,1,18,1,32.58,110,1,Low
CUST_2261,Robert Peterson,2503,Verified,False,3151.67,1,32,1,36.7,110,0,High (Network Risk)
CUST_2262,Angela Watson,3345,Verified,False,1496.77,1,8,1,104.96,4,1,Low
CUST_2263,Heather Ortega,1260,Verified,False,27741.55,1,1,1,26.24,110,0,Low
CUST_2264,Paul Fisher,1876,Verified,False,2544.84,3,15,1,424.17,110,0,Low
CUST_2265,Robert Gutierrez,1764,Verified,False,5638.98,1,8,2,607.0,110,0,Low
CUST_2266,Jimmy Phelps,521,Verified,False,16356.69,1,3,1,98.65,110,0,Low
CUST_2267,Heidi Johnson,1702,Verified,False,995.51,1,13,5,461.05,110,0,High (Network Risk)
CUST_2268,Adam Drake,1017,Verified,False,304.99,1,32,1,1381.69,110,0,High (Network Risk)
CUST_2269,Angela Edwards,3004,Verified,False,4865.93,2,8,1,271.65,110,1,Low
CUST_2270,Mrs. Amy Malone,2774,Verified,False,5874.21,2,2,1,569.86,110,1,Low
CUST_2271,Margaret Orr,1014,Verified,False,1970.23,10,23,1,132.42,110,0,Low
CUST_2272,Mark Reeves,2549,Verified,False,938.0,1,7,1,572.74,110,0,Low
CUST_2273,Kelly Phillips,117,Verified,False,4063.58,1,13,1,123.03,110,0,Low
CUST_2274,Michael Spencer,2434,Verified,False,2911.0,1,7,1,52.18,110,0,Low
CUST_2275,Patrick Blankenship,1368,Verified,False,4114.21,1,10,1,419.96,110,0,Low
CUST_2276,Douglas Rose,584,Verified,False,960.11,1,12,5,206.37,110,0,High (Network Risk)
CUST_2277,Melody Griffin,395,Verified,False,4124.89,2,14,1,478.04,110,0,Low
CUST_2278,Joshua Kramer,1088,Verified,False,6765.12,1,8,1,48.83,110,0,Low
CUST_2279,Melissa Barron,2769,Verified,False,661.24,2,4,2,238.95,110,0,Low
CUST_2280,Jennifer Gonzalez,72,Verified,False,12841.23,1,8,1,609.95,110,0,Low
CUST_2281,Andrew Cook,274,Verified,False,3844.86,1,13,2,76.0,110,0,Low
CUST_2282,Natalie Martinez,2014,Verified,False,6980.98,1,4,1,493.51,110,0,Low
CUST_2283,Diane Davis DDS,1344,Verified,False,829.7,1,3,1,1570.62,4,0,Low
CUST_2284,Nicole Moore,338,Failed,False,5899.28,2,21,1,61.35,110,0,Medium (Compliance)
CUST_2285,Robert Vargas,1390,Verified,False,575.57,1,28,1,221.07,110,0,Low
CUST_2286,Raymond Barber,3567,Verified,False,1154.88,2,7,1,2062.97,110,0,Low
CUST_2287,Mrs. Amy Watson,607,Verified,False,3879.13,1,11,1,17.23,110,0,Low
CUST_2288,Heather Williams,166,Verified,False,2262.1,2,9,1,272.33,110,0,Low
CUST_2289,Belinda Evans,1568,Verified,False,3064.06,2,1,2,419.58,110,0,Low
CUST_2290,Jody Bird,2059,Verified,False,20483.74,1,8,2,153.07,110,0,Low
CUST_2291,Virginia Cunningham,1325,Verified,False,3016.38,1,23,1,4255.32,110,0,Low
CUST_2292,Lori Ferguson,729,Pending,False,6061.43,1,2,1,309.91,110,0,Low
CUST_2293,Hayley Mitchell,2849,Verified,False,2788.43,1,2,1,1115.71,110,1,Low
CUST_2294,Michelle Chambers,2044,Verified,False,2707.05,1,4,2,518.25,110,0,Low
CUST_2295,Kelly Wright,102,Verified,False,1120.73,1,5,20,1396.49,110,0,High (Network Risk)
CUST_2296,Kevin Carson,3497,Verified,False,4307.54,1,12,1,193.31,110,0,Low
CUST_2297,Brent Dawson,1416,Verified,False,37627.09,3,21,1,20.95,110,0,Low
CUST_2298,Angela Brown,779,Verified,False,3254.72,1,20,1,336.82,110,10,Low
CUST_2299,Karen Griffin,214,Verified,False,2282.42,2,12,1,11.83,110,0,Low
CUST_2300,Joseph Chapman,1112,Verified,False,9322.08,1,2,1,89.96,110,0,Low
CUST_2301,Jennifer Baker,1577,Verified,False,8289.98,1,2,1,73.73,110,0,Low
CUST_2302,Mr. Jeremiah Galvan MD,2449,Verified,False,4624.19,1,13,1,82.94,110,0,Low
CUST_2303,Samantha Thomas,2636,Verified,False,2189.94,1,2,1,988.62,110,0,Low
CUST_2304,Michael Anderson,2937,Verified,False,9362.12,2,11,2,142.85,110,0,Low
CUST_2305,Sharon Wilson,3118,Failed,False,3364.15,3,9,1,3241.08,110,0,Medium (Compliance)
CUST_2306,John Francis,1696,Verified,False,7433.56,1,5,1,134.68,110,0,Low
CUST_2307,Jaclyn Crane,3535,Verified,False,1313.83,2,0,2,6.01,110,0,Low
CUST_2308,Jennifer Martinez,592,Verified,False,1657.87,2,8,5,61.05,110,0,High (Network Risk)
CUST_2309,Amanda Hernandez,1334,Verified,False,3284.21,3,11,1,531.62,110,0,Low
CUST_2310,William Turner,1110,Verified,False,866.79,1,4,1,19.66,110,0,Low
CUST_2311,Dr. Charles Lawrence,2140,Verified,False,2059.25,3,3,1,87.01,110,1,Low
CUST_2312,Steven Small,2721,Verified,False,829.2,2,9,1,505.0,110,1,Low
CUST_2313,Robert Burns,714,Verified,False,636.03,1,2,1,92.46,110,0,Low
CUST_2314,Gregory Harrell,936,Verified,False,34063.87,1,12,1,64.57,110,1,Low
CUST_2315,Kenneth Knight,1952,Verified,False,1621.37,1,17,1,973.97,110,0,Low
CUST_2316,Rachael Alvarez,242,Verified,False,1770.41,1,1,1,105.6,110,0,Low
CUST_2317,Lisa Gill,2044,Verified,False,3229.94,2,4,1,31.08,110,0,Low
CUST_2318,Julia Cole,2,Verified,False,1030.98,2,7,1,518.23,4,0,Low
CUST_2319,Sean Nguyen,2273,Verified,False,1805.03,2,7,1,816.63,110,0,Low
CUST_2320,Mary Ortiz,2849,Verified,False,18665.07,1,3,1,194.58,110,0,Low
CUST_2321,James Weaver,1769,Verified,False,4264.58,1,2,1,62.22,110,0,Low
CUST_2322,Stacy Fitzgerald,1950,Verified,False,7991.08,1,5,2,39.21,110,1,Low
CUST_2323,Sharon Mann,2637,Verified,False,14379.99,2,12,1,64.69,110,0,Low
CUST_2324,Rebecca Zimmerman,2164,Verified,False,3679.93,1,11,1,22.4,110,0,Low
CUST_2325,Becky Hansen,918,Verified,False,2389.3,1,11,2,70.89,110,0,Low
CUST_2326,Luke Ray,3175,Verified,False,710.63,1,20,1,338.3,110,0,Low
CUST_2327,Kelly Lopez,2242,Verified,False,2032.67,1,3,1,448.09,4,0,Low
CUST_2328,Steven Martinez,3238,Verified,False,2533.87,1,5,1,154.57,110,0,Low
CUST_2329,Catherine Smith,2919,Pending,False,1329.72,1,6,1,263.4,110,0,Low
CUST_2330,Danielle Thornton,90,Verified,False,13977.8,3,0,1,104.3,110,0,Low
CUST_2331,Jill Roman,1710,Verified,False,8975.86,1,8,1,49.61,110,0,Low
CUST_2332,Jennifer Williams,2170,Verified,False,7986.77,2,7,1,88.8,110,0,Low
CUST_2333,Allison Kim,143,Verified,False,2653.93,1,2,2,801.47,110,0,Low
CUST_2334,Scott Stewart,3042,Verified,False,1061.0,2,14,1,4.88,110,0,Low
CUST_2335,Brian Garcia,106,Verified,False,11248.63,1,14,1,26.59,110,1,Low
CUST_2336,Charles Scott,887,Verified,False,4168.71,2,10,1,72.97,110,0,Low
CUST_2337,Eric Russell,428,Verified,False,6458.05,2,1,2,28.03,110,0,Low
CUST_2338,Lucas Nguyen,1329,Verified,False,5537.22,1,3,1,286.35,110,0,Low
CUST_2339,Anthony Price,1896,Verified,False,4066.86,2,9,1,14.88,110,0,Low
CUST_2340,Jason Nguyen,1995,Verified,False,22018.01,1,4,1,902.38,110,0,Low
CUST_2341,Ronald Martinez,317,Verified,False,1544.73,2,6,1,2791.77,110,1,Low
CUST_2342,Paul Willis,1987,Verified,False,2188.72,1,3,1,215.55,110,0,Low
CUST_2343,Paul Cruz Jr.,635,Verified,False,15385.16,2,8,1,58.65,110,1,Low
CUST_2344,John Russell,1926,Verified,False,3235.9,2,24,1,596.0,110,0,Low
CUST_2345,Mr. David Mercado,2057,Verified,False,2628.23,1,9,1,97.09,110,10,Low
CUST_2346,Victor Leonard,2822,Verified,False,2314.6,1,16,1,41.19,110,1,Low
CUST_2347,Justin Glover,3145,Verified,False,5879.94,2,14,2,160.62,110,1,Low
CUST_2348,Jason Miller,3431,Verified,False,2370.17,2,5,1,13.94,110,0,Low
CUST_2349,Christina Faulkner,2271,Verified,False,2118.46,3,6,2,48.91,110,0,Low
CUST_2350,William Casey,1440,Verified,False,5783.8,1,23,1,47.06,110,0,Low
CUST_2351,Jessica Buck,553,Verified,False,3272.33,1,13,1,128.78,110,0,Low
CUST_2352,Aaron Marshall,3442,Verified,False,1086.32,1,15,1,13.68,110,0,Low
CUST_2353,Donna Stanton,716,Verified,False,3077.94,1,8,1,36.97,110,0,Low
CUST_2354,Timothy Olson,1288,Verified,False,12022.46,1,5,1,68.7,110,0,Low
CUST_2355,Sara James,1714,Verified,False,6408.02,1,5,1,302.2,110,0,Low
CUST_2356,Mark Richards,1884,Verified,False,13602.1,1,22,1,148.99,4,0,Low
CUST_2357,Amber Stevenson,3390,Pending,False,1434.68,1,7,1,1723.8,110,0,Low
CUST_2358,Elizabeth Foster,1108,Failed,False,8692.62,1,20,1,38.2,110,1,Medium (Compliance)
CUST_2359,Charles Hawkins,1342,Verified,False,1558.51,2,22,1,558.28,110,0,Low
CUST_2360,Jeffrey Bishop,111,Verified,False,869.23,1,15,1,557.66,4,5,High (ATO Risk)
CUST_2361,Emily Fleming,251,Verified,False,1335.33,1,14,1,194.53,110,10,Low
CUST_2362,Dean Mullins,2431,Verified,False,3399.59,1,28,1,183.55,110,0,Low
CUST_2363,David Bird,2055,Verified,False,8332.77,1,3,1,220.52,110,0,Low
CUST_2364,Joe Greene,459,Pending,False,4066.0,2,5,1,36.27,110,0,Low
CUST_2365,Michael Lucas,1108,Verified,False,2557.33,1,2,1,626.86,110,1,Low
CUST_2366,John Valenzuela,208,Failed,False,1061.87,2,2,1,166.05,110,0,Medium (Compliance)
CUST_2367,Jennifer Woodard,900,Verified,False,6035.0,1,7,1,24.44,110,0,Low
CUST_2368,Pamela Medina,3462,Verified,False,7813.61,2,9,1,886.03,110,0,Low
CUST_2369,Mariah Jones,3386,Verified,False,4016.97,1,11,1,126.1,110,0,Low
CUST_2370,Ronnie Powers,22,Verified,False,1040.73,1,4,1,160.69,110,0,Low
CUST_2371,Heather Hess,410,Verified,False,6692.27,2,5,1,3.44,110,0,Low
CUST_2372,Heather Thompson,895,Verified,False,10170.48,1,14,1,131.14,110,0,Low
CUST_2373,Melissa Smith,515,Verified,False,13808.19,2,2,1,995.94,110,0,Low
CUST_2374,Timothy Wallace,3199,Verified,False,1924.27,1,7,1,57.9,110,1,Low
CUST_2375,Alejandro Campbell,809,Verified,False,4611.48,2,21,1,21.5,110,0,Low
CUST_2376,Heather Davis,874,Verified,False,1746.67,2,5,1,294.09,110,1,Low
CUST_2377,Elizabeth Robbins,14,Verified,False,1185.17,3,5,1,10.87,110,0,Low
CUST_2378,Johnny Cox,971,Verified,False,14518.87,1,19,1,365.63,110,0,Low
CUST_2379,Tanner Mann,3026,Pending,False,5242.57,1,2,2,109.36,110,0,Low
CUST_2380,Craig Nicholson,3062,Verified,False,10858.98,3,3,1,167.74,110,1,Low
CUST_2381,Sergio Carroll,3084,Verified,False,875.83,2,4,1,5151.23,110,0,Low
CUST_2382,Juan Keller MD,2135,Verified,False,3977.54,1,12,2,216.08,110,0,Low
CUST_2383,Krystal Jones,3596,Verified,False,4955.73,1,2,1,19.93,110,1,Low
CUST_2384,Austin Green,2957,Verified,False,1297.02,1,19,2,176.31,110,0,Low
CUST_2385,Crystal Mills,1561,Verified,False,13198.24,10,7,1,452.4,110,0,Low
CUST_2386,Cheryl Gregory,1325,Verified,False,2332.0,1,17,1,7.18,110,0,Low
CUST_2387,Melissa Patel MD,1267,Verified,False,4692.1,1,19,1,145.59,110,0,Low
CUST_2388,Jordan Pace,2170,Verified,False,1719.42,2,3,1,11.06,110,0,Low
CUST_2389,Terri Williams,3219,Pending,False,902.88,2,7,2,154.02,110,0,Low
CUST_2390,Jessica Carney,3639,Failed,False,7428.36,2,6,2,1505.4,4,0,Medium (Compliance)
CUST_2391,Michael Owens,750,Verified,False,4354.96,1,7,1,77.35,110,0,Low
CUST_2392,Peter Stephenson,3428,Verified,False,3779.14,1,4,1,167.01,110,0,Low
CUST_2393,Donald Fisher,685,Verified,False,2257.09,3,18,2,225.8,110,0,Low
CUST_2394,Aaron Lee,1928,Verified,False,4237.93,2,6,1,248.11,110,1,Low
CUST_2395,Kenneth Johnson,2357,Verified,False,10574.89,2,5,1,185.33,110,0,Low
CUST_2396,Vanessa Coleman,695,Verified,False,1504.46,2,18,2,7.3,4,0,Low
CUST_2397,David Martin,2336,Pending,False,5220.1,1,14,2,195.76,4,0,Low
CUST_2398,Mark Davis,307,Pending,False,3650.03,2,9,1,57.3,110,1,Low
CUST_2399,Robert Watkins,1990,Verified,False,2478.94,1,5,1,26.81,110,0,Low
CUST_2400,Felicia Wright,2962,Verified,False,575.04,1,23,5,200.12,110,0,High (Network Risk)
CUST_2401,David Peterson,662,Verified,False,2945.42,2,3,1,182.87,110,5,Low
CUST_2402,Gavin Bauer,549,Verified,False,5841.18,1,17,1,10.41,110,0,Low
CUST_2403,Patricia Harvey,3424,Verified,False,4121.5,1,12,1,81.53,110,0,Low
CUST_2404,Lori Riley,312,Verified,False,707.21,1,2,2,1110.61,110,0,Low
CUST_2405,Antonio Johnson,2921,Verified,False,10373.97,1,7,1,22.48,110,0,Low
CUST_2406,Ryan Brown,1083,Verified,False,15489.54,2,2,1,190.72,110,0,Low
CUST_2407,Thomas Ramos,2972,Verified,False,2671.79,2,5,1,24.33,110,1,Low
CUST_2408,Mark Jones,1738,Verified,False,30063.78,1,9,1,1738.28,110,0,Low
CUST_2409,Kristin Phillips,755,Verified,False,1300.43,1,3,2,422.85,110,0,Low
CUST_2410,Brendan Walton,35,Verified,False,835.39,1,1,2,42.77,110,1,Low
CUST_2411,Kyle Keller,445,Verified,False,1080.5,1,6,1,204.53,110,1,Low
CUST_2412,James Pope,2141,Verified,False,3809.06,2,8,1,19.0,110,0,Low
CUST_2413,Lisa Morgan,1983,Verified,False,503.53,1,5,1,9.79,110,0,Low
CUST_2414,Rachel Gibson,1231,Verified,False,2184.38,2,7,1,128.73,110,0,Low
CUST_2415,Corey Garcia,353,Pending,False,56080.89,1,6,2,47.63,110,0,Low
CUST_2416,Andrea Clarke,903,Verified,False,662.6,1,3,1,199.83,110,0,Low
CUST_2417,Kenneth Walsh,1356,Verified,False,1724.84,1,35,1,12.01,110,0,High (Network Risk)
CUST_2418,Jason Hardy,2910,Verified,False,1057.78,1,9,1,64.43,110,0,Low
CUST_2419,David Robles,1749,Verified,False,2242.13,2,5,1,1474.32,110,0,Low
CUST_2420,Eric Graham,159,Verified,False,2104.52,1,3,1,1269.12,110,0,Low
CUST_2421,Nicole Collins,1978,Pending,False,1526.05,1,5,1,1825.22,110,0,Low
CUST_2422,Patricia Hernandez,957,Verified,False,2549.61,2,5,1,4400.83,110,0,Low
CUST_2423,Grant Wood,2072,Verified,False,5615.05,1,7,1,80.96,110,0,Low
CUST_2424,Kevin Gregory,404,Verified,False,11912.53,1,18,1,2.29,110,0,Low
CUST_2425,Jonathon Conley,2853,Verified,False,2243.01,3,3,2,777.37,110,0,Low
CUST_2426,Jennifer Gonzalez,516,Verified,False,2998.25,1,8,1,27.8,110,1,Low
CUST_2427,Terry Glover,2780,Verified,False,4737.46,2,14,2,3259.61,110,0,Low
CUST_2428,Michael Neal,1388,Verified,False,866.29,1,4,1,168.05,110,0,Low
CUST_2429,Ms. Erin Lane,3454,Verified,False,2558.94,1,4,1,1725.89,110,0,Low
CUST_2430,Lisa Barnes,2580,Verified,False,1798.07,1,2,1,117.74,110,0,Low
CUST_2431,Jesse Mccormick,956,Verified,False,7722.81,1,28,1,53.55,110,0,Low
CUST_2432,Daniel Smith,2200,Pending,False,17185.57,1,11,1,441.93,110,1,Low
CUST_2433,David Hanson,3634,Verified,False,1370.51,1,4,1,309.16,110,0,Low
CUST_2434,Nicholas Cisneros,1713,Verified,False,10721.33,2,4,1,26.63,4,0,Low
CUST_2435,Patrick Harris,2995,Verified,False,693.41,2,3,2,140.9,110,0,Low
CUST_2436,William Cox,608,Verified,False,3643.4,1,8,1,62.57,110,0,Low
CUST_2437,Alvin Wilson,2468,Verified,False,3866.08,1,5,1,201.61,110,0,Low
CUST_2438,Cory Willis,1274,Verified,False,675.93,1,3,1,140.88,110,0,Low
CUST_2439,Amanda Johnson,3189,Verified,False,1301.89,2,3,1,182.12,110,1,Low
CUST_2440,Christopher Mcclure,2914,Verified,False,1181.19,1,13,1,151.9,110,0,Low
CUST_2441,Gina Spencer,1536,Verified,False,803.2,1,5,2,87.46,110,5,Low
CUST_2442,Alex Cameron,2626,Verified,False,207.22,1,2,1,254.54,110,0,Low
CUST_2443,Alisha Byrd,2383,Verified,False,2422.97,3,7,2,47.58,110,0,Low
CUST_2444,Richard Rodriguez,1442,Verified,False,2733.19,1,4,1,1759.3,110,0,Low
CUST_2445,Elizabeth Allen,2980,Pending,False,2711.82,1,12,1,144.91,110,0,Low
CUST_2446,Mary Pugh,1798,Verified,False,6410.59,1,24,1,524.97,110,1,Low
CUST_2447,Yolanda Keith,295,Verified,False,429.31,2,1,1,66.56,110,0,Low
CUST_2448,Ana Thomas,755,Verified,False,2036.42,2,4,2,78.53,110,5,Low
CUST_2449,Rebecca Lee,1395,Verified,False,38560.28,2,8,2,591.88,110,0,Low
CUST_2450,James Greene,186,Verified,False,7235.51,2,6,1,463.88,110,0,Low
CUST_2451,Dana Williams,1270,Failed,False,7276.93,1,20,5,123.46,110,0,High (Network Risk)
CUST_2452,Chelsea Nichols,637,Verified,False,1078.59,1,7,1,10.2,110,0,Low
CUST_2453,Erin Brown,1292,Verified,False,2450.62,2,8,1,67.62,110,0,Low
CUST_2454,Shelley York,3309,Verified,False,298.91,1,10,2,129.98,4,0,Low
CUST_2455,Stacey Clark,530,Verified,False,5353.37,1,4,1,53.33,4,0,Low
CUST_2456,John Alvarado,3624,Verified,False,12092.0,2,11,1,22.01,110,0,Low
CUST_2457,Jordan Potter,2069,Verified,False,699.39,2,10,1,534.33,110,5,Low
CUST_2458,Katrina Jimenez,2959,Verified,False,935.53,3,8,1,113.2,110,0,Low
CUST_2459,Frank Brooks,2915,Verified,False,2887.0,10,1,1,2237.99,110,0,Low
CUST_2460,Michelle Simpson,794,Verified,False,3474.81,1,4,1,115.42,110,1,Low
CUST_2461,James Morse,3592,Verified,False,1734.15,2,8,1,193.67,110,0,Low
CUST_2462,Amanda Robinson,2148,Verified,False,1319.0,1,6,1,61.36,110,0,Low
CUST_2463,Scott Foster,2800,Verified,False,1333.21,2,13,1,1431.63,110,0,Low
CUST_2464,Stephen Duncan,478,Verified,False,2838.32,1,13,2,94.3,110,0,Low
CUST_2465,Jacqueline Pierce,1623,Verified,False,5356.88,1,9,1,109.47,110,0,Low
CUST_2466,Bradley Wallace,3370,Verified,False,2837.55,2,13,1,35.57,110,0,Low
CUST_2467,Kevin Marshall,940,Verified,False,2578.96,1,11,1,262.28,110,0,Low
CUST_2468,Jessica Mcdonald,526,Verified,False,513.24,2,4,1,90.49,110,0,Low
CUST_2469,Robert Stewart,2382,Verified,False,7094.38,1,7,1,34.68,110,0,Low
CUST_2470,Christopher Hall,2,Pending,False,2831.64,1,3,1,137.99,110,0,Low
CUST_2471,Heather Miller,375,Verified,False,1926.33,1,24,1,439.99,110,0,Low
CUST_2472,Kayla Schneider,2341,Verified,False,3847.34,1,2,1,1758.5,110,0,Low
CUST_2473,Tammy Garcia,2885,Verified,False,1282.02,1,1,1,211.4,110,0,Low
CUST_2474,Andrew Gonzalez,3053,Verified,False,1966.76,1,40,1,64.98,110,0,High (Network Risk)
CUST_2475,Gary Turner,553,Verified,False,3319.56,2,6,1,294.43,110,0,Low
CUST_2476,Melinda Hill,2366,Verified,False,1512.39,1,15,1,120.23,110,1,Low
CUST_2477,Yolanda Murillo,1526,Verified,False,574.97,1,13,1,161.49,110,0,Low
CUST_2478,Nancy Gaines,1852,Verified,False,488.59,2,17,1,147.95,110,5,Low
CUST_2479,Elijah Short,381,Verified,False,4655.17,1,11,1,296.51,110,0,Low
CUST_2480,Jennifer Sullivan,1647,Verified,False,2889.65,1,11,1,362.4,4,1,Low
CUST_2481,Mary Kennedy,14,Verified,False,2789.26,2,1,1,137.81,110,0,Low
CUST_2482,Paige Hernandez,504,Verified,False,932.81,2,3,1,29055.15,110,0,Low
CUST_2483,Darrell Curry,2279,Verified,False,2920.33,2,0,1,588.67,110,0,Low
CUST_2484,Jose Hartman,2009,Verified,False,1997.29,10,3,1,6.56,110,0,Low
CUST_2485,Miranda Murray,3156,Verified,False,1635.88,1,4,1,88.21,110,0,Low
CUST_2486,Emily Lopez,130,Pending,False,2765.42,3,6,1,144.16,110,0,Low
CUST_2487,Melissa Clark,838,Verified,False,4009.54,3,3,1,370.12,110,0,Low
CUST_2488,Justin Brooks,3217,Verified,False,17152.56,2,5,1,2324.19,110,0,Low
CUST_2489,Bethany Harding,2939,Verified,False,5246.38,1,4,1,50.45,110,0,Low
CUST_2490,Robert Flowers,2041,Verified,False,7027.33,2,9,1,834.14,110,0,Low
CUST_2491,Jason Jennings,28,Verified,False,8997.08,1,13,1,201.43,110,1,Low
CUST_2492,Richard Medina,2114,Verified,False,1388.5,2,8,1,243.15,110,0,Low
CUST_2493,Alexander Floyd,3235,Verified,False,2162.71,1,12,2,890.22,110,0,Low
CUST_2494,Brittany Cisneros,1253,Pending,False,1206.03,2,8,2,12.24,110,0,Low
CUST_2495,Mark Morrison,261,Verified,False,1507.46,1,19,2,331.05,110,0,Low
CUST_2496,Sharon Baird,2047,Verified,False,1942.55,1,32,1,1769.95,110,0,High (Network Risk)
CUST_2497,James Ferguson,1473,Verified,False,1471.95,2,1,1,30.36,110,0,Low
CUST_2498,Brian Hudson,1448,Verified,False,3729.77,1,18,2,148.93,110,0,Low
CUST_2499,Steven Davis,460,Verified,False,4595.55,2,2,1,410.56,110,0,Low
CUST_2500,Juan Johnson,301,Verified,False,807.43,1,8,1,7.88,4,0,Low
CUST_2501,Katherine Lopez,2967,Verified,False,2181.83,2,9,1,245.66,110,0,Low
CUST_2502,Victor Campbell,3375,Failed,True,2205.85,1,12,2,100.37,110,0,Medium (Compliance)
CUST_2503,Matthew Jones,2335,Verified,False,683.75,1,7,5,1215.26,110,0,High (Network Risk)
CUST_2504,Joseph Jackson,3467,Verified,True,1385.55,1,7,1,48.95,110,0,Medium (Compliance)
CUST_2505,Jennifer Moore,3082,Pending,False,7139.89,2,9,5,139.34,110,5,High (Network Risk)
CUST_2506,Joshua Mendoza,630,Verified,False,7048.55,2,5,1,44.37,110,0,Low
CUST_2507,Troy Glenn,270,Verified,False,584.53,1,1,1,124.14,110,0,Low
CUST_2508,Daniel Reynolds,2640,Pending,False,4779.68,1,7,5,50.57,110,0,High (Network Risk)
CUST_2509,Karen Munoz,1994,Verified,False,685.2,1,4,2,83.24,110,0,Low
CUST_2510,Laurie Shaw,1629,Pending,False,1995.24,2,3,1,26.59,110,0,Low
CUST_2511,Desiree Smith,1802,Verified,False,2704.52,2,3,2,52.25,110,0,Low
CUST_2512,Austin Ross,2892,Verified,False,6328.23,1,1,1,48.13,110,0,Low
CUST_2513,Kelly Kent,862,Verified,False,2503.42,1,5,1,74.59,110,0,Low
CUST_2514,Julia Johnston,3433,Verified,False,1081.54,1,7,2,124.6,110,0,Low
CUST_2515,Donna Ibarra,1281,Verified,False,912.38,2,13,5,1.9,110,0,High (Network Risk)
CUST_2516,Michael Dawson,2181,Verified,False,3526.24,1,4,1,183.89,110,0,Low
CUST_2517,Louis Patrick,3348,Pending,False,1581.61,2,26,1,952.12,110,5,Low
CUST_2518,David Yoder,1800,Verified,False,1980.9,1,11,1,459.84,110,0,Low
CUST_2519,Judith Bartlett,1707,Verified,False,7867.26,1,3,2,40.43,110,0,Low
CUST_2520,Keith Long,3020,Verified,False,4605.0,1,4,1,688.22,110,0,Low
CUST_2521,Cynthia Harrell,2561,Verified,False,14572.56,2,37,5,44.12,110,0,High (Network Risk)
CUST_2522,Mark Carter,2361,Verified,False,1076.86,2,13,1,230.28,110,0,Low
CUST_2523,Melissa Bowen,576,Verified,False,1466.76,1,4,1,3.96,110,5,Low
CUST_2524,Johnny Riddle,2934,Verified,False,3582.04,1,15,2,370.28,4,0,Low
CUST_2525,Whitney Jones,2004,Verified,False,18375.94,1,2,1,149.54,110,0,Low
CUST_2526,Randall Nguyen,1308,Verified,False,1346.33,2,4,1,182.72,110,0,Low
CUST_2527,David Hunter,3193,Verified,False,3097.69,2,1,1,152.34,110,0,Low
CUST_2528,Benjamin Neal,3179,Verified,False,11172.72,1,11,1,2446.28,110,0,Low
CUST_2529,Jane Reese,1957,Verified,False,3133.55,1,2,1,550.41,110,0,Low
CUST_2530,Jennifer Smith,2735,Verified,False,8266.81,2,6,2,434.39,110,0,Low
CUST_2531,Thomas Murphy,2021,Verified,False,21109.73,2,2,1,341.35,110,0,Low
CUST_2532,Kari Jones,3276,Verified,False,4004.3,1,8,1,3006.92,110,0,Low
CUST_2533,Dana Dodson,2213,Verified,False,4714.89,1,6,2,101.7,110,0,Low
CUST_2534,Robert Skinner,2353,Verified,False,6266.32,2,2,1,18.49,110,0,Low
CUST_2535,Albert Garcia,3569,Verified,False,1206.68,1,5,1,1949.75,110,0,Low
CUST_2536,Joseph Myers,1656,Verified,False,677.52,1,8,1,72.76,110,0,Low
CUST_2537,Phillip Byrd,1580,Pending,False,3492.78,1,10,1,312.14,110,1,Low
CUST_2538,Hunter Robinson,1848,Verified,False,1595.39,1,26,1,324.41,110,0,Low
CUST_2539,Michael Robinson,2204,Verified,False,8542.07,1,19,1,49.36,110,0,Low
CUST_2540,Sara Cain,1391,Verified,False,4081.82,3,4,1,17.81,110,0,Low
CUST_2541,Michelle Prince,1743,Pending,False,8398.53,1,4,1,734.28,110,0,Low
CUST_2542,Eric Williams,1926,Verified,False,896.37,1,2,1,994.92,110,0,Low
CUST_2543,Raymond Wang,620,Verified,False,8115.54,1,3,1,383.74,110,0,Low
CUST_2544,Jade Allen,1275,Verified,True,299.24,1,14,2,271.3,110,0,Medium (Compliance)
CUST_2545,Javier Hays,957,Verified,False,973.01,2,2,1,18.22,4,0,Low
CUST_2546,Corey Caldwell,1940,Verified,False,5609.62,2,6,1,90.22,110,0,Low
CUST_2547,Stephen Robles,2382,Verified,False,1803.42,1,5,1,916.44,110,1,Low
CUST_2548,Carol Jackson,969,Verified,False,1985.64,3,4,1,46.05,110,0,Low
CUST_2549,Brian Murphy,2559,Pending,False,3318.39,1,2,1,181.13,110,0,Low
CUST_2550,Chelsey Clark,1317,Verified,False,12356.72,1,1,1,296.41,110,0,Low
CUST_2551,Teresa Martinez,1044,Verified,False,436.26,1,2,5,321.17,110,5,High (Network Risk)
CUST_2552,Howard Thompson,282,Verified,False,10391.11,1,6,1,31.92,110,0,Low
CUST_2553,Eugene Price,2845,Verified,False,11019.92,1,11,1,124.39,110,0,Low
CUST_2554,Austin Briggs,3073,Verified,False,1800.15,1,26,1,527.83,110,1,Low
CUST_2555,Jackie Jones,2167,Verified,False,1487.89,1,9,2,2412.83,110,0,Low
CUST_2556,Eric George,1059,Verified,False,2649.24,1,11,1,107.37,110,0,Low
CUST_2557,Mrs. Kimberly Mooney,198,Verified,False,1456.55,1,26,1,274.99,110,5,Low
CUST_2558,Carolyn Haley,2533,Verified,False,4208.14,1,9,1,26.06,110,0,Low
CUST_2559,Vicki Horton,1083,Verified,False,4793.48,2,16,1,103.13,110,0,Low
CUST_2560,Valerie Benson,2885,Verified,False,630.23,2,5,1,70.11,110,1,Low
CUST_2561,Mark Henson,1185,Verified,False,1187.55,1,13,1,2715.94,110,0,Low
CUST_2562,Samuel Olson,1009,Verified,False,911.29,1,8,1,445.72,110,0,Low
CUST_2563,Lee Richards,2739,Verified,False,3694.82,2,6,1,170.74,110,0,Low
CUST_2564,Martin Hall,1230,Verified,False,7131.89,1,25,1,8.54,110,0,Low
CUST_2565,Virginia Hall,1036,Verified,False,1018.99,2,2,2,235.71,4,0,Low
CUST_2566,Stephanie Parker,490,Verified,False,7081.75,1,3,1,239.3,110,0,Low
CUST_2567,Nicole Harvey,276,Verified,False,1182.28,1,18,1,105.61,110,0,Low
CUST_2568,James Phillips,2741,Verified,False,6115.75,1,16,2,159.18,110,0,Low
CUST_2569,Dan Johnson,2290,Verified,False,2244.57,3,7,1,2213.31,110,0,Low
CUST_2570,Linda Bautista,1240,Verified,False,1916.58,2,9,1,615.93,110,0,Low
CUST_2571,Erin Ramirez,1275,Verified,False,9343.63,2,11,1,39.33,110,0,Low
CUST_2572,Paige Meyer,126,Verified,False,17813.12,1,9,1,2775.41,110,5,Low
CUST_2573,Maria Roberts,217,Verified,False,427.63,2,8,1,45.09,110,0,Low
CUST_2574,Ryan Rivera,3378,Verified,False,5428.6,1,3,2,1675.83,110,0,Low
CUST_2575,Joshua Knox,1209,Verified,False,3559.35,2,19,1,50.09,110,0,Low
CUST_2576,Danielle Mcdaniel,3111,Verified,False,5755.33,1,6,2,118.26,110,0,Low
CUST_2577,Lisa James,1247,Verified,False,707.32,2,3,2,6.24,110,0,Low
CUST_2578,Jeremy Smith,3256,Verified,False,1007.96,2,8,1,327.35,110,1,Low
CUST_2579,Andrea Lee,2543,Verified,False,1523.2,1,9,1,7.81,110,0,Low
CUST_2580,Brenda Harris,2475,Verified,False,3688.83,1,10,5,202.55,110,0,High (Network Risk)
CUST_2581,Kevin Guerra,3250,Verified,False,1432.74,1,16,1,77.33,110,0,Low
CUST_2582,Cynthia Miller,919,Verified,False,2158.09,1,5,1,78.64,110,0,Low
CUST_2583,Emily Griffith,3500,Verified,False,6839.9,1,7,1,268.0,110,0,Low
CUST_2584,Christopher Wright,1318,Verified,False,23128.33,2,3,1,507.44,110,0,Low
CUST_2585,Jerome Reid,2199,Verified,False,6369.02,1,8,1,1056.98,110,1,Low
CUST_2586,Richard Miller,2432,Verified,False,7040.22,1,3,1,25.67,110,0,Low
CUST_2587,Jennifer Jackson,1662,Verified,False,2485.3,1,4,1,93.06,110,0,Low
CUST_2588,Jonathan Moss,308,Verified,False,1223.41,1,16,1,138.16,110,1,Low
CUST_2589,Sally Leon,1360,Verified,False,2151.76,1,8,5,366.66,110,0,High (Network Risk)
CUST_2590,James Dickerson,1970,Pending,False,2813.26,1,23,1,355.59,110,0,Low
CUST_2591,Tammy Larson,2794,Verified,False,934.36,1,18,1,41.8,110,0,Low
CUST_2592,Nicholas Scott,892,Verified,False,6735.32,1,8,1,900.36,110,0,Low
CUST_2593,Jesse Brooks,375,Verified,False,13622.12,2,9,5,274.56,110,0,High (Network Risk)
CUST_2594,Andrea Taylor,3080,Verified,False,3369.17,1,6,1,2172.13,110,0,Low
CUST_2595,Christopher Lopez,2034,Verified,False,8813.8,10,17,1,238.8,110,0,Low
CUST_2596,Jonathan Swanson,1365,Verified,False,9980.94,2,9,1,7.36,110,0,Low
CUST_2597,Timothy Bentley DVM,129,Verified,False,1059.29,1,15,1,43.16,110,0,Low
CUST_2598,John Davidson,1015,Verified,False,524.37,1,4,1,116.57,110,0,Low
CUST_2599,Jennifer Williams,1800,Verified,False,1809.82,1,2,1,41.83,110,1,Low
CUST_2600,Janice Cunningham,2717,Verified,False,3280.93,2,11,1,39.58,4,1,Low
CUST_2601,Jeffrey Scott,3424,Verified,False,901.33,1,12,1,2582.68,110,0,Low
CUST_2602,Miranda Hicks,1382,Verified,False,12360.04,2,7,1,22.78,110,5,Low
CUST_2603,Michael Horton DDS,517,Verified,False,20927.13,1,11,1,67.09,110,1,Low
CUST_2604,Nancy Allen,1519,Verified,False,3565.99,1,3,1,163.9,110,1,Low
CUST_2605,Robert Mccoy,86,Verified,False,1116.78,1,15,1,20.63,110,0,Low
CUST_2606,Melissa Brewer,1199,Verified,False,4847.87,1,18,1,116.21,110,0,Low
CUST_2607,Jesus Becker,3265,Verified,False,1113.27,1,16,1,4.28,110,0,Low
CUST_2608,Lance Lynn,2359,Verified,False,9349.64,1,8,1,64.93,110,0,Low
CUST_2609,Alexandria Wise,1143,Verified,False,2365.08,2,19,5,27.72,110,1,High (Network Risk)
CUST_2610,Sydney Sanders,3290,Verified,False,6168.76,2,2,1,93.68,110,0,Low
CUST_2611,Stephanie Stone,2475,Verified,False,7345.9,1,11,1,136.5,110,0,Low
CUST_2612,Jay Gallegos,1994,Verified,False,5104.91,1,13,1,1122.2,110,0,Low
CUST_2613,Eric Ponce,3486,Verified,False,17770.25,1,11,2,59.42,110,0,Low
CUST_2614,Janet Parker,2162,Verified,False,3562.7,2,3,1,3662.11,110,0,Low
CUST_2615,Shawn Luna,3217,Pending,False,1802.27,1,8,1,204.05,110,10,Low
CUST_2616,Mark Frank,3610,Verified,False,364.24,1,6,1,36.08,110,0,Low
CUST_2617,Charles Goodman,303,Verified,False,303.7,1,1,1,181.77,110,0,Low
CUST_2618,Jennifer Parker,2792,Verified,False,5721.8,1,2,1,946.99,110,0,Low
CUST_2619,Dr. April Jones,588,Verified,False,2480.35,3,18,1,29.92,110,0,Low
CUST_2620,Kelly Pena,987,Verified,False,1318.97,2,5,1,2733.46,110,0,Low
CUST_2621,Carolyn Brooks,1864,Verified,False,978.57,1,17,1,329.72,110,0,Low
CUST_2622,Christina White,345,Verified,False,6253.86,2,18,1,26.68,110,0,Low
CUST_2623,Joanne Olsen,814,Verified,False,1114.84,2,11,2,67.81,110,0,Low
CUST_2624,Anthony White,1988,Verified,False,15224.5,1,4,20,79.56,110,0,High (Network Risk)
CUST_2625,Deanna Barrera,2849,Verified,False,31287.9,2,15,1,782.45,110,0,Low
CUST_2626,Mark Weber,3073,Verified,False,1211.92,1,8,2,25.3,110,0,Low
CUST_2627,Carol Carter,3219,Verified,False,5824.48,2,7,1,1493.97,110,0,Low
CUST_2628,Donald Peterson,1311,Verified,False,4628.65,1,3,2,822.55,110,0,Low
CUST_2629,Karen Chambers,2000,Verified,False,1110.26,3,4,1,1801.83,110,0,Low
CUST_2630,Antonio Walton,1678,Verified,False,1116.56,1,3,1,162.1,110,0,Low
CUST_2631,Kevin Huerta,3125,Failed,False,2637.03,2,15,2,946.08,110,0,Medium (Compliance)
CUST_2632,Joseph Smith,1328,Verified,False,954.9,1,25,2,103.43,110,0,Low
CUST_2633,Victoria Juarez,1093,Verified,False,8877.34,1,15,1,687.09,110,1,Low
CUST_2634,Kara Rogers,2409,Verified,False,2330.62,3,8,1,169.24,110,0,Low
CUST_2635,Jacob Wu,3292,Verified,False,972.02,2,5,2,2211.89,110,0,Low
CUST_2636,Dr. Teresa Ortega MD,1010,Verified,False,2727.15,1,10,1,221.96,110,0,Low
CUST_2637,Henry Rivera,704,Verified,False,4752.49,1,5,20,41.81,110,0,High (Network Risk)
CUST_2638,Jesus Hale,575,Pending,False,1444.55,1,7,1,1435.61,110,1,Low
CUST_2639,Stacy Taylor,1609,Verified,False,406.23,1,3,2,202.91,110,0,Low
CUST_2640,Sheila Ramirez,3233,Verified,False,3382.49,2,12,1,66.36,110,0,Low
CUST_2641,Robin Richardson,1113,Verified,False,882.71,1,12,1,61.8,110,0,Low
CUST_2642,Mary Alvarez,688,Verified,False,1347.83,1,15,1,39.05,110,0,Low
CUST_2643,Cole Andersen,2829,Verified,False,4765.25,2,11,2,17.31,110,0,Low
CUST_2644,Robin Smith,2633,Verified,False,1655.9,1,10,1,78.78,110,0,Low
CUST_2645,Angel Aguirre,2637,Verified,False,2588.64,1,3,1,201.8,110,0,Low
CUST_2646,Jeremy Lawson,3231,Verified,True,12747.0,1,3,1,83.78,110,0,Medium (Compliance)
CUST_2647,Lonnie Miller,489,Verified,False,2096.37,2,9,1,0.51,110,5,Low
CUST_2648,Timothy Galvan,3019,Verified,False,22501.02,2,17,2,14.8,110,0,Low
CUST_2649,Dr. Susan Navarro,1348,Verified,False,6247.36,1,5,1,607.97,110,0,Low
CUST_2650,Cory Thomas,3453,Verified,False,1174.53,1,7,1,125.0,110,10,Low
CUST_2651,Laura Vincent,3174,Verified,False,1851.31,1,7,1,11.49,110,0,Low
CUST_2652,Bethany Robles,494,Verified,False,843.33,2,1,1,87.07,110,0,Low
CUST_2653,Michael Dunn,1668,Verified,False,5638.97,1,8,5,178.92,110,0,High (Network Risk)
CUST_2654,Carol Griffin,1638,Verified,False,11209.47,1,4,1,622.05,110,0,Low
CUST_2655,Matthew Allen,19,Verified,False,2083.09,10,12,2,53.01,110,1,Low
CUST_2656,Paul Keller,3526,Verified,False,463.41,1,7,5,384.3,110,0,High (Network Risk)
CUST_2657,Jeffrey Baldwin,3554,Verified,False,4274.7,1,6,1,143.55,110,10,Low
CUST_2658,Timothy Orr,2445,Verified,False,1258.93,1,6,2,85.11,110,0,Low
CUST_2659,Connie Scott,1001,Verified,False,1464.59,1,5,1,549.79,110,0,Low
CUST_2660,Steven Martinez,3351,Verified,False,4070.52,1,2,1,35.97,110,0,Low
CUST_2661,Joseph Swanson,851,Verified,False,10218.8,2,15,1,614.63,110,0,Low
CUST_2662,Michael Wiggins,1389,Verified,False,6244.78,1,4,5,26.79,110,0,High (Network Risk)
CUST_2663,Pamela Burke,1355,Verified,False,4580.21,1,5,1,62.52,110,1,Low
CUST_2664,Jamie Love,1368,Verified,False,2547.19,1,7,2,83.38,110,0,Low
CUST_2665,Jane May,822,Verified,False,795.97,2,3,1,125.68,110,0,Low
CUST_2666,Savannah Stokes,455,Verified,False,4221.48,2,4,1,3.27,110,0,Low
CUST_2667,Brian Miller,1625,Verified,False,6110.29,1,34,1,173.87,110,0,High (Network Risk)
CUST_2668,Patrick Pineda,2773,Verified,False,1644.05,2,9,1,9.58,110,0,Low
CUST_2669,Audrey Richardson,3137,Verified,False,2066.55,1,3,1,190.84,110,0,Low
CUST_2670,Tiffany Ray,3148,Failed,False,9045.76,1,1,2,223.97,110,0,Medium (Compliance)
CUST_2671,Antonio Nichols,711,Verified,False,2013.29,2,16,1,642.24,110,0,Low
CUST_2672,Veronica Flores,2191,Verified,False,2274.33,1,3,20,20.03,110,10,High (Network Risk)
CUST_2673,Michael Hogan,917,Verified,False,2728.75,3,4,2,209.35,110,0,Low
CUST_2674,Lindsay Walker,2876,Verified,False,5799.68,1,5,1,138.17,110,5,Low
CUST_2675,Joshua Murray,2653,Verified,False,3997.13,1,3,1,63.33,110,0,Low
CUST_2676,Tommy Hood,1497,Verified,False,3711.77,1,6,2,29.6,110,0,Low
CUST_2677,Mr. Kyle Thomas DDS,1441,Verified,False,13600.6,1,4,1,167.55,110,0,Low
CUST_2678,Michele George,305,Verified,False,1979.27,1,12,1,1102.55,110,0,Low
CUST_2679,William Martinez,736,Failed,False,1152.24,1,8,1,103.45,110,0,Medium (Compliance)
CUST_2680,Michelle Mendoza DVM,3569,Pending,False,8284.14,1,23,5,973.23,110,0,High (Network Risk)
CUST_2681,Michael Bennett DVM,2339,Verified,False,3755.33,2,23,1,827.93,110,0,Low
CUST_2682,Ronald Clark,1964,Verified,False,1653.67,2,3,1,6.0,110,5,Low
CUST_2683,Rita Graves,2150,Verified,False,2080.02,1,5,1,40.9,110,0,Low
CUST_2684,Sean White,2010,Verified,False,833.86,1,41,1,65.16,110,0,High (Network Risk)
CUST_2685,Mr. William Hopkins,3339,Verified,False,3758.14,1,2,1,1081.08,110,0,Low
CUST_2686,Wendy Kelley,2915,Verified,False,691.3,1,13,2,144.04,110,0,Low
CUST_2687,Michael Mooney,3016,Verified,False,5895.99,1,11,1,1028.63,110,0,Low
CUST_2688,Jeanne Rose,3022,Verified,False,1767.99,2,3,1,120.95,110,0,Low
CUST_2689,Michael Lee,2890,Verified,False,739.5,1,3,1,1072.84,110,0,Low
CUST_2690,Jennifer Anderson,962,Verified,False,8930.69,2,32,1,292.51,4,1,High (Network Risk)
CUST_2691,Lauren Trujillo,2990,Verified,False,28463.97,1,31,1,128.56,110,0,High (Network Risk)
CUST_2692,Michelle Ellis,1027,Verified,False,4616.17,2,10,2,864.44,110,0,Low
CUST_2693,Chad Dominguez,2133,Verified,False,2240.78,1,2,1,69.62,4,0,Low
CUST_2694,Charles Robinson,2376,Verified,False,1141.31,2,20,1,3075.11,110,0,Low
CUST_2695,Nancy Smith,2864,Verified,False,3873.19,1,2,1,16.57,110,0,Low
CUST_2696,Laura Gregory,1474,Verified,False,5634.89,2,13,2,77.8,110,1,Low
CUST_2697,Brittany Clements MD,2502,Verified,False,3001.58,1,2,1,172.64,110,0,Low
CUST_2698,Tammy Davis,1948,Verified,False,7298.6,1,7,1,48.78,110,0,Low
CUST_2699,Catherine Williams,2677,Verified,False,13546.58,1,14,1,268.15,110,0,Low
CUST_2700,Miss Leslie Booker,3293,Verified,False,845.82,1,0,1,123.86,110,0,Low
CUST_2701,Jennifer Johnson,1178,Pending,False,4000.0,2,4,1,243.43,4,5,High (ATO Risk)
CUST_2702,John Watts,665,Verified,False,444.37,1,8,1,39.11,110,0,Low
CUST_2703,Marissa Bennett,12,Verified,False,1320.74,1,5,1,32.32,110,0,Low
CUST_2704,Rebecca Barrett,1157,Verified,False,6123.35,1,4,1,142.18,110,0,Low
CUST_2705,Sharon Santos,304,Verified,False,2844.65,1,6,2,443.03,110,0,Low
CUST_2706,Matthew Richardson,3365,Verified,False,595.32,2,16,1,2357.05,110,0,Low
CUST_2707,Bradley Burns,3023,Verified,False,8517.78,2,22,1,9.57,110,0,Low
CUST_2708,Katrina Johnson,3372,Verified,False,1731.54,1,12,1,110.44,110,0,Low
CUST_2709,Laura Hill,1764,Verified,False,6980.58,1,25,2,288.39,110,0,Low
CUST_2710,Rebecca White,2831,Verified,False,4977.49,2,4,1,256.69,110,0,Low
CUST_2711,Mr. Jeffrey Duncan,43,Verified,False,1295.79,2,11,1,23.78,110,0,Low
CUST_2712,Arthur Stout,944,Verified,False,7107.5,1,3,1,49.88,110,0,Low
CUST_2713,Cathy Hess,2391,Verified,False,4099.49,2,77,2,145.37,110,1,High (Network Risk)
CUST_2714,Justin Herrera,1350,Verified,False,3551.22,1,8,1,8309.05,110,0,Low
CUST_2715,Katherine Stone,2546,Verified,False,1866.55,2,14,1,610.73,110,0,Low
CUST_2716,Michelle Tyler,2412,Verified,False,989.58,1,1,2,251.05,110,0,Low
CUST_2717,Paul Sheppard,891,Verified,False,1961.22,1,13,1,2.61,110,0,Low
CUST_2718,Catherine George,2475,Verified,False,1918.98,1,8,2,20.57,110,0,Low
CUST_2719,Justin Mcbride,1005,Verified,False,6985.69,1,10,1,23.49,110,0,Low
CUST_2720,Carl Harris,21,Verified,False,573.07,1,7,1,253.92,110,1,Low
CUST_2721,Justin York,407,Verified,False,12974.16,2,6,2,120.99,110,1,Low
CUST_2722,William Hunter,2667,Verified,False,13706.09,1,5,2,57.24,110,0,Low
CUST_2723,Joshua Henderson,1015,Verified,False,1570.26,1,6,2,245.1,110,0,Low
CUST_2724,April Turner,336,Verified,False,12107.42,1,23,1,15.39,110,0,Low
CUST_2725,Kelly Patton,1839,Verified,False,1090.53,2,5,20,43.72,110,0,High (Network Risk)
CUST_2726,Jill Ray,3189,Verified,False,9201.53,2,45,1,134.45,110,0,High (Network Risk)
CUST_2727,Kelly Andersen,1148,Verified,False,1313.36,2,7,1,2449.96,110,0,Low
CUST_2728,Joshua Clark,2447,Verified,False,8378.61,1,22,1,568.76,110,0,Low
CUST_2729,Robert Young,2841,Failed,False,708.12,1,18,5,283.31,4,1,High (Network Risk)
CUST_2730,Elijah Wall,1828,Verified,False,8803.04,1,2,1,81.36,110,1,Low
CUST_2731,Lindsey Robinson,715,Verified,False,10813.82,3,2,1,144.42,110,0,Low
CUST_2732,Carl Dean,51,Verified,False,685.69,1,4,1,919.75,110,0,Low
CUST_2733,David James,324,Verified,True,17279.21,1,2,1,2295.29,110,0,Medium (Compliance)
CUST_2734,Jennifer Miller,789,Verified,False,8254.36,2,5,1,103.55,110,1,Low
CUST_2735,Jeffery Neal,141,Verified,False,404.24,2,7,1,291.76,110,0,Low
CUST_2736,Andrea Oconnor,470,Verified,False,1826.29,1,12,1,584.73,110,0,Low
CUST_2737,Melissa Lee MD,787,Pending,False,8413.58,1,8,1,274.02,110,0,Low
CUST_2738,Samantha Jacobs,1826,Verified,False,6143.26,1,7,1,20.82,110,0,Low
CUST_2739,Christian Riddle,1358,Verified,False,3333.53,1,16,1,48.55,110,0,Low
CUST_2740,Alexander Munoz,1917,Verified,False,7539.9,1,15,1,450.77,110,0,Low
CUST_2741,Caleb Rodriguez,964,Verified,False,1243.86,2,33,1,63.74,110,0,High (Network Risk)
CUST_2742,Andrea Bowman,3056,Verified,False,3125.54,1,8,1,2187.25,110,0,Low
CUST_2743,Gavin Nelson,373,Verified,False,1279.75,2,1,1,93.56,110,0,Low
CUST_2744,Courtney Smith,3636,Verified,False,3411.17,1,10,1,20.07,110,0,Low
CUST_2745,Wayne Gray,2542,Verified,False,8111.44,1,45,1,700.58,110,0,High (Network Risk)
CUST_2746,Timothy Thompson,3611,Verified,False,6513.03,2,16,1,86.49,110,0,Low
CUST_2747,Elizabeth Nicholson,1693,Verified,False,3725.25,2,20,1,97.39,110,1,Low
CUST_2748,Joseph Graves PhD,2799,Verified,False,8020.0,2,7,1,545.59,110,0,Low
CUST_2749,Lisa Mosley,1180,Verified,False,8850.05,2,15,2,33.59,110,0,Low
CUST_2750,Travis Price,2339,Pending,False,17985.53,1,21,2,167.87,110,0,Low
CUST_2751,Patrick Faulkner,1672,Verified,False,9580.34,1,5,1,24.12,110,0,Low
CUST_2752,Linda Atkinson,3216,Verified,False,5746.94,1,4,1,166.32,110,5,Low
CUST_2753,Cameron Smith,106,Verified,False,7586.24,2,10,1,12.7,110,0,Low
CUST_2754,Brittney Martinez,1444,Pending,False,3803.05,1,16,1,42.04,110,0,Low
CUST_2755,Nicolas Brown,2718,Verified,False,2253.07,1,0,1,571.04,110,0,Low
CUST_2756,Vanessa Zimmerman,1682,Verified,False,7098.29,1,6,1,1038.85,110,0,Low
CUST_2757,Lee Mann,2,Verified,True,6355.81,2,1,1,39.36,110,0,Medium (Compliance)
CUST_2758,William Lindsey,2637,Verified,False,3991.63,2,6,1,38.73,110,0,Low
CUST_2759,Desiree Patterson,2692,Verified,False,2453.83,2,28,1,173.04,110,0,Low
CUST_2760,Sierra Cervantes,2138,Verified,False,2321.45,1,4,1,44.14,110,0,Low
CUST_2761,Scott Meza,3417,Verified,False,1980.87,1,5,1,605.77,110,1,Low
CUST_2762,Erik Davis,350,Failed,False,10464.12,1,12,1,18.44,110,0,Medium (Compliance)
CUST_2763,Nicholas Duffy,3531,Verified,False,9685.9,1,16,5,57.94,110,0,High (Network Risk)
CUST_2764,Anthony Paul,1287,Verified,False,9278.93,1,15,1,2249.5,110,0,Low
CUST_2765,Katherine Baxter,3423,Verified,False,1041.21,1,7,1,261.72,110,0,Low
CUST_2766,Jessica Romero,3180,Verified,False,2081.22,1,11,5,356.61,110,1,High (Network Risk)
CUST_2767,Karen Robertson,1063,Verified,False,2304.48,2,11,1,111.58,110,0,Low
CUST_2768,Dr. Melissa Sullivan DDS,2957,Verified,False,1625.96,1,4,2,16.56,110,0,Low
CUST_2769,Nichole Klein,2207,Verified,False,19198.65,2,1,2,1515.24,110,0,Low
CUST_2770,Nicole Sanchez,3007,Verified,False,4449.13,1,3,1,198.88,110,1,Low
CUST_2771,Tiffany Morrow,2360,Verified,False,4140.65,1,23,1,616.26,110,0,Low
CUST_2772,Kelsey Lynch,3313,Verified,False,1870.72,1,43,1,98.42,110,0,High (Network Risk)
CUST_2773,Traci Craig,445,Verified,False,7059.24,1,6,1,142.82,110,0,Low
CUST_2774,Kelly Walker,2346,Verified,False,26676.46,1,22,5,81.45,110,0,High (Network Risk)
CUST_2775,Ryan Palmer,952,Verified,False,3232.31,2,5,1,202.1,110,0,Low
CUST_2776,Jenny Gray,36,Verified,False,2360.16,2,9,2,73.25,110,0,Low
CUST_2777,Brian Sloan,1108,Verified,False,2722.8,2,4,1,40.71,110,0,Low
CUST_2778,Joshua Miranda,1476,Verified,False,2160.18,1,16,5,110.25,110,0,High (Network Risk)
CUST_2779,Edwin Carter,1799,Verified,True,2972.43,2,4,1,327.58,110,0,Medium (Compliance)
CUST_2780,Oscar Carroll,1846,Verified,False,1617.32,1,3,1,850.21,4,0,Low
CUST_2781,Eric Fitzpatrick,1409,Verified,False,1228.38,3,7,1,19.66,110,0,Low
CUST_2782,Samantha Johnson,1196,Verified,False,2918.31,1,14,1,561.18,110,0,Low
CUST_2783,Luke Freeman,1400,Verified,False,3232.78,10,8,1,52.07,110,0,Low
CUST_2784,Luis Murphy,1709,Verified,False,2268.53,2,5,1,32.73,110,0,Low
CUST_2785,Aaron Zamora,1386,Pending,False,12797.16,2,3,1,35.55,110,0,Low
CUST_2786,Henry Garcia,2607,Verified,False,4516.49,1,1,1,7374.71,110,0,Low
CUST_2787,Bradley Robertson Jr.,2939,Verified,False,6263.27,1,5,1,453.3,110,0,Low
CUST_2788,John Moore,2189,Pending,False,6431.88,1,6,1,26.38,110,0,Low
CUST_2789,Courtney Foster,2935,Verified,False,3309.81,1,11,1,64.8,110,1,Low
CUST_2790,Jeffrey White,3190,Pending,False,3709.5,1,2,1,19.38,110,0,Low
CUST_2791,Ashley Gonzales,1301,Failed,False,1261.22,3,12,2,20.37,110,0,Medium (Compliance)
CUST_2792,Candice Gomez,2774,Verified,False,5744.41,1,4,2,19.25,110,0,Low
CUST_2793,Ian Harrell,1244,Verified,False,2135.99,1,4,1,31.08,110,0,Low
CUST_2794,Colton Williams,3098,Verified,False,1572.23,1,20,1,468.14,110,0,Low
CUST_2795,Patrick Santana,521,Verified,False,10959.54,1,1,1,734.02,110,0,Low
CUST_2796,Cristian Mendoza,1807,Verified,False,786.63,1,2,1,37.24,110,0,Low
CUST_2797,Deborah Fisher,10,Verified,False,16631.87,1,7,1,79.84,110,1,Low
CUST_2798,Rebecca Klein,984,Verified,False,15366.28,1,7,1,522.13,110,0,Low
CUST_2799,Phillip Macias,2426,Verified,False,2386.92,2,1,1,156.79,110,0,Low
CUST_2800,Tammy Cameron,1657,Verified,False,17768.79,1,4,1,250.24,110,0,Low
CUST_2801,Brian Rodriguez,1661,Verified,False,1226.18,2,15,1,68.22,110,0,Low
CUST_2802,Christopher Porter,2730,Verified,False,8055.33,3,2,1,1474.95,110,0,Low
CUST_2803,Cynthia Gregory,2632,Verified,False,3031.46,1,17,1,1950.89,110,0,Low
CUST_2804,William Mclaughlin,2200,Pending,False,489.61,2,4,1,438.92,110,5,Low
CUST_2805,Dylan Tucker,720,Failed,False,1586.03,1,1,1,60.31,110,0,Medium (Compliance)
CUST_2806,Danielle Hernandez,1073,Verified,False,2503.63,1,14,1,20.58,110,0,Low
CUST_2807,Danielle Wang,3226,Verified,False,6496.42,1,9,1,2034.37,110,0,Low
CUST_2808,Wendy Wright,859,Verified,False,1849.96,1,2,1,242.31,110,0,Low
CUST_2809,Christina Mccarthy,1317,Verified,False,2268.46,3,4,1,177.34,110,0,Low
CUST_2810,Meredith Shaw,1604,Verified,False,5120.38,1,29,1,431.81,110,0,Low
CUST_2811,Willie Garza,50,Verified,False,4856.61,1,12,1,154.62,110,0,Low
CUST_2812,Crystal Anderson,2712,Pending,False,2719.69,1,18,1,99.72,110,0,Low
CUST_2813,William Hickman,2579,Verified,False,2202.07,1,2,1,4122.84,110,1,Low
CUST_2814,Luis Davis,3132,Verified,False,7625.91,2,19,1,873.33,110,10,Low
CUST_2815,Jason Torres,3239,Verified,False,2189.73,1,2,1,1793.34,110,0,Low
CUST_2816,Crystal Rogers,3274,Verified,False,907.43,1,2,1,1591.0,110,0,Low
CUST_2817,Jordan Schneider,2905,Verified,True,2009.42,1,14,1,7.59,4,0,Medium (Compliance)
CUST_2818,Derrick Ramirez,146,Verified,False,5150.33,1,2,5,517.03,110,0,High (Network Risk)
CUST_2819,Jason Flores,915,Verified,False,2567.56,1,24,1,313.75,110,1,Low
CUST_2820,Andrew Williams,3041,Verified,False,1803.05,1,2,1,58.97,110,0,Low
CUST_2821,Christy Kennedy,1463,Verified,False,849.97,1,3,1,12229.08,110,0,Low
CUST_2822,Ashlee Lopez,2290,Verified,False,2581.34,2,18,2,186.79,110,0,Low
CUST_2823,Heidi Torres,581,Verified,False,3744.01,1,4,2,68.46,110,0,Low
CUST_2824,Adam Arnold,2735,Verified,False,1088.56,2,13,2,120.8,110,0,Low
CUST_2825,Erin Figueroa,1585,Verified,False,2466.89,3,3,1,375.97,4,0,Low
CUST_2826,Richard Rice,483,Verified,False,998.35,2,5,2,290.18,110,0,Low
CUST_2827,Matthew Clark,3180,Verified,False,2620.77,1,13,1,67.39,110,0,Low
CUST_2828,Stephen Anderson,1250,Verified,False,16738.98,2,3,1,523.49,110,0,Low
CUST_2829,Barbara Willis,673,Verified,False,3539.4,2,16,2,156.07,110,1,Low
CUST_2830,Martha Lee,631,Verified,False,613.04,2,5,1,101.82,110,0,Low
CUST_2831,Tammy Jones,2709,Verified,False,4151.11,1,8,1,108.62,110,0,Low
CUST_2832,Grace Swanson,662,Pending,False,11068.01,1,3,1,25.83,110,0,Low
CUST_2833,Christina Le MD,3504,Verified,False,746.91,3,3,1,34.83,110,0,Low
CUST_2834,Joshua King,2853,Verified,False,1047.86,1,3,1,30.58,110,0,Low
CUST_2835,Sarah Meadows,2467,Verified,False,3859.71,1,4,1,4.16,4,0,Low
CUST_2836,Stephanie West,988,Verified,False,2732.26,1,25,1,247.89,110,0,Low
CUST_2837,Susan Jones,3527,Verified,False,10008.29,2,18,1,32.24,110,0,Low
CUST_2838,Timothy Gordon,3232,Failed,False,2488.32,1,10,1,79.9,110,0,Medium (Compliance)
CUST_2839,Kyle Horton,1547,Verified,False,6805.24,2,4,1,94.37,110,0,Low
CUST_2840,Angel Knight,650,Verified,False,13740.5,1,3,1,33.8,110,0,Low
CUST_2841,Melissa Yang,969,Failed,False,1251.89,1,3,1,85.82,110,0,Medium (Compliance)
CUST_2842,Michael Berg,2638,Pending,False,6296.02,1,5,2,167.29,110,5,Low
CUST_2843,Carol Christensen,1101,Verified,False,1996.48,1,9,1,52.3,110,1,Low
CUST_2844,Richard Morales,2557,Verified,False,325.31,1,12,1,37.54,110,0,Low
CUST_2845,Clinton Moore,441,Verified,False,4800.02,1,7,5,59.45,110,0,High (Network Risk)
CUST_2846,Michael Suarez,3326,Verified,False,5428.62,1,11,1,618.58,110,0,Low
CUST_2847,Joy Zimmerman,921,Verified,False,633.18,1,15,1,63.33,110,0,Low
CUST_2848,Elizabeth Robinson,770,Verified,False,1893.29,2,5,1,190.91,110,0,Low
CUST_2849,Kristen Jackson,1344,Verified,False,1598.78,1,17,1,70.03,110,1,Low
CUST_2850,David Williams,1827,Verified,False,6700.84,1,3,1,126.5,110,0,Low
CUST_2851,Stephen Ho,263,Verified,False,633.21,1,11,1,529.2,110,0,Low
CUST_2852,Richard Day,1578,Verified,False,3316.81,1,7,1,38.6,110,0,Low
CUST_2853,Rodney Nichols,3446,Verified,False,287.24,2,8,1,4197.01,110,0,Low
CUST_2854,Gregory Jacobs,2685,Verified,False,4356.87,1,5,1,253.6,110,5,Low
CUST_2855,Bradley Thornton,3239,Verified,False,3378.3,1,20,1,201.52,110,0,Low
CUST_2856,Miranda Ortiz,2507,Verified,False,1788.33,1,4,1,30.77,110,0,Low
CUST_2857,Erika Brown,999,Verified,False,12435.33,2,22,1,393.63,110,0,Low
CUST_2858,Samantha Robinson,3352,Verified,False,216.34,1,22,1,1800.05,110,0,Low
CUST_2859,Cassandra Bonilla,700,Verified,False,2927.33,1,10,1,47.79,110,0,Low
CUST_2860,Veronica Osborne,2350,Verified,False,9873.39,2,5,2,32.92,110,0,Low
CUST_2861,Ashley Reese,3603,Verified,False,3390.76,1,3,1,159.26,110,0,Low
CUST_2862,Matthew Berg,1604,Verified,False,11685.06,1,1,1,32.61,110,0,Low
CUST_2863,Kristen Montoya,1242,Verified,False,1899.65,1,11,1,75.43,110,1,Low
CUST_2864,Derrick Perkins,1126,Verified,False,2522.08,1,3,1,520.52,4,0,Low
CUST_2865,Nicole Moore,2602,Verified,False,10231.81,2,3,1,2107.19,110,1,Low
CUST_2866,Nicholas Richardson,2336,Verified,False,7292.15,3,11,1,556.08,4,0,Low
CUST_2867,Anna White,1191,Pending,False,32835.1,1,5,1,40.84,110,0,Low
CUST_2868,Scott Lopez,2669,Verified,False,3303.76,2,8,1,98.07,110,0,Low
CUST_2869,Nicholas Holland Jr.,1006,Verified,False,3641.85,1,10,1,87.9,110,0,Low
CUST_2870,Christopher Long,36,Verified,False,1879.2,2,26,2,172.45,4,0,Low
CUST_2871,Andrea Jones,744,Verified,False,2430.73,1,8,1,558.96,110,0,Low
CUST_2872,Terry Waller,1765,Pending,False,8761.0,1,4,1,44.64,110,0,Low
CUST_2873,Joseph Acosta,353,Verified,False,2980.17,1,6,1,3952.17,110,0,Low
CUST_2874,Lindsey Gray,1923,Verified,False,1329.7,1,4,1,31.16,110,0,Low
CUST_2875,Ronald Hines,73,Verified,False,2046.63,2,33,1,42.7,110,1,High (Network Risk)
CUST_2876,Amanda Wright,2696,Verified,False,2723.5,1,9,1,44.68,110,1,Low
CUST_2877,Charles Burton,1377,Verified,False,1418.69,1,11,1,5944.47,110,0,Low
CUST_2878,Vincent Rosario,1915,Verified,False,1885.67,1,21,1,1721.77,110,1,Low
CUST_2879,Noah Morgan,1094,Verified,False,1096.86,1,3,2,43.7,110,0,Low
CUST_2880,Christina Castillo,2473,Verified,False,1953.53,1,2,1,74.36,110,0,Low
CUST_2881,Jill Martin,3047,Pending,False,9568.28,1,7,2,128.64,110,0,Low
CUST_2882,Christopher Brown,708,Pending,False,3128.75,1,2,2,72.06,110,0,Low
CUST_2883,Lori Martinez,1805,Verified,False,34937.62,1,5,1,573.31,110,0,Low
CUST_2884,Ashley Phillips,2609,Verified,False,1388.72,2,1,1,309.63,110,0,Low
CUST_2885,Sara Thomas,2876,Verified,False,4843.99,2,2,1,201.1,110,0,Low
CUST_2886,Allison Simmons,956,Verified,False,3722.7,1,19,1,507.7,110,0,Low
CUST_2887,Matthew Perez,2565,Verified,False,5712.66,1,10,1,286.69,110,0,Low
CUST_2888,Janice Henson,2476,Verified,False,1626.09,1,31,1,407.22,110,0,High (Network Risk)
CUST_2889,Ashley Jackson,3611,Verified,False,2062.21,1,7,1,192.43,110,0,Low
CUST_2890,Brian Sosa,160,Verified,False,4479.45,2,6,1,1963.84,4,0,Low
CUST_2891,Luis Wilson,2197,Verified,False,1799.62,1,8,1,180.81,110,0,Low
CUST_2892,Tamara Huang,2824,Pending,False,506.0,1,130,2,118.78,110,0,High (Network Risk)
CUST_2893,Cassandra Moreno,3302,Pending,False,11052.94,1,17,1,491.04,110,0,Low
CUST_2894,Meghan Hernandez,1736,Verified,False,7245.2,2,3,1,347.97,110,0,Low
CUST_2895,Elizabeth Roth,1586,Verified,False,1964.24,2,10,1,143.93,110,5,Low
CUST_2896,Brian Hendricks,67,Failed,False,3708.26,2,8,1,12.71,4,0,Medium (Compliance)
CUST_2897,Tasha Cochran,3062,Pending,False,8158.62,1,13,1,1229.89,110,0,Low
CUST_2898,Angela Smith,2429,Verified,False,11432.57,1,33,1,956.82,110,1,High (Network Risk)
CUST_2899,Brittany Rios,58,Verified,False,3308.53,2,11,1,41.46,110,0,Low
CUST_2900,James Griffith,3331,Verified,False,1660.11,1,5,1,276.91,110,0,Low
CUST_2901,Karen Jones,342,Verified,False,12890.79,1,32,1,67.77,4,0,High (Network Risk)
CUST_2902,Tina Ramirez,1154,Verified,False,3277.12,1,2,1,327.83,110,0,Low
CUST_2903,Zachary White,2775,Verified,False,2572.93,1,5,1,791.03,110,0,Low
CUST_2904,Francisco Coleman,1196,Pending,False,3878.54,1,15,1,122.05,110,0,Low
CUST_2905,Jennifer Leon,2818,Verified,False,9459.05,2,3,1,431.54,4,0,Low
CUST_2906,Robert Valdez,2662,Verified,False,2867.52,1,7,1,17.93,110,0,Low
CUST_2907,Jason Crawford,1233,Verified,False,7990.43,2,4,1,40.83,110,0,Low
CUST_2908,Kim Underwood,2402,Verified,False,2419.84,2,7,1,573.35,110,0,Low
CUST_2909,Kevin Fisher,1495,Verified,False,5481.07,2,4,1,56.91,110,0,Low
CUST_2910,Melissa Goodman,1822,Verified,False,1155.06,1,7,5,42.93,110,0,High (Network Risk)
CUST_2911,Cynthia Smith,116,Verified,False,8687.23,1,5,1,50.02,110,0,Low
CUST_2912,Alicia Grant DVM,3336,Verified,False,1516.19,3,21,1,29.44,110,1,Low
CUST_2913,Amy Bailey,662,Verified,False,4718.69,1,10,1,669.82,110,0,Low
CUST_2914,Sharon Fuentes,1466,Verified,False,674.14,1,13,1,748.26,110,0,Low
CUST_2915,Charles Castaneda,3620,Verified,False,3055.85,1,8,1,47.43,110,0,Low
CUST_2916,Susan Sanchez,2501,Verified,False,3597.96,1,5,1,28.2,110,0,Low
CUST_2917,Amy Taylor,1869,Verified,False,1508.2,1,9,5,128.93,110,0,High (Network Risk)
CUST_2918,Michele Bennett,3549,Verified,False,2671.05,2,8,1,25.66,110,0,Low
CUST_2919,Vincent Watson,2335,Verified,False,3874.22,2,1,1,427.83,110,0,Low
CUST_2920,Mary Jones,3375,Verified,False,5235.77,1,7,1,150.71,4,0,Low
CUST_2921,Sheila Johnson,1017,Verified,False,3294.94,2,12,2,86.1,110,1,Low
CUST_2922,Bob Jones,311,Verified,False,11298.71,1,4,1,686.92,110,1,Low
CUST_2923,Robin Hernandez,208,Verified,False,9492.55,1,14,5,36.05,110,0,High (Network Risk)
CUST_2924,Patrick Adkins,2666,Verified,False,2891.06,3,9,2,78.26,110,1,Low
CUST_2925,Elizabeth Jenkins,2494,Verified,False,788.13,1,5,5,24.65,110,1,High (Network Risk)
CUST_2926,Richard Dominguez,2718,Verified,False,1831.56,2,11,2,18.75,110,0,Low
CUST_2927,Christopher Ibarra,633,Verified,False,320.82,1,5,2,38.1,110,0,Low
CUST_2928,Paul Gordon,2103,Verified,False,2482.12,2,9,1,44.05,110,5,Low
CUST_2929,Ronnie Frazier,2960,Verified,False,12109.6,1,6,2,38.36,110,0,Low
CUST_2930,Kristen Gallegos,3084,Verified,False,6574.86,1,11,1,129.39,110,0,Low
CUST_2931,Kathryn Fletcher,657,Verified,False,3240.59,1,21,1,127.82,110,0,Low
CUST_2932,Christopher Dudley,1424,Verified,False,1440.2,1,5,1,14.47,110,0,Low
CUST_2933,Vanessa Martinez,1932,Verified,False,3368.77,1,15,20,490.71,110,0,High (Network Risk)
CUST_2934,Manuel Robinson,3028,Verified,False,25115.17,2,5,1,15.27,110,0,Low
CUST_2935,Paul Hansen,2563,Verified,False,13196.39,1,5,2,11.12,110,0,Low
CUST_2936,Rose Mcdonald,1680,Verified,False,2564.98,2,5,1,702.11,110,0,Low
CUST_2937,Martin Wilcox,3614,Verified,False,677.26,1,1,1,28.38,110,0,Low
CUST_2938,Robert Lucas,237,Verified,False,27121.89,1,11,1,253.57,110,0,Low
CUST_2939,Brian Miller,3351,Verified,False,1438.22,10,9,1,61.82,110,0,Low
CUST_2940,Sarah Johnson,348,Verified,False,5064.83,3,8,20,32.86,110,0,High (Network Risk)
CUST_2941,Joshua Jones,2675,Verified,False,627.21,1,25,1,25.07,110,0,Low
CUST_2942,Nicole Parker,3176,Verified,False,2157.95,2,27,1,262.58,4,0,Low
CUST_2943,Margaret Johnson,630,Verified,False,624.67,1,21,1,36.59,4,0,Low
CUST_2944,William Cunningham,1541,Verified,False,932.73,1,6,2,767.33,110,0,Low
CUST_2945,Rachel Williams,2004,Verified,False,1182.38,1,5,2,15.12,110,0,Low
CUST_2946,Tony Smith,1272,Verified,False,4803.04,3,3,1,1239.55,110,5,Low
CUST_2947,Douglas Sanders,364,Verified,False,2707.85,3,7,1,6.56,110,0,Low
CUST_2948,Paul Swanson,2369,Verified,False,44902.96,1,7,1,227.61,110,0,Low
CUST_2949,Michele Davis,286,Verified,False,9263.13,2,11,1,25.45,110,0,Low
CUST_2950,Patrick Garcia,149,Verified,False,9466.28,2,3,1,13.64,110,0,Low
CUST_2951,Brittany Matthews,1108,Verified,False,4932.83,1,5,20,127.73,110,0,High (Network Risk)
CUST_2952,Kevin Christian,2454,Verified,False,3928.65,2,1,2,409.04,110,0,Low
CUST_2953,Christian Ford,3026,Verified,False,9789.42,1,4,1,110.67,110,0,Low
CUST_2954,Anna Higgins,456,Verified,False,275.55,1,15,5,138.94,110,0,High (Network Risk)
CUST_2955,Rhonda Pena,1767,Verified,False,1600.05,2,3,1,201.45,110,0,Low
CUST_2956,Candace Stuart,800,Verified,False,764.72,1,29,1,374.48,110,5,Low
CUST_2957,Monica Curtis,1185,Verified,False,452.92,1,16,1,1752.02,110,0,Low
CUST_2958,Gloria Floyd,1013,Verified,False,1382.03,1,11,1,48.57,110,0,Low
CUST_2959,Isaac Chase,2832,Pending,False,945.97,2,21,1,304.18,110,0,Low
CUST_2960,Steven Schroeder,2508,Pending,False,9839.85,1,6,1,62.81,110,1,Low
CUST_2961,Daniel Bishop,3622,Verified,False,3267.02,1,4,1,114.19,110,0,Low
CUST_2962,Christian Burton,1524,Verified,False,399.43,1,6,2,412.9,110,0,Low
CUST_2963,Robert Thomas PhD,2786,Verified,False,4080.77,1,1,1,194.71,110,0,Low
CUST_2964,Tracy Harrington,2557,Verified,False,1083.34,2,19,1,48.48,110,0,Low
CUST_2965,Brandon Edwards,481,Verified,False,3172.56,1,5,1,173.64,110,0,Low
CUST_2966,Candice Ramirez,1687,Verified,False,4419.23,1,4,1,251.96,110,0,Low
CUST_2967,Brandon White,2162,Verified,False,1407.43,1,4,2,382.26,110,0,Low
CUST_2968,Deanna Kennedy,2797,Verified,False,3704.71,1,7,1,822.49,110,0,Low
CUST_2969,Shawn Santos,1602,Verified,True,4456.3,2,8,1,2183.54,110,0,Medium (Compliance)
CUST_2970,Caleb Carroll,2409,Verified,False,2529.38,1,6,1,148.98,110,1,Low
CUST_2971,Scott Morales,341,Verified,False,1451.53,2,6,5,28.37,110,5,High (Network Risk)
CUST_2972,Sylvia Anderson,2818,Verified,False,2990.34,1,11,1,238.65,110,0,Low
CUST_2973,Ryan Crane,2011,Verified,False,2592.85,1,3,2,19.95,110,0,Low
CUST_2974,Michael Hunter,2809,Verified,False,4090.9,2,8,1,2574.12,110,0,Low
CUST_2975,Shawn Fleming,3017,Verified,False,2289.82,1,5,1,64.32,110,0,Low
CUST_2976,Maria Figueroa,2497,Pending,False,905.04,1,1,1,650.47,110,0,Low
CUST_2977,Roberto Smith,1867,Pending,False,2517.42,2,3,2,238.24,110,0,Low
CUST_2978,Donna Moore,835,Verified,False,4132.66,2,3,1,214.13,110,0,Low
CUST_2979,Benjamin Price,1204,Verified,False,3587.23,1,28,1,13.85,110,0,Low
CUST_2980,Brandon Owens,1726,Verified,False,2667.97,1,10,1,45.49,110,0,Low
CUST_2981,Stephanie Marshall,3479,Verified,False,1832.41,1,9,1,82.15,110,1,Low
CUST_2982,Nicholas Lowery,1690,Pending,False,1740.03,2,5,2,84.68,110,0,Low
CUST_2983,Patricia Gonzalez,3268,Verified,False,1930.35,1,4,1,170.59,110,0,Low
CUST_2984,Evan Davies,3538,Verified,False,8744.32,3,2,2,55.03,110,0,Low
CUST_2985,Dr. John Ramirez,311,Verified,False,1155.34,1,5,1,309.53,110,0,Low
CUST_2986,Christopher Harrison,262,Verified,False,3264.92,1,22,1,128.46,110,0,Low
CUST_2987,Erica Johnson,1443,Verified,False,847.26,1,2,20,397.9,110,0,High (Network Risk)
CUST_2988,Jamie Mayer,406,Verified,False,6404.35,1,4,1,16.0,110,0,Low
CUST_2989,Jeffrey Kennedy,2191,Verified,False,1743.88,1,15,1,478.84,110,0,Low
CUST_2990,Sean Cisneros,342,Verified,False,1305.56,1,15,1,1709.47,110,0,Low
CUST_2991,Debra Reid,1340,Verified,False,3697.63,2,4,1,116.84,110,0,Low
CUST_2992,Benjamin Sullivan,3173,Verified,False,254.49,1,18,1,907.43,110,0,Low
CUST_2993,Michael Savage,244,Failed,False,812.83,1,5,1,142.36,110,0,Medium (Compliance)
CUST_2994,Mckenzie Green,490,Verified,False,4276.58,2,2,1,79.23,110,0,Low
CUST_2995,Anna Valenzuela,12,Verified,False,8222.31,10,24,2,203.64,110,0,Low
CUST_2996,Paul Martin,3311,Verified,False,4679.46,1,7,1,1562.12,110,0,Low
CUST_2997,Jason Alvarez,561,Verified,False,3426.97,2,6,1,1384.79,4,0,Low
CUST_2998,Caitlyn Horton,42,Verified,False,33202.62,1,8,1,14.93,110,1,Low
CUST_2999,Michael Price,2726,Verified,False,4872.68,1,3,1,31.72,110,0,Low
CUST_3000,Richard Harper,594,Verified,False,1048.89,2,4,5,130.24,110,0,High (Network Risk)
CUST_3001,Michael Jensen,1453,Verified,False,8305.41,2,23,1,51.39,110,1,Low
CUST_3002,William Mcmillan,1827,Verified,False,1570.21,2,32,1,263.37,110,0,High (Network Risk)
CUST_3003,Nancy Stewart,3230,Verified,False,1468.16,2,3,1,120.57,110,0,Low
CUST_3004,Jimmy Hernandez,3288,Verified,False,749.25,1,5,1,75.18,4,1,Low
CUST_3005,Ashley Cordova,1694,Verified,False,1975.52,1,7,1,2881.61,110,0,Low
CUST_3006,Joseph Smith,3534,Verified,False,871.75,1,8,1,480.13,110,0,Low
CUST_3007,Ronnie Martinez,134,Pending,False,5205.26,1,3,1,433.68,110,0,Low
CUST_3008,Wayne Davis,3139,Verified,False,2629.59,1,12,1,44.22,110,1,Low
CUST_3009,William Fisher,3079,Verified,False,764.37,1,13,1,140.36,110,0,Low
CUST_3010,Carol Gray,948,Verified,False,2748.9,2,14,1,120.84,110,0,Low
CUST_3011,Tristan Bonilla,3598,Verified,False,8053.25,2,13,1,170.84,110,0,Low
CUST_3012,Alexis Cervantes,73,Verified,False,15097.15,1,7,1,76.68,110,0,Low
CUST_3013,Steven Shaw,399,Verified,False,497.89,1,16,1,592.18,110,0,Low
CUST_3014,Melissa Banks,1429,Verified,False,1368.75,2,11,1,1093.0,110,0,Low
CUST_3015,Jason Bell,2626,Verified,False,821.1,1,2,1,467.86,110,0,Low
CUST_3016,Kelly Hubbard,2907,Verified,False,4245.23,3,2,1,127.74,110,0,Low
CUST_3017,Christopher Patterson,130,Verified,False,728.57,1,9,1,81.1,110,0,Low
CUST_3018,Kurt Daniels,2979,Verified,False,8597.57,1,20,2,752.71,110,0,Low
CUST_3019,Ryan Barker,3538,Verified,False,9933.75,2,10,1,241.22,110,0,Low
CUST_3020,Douglas Oliver,3278,Failed,False,6755.54,2,11,1,341.96,110,0,Medium (Compliance)
CUST_3021,Shannon Cowan,1812,Verified,False,1454.93,1,3,1,234.83,110,0,Low
CUST_3022,Ashley Banks,2002,Verified,False,1549.49,1,7,1,48.69,110,0,Low
CUST_3023,Jennifer Crawford,266,Verified,False,1888.15,2,18,1,1548.57,110,1,Low
CUST_3024,Tammy Garcia,1561,Verified,False,9000.86,1,10,1,5887.87,110,0,Low
CUST_3025,Kevin Johnson,1986,Verified,False,545.64,2,8,2,77.62,110,5,Low
CUST_3026,Jason Walker,793,Verified,False,4385.79,1,11,20,139.91,110,0,High (Network Risk)
CUST_3027,James Gonzalez,2301,Verified,False,1172.1,1,8,1,83.85,110,0,Low
CUST_3028,Caleb Ponce,2870,Verified,False,1959.76,1,18,1,54.91,110,0,Low
CUST_3029,Jennifer Hoover,1313,Verified,False,6223.85,1,8,1,363.01,110,0,Low
CUST_3030,Natalie Smith,164,Verified,False,654.95,1,7,2,62.26,110,0,Low
CUST_3031,Danny Campbell,95,Verified,False,2258.06,1,3,1,35.42,110,0,Low
CUST_3032,Deborah Roberson,1806,Verified,False,2620.61,1,19,1,289.84,110,0,Low
CUST_3033,Jennifer Allen,2881,Verified,False,2871.55,1,3,1,39.96,110,0,Low
CUST_3034,Jennifer Smith,1134,Verified,False,2688.72,1,8,1,58.91,110,0,Low
CUST_3035,James Montoya,2384,Verified,False,5201.27,1,14,1,53.82,110,5,Low
CUST_3036,Lindsay Rogers,822,Pending,False,1896.96,2,30,1,297.01,110,0,Low
CUST_3037,Wendy Allen,238,Verified,False,4295.69,1,8,1,165.88,110,0,Low
CUST_3038,Cheryl Newman,2429,Verified,False,4145.75,1,22,1,9.0,110,0,Low
CUST_3039,Rebecca Lane,3508,Verified,False,3968.2,1,7,1,227.83,110,0,Low
CUST_3040,Mark Madden,2947,Verified,False,5053.51,2,4,1,43.05,110,1,Low
CUST_3041,Tanner Holmes,2531,Verified,False,3952.41,1,67,1,1489.94,110,5,High (Network Risk)
CUST_3042,Brett Owen,1961,Verified,False,2725.28,1,2,1,6.65,110,1,Low
CUST_3043,Lynn Mueller,2950,Verified,False,838.03,1,76,2,260.86,110,0,High (Network Risk)
CUST_3044,Lori Green,1049,Verified,False,11581.76,2,27,1,476.92,110,0,Low
CUST_3045,Tiffany Harris,1677,Verified,False,16230.15,2,4,1,24.29,110,0,Low
CUST_3046,Jeffrey Fuller,3189,Verified,False,2080.98,1,12,1,97.71,110,0,Low
CUST_3047,Alyssa Zimmerman,2530,Pending,False,4705.13,1,2,1,171.23,110,1,Low
CUST_3048,Angela Reyes,3464,Verified,False,1723.97,1,11,2,118.45,110,0,Low
CUST_3049,Bianca Chavez,2965,Verified,False,1450.67,1,9,1,308.25,110,0,Low
CUST_3050,Heather Allen,3042,Verified,False,3150.5,2,14,1,188.03,110,0,Low
CUST_3051,Elizabeth Nichols,964,Verified,False,49387.66,1,5,1,482.8,110,0,Low
CUST_3052,Richard Hartman,537,Verified,False,14696.24,1,8,1,243.39,110,0,Low
CUST_3053,Mary Hill,3151,Verified,False,12651.53,1,10,1,174.85,110,0,Low
CUST_3054,Lori Little,1604,Pending,False,5007.9,1,4,1,98.05,110,0,Low
CUST_3055,Ashley Stevens,3245,Verified,False,1190.91,1,22,1,215.08,110,0,Low
CUST_3056,Ashley Campbell,1980,Verified,False,8406.96,2,8,2,2043.58,110,0,Low
CUST_3057,Anna Snyder,3084,Verified,False,173.78,1,9,1,130.39,4,0,Low
CUST_3058,Ryan Myers,128,Verified,False,4406.67,1,3,1,21.97,110,0,Low
CUST_3059,Alex Jones DVM,92,Verified,False,8936.31,1,1,1,768.0,110,0,Low
CUST_3060,Michael Brooks,543,Verified,False,3468.52,1,2,5,3339.25,110,0,High (Network Risk)
CUST_3061,Terry Stokes,846,Verified,False,15667.95,1,11,1,352.94,110,1,Low
CUST_3062,Adam White,3604,Verified,False,716.31,1,3,1,2828.24,110,0,Low
CUST_3063,Lisa Johnson,1682,Verified,False,14775.06,1,13,2,183.91,110,0,Low
CUST_3064,Wendy Webb,3037,Failed,False,2546.02,3,27,1,12375.47,110,5,Medium (Compliance)
CUST_3065,Kimberly Moore,1852,Verified,False,12718.12,1,13,1,16.4,110,1,Low
CUST_3066,Tammy Lee,2495,Verified,False,8268.4,1,10,1,118.39,110,0,Low
CUST_3067,Alexander Hunt,390,Verified,False,13549.03,1,12,1,364.56,110,0,Low
CUST_3068,Sean Wilson,2720,Verified,False,7906.7,1,17,1,47.13,110,0,Low
CUST_3069,Garrett Robinson,1885,Verified,False,5954.69,1,9,1,874.97,110,0,Low
CUST_3070,Teresa Adams,43,Verified,False,11686.2,1,12,1,337.13,4,0,Low
CUST_3071,Dr. Gregory Arnold,254,Verified,False,3151.01,1,4,5,107.41,110,10,High (Network Risk)
CUST_3072,Patrick Simpson,3202,Verified,False,5444.39,2,3,2,282.77,110,0,Low
CUST_3073,Jennifer Lee,1084,Verified,False,2970.19,1,4,1,200.05,110,1,Low
CUST_3074,Michael Clay,2711,Verified,False,1501.42,1,5,1,393.3,110,0,Low
CUST_3075,James Silva,2515,Verified,False,5049.0,2,5,2,104.64,110,0,Low
CUST_3076,Emily Bauer,2335,Verified,False,3629.12,1,18,1,5.39,110,0,Low
CUST_3077,Katherine Andrade,3059,Verified,False,10477.38,1,0,20,542.32,110,1,High (Network Risk)
CUST_3078,Paul Cabrera,1541,Pending,False,2459.58,1,6,1,134.6,110,0,Low
CUST_3079,Lisa Patterson,3539,Verified,False,1393.13,2,13,1,45.66,110,0,Low
CUST_3080,Jacqueline Chen,1954,Verified,False,10332.09,1,13,5,84.59,110,0,High (Network Risk)
CUST_3081,Christopher Johnson,2826,Verified,False,3175.88,1,3,1,110.51,110,0,Low
CUST_3082,Laurie Carter,2393,Verified,False,1351.23,2,29,1,15.95,110,0,Low
CUST_3083,Maria Sanford,642,Verified,False,11956.69,1,2,5,39.16,110,0,High (Network Risk)
CUST_3084,Allen White,2430,Verified,False,7530.83,2,5,1,124.91,110,0,Low
CUST_3085,Richard Howard,690,Pending,False,18936.23,2,5,1,114.97,110,0,Low
CUST_3086,Matthew Watson,1277,Verified,False,2119.82,1,5,1,36.59,110,5,Low
CUST_3087,Barbara Flores,1951,Verified,False,1843.06,2,21,1,21.49,110,0,Low
CUST_3088,Gary Marshall,1080,Verified,False,1005.69,2,7,1,41.28,110,0,Low
CUST_3089,Stephanie Hoffman,1487,Verified,False,1691.03,2,9,1,231.62,110,0,Low
CUST_3090,Lance Rose,457,Verified,False,2025.64,1,14,1,56.28,110,1,Low
CUST_3091,Donald Franklin,983,Verified,False,5901.73,2,4,1,548.98,110,0,Low
CUST_3092,Shannon Jones,2131,Verified,False,1176.89,1,6,2,848.25,110,0,Low
CUST_3093,Jennifer Avila,1123,Verified,False,1535.58,2,28,1,2029.98,110,0,Low
CUST_3094,Francisco Gonzalez,149,Verified,False,16263.15,1,10,1,378.72,110,0,Low
CUST_3095,Kathleen Mooney,1353,Verified,False,159.03,1,3,1,279.67,110,0,Low
CUST_3096,Caleb Jackson,1180,Pending,False,4818.71,1,3,1,1171.53,110,0,Low
CUST_3097,James Ray,190,Verified,False,820.23,1,15,1,23.87,110,0,Low
CUST_3098,Mason Chase,3566,Verified,False,1332.41,1,2,1,379.74,110,0,Low
CUST_3099,Susan Mitchell DVM,883,Verified,False,12374.11,1,5,2,616.37,110,0,Low
CUST_3100,Steven Hull,2311,Verified,False,3202.15,1,8,1,146.13,110,0,Low
CUST_3101,Matthew Jones,3152,Pending,False,42492.21,1,7,2,509.75,110,0,Low
CUST_3102,Robert Cummings,400,Verified,False,5579.27,1,24,1,89.94,110,0,Low
CUST_3103,Paul Ross,2812,Verified,False,1300.27,1,1,1,157.46,110,1,Low
CUST_3104,Emily Salazar,609,Verified,False,5206.9,2,10,1,257.18,110,0,Low
CUST_3105,Michael Gibson,3332,Verified,False,9227.77,1,5,1,245.98,110,0,Low
CUST_3106,Tracy Martinez,1796,Verified,False,5023.75,1,21,1,18.46,4,0,Low
CUST_3107,Luke Johnson,1639,Verified,False,2403.4,1,6,1,68.68,110,0,Low
CUST_3108,Adam Garcia,1576,Pending,False,549.46,2,6,1,158.14,110,0,Low
CUST_3109,Michael Graham,2833,Pending,False,2159.33,1,7,1,267.25,110,0,Low
CUST_3110,Corey Barrera,2149,Verified,False,15797.65,1,4,1,407.43,110,0,Low
CUST_3111,Steven Mayo,1383,Verified,False,1343.84,1,4,1,153.95,110,0,Low
CUST_3112,Shawna Green,1404,Verified,False,1974.71,3,6,1,782.17,110,0,Low
CUST_3113,Ashley Valentine,820,Verified,False,8048.89,1,27,1,95.7,110,0,Low
CUST_3114,Gary Salazar,3293,Verified,False,5539.74,2,4,1,536.61,110,0,Low
CUST_3115,Debra Jackson,820,Verified,False,804.4,1,4,1,118.51,110,0,Low
CUST_3116,Joe Martinez,420,Verified,False,2674.14,2,5,1,37.5,110,0,Low
CUST_3117,Nicole Barron,124,Verified,False,12172.93,1,7,1,7538.29,110,0,Low
CUST_3118,Jennifer Griffin,422,Verified,False,3060.94,1,30,2,313.81,110,0,Low
CUST_3119,Joseph Lane,3303,Pending,False,12471.87,1,4,1,9.38,110,0,Low
CUST_3120,Vanessa Morris,3135,Pending,False,13197.41,2,54,2,575.53,110,0,High (Network Risk)
CUST_3121,Courtney Baker,1509,Verified,False,1178.9,1,10,1,189.96,110,0,Low
CUST_3122,Bradley Hansen,1598,Verified,False,2219.32,1,3,1,544.87,110,1,Low
CUST_3123,Mary Moss,768,Pending,False,5753.73,2,4,1,334.59,110,0,Low
CUST_3124,Blake Bonilla,2045,Verified,False,640.54,1,1,1,47.21,110,0,Low
CUST_3125,Adam Robinson,2531,Verified,False,2384.99,1,8,1,590.02,110,0,Low
CUST_3126,Chelsea Garcia,2567,Verified,False,5147.09,1,17,1,54.92,110,1,Low
CUST_3127,Kevin Rose,2203,Verified,False,1599.98,1,7,1,44.21,4,0,Low
CUST_3128,Paige Collins,2140,Verified,False,5367.44,1,14,1,89.8,4,0,Low
CUST_3129,Christian Wagner,3030,Verified,False,1635.7,2,10,1,31.28,110,0,Low
CUST_3130,Colleen Cox,1550,Verified,False,1617.68,1,19,1,314.71,110,0,Low
CUST_3131,Shawna Palmer,2503,Verified,False,6274.1,2,3,1,3389.51,110,1,Low
CUST_3132,Chelsea Ramirez,1765,Failed,False,11708.2,1,14,2,28.33,4,0,Medium (Compliance)
CUST_3133,Eric Kane,2045,Verified,False,1464.48,1,33,2,1167.11,110,0,High (Network Risk)
CUST_3134,Bridget Walter,2646,Verified,False,887.71,1,57,2,60.46,110,0,High (Network Risk)
CUST_3135,Cynthia Shannon,510,Verified,False,2871.94,2,23,1,60.92,110,0,Low
CUST_3136,Allen Stanley,1207,Verified,True,4754.76,1,8,1,26.78,110,0,Medium (Compliance)
CUST_3137,Derek Mcintosh,386,Verified,False,1449.93,2,3,2,248.25,110,0,Low
CUST_3138,Jeffrey Hernandez,1598,Pending,False,15688.59,2,3,1,20.38,110,0,Low
CUST_3139,Katie Brown,2453,Verified,False,2573.85,1,6,1,72.89,110,0,Low
CUST_3140,Brent Wong,2294,Verified,False,1437.46,1,32,1,783.11,110,0,High (Network Risk)
CUST_3141,Jenny Carter,742,Verified,False,20572.33,1,4,1,1549.16,110,0,Low
CUST_3142,Kirk Moreno,2709,Verified,False,10578.11,2,8,1,35.68,110,0,Low
CUST_3143,Jeffrey Maldonado DDS,2698,Verified,False,1440.25,1,15,2,94.03,110,0,Low
CUST_3144,Colleen Brown,3543,Failed,False,8665.81,2,0,1,119.96,110,0,Medium (Compliance)
CUST_3145,Derek Jones,1912,Verified,False,1547.13,1,3,1,16.33,110,0,Low
CUST_3146,Darrell Oliver,1447,Verified,False,6422.59,2,35,1,62.75,110,0,High (Network Risk)
CUST_3147,Jenna Garcia,901,Failed,False,17629.42,1,17,1,57.3,110,0,Medium (Compliance)
CUST_3148,Sherry Adams,2113,Verified,False,889.95,1,17,1,308.91,110,0,Low
CUST_3149,Richard Bailey,3085,Verified,False,1741.03,2,3,1,214.42,110,0,Low
CUST_3150,Kyle Gross,2261,Verified,False,1779.64,2,23,1,178.72,110,0,Low
CUST_3151,Jonathan Graves,2010,Verified,False,3887.84,1,3,1,108.13,110,0,Low
CUST_3152,Eric Knox,242,Verified,False,4785.45,1,7,1,1061.14,110,0,Low
CUST_3153,Ethan Jones,2541,Verified,False,2726.84,1,12,5,143.65,110,0,High (Network Risk)
CUST_3154,Steven Thomas,3285,Verified,False,554.55,1,14,20,658.69,4,0,High (Network Risk)
CUST_3155,John Cook,2386,Verified,False,870.43,1,10,1,359.44,110,0,Low
CUST_3156,Dennis Jones,2021,Verified,False,1232.07,1,6,1,186.63,110,0,Low
CUST_3157,Sarah Wheeler,173,Verified,False,5218.14,10,1,1,563.41,110,0,Low
CUST_3158,Lauren Freeman,672,Verified,False,738.7,1,7,5,93.49,110,0,High (Network Risk)
CUST_3159,Brian Fuentes,164,Verified,False,1195.5,1,1,2,38.79,110,0,Low
CUST_3160,Wanda Conley,465,Verified,False,959.45,1,11,1,141.98,110,0,Low
CUST_3161,Carol Thomas,3043,Verified,False,4193.56,1,3,1,1413.3,110,0,Low
CUST_3162,Eric Fitzgerald,497,Verified,False,9244.11,1,6,1,204.6,110,0,Low
CUST_3163,Nicholas Fritz,700,Verified,False,3477.8,1,4,1,69.64,110,0,Low
CUST_3164,John Diaz,2443,Verified,False,21883.83,1,11,1,43.96,110,0,Low
CUST_3165,Harold Mckinney,703,Verified,False,3477.08,3,3,1,15.14,110,0,Low
CUST_3166,Patricia Vincent,1941,Verified,False,2713.12,3,9,1,43.38,110,0,Low
CUST_3167,Linda Rodriguez,2356,Verified,False,1360.8,1,8,2,232.9,110,0,Low
CUST_3168,Monica Smith,1792,Verified,False,3651.85,1,7,1,103.94,110,0,Low
CUST_3169,Selena Hopkins,183,Pending,False,1304.04,2,10,1,207.12,110,0,Low
CUST_3170,Jonathan Sanchez,629,Verified,False,1119.93,1,2,1,37.78,110,0,Low
CUST_3171,Valerie Howard,2558,Pending,True,1088.37,2,2,1,692.25,110,0,Medium (Compliance)
CUST_3172,Cheryl Blevins,1732,Verified,False,2382.18,2,23,1,458.84,110,0,Low
CUST_3173,Tracie Wiley,546,Verified,False,1807.86,2,2,1,63.86,110,0,Low
CUST_3174,Stephanie Cole,1588,Verified,False,42392.8,1,41,2,17.86,4,0,High (Network Risk)
CUST_3175,Kelsey Baker,624,Pending,False,3675.26,2,6,5,216.01,110,0,High (Network Risk)
CUST_3176,Stacy Myers,594,Verified,False,3615.26,2,3,2,7.77,110,0,Low
CUST_3177,Xavier Parker,744,Verified,False,1716.5,2,14,1,20.64,110,0,Low
CUST_3178,Joseph Cooper,3299,Failed,False,63925.56,1,4,1,81.01,110,1,Medium (Compliance)
CUST_3179,Jessica Gibson,1769,Verified,False,1183.29,2,9,1,39.56,110,1,Low
CUST_3180,Rebecca Roberts,1460,Verified,False,1856.21,1,19,1,1035.22,110,0,Low
CUST_3181,Kathryn Jennings,1949,Verified,False,8096.69,1,13,5,90.54,110,0,High (Network Risk)
CUST_3182,Chris Levy,3494,Verified,False,3649.52,1,10,1,308.35,110,0,Low
CUST_3183,Mary Torres,2602,Verified,False,834.61,10,12,1,5.66,110,1,Low
CUST_3184,Robert Smith,2069,Verified,False,3063.44,2,7,2,10.21,110,0,Low
CUST_3185,Douglas Watkins,2602,Verified,False,5882.19,2,14,5,53.85,110,0,High (Network Risk)
CUST_3186,Eric Jordan,2445,Verified,False,4974.2,1,3,1,204.41,110,0,Low
CUST_3187,April King,2673,Pending,False,5774.37,1,23,1,22.07,110,0,Low
CUST_3188,Douglas Trevino,105,Pending,False,26521.15,2,6,1,255.74,110,1,Low
CUST_3189,Patricia Moore,2240,Verified,False,3910.93,1,8,1,1121.62,110,1,Low
CUST_3190,Devin Ferrell,17,Verified,False,6605.41,2,5,1,45.47,110,0,Low
CUST_3191,Kevin Miller,3192,Verified,False,263.97,1,11,1,145.88,110,0,Low
CUST_3192,John Gomez,393,Verified,False,19255.75,2,17,1,98.37,110,0,Low
CUST_3193,Mandy Henderson,425,Verified,False,3181.15,2,3,1,78.58,110,0,Low
CUST_3194,Annette Green,2177,Verified,False,1251.37,1,6,1,239.26,110,0,Low
CUST_3195,Eric Elliott,3202,Verified,False,2452.28,1,8,1,150.37,4,0,Low
CUST_3196,Erica Lane,572,Verified,False,5782.1,1,10,2,112.88,110,0,Low
CUST_3197,Christina Taylor,3632,Verified,False,8389.6,2,5,1,183.49,110,0,Low
CUST_3198,Elizabeth Miller,2077,Verified,False,2710.13,2,5,1,541.42,110,0,Low
CUST_3199,Lori Gardner,1121,Verified,False,5439.5,2,15,1,367.1,110,0,Low
CUST_3200,Shawn Kim,3082,Verified,False,2291.09,1,11,1,10.67,4,0,Low
CUST_3201,Jeremy Edwards,242,Verified,False,4873.79,2,8,2,39.3,110,0,Low
CUST_3202,Michelle Mcdonald,2280,Verified,False,3663.86,1,20,1,356.58,4,0,Low
CUST_3203,Jason Jenkins,789,Verified,False,4027.2,1,2,1,7132.16,110,0,Low
CUST_3204,Justin Bernard,3356,Verified,False,2184.27,3,13,1,55.57,110,0,Low
CUST_3205,Peter Gilbert,715,Verified,False,4463.37,1,9,1,15.68,110,1,Low
CUST_3206,David Hunt,759,Verified,False,1304.34,1,2,1,4525.52,110,1,Low
CUST_3207,Joshua Cunningham,2850,Verified,False,3621.41,1,18,1,992.38,110,5,Low
CUST_3208,Pedro Long,776,Verified,False,1580.56,1,11,1,899.27,110,0,Low
CUST_3209,Aaron Aguirre,2774,Pending,False,1103.6,1,13,1,175.08,110,0,Low
CUST_3210,Julia Brown,2248,Verified,False,1472.09,1,5,2,137.52,110,0,Low
CUST_3211,Ronald Santos,2993,Verified,False,2421.09,2,13,1,119.86,110,0,Low
CUST_3212,Brent Roberts,79,Verified,False,1757.29,1,4,1,464.6,110,5,Low
CUST_3213,Mr. Antonio Yang,3004,Verified,False,4430.58,1,2,1,971.06,110,0,Low
CUST_3214,Nancy Brown,856,Verified,False,3228.24,1,7,1,189.55,110,0,Low
CUST_3215,Charles Yang,3245,Verified,False,8221.93,2,12,1,474.64,4,0,Low
CUST_3216,Danny Lowe PhD,2515,Verified,False,2739.52,1,16,1,1197.58,110,0,Low
CUST_3217,Eric Hays,2629,Verified,False,3571.31,3,8,1,606.39,110,1,Low
CUST_3218,John Watts,1440,Verified,False,19262.61,1,7,1,355.58,110,0,Low
CUST_3219,Aaron Munoz,2988,Pending,False,1922.08,1,16,1,50.26,110,0,Low
CUST_3220,Brent Harris,2497,Pending,False,2241.38,1,5,1,55.93,110,0,Low
CUST_3221,Ross Wallace,2135,Verified,False,9931.71,1,4,1,11.17,110,0,Low
CUST_3222,Bryan Sullivan,2149,Verified,False,1145.02,2,26,1,264.69,110,0,Low
CUST_3223,Dr. Sarah Payne,1032,Verified,False,11107.48,1,5,1,175.87,110,1,Low
CUST_3224,Melanie Villarreal,845,Verified,False,2352.19,1,15,1,1001.43,4,0,Low
CUST_3225,Jessica Fields,3272,Verified,False,1295.56,1,21,1,294.41,110,0,Low
CUST_3226,Robert Sandoval,3577,Verified,False,7370.32,1,8,1,91.3,110,0,Low
CUST_3227,Patrick Payne,87,Pending,False,2318.96,2,9,1,71.73,110,0,Low
CUST_3228,Dylan Contreras,2091,Pending,False,18477.1,1,31,2,249.18,110,0,High (Network Risk)
CUST_3229,Katherine Contreras,3457,Verified,False,3232.97,1,2,1,216.72,110,1,Low
CUST_3230,Michael Rodriguez,3507,Verified,False,3209.55,1,2,2,2286.05,110,0,Low
CUST_3231,Jeffery Johnson,408,Verified,False,1658.88,1,14,1,126.09,110,0,Low
CUST_3232,Justin Smith,3555,Verified,False,2574.05,2,5,1,307.93,110,0,Low
CUST_3233,Matthew Barry,2712,Verified,False,2269.59,2,14,1,1723.57,110,0,Low
CUST_3234,Amanda Meadows,3089,Verified,False,11286.72,1,7,1,119.15,110,0,Low
CUST_3235,Julie Sharp,1669,Verified,False,3982.25,1,14,1,90.39,110,5,Low
CUST_3236,William Howard,148,Verified,False,6036.33,1,3,1,20.07,110,0,Low
CUST_3237,Kathy Bailey,2325,Verified,False,3289.52,2,12,1,86.44,110,0,Low
CUST_3238,Jeanette Brown,232,Verified,False,1976.43,1,4,1,261.59,110,0,Low
CUST_3239,Heather Ball,1951,Verified,False,4319.91,1,13,1,1165.89,110,1,Low
CUST_3240,Mike Buchanan,366,Verified,False,14628.79,1,48,1,18.89,110,0,High (Network Risk)
CUST_3241,Phillip Turner,3300,Verified,False,1044.83,1,3,1,38.62,110,0,Low
CUST_3242,Thomas Brewer,1675,Verified,False,4534.55,2,5,1,8.79,110,5,Low
CUST_3243,John Hopkins,436,Verified,False,13314.13,1,6,1,2217.21,110,0,Low
CUST_3244,Tammy Rowe,399,Verified,False,1319.79,1,9,1,188.99,110,0,Low
CUST_3245,Beverly Nguyen,1235,Verified,False,7495.15,1,1,1,77.48,110,0,Low
CUST_3246,Hannah Williamson,1415,Verified,False,7503.84,1,7,20,10.02,110,0,High (Network Risk)
CUST_3247,Andrew Christian,2547,Verified,False,817.07,1,6,1,147.98,110,0,Low
CUST_3248,Brent Rodriguez,2588,Verified,False,9049.24,1,6,1,80.97,110,0,Low
CUST_3249,Karen Wolf,563,Verified,False,1645.64,2,9,1,10.08,110,0,Low
CUST_3250,Dr. Morgan Young,3563,Verified,False,4267.78,1,9,1,96.38,110,1,Low
CUST_3251,Carrie Stafford,2490,Verified,False,8301.08,2,9,1,932.43,4,0,Low
CUST_3252,Jennifer Brown,1285,Verified,False,9897.93,1,3,1,100.44,110,0,Low
CUST_3253,Ashley Bradford,773,Verified,False,641.72,1,6,1,866.79,110,0,Low
CUST_3254,Phillip Obrien,2398,Verified,False,17829.37,2,5,1,1533.24,110,0,Low
CUST_3255,Tammy Morris,2038,Verified,False,12307.06,2,11,1,99.23,110,0,Low
CUST_3256,Jamie Zhang,3424,Verified,False,8535.03,1,3,1,129.79,110,0,Low
CUST_3257,Christina King,2568,Verified,False,4279.01,2,8,2,314.88,110,0,Low
CUST_3258,Dustin Harris,1344,Pending,False,1928.12,1,26,1,688.13,110,0,Low
CUST_3259,Robert Stokes,2186,Verified,False,1009.1,1,0,1,1253.45,110,5,Low
CUST_3260,Kevin Soto,1574,Pending,False,587.67,1,6,1,1447.83,110,0,Low
CUST_3261,Christina Patrick,992,Pending,False,5679.03,1,1,1,49.39,110,5,Low
CUST_3262,Heather Russell,2416,Verified,False,8530.73,1,7,1,1315.53,110,0,Low
CUST_3263,Andrea Lopez,3292,Verified,False,2739.08,1,14,1,321.13,110,0,Low
CUST_3264,Susan May,3409,Verified,False,1880.0,1,4,2,67.84,110,0,Low
CUST_3265,Ronnie Hudson MD,1247,Pending,False,3196.82,1,15,1,26.67,110,0,Low
CUST_3266,Luke Hansen,360,Verified,False,1571.23,3,21,1,44.81,110,0,Low
CUST_3267,Austin Patterson,921,Verified,False,3046.08,1,10,2,256.35,110,0,Low
CUST_3268,Benjamin Miller,2377,Verified,False,1483.61,1,4,5,71.02,110,0,High (Network Risk)
CUST_3269,Elizabeth Wilson,3010,Verified,False,5497.45,2,11,1,255.62,110,0,Low
CUST_3270,Kyle Rivera,2511,Verified,False,10340.98,1,28,1,27.37,110,0,Low
CUST_3271,Todd Nielsen,2994,Verified,False,4956.75,1,2,2,47.91,110,0,Low
CUST_3272,Michael Jones,963,Verified,False,2750.49,1,17,2,129.69,110,0,Low
CUST_3273,Tracy Jones,3633,Verified,False,8015.49,1,2,1,114.65,110,1,Low
CUST_3274,Sarah Frederick,1828,Verified,False,3037.85,2,2,1,21.86,110,0,Low
CUST_3275,Jennifer Brown,3454,Verified,False,7764.74,1,2,1,57.77,4,0,Low
CUST_3276,Ashley Ruiz,2884,Verified,False,1577.91,1,7,1,10.85,110,0,Low
CUST_3277,Deborah Johnson,1614,Verified,False,1795.9,1,20,1,163.94,110,0,Low
CUST_3278,Dean Cook,1641,Verified,False,1108.97,1,1,1,1468.0,110,0,Low
CUST_3279,Brenda Payne,2217,Verified,False,1871.55,1,16,1,47.03,110,0,Low
CUST_3280,Tammy Alvarado,217,Verified,False,7953.73,2,6,1,35.51,110,1,Low
CUST_3281,Cynthia Jones,378,Verified,False,1246.7,2,3,1,648.03,4,0,Low
CUST_3282,Sue Warner,119,Verified,False,297.51,2,11,1,25.63,110,0,Low
CUST_3283,Amanda Zavala,190,Verified,False,1969.4,1,5,1,670.68,110,0,Low
CUST_3284,Linda Salazar,2815,Verified,False,921.75,1,45,1,24.46,110,0,High (Network Risk)
CUST_3285,Juan Potts,370,Verified,False,1800.08,3,11,2,87.08,110,0,Low
CUST_3286,Andrew Johnson,1802,Verified,False,24510.81,1,7,1,103.37,110,0,Low
CUST_3287,Marie Reynolds,2197,Verified,False,1225.41,3,12,1,426.92,110,1,Low
CUST_3288,Samuel Mata,652,Verified,False,5616.89,2,21,1,2461.37,110,0,Low
CUST_3289,Anthony Ayala,1883,Verified,False,2751.18,2,23,2,88.27,110,0,Low
CUST_3290,Kimberly Dalton,1512,Pending,False,4326.35,1,15,1,144.34,110,1,Low
CUST_3291,Nancy Tran,770,Pending,False,1791.38,1,22,1,11.42,110,5,Low
CUST_3292,Ralph Dominguez,2422,Verified,False,9521.87,1,19,1,139.6,110,0,Low
CUST_3293,Jeffery Taylor,781,Verified,False,4568.08,2,15,1,838.97,110,0,Low
CUST_3294,Steven Haas,1717,Verified,False,4696.79,1,5,1,5137.38,110,0,Low
CUST_3295,Cory Kim,2208,Verified,False,3290.83,2,20,1,86.57,110,0,Low
CUST_3296,David Chapman,2399,Verified,False,10466.78,1,5,1,434.94,110,0,Low
CUST_3297,Paul Beasley,1312,Verified,False,5219.47,1,9,1,842.4,110,0,Low
CUST_3298,Laura Ritter,3360,Verified,False,4319.54,2,5,1,17.16,110,0,Low
CUST_3299,Nathan Hess,2940,Verified,False,5725.27,1,12,1,1246.24,110,0,Low
CUST_3300,Cameron White,1250,Verified,False,512.87,1,20,1,44.24,110,0,Low
CUST_3301,Gregory Rios,523,Verified,False,3596.66,1,5,1,220.72,110,0,Low
CUST_3302,Eduardo Obrien,522,Verified,False,2796.09,1,2,5,22.32,110,0,High (Network Risk)
CUST_3303,Bryan Jones,783,Verified,False,9591.04,1,16,1,85.65,110,0,Low
CUST_3304,Joshua Simpson,2321,Verified,False,1478.78,1,16,1,11.8,110,0,Low
CUST_3305,Heather Herman,936,Verified,False,3644.98,1,25,1,221.36,110,0,Low
CUST_3306,Micheal Pugh,3474,Verified,False,20411.23,2,15,1,1483.61,110,0,Low
CUST_3307,Eileen Valdez,2231,Verified,False,2905.28,2,15,5,155.91,110,0,High (Network Risk)
CUST_3308,Debra Wolfe,1689,Verified,False,788.18,1,4,1,17.06,110,1,Low
CUST_3309,Amy Mccullough,488,Verified,False,26211.15,1,13,2,89.33,110,0,Low
CUST_3310,Lisa Ramirez,1851,Verified,False,1457.46,1,41,1,204.47,110,0,High (Network Risk)
CUST_3311,Chad Daugherty,846,Pending,False,1053.87,2,4,1,119.28,110,0,Low
CUST_3312,Patrick Clark,2172,Verified,False,1096.24,2,2,2,410.81,110,0,Low
CUST_3313,Robert Thomas,3033,Verified,False,6171.3,3,8,1,3051.54,110,0,Low
CUST_3314,Melissa Santos,2838,Verified,False,10913.76,1,15,1,135.87,110,0,Low
CUST_3315,Brian Porter,2462,Verified,False,17333.62,2,8,20,122.07,110,0,High (Network Risk)
CUST_3316,Donald Cruz,2004,Verified,False,3026.98,1,30,1,50.31,110,0,Low
CUST_3317,Angela Ramirez,1749,Verified,False,1111.12,2,3,1,695.89,110,0,Low
CUST_3318,Kathleen Roy,3244,Verified,False,1685.9,1,2,1,2607.15,110,0,Low
CUST_3319,Andrew Harris,3360,Verified,False,3082.77,1,23,1,111.64,110,0,Low
CUST_3320,Jeffrey Williams,3507,Verified,False,2918.47,2,2,1,217.45,110,0,Low
CUST_3321,Joshua Bailey,686,Verified,False,11029.16,2,9,1,189.42,110,0,Low
CUST_3322,Lee Barry,2161,Verified,False,798.22,1,22,1,46.88,110,0,Low
CUST_3323,Susan Patrick,2936,Verified,False,977.04,1,8,2,445.38,110,1,Low
CUST_3324,Nicole Peterson,2170,Verified,False,2186.79,1,4,1,139.66,110,0,Low
CUST_3325,Jessica Patterson,1568,Verified,False,4312.2,1,20,1,208.63,110,0,Low
CUST_3326,Nancy Brown,1246,Verified,False,1914.75,1,8,1,631.91,110,0,Low
CUST_3327,James Griffith,39,Verified,False,1765.02,10,6,1,90.92,110,0,Low
CUST_3328,Shannon Hurley,2545,Verified,False,9640.68,1,27,1,170.83,110,1,Low
CUST_3329,Kenneth Carroll,780,Verified,False,4778.84,2,5,1,49.99,110,0,Low
CUST_3330,Carla James,1257,Verified,False,1113.52,2,4,1,28.86,110,0,Low
CUST_3331,Tammy Anderson,2991,Verified,False,1790.57,2,3,1,178.04,110,0,Low
CUST_3332,Robert Tapia,3602,Verified,False,4998.12,2,19,1,202.67,110,0,Low
CUST_3333,David Daniels,2197,Verified,False,844.7,2,10,1,592.69,110,1,Low
CUST_3334,James Gilbert,3469,Verified,False,4967.8,1,5,1,47.23,110,1,Low
CUST_3335,Matthew Patton,3070,Verified,False,2113.71,1,2,1,30.73,4,0,Low
CUST_3336,Lisa Martinez,2709,Verified,False,4284.71,1,22,1,2135.3,110,0,Low
CUST_3337,Erica Baker,1928,Verified,False,3360.57,1,5,1,180.69,110,1,Low
CUST_3338,Joel Gonzales,302,Failed,False,975.2,1,1,2,18.81,110,1,Medium (Compliance)
CUST_3339,Vincent Castillo,3432,Verified,False,1577.16,2,7,20,136.57,110,0,High (Network Risk)
CUST_3340,Claudia Brown,2286,Verified,False,12675.18,1,16,1,55.41,110,1,Low
CUST_3341,Destiny Bishop,647,Verified,False,31930.66,1,13,1,254.0,4,0,Low
CUST_3342,Austin White,663,Verified,False,519.44,3,7,1,79.36,110,0,Low
CUST_3343,Desiree Booth,2284,Verified,False,8460.16,1,5,1,948.97,110,0,Low
CUST_3344,Mark Thomas,1760,Verified,False,4006.27,1,4,1,21.12,110,0,Low
CUST_3345,Amber Wilson,2251,Failed,False,23915.53,2,20,20,1009.76,110,0,High (Network Risk)
CUST_3346,Michael Valencia,256,Verified,False,1705.29,1,1,1,452.44,110,0,Low
CUST_3347,Amanda Love,598,Verified,False,7319.4,1,3,1,240.87,110,0,Low
CUST_3348,Miguel Green,662,Verified,False,2202.52,2,6,20,700.43,110,0,High (Network Risk)
CUST_3349,Michael Mathews,235,Verified,False,10736.49,1,1,2,918.94,110,0,Low
CUST_3350,Nathan Burke,1369,Verified,False,30070.14,1,6,1,148.71,110,0,Low
CUST_3351,Billy Wallace,2582,Verified,False,3688.83,1,2,1,1710.37,110,0,Low
CUST_3352,Cynthia Nguyen,2908,Verified,False,954.36,1,10,1,374.94,110,0,Low
CUST_3353,Rodney Perry,3538,Verified,False,12257.25,1,4,1,65.26,110,1,Low
CUST_3354,Sherri Thomas,770,Failed,False,5247.37,2,5,1,19.69,110,0,Medium (Compliance)
CUST_3355,Richard Rogers,2589,Verified,False,4350.44,1,4,1,743.23,110,0,Low
CUST_3356,Matthew Ruiz,213,Verified,False,14519.37,2,12,1,148.29,110,0,Low
CUST_3357,Lisa Martin,463,Pending,False,955.62,2,6,1,10.1,110,1,Low
CUST_3358,Timothy Buck,2484,Verified,False,1456.54,1,15,1,244.74,110,0,Low
CUST_3359,Lee Morton,283,Verified,False,5400.6,1,19,1,100.78,4,0,Low
CUST_3360,Priscilla Romero,3634,Verified,False,1424.42,2,5,5,54.3,110,0,High (Network Risk)
CUST_3361,Hailey Lewis,1487,Verified,False,2173.28,1,4,1,674.31,110,0,Low
CUST_3362,Amanda Barber,1431,Verified,False,10665.48,1,5,1,45.53,110,1,Low
CUST_3363,Zachary Miller,88,Verified,False,4596.05,1,62,1,75.18,110,0,High (Network Risk)
CUST_3364,Timothy Walker,1068,Verified,False,917.06,1,4,1,107.38,110,0,Low
CUST_3365,Laura Kelley,461,Verified,False,4482.95,1,6,1,682.14,110,0,Low
CUST_3366,Nicholas Abbott,2326,Verified,False,10291.5,1,8,1,25.49,110,0,Low
CUST_3367,Amber Kennedy,2469,Verified,False,3538.78,1,11,1,57.45,110,0,Low
CUST_3368,Jessica Adams,1725,Verified,False,7128.09,1,8,1,280.84,110,0,Low
CUST_3369,Eileen Sanchez,1377,Verified,False,1777.55,1,30,2,312.33,110,0,Low
CUST_3370,Randall Cox,2744,Verified,False,3865.62,2,8,2,27.41,110,0,Low
CUST_3371,Paul Wilson,515,Verified,False,615.99,2,6,1,82.19,110,1,Low
CUST_3372,Nicholas Beard,703,Verified,False,5595.58,1,15,1,124.46,110,0,Low
CUST_3373,Harold Wagner,1654,Verified,False,4273.25,1,3,1,228.6,110,0,Low
CUST_3374,Martha Jacobs,2067,Verified,False,820.35,1,11,1,108.35,110,0,Low
CUST_3375,Jason Hudson,23,Verified,False,13641.6,1,5,1,1492.41,110,0,Low
CUST_3376,Beth Medina,2461,Verified,False,5277.11,3,20,1,128.02,110,0,Low
CUST_3377,Jennifer Richards,1054,Verified,False,1491.18,2,21,2,1427.62,110,0,Low
CUST_3378,David Mitchell,1831,Verified,False,5745.24,3,6,1,73.89,110,1,Low
CUST_3379,Brad Fisher,2156,Verified,False,1113.84,2,3,20,13.45,110,0,High (Network Risk)
CUST_3380,Ms. Mackenzie Barton,3439,Verified,False,1279.04,1,1,1,6414.63,110,1,Low
CUST_3381,Sherri Smith,1305,Verified,False,1119.65,2,8,1,130.29,110,0,Low
CUST_3382,Dennis Spencer,3200,Verified,False,1087.78,2,1,1,258.38,110,0,Low
CUST_3383,Natalie Martinez,3301,Verified,False,4617.52,1,6,2,16.86,110,0,Low
CUST_3384,Jeffrey Vaughn,1135,Verified,False,3276.48,1,4,1,219.84,110,1,Low
CUST_3385,Brandi Camacho DVM,2184,Verified,False,6299.47,1,11,1,508.95,110,0,Low
CUST_3386,Heather Morales,362,Verified,False,177.74,1,7,1,26.62,110,1,Low
CUST_3387,Michelle Wilson,3258,Verified,False,2015.17,2,4,1,119.83,110,0,Low
CUST_3388,Stephanie Vargas,2177,Verified,False,2043.86,2,14,1,135.53,110,5,Low
CUST_3389,Wendy Williams,1900,Failed,False,3142.06,10,3,1,21.72,110,0,Medium (Compliance)
CUST_3390,Heather Cole,1285,Verified,False,3061.84,1,11,1,1697.45,110,10,Low
CUST_3391,Jerry Davenport,515,Verified,False,3744.66,2,38,1,2.68,110,0,High (Network Risk)
CUST_3392,John Taylor,449,Verified,False,3257.82,1,15,1,6.0,110,0,Low
CUST_3393,Ralph Hendricks,1924,Pending,False,1884.09,1,5,1,174.07,110,0,Low
CUST_3394,Angela Huang,3176,Verified,False,1999.1,2,3,1,33.37,110,0,Low
CUST_3395,Jacqueline Banks,1507,Pending,False,2827.59,2,15,1,409.8,110,0,Low
CUST_3396,Jeffrey Romero,1248,Verified,False,4937.64,2,2,1,88.37,110,0,Low
CUST_3397,Theresa Davis,1856,Verified,False,3245.74,1,7,1,269.81,110,0,Low
CUST_3398,Glenn Elliott,874,Verified,False,1359.42,2,13,1,19.1,110,0,Low
CUST_3399,Lauren Anthony,3563,Verified,False,1289.32,2,3,1,81.75,110,0,Low
CUST_3400,Frank Flores,2521,Verified,False,4963.64,1,3,2,76.42,110,0,Low
CUST_3401,Charles Cervantes,3082,Verified,True,6357.51,2,2,1,4994.31,4,0,Medium (Compliance)
CUST_3402,Virginia Clark,1429,Pending,False,8699.44,1,26,2,75.23,110,0,Low
CUST_3403,Laura Gilbert,2350,Verified,False,1824.52,1,28,1,4.79,110,5,Low
CUST_3404,Dustin Wilson,2279,Verified,False,455.92,2,28,1,774.08,110,0,Low
CUST_3405,Jeffrey Mcclure,1755,Verified,False,4366.18,1,31,1,102.9,110,1,High (Network Risk)
CUST_3406,Thomas Zhang,923,Verified,False,1457.34,1,4,1,222.34,110,0,Low
CUST_3407,Tammy Estrada,3138,Verified,False,2688.21,2,1,1,88.41,110,0,Low
CUST_3408,Daniel Roberson,2985,Verified,False,3457.25,2,28,1,21.88,110,1,Low
CUST_3409,Alyssa Orr,2160,Verified,False,5185.65,1,15,1,1054.09,110,0,Low
CUST_3410,Kimberly Lloyd,1037,Pending,False,7282.28,2,14,1,34.23,110,5,Low
CUST_3411,Ronnie Johnson,1417,Verified,False,9601.12,1,3,1,16.06,110,0,Low
CUST_3412,Tom Duncan,2548,Verified,False,11151.38,10,7,1,300.51,110,0,Low
CUST_3413,Kelly Guerra,2980,Verified,False,3307.83,2,8,1,187.46,110,5,Low
CUST_3414,Brian Mccarthy,2646,Verified,False,550.79,1,7,1,738.09,110,0,Low
CUST_3415,Jill Reynolds,2282,Verified,False,1620.45,1,3,1,226.04,110,1,Low
CUST_3416,Sean Kaiser,2650,Verified,False,12187.01,1,1,1,132.59,110,0,Low
CUST_3417,Audrey Gomez,314,Verified,False,3459.09,1,4,1,579.1,110,0,Low
CUST_3418,Ricky Luna,2614,Verified,False,26327.64,1,0,1,12.53,110,0,Low
CUST_3419,Jonathon Hill,3084,Verified,False,2040.63,1,5,1,113.01,110,0,Low
CUST_3420,Kayla Waters,2257,Verified,False,30117.54,1,4,1,35.88,110,0,Low
CUST_3421,Emily Middleton,1998,Verified,False,2976.46,2,2,1,216.93,110,0,Low
CUST_3422,Timothy Bauer,1038,Verified,False,1959.11,1,10,1,504.49,110,0,Low
CUST_3423,Ryan Guerrero,1657,Pending,False,1463.13,1,5,1,225.5,110,0,Low
CUST_3424,Amanda Walters,3490,Verified,False,5766.69,1,5,1,429.73,110,0,Low
CUST_3425,Chad Bennett,3509,Verified,False,725.56,2,22,1,951.88,110,0,Low
CUST_3426,Megan Baker,3449,Verified,False,1720.28,1,5,1,315.81,110,0,Low
CUST_3427,Robert Gross,3092,Verified,False,2828.26,2,10,1,451.22,110,0,Low
CUST_3428,Craig Liu,2635,Verified,False,311.74,1,3,2,2469.81,110,0,Low
CUST_3429,Shannon Curry,1779,Verified,False,2704.21,1,9,1,7782.23,110,0,Low
CUST_3430,Austin Grant,1015,Verified,False,16655.51,1,6,1,117.29,110,0,Low
CUST_3431,Christopher Barnes,1094,Pending,False,4591.47,1,7,1,36.23,110,0,Low
CUST_3432,James Silva,3283,Verified,False,1543.73,1,2,1,3.1,110,0,Low
CUST_3433,Kari Sandoval,1125,Verified,False,1848.49,1,2,1,2662.83,110,0,Low
CUST_3434,Eric Hall,698,Verified,False,4176.15,1,5,1,63.28,110,0,Low
CUST_3435,John Robles,2180,Verified,False,1788.72,2,21,1,297.07,110,0,Low
CUST_3436,Howard Castillo,1405,Verified,False,4762.65,1,2,2,399.44,110,0,Low
CUST_3437,Brian Ibarra,1156,Verified,False,1738.93,1,28,1,496.79,110,0,Low
CUST_3438,Donna Montes,1044,Verified,False,1070.31,10,4,1,101.87,110,0,Low
CUST_3439,Matthew Wilson,1930,Verified,False,9708.87,1,7,2,488.78,110,0,Low
CUST_3440,Francis Wilson,2584,Verified,False,6057.42,1,16,2,334.68,110,0,Low
CUST_3441,Michele Ayala,1014,Verified,False,451.05,10,5,1,53.68,110,0,Low
CUST_3442,Dr. John Jenkins,227,Verified,False,2128.43,10,6,2,1702.11,110,0,Low
CUST_3443,Earl Romero,3226,Verified,False,8458.6,1,23,5,409.64,110,0,High (Network Risk)
CUST_3444,Rachel Brown,1829,Verified,False,2524.65,1,17,2,21.64,110,5,Low
CUST_3445,Deborah Stewart,1493,Verified,False,1668.12,1,12,1,85.0,110,0,Low
CUST_3446,Jeremy Ross,822,Verified,False,2315.67,2,6,1,82.18,110,0,Low
CUST_3447,Debra Chandler,2024,Verified,False,3330.63,2,6,1,63.11,110,0,Low
CUST_3448,Robert Parker,871,Verified,False,2490.81,1,3,2,371.26,110,0,Low
CUST_3449,Kenneth Jackson,2453,Verified,False,2744.42,2,5,1,1029.38,110,0,Low
CUST_3450,Mario Gould,2250,Verified,True,2565.89,2,7,1,28.75,110,0,Medium (Compliance)
CUST_3451,Erin Jacobs,2086,Verified,False,1125.95,1,7,1,86.86,110,0,Low
CUST_3452,Nathan Lang,2990,Verified,False,1069.39,2,9,1,828.29,110,0,Low
CUST_3453,Michael Barr,1796,Pending,False,1002.29,1,17,1,42.1,110,1,Low
CUST_3454,Kristen Pena,188,Verified,False,3266.58,1,2,1,50.88,110,0,Low
CUST_3455,Heidi Gonzalez,1081,Failed,False,5338.85,10,4,1,5.06,110,5,Medium (Compliance)
CUST_3456,Joseph Heath,941,Verified,False,1162.93,1,18,1,470.18,110,0,Low
CUST_3457,Robert Lozano,3092,Verified,False,665.06,1,53,1,201.01,110,0,High (Network Risk)
CUST_3458,Daniel Quinn,2321,Verified,False,1247.23,2,3,5,89.91,110,0,High (Network Risk)
CUST_3459,Amanda Smith,3191,Verified,False,12117.47,3,4,1,13.35,110,0,Low
CUST_3460,Ashley Sanders,2631,Verified,False,2179.59,2,2,1,88.75,110,0,Low
CUST_3461,Mr. Eric Hall,2564,Pending,False,2406.47,1,1,5,8.3,110,0,High (Network Risk)
CUST_3462,Danielle Nelson,3293,Verified,False,1342.5,1,9,1,114.09,110,0,Low
CUST_3463,Richard Rios,526,Verified,False,5280.13,1,11,1,2646.78,110,0,Low
CUST_3464,Patrick Nelson,3587,Verified,False,2635.07,1,5,1,199.2,110,0,Low
CUST_3465,Benjamin Bowen,336,Verified,False,1441.39,2,5,1,942.61,110,0,Low
CUST_3466,Jennifer Smith,2746,Pending,False,1063.25,2,6,1,1051.6,110,0,Low
CUST_3467,Lisa Hernandez,1079,Verified,False,4349.64,1,4,1,67.2,110,0,Low
CUST_3468,Rebecca Lee,2548,Verified,False,3881.53,1,7,1,375.29,110,0,Low
CUST_3469,Emily Morris,2948,Verified,False,864.13,2,22,1,2.47,4,0,Low
CUST_3470,Allison Hill,2814,Verified,False,10171.88,2,3,1,226.3,110,0,Low
CUST_3471,Dennis Douglas,2584,Pending,False,1568.87,1,5,1,745.07,110,0,Low
CUST_3472,Eddie Davis,162,Verified,False,322.22,1,6,1,324.94,110,0,Low
CUST_3473,Kristina Webb,594,Verified,False,13747.8,1,4,1,86.66,110,0,Low
CUST_3474,Kim Sanchez,1939,Verified,False,2690.43,2,7,1,976.08,110,0,Low
CUST_3475,Jonathan Long,2207,Verified,False,4603.03,1,1,1,817.28,110,0,Low
CUST_3476,Joshua Rodriguez,3260,Verified,False,15871.59,2,11,1,137.85,110,0,Low
CUST_3477,William Sanders,60,Verified,False,1093.76,1,3,5,1388.77,110,0,High (Network Risk)
CUST_3478,Jacob Hart,2963,Verified,False,4814.25,1,3,2,322.82,110,0,Low
CUST_3479,Evelyn Pacheco,3391,Verified,False,9655.94,1,6,2,13.27,110,0,Low
CUST_3480,Anna Jackson,1902,Verified,False,1170.85,2,2,1,239.92,110,0,Low
CUST_3481,Katherine Wright,2259,Verified,False,12844.32,2,21,1,50.64,110,0,Low
CUST_3482,Luis Wells,406,Verified,False,728.39,2,3,1,312.76,110,0,Low
CUST_3483,Lacey Hall,664,Verified,False,2709.81,2,60,1,0.63,110,0,High (Network Risk)
CUST_3484,Darlene Collins,1133,Verified,False,1017.05,2,12,1,1621.66,110,1,Low
CUST_3485,Chris Morris,1100,Verified,False,5978.01,1,4,1,792.48,110,0,Low
CUST_3486,Jennifer Smith,542,Verified,False,1135.25,2,5,1,1611.78,110,0,Low
CUST_3487,Nicole Norton,1338,Verified,False,1607.91,1,8,1,146.16,110,0,Low
CUST_3488,Emily Pearson,998,Pending,False,1237.73,1,28,1,840.72,110,0,Low
CUST_3489,Michael Robertson,1141,Verified,False,896.11,1,15,2,203.84,4,1,Low
CUST_3490,Wendy Miller,2975,Failed,False,1384.42,1,14,1,33.94,110,0,Medium (Compliance)
CUST_3491,Michael Bennett,868,Verified,False,2848.84,2,5,1,43.95,110,0,Low
CUST_3492,Carla Goodman,2067,Verified,False,2696.7,1,4,1,88.43,110,0,Low
CUST_3493,Jeffrey Stanton,432,Verified,False,2400.73,1,12,1,967.91,110,0,Low
CUST_3494,Jeff Jackson,740,Verified,False,1530.66,2,21,1,920.16,110,0,Low
CUST_3495,Katelyn Curry,1374,Verified,False,2088.01,2,6,1,56.25,110,0,Low
CUST_3496,Jennifer Phillips,183,Verified,False,610.58,1,4,1,435.47,110,0,Low
CUST_3497,Edward Weeks,2161,Verified,False,1481.8,1,3,5,152.07,110,0,High (Network Risk)
CUST_3498,Kelly Gilbert,1207,Verified,False,2388.06,1,1,1,35.99,110,0,Low
CUST_3499,Matthew Thomas,2529,Verified,False,4001.23,2,5,1,25.22,110,0,Low
CUST_3500,Christine Mendez,1170,Verified,False,3541.35,2,6,5,104.94,4,0,High (Network Risk)
CUST_3501,Kelly King,831,Verified,False,873.07,1,7,1,601.83,110,0,Low
CUST_3502,Timothy Ho,1652,Verified,False,4572.37,3,11,1,69.38,110,0,Low
CUST_3503,Sarah Taylor,1137,Verified,False,3368.59,1,5,2,485.53,110,0,Low
CUST_3504,Sandra Smith,2811,Verified,False,12583.82,1,31,1,236.33,110,0,High (Network Risk)
CUST_3505,Chris Jones,476,Verified,False,668.88,1,2,1,12.72,110,0,Low
CUST_3506,Emily Lopez,2811,Verified,False,2600.67,1,12,1,3016.67,110,1,Low
CUST_3507,Kimberly Rivera,1327,Verified,False,8360.77,3,2,2,891.05,110,0,Low
CUST_3508,John Moore,971,Verified,False,2216.26,1,3,1,17.94,110,0,Low
CUST_3509,Justin Perez,1020,Verified,False,1195.77,1,9,1,270.13,110,0,Low
CUST_3510,Tanya Hill,1142,Verified,False,1318.09,1,17,1,1358.18,110,0,Low
CUST_3511,Shawna Silva,1837,Verified,False,6534.1,1,5,1,274.72,110,1,Low
CUST_3512,Marcus Powell,161,Verified,False,633.91,1,7,1,79.68,110,1,Low
CUST_3513,Joshua Hopkins,2449,Verified,False,2136.17,1,20,5,123.43,110,5,High (Network Risk)
CUST_3514,Christian Cross,198,Verified,False,1241.32,1,2,1,101.83,110,0,Low
CUST_3515,Dennis Garcia,1284,Verified,False,1338.18,1,13,1,120.03,110,1,Low
CUST_3516,Laurie Miranda,660,Verified,False,4635.97,2,4,1,801.59,110,0,Low
CUST_3517,Raymond Vargas,1776,Verified,False,2007.62,2,8,1,301.56,110,0,Low
CUST_3518,Robert Savage,1071,Verified,False,3763.23,1,11,1,40.67,110,0,Low
CUST_3519,Kara Jackson,2011,Verified,False,860.91,1,2,1,98.64,110,0,Low
CUST_3520,Virginia Davis,399,Verified,False,6835.59,2,4,1,81.87,110,0,Low
CUST_3521,Brianna Martin,1734,Verified,False,3687.39,1,12,1,229.06,110,0,Low
CUST_3522,Erica Huang,1583,Verified,False,10280.54,1,6,1,27.79,110,0,Low
CUST_3523,Jorge Gonzales,2126,Verified,False,1984.36,1,4,1,15.48,110,5,Low
CUST_3524,Erin Mason,2172,Verified,False,4673.03,2,8,1,36.9,4,0,Low
CUST_3525,Justin Bennett,75,Verified,False,6525.0,1,3,1,14.29,110,0,Low
CUST_3526,John Collins,2185,Verified,False,4582.02,1,2,1,15.01,110,0,Low
CUST_3527,Kerry Ware,602,Pending,False,16281.57,1,1,1,931.33,110,0,Low
CUST_3528,Tina Dougherty,3472,Verified,False,564.98,2,9,1,122.38,110,0,Low
CUST_3529,Michelle Larsen,837,Verified,False,3549.82,1,7,1,259.26,110,0,Low
CUST_3530,Katherine Mccormick,1529,Verified,False,1986.53,1,11,1,162.58,110,0,Low
CUST_3531,Kristin Graham,500,Verified,False,1848.83,1,19,1,176.83,110,0,Low
CUST_3532,Alexander Diaz,1597,Verified,False,13273.63,1,6,1,232.24,110,0,Low
CUST_3533,Michael Chandler,138,Verified,False,1603.25,1,6,1,358.32,110,0,Low
CUST_3534,Justin Cuevas,2098,Verified,False,6994.13,1,9,1,258.25,110,0,Low
CUST_3535,Janet White,1795,Pending,False,1038.9,1,4,1,9726.1,110,0,Low
CUST_3536,Alexandra Ramos,973,Verified,False,8262.76,2,2,2,31.88,110,0,Low
CUST_3537,Abigail Collins,1643,Verified,False,2914.78,1,2,1,30.27,110,0,Low
CUST_3538,Jacob King,1886,Verified,False,2246.75,2,7,1,65.33,110,0,Low
CUST_3539,Lisa Johnson,2302,Verified,False,641.14,1,16,1,20.4,110,0,Low
CUST_3540,John Williams,2029,Verified,False,2251.42,2,25,1,96.32,110,5,Low
CUST_3541,Dawn Garrett,2758,Verified,False,1500.04,10,5,1,35.35,110,0,Low
CUST_3542,Samantha Roy,1901,Verified,False,17114.18,1,8,1,167.7,110,0,Low
CUST_3543,Yolanda Chen,2611,Verified,False,3139.02,3,33,2,165.69,110,0,High (Network Risk)
CUST_3544,John Golden DDS,2805,Verified,False,1641.73,1,11,1,20.96,110,0,Low
CUST_3545,Amanda Johnson,1450,Verified,False,1573.65,2,8,1,468.55,110,0,Low
CUST_3546,Brittany Fitzgerald,547,Failed,False,765.18,1,8,1,44.56,110,0,Medium (Compliance)
CUST_3547,Bonnie Barnes,3374,Verified,False,13660.71,1,11,1,36.35,4,0,Low
CUST_3548,Amy Walsh,922,Verified,False,10470.1,1,2,1,286.87,110,5,Low
CUST_3549,Brent Stephens,581,Verified,False,2788.0,1,13,1,148.42,110,0,Low
CUST_3550,Mrs. Lisa Smith,1373,Verified,False,26353.21,2,10,1,148.7,110,0,Low
CUST_3551,Sarah Stewart,1957,Verified,False,2942.16,1,17,1,33.48,110,0,Low
CUST_3552,Susan Matthews,2004,Verified,False,8923.41,1,10,2,27.95,110,0,Low
CUST_3553,Kelli Shepard,2097,Pending,False,5250.93,3,16,1,490.94,110,0,Low
CUST_3554,Ryan Caldwell,2965,Pending,False,1678.24,2,3,1,132.87,110,0,Low
CUST_3555,Roger Mason,3146,Verified,False,3577.28,3,4,1,209.29,110,0,Low
CUST_3556,Angela Ramos,704,Verified,False,4327.41,2,8,1,186.59,110,0,Low
CUST_3557,Craig Wagner,2309,Verified,False,808.95,1,4,1,410.14,110,10,Low
CUST_3558,Paul Massey,2404,Pending,False,3975.78,1,14,1,136.16,110,0,Low
CUST_3559,Donald Bell,1626,Verified,False,9329.57,1,2,20,104.8,4,0,High (Network Risk)
CUST_3560,Keith Horton,3332,Verified,False,1492.89,3,6,1,435.16,110,10,Low
CUST_3561,Julie Wilson,638,Verified,False,2415.3,1,4,1,4238.66,110,0,Low
CUST_3562,Nicholas Lopez,2791,Verified,False,982.79,1,4,2,23.03,110,0,Low
CUST_3563,Tracy Wang,3367,Verified,False,1839.41,1,2,1,65.17,110,0,Low
CUST_3564,Claudia Brooks,1010,Verified,False,1987.83,1,7,1,230.32,110,0,Low
CUST_3565,Nathaniel Wright,2979,Verified,False,14445.85,1,6,1,5.67,110,1,Low
CUST_3566,Maria Valenzuela,641,Pending,False,2170.71,1,33,1,784.9,110,1,High (Network Risk)
CUST_3567,Peter Anderson,2840,Verified,False,1754.04,1,54,20,489.02,110,0,High (Network Risk)
CUST_3568,Michael Thompson,3385,Verified,False,2713.63,1,3,1,155.26,110,0,Low
CUST_3569,Ethan Perez,2660,Verified,False,540.4,2,1,1,298.73,110,0,Low
CUST_3570,Stephen Thompson,1862,Verified,False,281.82,2,2,1,1422.66,110,0,Low
CUST_3571,Michael Baker,2857,Verified,False,748.36,1,7,1,229.02,110,1,Low
CUST_3572,Kenneth Bailey DDS,1206,Verified,False,4122.04,2,18,1,22.25,110,0,Low
CUST_3573,Mark Decker,686,Verified,False,2972.99,2,5,1,626.81,110,0,Low
CUST_3574,Ruben Cruz,1852,Pending,False,7108.92,1,11,1,595.68,110,0,Low
CUST_3575,Christine Park,3436,Verified,False,651.73,2,3,5,202.83,110,0,High (Network Risk)
CUST_3576,Robert Hogan,188,Verified,False,2430.71,2,5,1,7499.47,110,0,Low
CUST_3577,Michael Gordon,3641,Verified,False,606.79,1,8,1,126.81,110,0,Low
CUST_3578,Rebecca Davis,3615,Verified,False,3894.5,1,7,2,10.06,4,1,Low
CUST_3579,Deanna Mcdonald,1620,Verified,False,751.52,1,7,1,219.02,110,0,Low
CUST_3580,Brian Barrett,1688,Verified,False,2337.02,2,3,1,184.97,110,0,Low
CUST_3581,Charles Willis,985,Verified,False,3664.32,1,19,1,4188.49,110,0,Low
CUST_3582,James Chapman,548,Verified,False,2015.86,2,19,1,253.44,110,0,Low
CUST_3583,Michael Soto,2773,Failed,False,310.46,1,19,1,103.34,110,0,Medium (Compliance)
CUST_3584,Aimee Fisher,2974,Verified,False,15714.4,1,4,2,22.58,110,0,Low
CUST_3585,Matthew Garcia,1432,Verified,False,1812.79,1,8,1,2234.41,110,0,Low
CUST_3586,Elizabeth Owens,876,Verified,False,596.15,1,4,1,4.84,110,0,Low
CUST_3587,Alex Lamb,618,Verified,False,6381.74,2,3,1,300.05,110,0,Low
CUST_3588,Kenneth Graham,2462,Verified,False,6624.76,2,9,2,7.29,110,1,Low
CUST_3589,Roy King,1366,Verified,False,2203.54,1,1,1,95.81,110,1,Low
CUST_3590,George Gregory,1244,Verified,False,13852.88,1,14,1,87.08,110,0,Low
CUST_3591,Wesley Rich,903,Verified,False,1421.27,2,2,1,52.99,110,0,Low
CUST_3592,Stephanie Hunter,163,Verified,False,3553.36,2,5,1,85.19,110,0,Low
CUST_3593,Raymond Finley,1975,Verified,False,4968.14,2,1,1,183.15,110,0,Low
CUST_3594,Allen Hunt,3292,Verified,False,13548.05,1,31,1,74.34,110,0,High (Network Risk)
CUST_3595,Stacie Sanford,270,Pending,False,426.96,3,12,1,124.32,4,0,Low
CUST_3596,Christina Compton,632,Verified,False,29489.97,2,7,1,52.35,4,0,Low
CUST_3597,Beverly Cook,906,Verified,False,9641.89,1,4,1,103.21,110,0,Low
CUST_3598,Tracy Parker,3472,Verified,False,4672.53,1,3,5,638.6,110,0,High (Network Risk)
CUST_3599,Rebecca Ellis,3254,Verified,False,1339.9,1,6,1,74.28,110,0,Low
CUST_3600,Aaron Hernandez,2015,Pending,False,1231.92,2,9,1,1543.99,110,0,Low
CUST_3601,Elizabeth Miller,1642,Verified,False,3975.2,1,6,2,637.2,4,0,Low
CUST_3602,Dalton Davis,205,Verified,False,4884.39,1,11,1,508.77,110,0,Low
CUST_3603,Michael Singleton,582,Verified,False,4293.54,1,32,1,150.07,110,0,High (Network Risk)
CUST_3604,John Cooper,1580,Verified,False,3497.32,1,3,1,35.64,110,0,Low
CUST_3605,Michael Hale,841,Verified,False,4591.5,1,8,5,172.15,110,0,High (Network Risk)
CUST_3606,Mary Guerra,1837,Verified,False,335.08,2,29,1,2076.21,110,0,Low
CUST_3607,Pamela Davis,1252,Verified,False,2284.48,1,5,1,43.05,110,1,Low
CUST_3608,Phillip Anderson,1720,Verified,False,747.53,1,6,1,230.62,110,0,Low
CUST_3609,Stephanie Weiss,1643,Verified,False,2862.53,1,10,1,38.03,110,0,Low
CUST_3610,Jessica Long,2644,Verified,False,11008.97,1,12,1,81.1,110,0,Low
CUST_3611,John Yang,2298,Verified,False,1201.48,1,17,5,232.76,110,0,High (Network Risk)
CUST_3612,Connie Franklin,875,Verified,False,1466.61,1,8,1,256.35,110,1,Low
CUST_3613,Jackie Morgan,1465,Verified,False,1274.72,1,3,1,176.93,110,0,Low
CUST_3614,Lisa Walton,3605,Verified,False,1456.94,2,11,1,368.61,110,0,Low
CUST_3615,Maria Taylor,2244,Verified,False,5187.74,1,3,1,293.41,110,0,Low
CUST_3616,Daniel Graham,690,Verified,False,6549.85,2,9,1,90.75,110,0,Low
CUST_3617,Matthew Simmons,2011,Verified,False,12954.53,1,7,1,439.22,110,0,Low
CUST_3618,James Nicholson,3591,Verified,False,1091.02,1,7,2,34.8,110,0,Low
CUST_3619,Tyler Fisher,3142,Verified,False,5907.27,2,6,1,100.72,110,0,Low
CUST_3620,Michael Flowers,2687,Verified,False,6976.96,1,16,2,73.95,110,0,Low
CUST_3621,Bradley Parks,1423,Verified,False,15573.04,2,12,1,259.43,110,0,Low
CUST_3622,Scott Lara,2002,Verified,False,1175.57,1,12,5,4.2,110,0,High (Network Risk)
CUST_3623,Francis Andrews,672,Verified,False,401.99,1,5,2,81.52,110,0,Low
CUST_3624,Jesse Tucker,3275,Verified,False,2258.86,1,1,1,294.39,110,0,Low
CUST_3625,Jennifer Wise,1172,Verified,False,49448.52,2,5,1,6032.77,110,0,Low
CUST_3626,David Walters,1496,Verified,False,996.99,3,10,2,159.91,110,0,Low
CUST_3627,Rebekah Cole,944,Verified,False,4850.93,1,7,1,29.28,110,0,Low
CUST_3628,John Rogers,2247,Verified,False,324.89,1,5,1,408.13,110,10,Low
CUST_3629,Holly Floyd,1450,Verified,False,18303.36,1,8,1,53.5,110,5,Low
CUST_3630,Ms. Janet Leonard,2540,Verified,False,455.68,2,5,1,19.36,110,0,Low
CUST_3631,George Villa,896,Verified,False,272.84,1,7,1,195.2,110,0,Low
CUST_3632,Christina Hess,2190,Verified,False,3290.74,1,1,1,1079.11,110,1,Low
CUST_3633,Jordan Williams,1337,Verified,False,3355.55,1,13,1,44.58,110,0,Low
CUST_3634,Bryan Burns,165,Pending,False,12323.82,2,12,1,108.08,110,0,Low
CUST_3635,Stephen Parks,2362,Verified,False,6970.63,1,40,1,419.59,110,0,High (Network Risk)
CUST_3636,George Phillips,2069,Verified,False,403.2,2,4,2,688.19,110,0,Low
CUST_3637,Kimberly White,1106,Verified,False,2560.94,2,4,1,1260.6,110,1,Low
CUST_3638,Alan Nguyen,3203,Verified,False,1484.61,1,8,1,52.15,110,1,Low
CUST_3639,Linda Howard,1754,Verified,False,784.42,1,7,1,123.01,110,1,Low
CUST_3640,Parker Wright,3032,Verified,False,4599.36,1,26,1,5.73,110,0,Low
CUST_3641,Brandon Acosta,2353,Verified,False,8458.96,1,5,2,82.1,110,0,Low
CUST_3642,Jessica Hill,1939,Failed,False,1332.36,1,6,1,30.79,110,0,Medium (Compliance)
CUST_3643,Melissa Sanchez,371,Verified,False,2136.98,2,4,1,183.23,110,1,Low
CUST_3644,Sandy Oconnor,1881,Verified,False,2284.3,10,25,1,560.37,110,0,Low
CUST_3645,Judy Jones,853,Verified,False,1539.04,3,10,2,417.95,110,10,Low
CUST_3646,Charles Davila,384,Verified,False,1944.22,2,25,1,26.06,110,1,Low
CUST_3647,Sonia Reyes,1932,Verified,False,1538.06,1,76,1,81.66,110,0,High (Network Risk)
CUST_3648,Mrs. Tammy Curry,2493,Verified,False,3376.63,1,4,1,296.39,110,0,Low
CUST_3649,Alex Clements,425,Verified,False,1658.31,1,17,1,179.02,110,0,Low
CUST_3650,Matthew Andrade,2209,Verified,False,4569.2,1,6,1,51.66,110,0,Low
CUST_3651,Jessica Wilson,3250,Verified,False,1652.25,1,4,1,260.33,110,1,Low
CUST_3652,Dean Turner,629,Verified,False,5691.57,1,2,1,468.35,110,0,Low
CUST_3653,Sarah Sanchez,895,Verified,False,1616.98,2,40,1,111.68,110,1,High (Network Risk)
CUST_3654,Jacqueline Kennedy,2538,Verified,False,5462.91,3,16,1,33.6,110,0,Low
CUST_3655,Jessica Burgess,3065,Verified,False,1275.9,2,6,1,261.38,110,0,Low
CUST_3656,Destiny Powers,2375,Failed,False,7225.43,1,12,1,40.7,110,0,Medium (Compliance)
CUST_3657,Susan Gregory,598,Verified,False,503.7,2,1,1,1078.71,110,0,Low
CUST_3658,Jason Smith,3063,Verified,False,2963.58,1,6,1,2.84,110,0,Low
CUST_3659,Carlos Adams,2337,Pending,False,1690.62,1,4,2,91.17,110,0,Low
CUST_3660,Vanessa Flores,593,Verified,False,2846.42,1,23,1,39.04,110,0,Low
CUST_3661,Albert Nguyen,1688,Verified,False,910.52,1,24,2,432.0,110,0,Low
CUST_3662,Dwayne Joseph,3645,Verified,False,2453.82,3,15,1,1273.96,110,0,Low
CUST_3663,Leah Walters,573,Verified,False,983.04,1,15,2,55.62,110,0,Low
CUST_3664,James Spears,3426,Verified,False,2349.2,1,4,1,36.35,110,0,Low
CUST_3665,Gilbert Reed,2076,Pending,False,2140.61,1,13,1,389.9,110,0,Low
CUST_3666,Joel Newton,3002,Verified,False,4146.1,2,2,1,10.13,110,0,Low
CUST_3667,Michael Chambers,2091,Verified,False,3183.73,1,2,1,214.81,110,0,Low
CUST_3668,Andrew Phelps,1705,Verified,False,19502.59,2,6,1,141.08,110,0,Low
CUST_3669,Lynn Hoffman,2471,Verified,False,1790.17,2,11,1,106.88,110,0,Low
CUST_3670,Daniel Mercer,177,Verified,False,2610.69,2,11,1,42.17,110,0,Low
CUST_3671,Edgar Stewart,529,Verified,False,71991.73,1,2,1,6.26,110,0,Low
CUST_3672,Alyssa Weber,1634,Verified,False,2383.79,1,2,1,639.55,110,0,Low
CUST_3673,Guy Reynolds,966,Verified,False,7732.76,1,5,1,381.5,110,0,Low
CUST_3674,Allison Mcpherson DDS,1518,Verified,False,5305.77,3,3,1,136.08,110,0,Low
CUST_3675,David Morse Jr.,198,Verified,False,30784.9,2,12,5,209.4,110,1,High (Network Risk)
CUST_3676,Sarah Davis,2658,Verified,False,712.91,1,3,1,118.39,110,0,Low
CUST_3677,Willie Duncan,3649,Verified,False,636.14,1,35,1,647.62,4,0,High (Network Risk)
CUST_3678,Christopher Waters,2890,Verified,False,974.69,1,9,1,110.16,110,0,Low
CUST_3679,Jennifer Ortiz,853,Verified,False,3543.18,2,6,1,141.54,110,0,Low
CUST_3680,Jennifer Greene,3589,Pending,False,1092.91,1,2,1,185.11,110,0,Low
CUST_3681,Jack Garcia,1538,Verified,False,353.03,2,2,1,83.32,110,0,Low
CUST_3682,Toni Gill,2070,Verified,False,1182.8,2,5,5,129.14,110,0,High (Network Risk)
CUST_3683,Joseph Myers,3184,Verified,False,4309.53,1,4,1,121.82,110,0,Low
CUST_3684,Kathleen Marshall,1081,Verified,False,1207.62,1,1,1,53.1,110,0,Low
CUST_3685,Joanna Bradshaw,3138,Verified,False,9343.28,2,22,1,35.54,110,0,Low
CUST_3686,Dylan Patel,2890,Verified,False,967.4,1,3,1,110.34,110,0,Low
CUST_3687,John Jackson,98,Verified,False,3023.42,1,9,1,94.23,110,0,Low
CUST_3688,Janet Delgado,3216,Verified,False,2016.41,1,10,1,726.13,110,0,Low
CUST_3689,Jennifer Fields,1904,Verified,False,3599.25,1,2,1,35.05,110,0,Low
CUST_3690,Brenda Harvey,435,Verified,False,3979.27,2,5,2,64.27,110,0,Low
CUST_3691,Ms. Monique Dougherty MD,637,Verified,False,14547.82,1,2,1,195.74,110,0,Low
CUST_3692,Keith Kennedy,3158,Verified,False,5942.27,1,10,1,269.7,110,0,Low
CUST_3693,Jacob Paul,588,Verified,False,1957.13,2,7,5,120.47,110,0,High (Network Risk)
CUST_3694,Martha Arnold,344,Verified,False,5501.98,1,6,1,506.61,110,0,Low
CUST_3695,Sarah Martin,1318,Verified,False,6312.26,1,3,1,126.89,110,0,Low
CUST_3696,Shaun Thompson,1980,Pending,False,23039.51,2,19,1,40.35,110,0,Low
CUST_3697,Tammy Morris,571,Verified,False,2547.5,2,5,1,139.93,110,0,Low
CUST_3698,Steven Clark,611,Failed,False,2743.76,1,2,1,453.86,110,0,Medium (Compliance)
CUST_3699,David Morrison,1728,Verified,False,11073.38,1,3,2,638.16,110,0,Low
CUST_3700,Rebecca Kaufman DDS,2291,Verified,False,404.03,2,1,2,612.01,110,0,Low
CUST_3701,Larry Rivera,1855,Verified,False,2429.31,1,4,1,198.45,110,0,Low
CUST_3702,Caitlin Ford,2609,Verified,False,5968.99,1,3,1,220.06,110,0,Low
CUST_3703,Adriana Johnson,960,Verified,False,8494.83,1,12,1,359.49,110,0,Low
CUST_3704,Sharon Cowan,2080,Verified,False,327.23,1,11,1,12.9,110,1,Low
CUST_3705,Andrea Butler,2439,Verified,False,781.9,2,8,1,50.57,110,0,Low
CUST_3706,Mike Martinez,2325,Pending,False,246.49,1,15,1,232.3,110,0,Low
CUST_3707,Maria Ferguson,532,Verified,True,7136.22,2,2,1,33.82,110,0,Medium (Compliance)
CUST_3708,John Barber,1178,Verified,False,3657.21,1,9,1,834.82,110,0,Low
CUST_3709,James Short,2431,Verified,False,12320.43,1,2,1,736.01,110,0,Low
CUST_3710,Heidi Moran,1092,Verified,False,3069.19,2,5,1,65.83,110,0,Low
CUST_3711,Marie Patterson,1902,Verified,False,28028.69,1,9,1,38.11,110,0,Low
CUST_3712,Charles Baker,884,Verified,False,1160.92,1,4,1,282.88,110,0,Low
CUST_3713,Nicole Rodriguez,2262,Verified,False,2064.95,1,27,1,21.85,110,0,Low
CUST_3714,Jason Morgan,1679,Verified,False,4504.49,1,5,1,183.04,110,0,Low
CUST_3715,Rebecca Clark,2424,Verified,False,1461.54,1,14,1,10356.75,110,10,Low
CUST_3716,Martin Jones,2792,Verified,False,4524.06,1,5,1,32.7,110,0,Low
CUST_3717,Katherine Sanchez,2261,Verified,False,2668.7,2,8,2,45.91,110,0,Low
CUST_3718,Edward Wallace,2127,Verified,False,2517.64,1,5,1,58.78,110,0,Low
CUST_3719,Melissa Carroll,1750,Pending,False,2629.94,2,8,1,38.59,110,5,Low
CUST_3720,Pam Hernandez,2676,Verified,False,6035.42,1,29,1,41.64,110,0,Low
CUST_3721,Daniel Wood,2652,Pending,False,2115.63,1,25,1,1955.67,110,5,Low
CUST_3722,Eddie Duffy,782,Verified,False,972.68,1,5,1,163.06,110,0,Low
CUST_3723,Mark Alvarez,3453,Verified,False,3188.06,1,6,1,580.58,110,0,Low
CUST_3724,Edward Manning,3049,Verified,False,1581.43,1,7,1,897.09,110,0,Low
CUST_3725,Bridget Carter,2728,Verified,False,1097.5,1,12,1,9.91,110,0,Low
CUST_3726,Mark Johnson,2106,Verified,False,527.96,2,32,1,46.81,110,0,High (Network Risk)
CUST_3727,Eric Silva,3098,Verified,False,7563.82,1,20,1,38.08,110,0,Low
CUST_3728,Nathan Mcgee,881,Verified,False,5781.97,1,5,1,2.86,110,1,Low
CUST_3729,Jennifer Montgomery MD,447,Verified,False,12178.32,1,10,1,281.16,110,0,Low
CUST_3730,Christopher Farrell,2114,Verified,False,2989.24,10,8,1,234.05,4,1,Low
CUST_3731,James Grimes,1784,Pending,False,8765.26,1,4,1,1078.71,110,0,Low
CUST_3732,Mr. Joseph Thompson,1278,Verified,False,1160.18,1,16,1,302.23,110,0,Low
CUST_3733,Alexis Arroyo,1992,Verified,False,442.26,1,0,2,2.97,110,0,Low
CUST_3734,Eric Walker,1068,Verified,False,1405.78,1,16,2,51.78,110,0,Low
CUST_3735,Richard Mccormick,3169,Verified,False,2426.14,1,10,1,57.72,110,1,Low
CUST_3736,Heather Stevens,1578,Verified,False,4274.64,1,1,1,319.59,110,0,Low
CUST_3737,Susan Larsen,1012,Pending,False,10730.59,1,3,1,2.78,110,0,Low
CUST_3738,Rachel Warren,2275,Verified,False,4113.71,1,1,1,335.61,110,5,Low
CUST_3739,Dale Beck,774,Verified,False,28492.52,2,28,1,484.03,110,0,Low
CUST_3740,Brett Rivera,2727,Verified,False,3360.42,1,3,2,101.97,110,1,Low
CUST_3741,Juan Nichols,3508,Pending,False,3296.89,1,15,1,44.77,110,0,Low
CUST_3742,Shelia Waller,1815,Verified,False,4180.57,1,15,2,868.91,110,0,Low
CUST_3743,Keith Wright,2649,Verified,False,4354.45,1,6,1,18.63,110,0,Low
CUST_3744,Patrick Norris,2427,Verified,False,4292.35,1,4,1,827.63,110,0,Low
CUST_3745,Danielle Norris,1202,Verified,False,869.35,1,11,1,579.91,110,0,Low
CUST_3746,Andrew Lynch,1451,Verified,False,6989.7,1,8,1,344.13,110,0,Low
CUST_3747,Anna Lee,2757,Verified,False,36522.56,1,15,1,2264.79,110,0,Low
CUST_3748,Amy Leach,307,Verified,False,1232.77,2,2,2,152.23,110,0,Low
CUST_3749,Amy Perez,779,Verified,False,2860.53,1,16,2,376.72,110,0,Low
CUST_3750,Lauren Marshall,2552,Verified,False,755.37,1,21,1,138.09,110,0,Low
CUST_3751,Rachael Flores,2316,Verified,False,6322.82,1,6,1,91.67,110,0,Low
CUST_3752,Christina Wilson,8,Verified,False,6316.75,1,3,1,328.0,110,0,Low
CUST_3753,Craig Daniels,2556,Verified,False,662.46,1,5,2,94.16,110,0,Low
CUST_3754,John Hudson,476,Verified,False,802.35,1,4,1,163.02,110,0,Low
CUST_3755,Shannon Rodriguez,1321,Verified,False,371.79,1,6,1,164.35,110,0,Low
CUST_3756,Paula Lee,2212,Verified,False,14333.86,1,4,1,80.86,110,0,Low
CUST_3757,Lisa Bryant,485,Verified,False,1288.56,1,10,5,446.73,4,0,High (Network Risk)
CUST_3758,Paul Guzman,3144,Verified,False,2606.57,2,12,1,10.41,4,0,Low
CUST_3759,Christopher Hunter MD,2615,Verified,False,2065.95,1,5,2,52.32,110,0,Low
CUST_3760,Elizabeth Camacho,905,Verified,False,8010.02,1,1,1,34.45,110,0,Low
CUST_3761,Donald Hoffman,559,Verified,False,5768.82,1,10,1,235.28,110,0,Low
CUST_3762,Jeremiah Rowland,1968,Verified,False,5468.84,1,2,1,103.9,110,0,Low
CUST_3763,Katherine Flores,2286,Verified,False,1323.38,1,9,1,17.67,110,0,Low
CUST_3764,Julie Martin,1128,Verified,False,5891.3,1,7,1,300.4,110,0,Low
CUST_3765,Jeffrey Torres,1234,Verified,False,7543.47,1,5,1,208.77,110,5,Low
CUST_3766,Jessica Little,2602,Verified,False,5719.85,1,12,1,156.76,110,0,Low
CUST_3767,Catherine Maxwell,2876,Verified,False,821.34,1,9,1,478.65,110,0,Low
CUST_3768,Cindy Shaw,468,Verified,False,963.2,1,10,1,324.73,110,0,Low
CUST_3769,Joseph Garcia,3526,Verified,False,16934.76,2,14,1,104.63,110,0,Low
CUST_3770,Leon Duncan,3340,Verified,False,20825.76,3,5,1,277.09,110,0,Low
CUST_3771,Christopher Miranda,2434,Pending,False,2779.49,1,5,1,1157.86,110,0,Low
CUST_3772,Sarah Bishop,2823,Verified,False,2775.9,1,17,1,117.91,4,0,Low
CUST_3773,Tyler Zavala,848,Verified,False,3489.15,2,12,1,962.65,110,0,Low
CUST_3774,Rachel Chan,2435,Verified,False,5318.81,1,5,1,2547.36,110,0,Low
CUST_3775,Timothy Kennedy,2925,Pending,False,704.51,2,1,1,243.48,110,0,Low
CUST_3776,Elizabeth Thomas,259,Verified,False,3753.41,1,10,1,32.85,110,0,Low
CUST_3777,Hector Mcgee,283,Verified,False,1063.42,1,10,1,95.02,110,0,Low
CUST_3778,Jeffery Long,1650,Pending,False,2921.23,1,2,2,189.47,110,0,Low
CUST_3779,Philip Powell,1899,Verified,False,1231.72,1,3,2,152.97,110,0,Low
CUST_3780,Heather Trujillo,40,Verified,False,1558.87,1,5,1,180.06,110,0,Low
CUST_3781,Pamela Smith,2534,Verified,False,3574.52,1,10,1,918.26,110,0,Low
CUST_3782,Christine Moran,2977,Verified,False,1607.92,1,53,2,41.47,110,0,High (Network Risk)
CUST_3783,James Morris,2268,Verified,False,993.42,1,18,1,257.8,110,0,Low
CUST_3784,Erika Castro,3201,Verified,False,12752.84,1,2,2,591.06,110,0,Low
CUST_3785,Daniel Shaw,1015,Verified,False,1007.73,2,5,2,101.88,4,0,Low
CUST_3786,Ashley Sanchez,3072,Verified,False,295.76,1,6,1,31.85,110,0,Low
CUST_3787,John Griffith,3592,Verified,False,5264.62,1,11,1,109.07,110,0,Low
CUST_3788,Wesley Williams,613,Verified,False,2231.26,2,3,1,31.12,110,0,Low
CUST_3789,Melissa Stout,2976,Verified,False,2894.77,2,11,1,51.43,110,0,Low
CUST_3790,Mr. Lawrence Brooks,1916,Verified,False,3491.84,1,4,2,354.99,110,0,Low
CUST_3791,Mark Hill,688,Verified,False,10621.71,1,11,5,220.64,110,0,High (Network Risk)
CUST_3792,Thomas Rodriguez,613,Pending,False,19221.76,1,7,2,431.83,110,0,Low
CUST_3793,Paul Nguyen,2308,Verified,False,3840.83,1,37,1,306.66,110,5,High (Network Risk)
CUST_3794,Jennifer Hernandez,3038,Verified,False,919.91,2,16,2,108.96,110,1,Low
CUST_3795,Edwin Gonzalez,3014,Pending,False,3449.43,2,21,2,32.62,110,1,Low
CUST_3796,David Armstrong,2414,Verified,False,5373.22,1,3,2,241.17,110,0,Low
CUST_3797,Debbie Schmidt,1782,Verified,False,8132.6,2,4,2,66.58,110,0,Low
CUST_3798,Alex Barton,1811,Pending,False,3419.65,1,9,1,120.43,110,0,Low
CUST_3799,Richard Dawson,2592,Verified,False,1701.83,3,2,1,50.79,110,0,Low
CUST_3800,Scott Stein,2697,Verified,False,1203.77,3,17,1,575.87,110,0,Low
CUST_3801,Stephen Lopez,1548,Verified,False,2653.0,1,8,1,5.15,110,0,Low
CUST_3802,Joel Cook,1931,Verified,False,664.47,1,17,1,321.43,4,0,Low
CUST_3803,Michele Scott,2862,Verified,False,4422.15,1,10,1,185.62,110,1,Low
CUST_3804,Allison Wilson,3088,Verified,False,3559.29,3,7,1,561.32,110,0,Low
CUST_3805,James Tucker,1153,Verified,False,3541.64,10,6,1,23.72,110,0,Low
CUST_3806,Joseph Durham,575,Verified,False,6109.66,1,3,5,138.51,110,0,High (Network Risk)
CUST_3807,Alexis Kim,3181,Verified,False,12720.51,1,3,1,78.12,110,0,Low
CUST_3808,Jonathan Yates,1911,Verified,False,2778.23,1,15,1,117.06,110,0,Low
CUST_3809,Katherine Andrews,1013,Verified,False,3219.35,2,12,1,152.39,4,0,Low
CUST_3810,Morgan Cunningham,3605,Verified,False,2059.74,1,19,1,72.29,110,0,Low
CUST_3811,Phyllis Schmidt,670,Verified,False,5174.57,1,4,1,126.18,110,0,Low
CUST_3812,Sarah Miller,269,Verified,False,2958.34,1,18,1,951.96,110,0,Low
CUST_3813,Lisa Kaiser,3234,Verified,False,9462.2,2,6,1,1300.92,110,5,Low
CUST_3814,Pamela Jordan,1284,Verified,False,9265.44,2,11,2,212.32,110,0,Low
CUST_3815,Jerry Gilmore,924,Verified,False,4089.08,1,20,1,1339.11,110,0,Low
CUST_3816,Marie Jones,1126,Verified,False,2752.84,1,38,2,17.02,110,1,High (Network Risk)
CUST_3817,Gina Rose,1530,Verified,False,2268.22,2,17,2,496.29,110,0,Low
CUST_3818,Samantha Reynolds,1759,Verified,False,4819.22,2,8,2,204.1,110,1,Low
CUST_3819,Kenneth Smith,1595,Verified,False,4832.05,1,11,1,85.06,110,5,Low
CUST_3820,Alicia Perez,247,Verified,False,2267.35,1,20,1,372.27,110,1,Low
CUST_3821,David Walker,1561,Pending,False,3977.64,1,13,1,187.67,110,5,Low
CUST_3822,Erin Ellis,2179,Verified,False,1374.41,1,5,1,60.4,110,0,Low
CUST_3823,Patricia Andrews,2401,Verified,False,4679.42,1,12,1,423.8,110,0,Low
CUST_3824,Spencer Camacho,2244,Verified,False,1494.89,1,20,1,138.7,110,0,Low
CUST_3825,Raymond Harris,1940,Verified,False,6451.29,1,31,1,50.83,110,0,High (Network Risk)
CUST_3826,Alexander Guzman,930,Verified,False,2171.74,1,7,1,500.58,110,0,Low
CUST_3827,Penny Fernandez,3454,Verified,False,15896.34,1,3,2,11.51,110,0,Low
CUST_3828,Erin Stewart,3070,Verified,False,3099.82,1,1,1,1745.24,110,0,Low
CUST_3829,Daniel Turner,2693,Pending,False,3781.84,1,13,1,578.23,110,0,Low
CUST_3830,Devin Mayer,227,Pending,False,736.08,1,2,2,8.7,110,0,Low
CUST_3831,Henry Taylor,2749,Verified,False,12167.74,1,9,2,916.69,110,0,Low
CUST_3832,Jessica Flowers,3548,Verified,False,2869.99,2,17,1,168.59,110,5,Low
CUST_3833,Jeremy Manning,3549,Verified,False,16975.13,1,6,1,6.78,4,0,Low
CUST_3834,Jamie Griffin,265,Verified,False,3128.3,1,2,1,9.09,110,0,Low
CUST_3835,Daniel James,1396,Verified,False,2406.37,1,2,2,350.27,110,1,Low
CUST_3836,Anna Thompson,3558,Verified,False,1787.42,2,3,1,28.82,110,0,Low
CUST_3837,Misty Martinez,1458,Verified,False,5665.68,1,6,1,39.95,110,0,Low
CUST_3838,Barbara Burns,646,Verified,False,5017.85,1,19,1,173.8,110,0,Low
CUST_3839,Nicole Stewart,2259,Verified,False,785.22,1,7,1,316.93,110,0,Low
CUST_3840,William Marsh,3644,Verified,False,1687.68,1,41,1,204.18,110,0,High (Network Risk)
CUST_3841,David Rodriguez,3449,Verified,False,6139.41,2,16,1,38.1,110,0,Low
CUST_3842,Adam Lara,1419,Verified,False,1564.82,1,9,1,48.19,110,0,Low
CUST_3843,Scott Gomez,1474,Verified,False,1316.8,2,6,1,30.24,110,0,Low
CUST_3844,Sara Hamilton,2991,Verified,False,3627.3,1,4,1,209.68,110,0,Low
CUST_3845,Elizabeth Key,1388,Verified,False,3252.39,10,8,2,194.38,110,0,Low
CUST_3846,Mason Price,1900,Verified,False,1874.34,1,11,2,269.75,110,0,Low
CUST_3847,Trevor Hill,2505,Verified,False,17455.09,2,9,1,195.59,110,5,Low
CUST_3848,Erica Taylor,2773,Verified,False,2568.27,1,4,1,175.79,110,0,Low
CUST_3849,Justin Anderson,1250,Verified,False,841.35,1,3,2,566.87,110,1,Low
CUST_3850,Michael Farmer,982,Verified,False,590.57,1,32,2,171.79,110,0,High (Network Risk)
CUST_3851,Robert Cline,1155,Verified,False,8287.27,2,12,1,558.78,110,0,Low
CUST_3852,Jacqueline Perry,588,Verified,False,994.87,1,9,1,82.37,110,0,Low
CUST_3853,Christopher Mayer,476,Verified,False,3073.1,1,11,1,45.61,110,0,Low
CUST_3854,Natalie Patrick,1822,Verified,False,1243.92,1,17,1,898.9,110,0,Low
CUST_3855,Shawn Rodriguez,986,Verified,False,2691.59,3,5,1,73.36,110,0,Low
CUST_3856,Jonathan Torres,3349,Verified,False,4221.67,1,6,2,125.95,110,0,Low
CUST_3857,Susan Baker,2204,Verified,False,760.87,1,4,1,42.9,110,0,Low
CUST_3858,Richard Rivera,1242,Verified,False,1889.94,2,7,1,2924.48,110,0,Low
CUST_3859,Amanda Wiggins,190,Verified,False,1519.92,2,4,1,14.94,110,0,Low
CUST_3860,Amber Bennett,1441,Verified,False,1135.28,1,3,1,648.03,110,0,Low
CUST_3861,Kelly Moore,981,Verified,False,2047.42,2,2,1,9.1,110,1,Low
CUST_3862,Steven Davis,1699,Verified,False,1597.51,1,27,1,84.17,110,0,Low
CUST_3863,Ashley Alvarez DVM,1716,Pending,False,7136.57,1,5,1,450.51,110,0,Low
CUST_3864,Kimberly Taylor,2594,Verified,False,1457.13,2,10,1,1842.8,110,0,Low
CUST_3865,Mallory Collins,41,Verified,False,4678.92,2,7,1,103.73,110,0,Low
CUST_3866,Steven Anderson,2355,Verified,False,4518.01,1,10,1,65.97,110,0,Low
CUST_3867,Holly Austin,943,Verified,False,664.41,1,1,1,201.44,110,1,Low
CUST_3868,Karen Goodman,338,Verified,False,1797.77,1,5,1,1766.67,110,0,Low
CUST_3869,Christina Robinson,1338,Verified,False,2670.28,2,18,1,191.45,110,5,Low
CUST_3870,Tom Perez,1099,Verified,False,3887.07,3,34,1,319.34,110,0,High (Network Risk)
CUST_3871,Brandon Powell,3001,Verified,False,2353.43,1,5,1,56.83,110,0,Low
CUST_3872,Ashley Perez,2327,Verified,False,8449.94,2,6,1,580.4,110,5,Low
CUST_3873,Matthew Murphy,3248,Verified,False,3310.14,1,17,1,14.16,110,0,Low
CUST_3874,Mary Meyer,896,Verified,False,4654.15,2,10,1,971.74,110,0,Low
CUST_3875,Sophia Wolf,2321,Verified,False,1648.84,1,7,1,1089.38,110,0,Low
CUST_3876,Javier Stanley,2885,Verified,False,4722.43,1,7,1,3075.37,110,0,Low
CUST_3877,Taylor Johnson,2668,Verified,False,20668.99,1,4,1,1085.9,110,0,Low
CUST_3878,Janice Williams,1675,Verified,False,5047.18,2,4,1,66.07,110,0,Low
CUST_3879,Christopher Thomas,2910,Verified,False,8982.34,1,8,1,1337.0,110,0,Low
CUST_3880,Robert Martin,931,Verified,False,2227.09,1,9,1,808.6,110,0,Low
CUST_3881,Kenneth Webb,289,Verified,False,7511.92,2,9,1,50.04,110,0,Low
CUST_3882,Mark Montoya,724,Verified,False,8197.37,1,4,1,202.9,110,0,Low
CUST_3883,Jodi Lewis,2941,Verified,False,3810.24,1,21,1,1.88,110,0,Low
CUST_3884,Kimberly Wilson,2320,Verified,False,2766.25,1,2,1,18.75,110,1,Low
CUST_3885,Randy Bradshaw,1954,Verified,False,668.42,2,11,1,508.49,110,0,Low
CUST_3886,Steven Scott,1090,Verified,False,2885.97,1,4,2,1724.02,110,0,Low
CUST_3887,Katherine Dunn,483,Verified,False,5246.01,1,3,2,511.44,110,0,Low
CUST_3888,Mary Peterson,936,Verified,False,1386.8,1,5,1,161.26,110,0,Low
CUST_3889,Amy Diaz,2296,Verified,False,837.08,3,2,1,31.51,110,0,Low
CUST_3890,Traci Martinez,156,Verified,False,3300.9,1,9,1,390.15,110,0,Low
CUST_3891,Jim Rodriguez,1071,Verified,False,3754.33,1,26,2,8.38,110,1,Low
CUST_3892,Elizabeth Marks,1959,Verified,False,774.82,1,4,1,321.32,4,0,Low
CUST_3893,Jeffrey Joyce,2502,Verified,False,3105.01,1,48,1,38.38,110,5,High (Network Risk)
CUST_3894,Sean Wagner,2249,Verified,False,3983.55,1,3,2,460.8,110,0,Low
CUST_3895,Todd Lutz,1684,Verified,False,11173.54,2,5,1,495.53,110,0,Low
CUST_3896,Ryan Walker,124,Verified,False,1851.0,1,21,1,63.55,110,0,Low
CUST_3897,Nicholas Gomez,2049,Verified,False,24014.71,2,2,1,602.29,110,0,Low
CUST_3898,Brittany Heath,968,Verified,False,3145.99,2,6,2,10.68,110,0,Low
CUST_3899,Rebecca Cox,855,Verified,False,896.1,1,29,5,119.66,110,0,High (Network Risk)
CUST_3900,Travis Schmidt,640,Verified,False,2142.68,1,2,1,486.18,110,0,Low
CUST_3901,Brett Martin,2239,Verified,False,979.61,2,11,1,377.12,110,0,Low
CUST_3902,Lisa Bridges,1603,Verified,False,2521.89,2,11,1,64.49,110,0,Low
CUST_3903,Brittany Dunlap,2564,Verified,False,4762.21,1,1,1,557.33,110,0,Low
CUST_3904,Shannon Ramirez,442,Verified,False,3897.88,1,4,1,589.22,110,0,Low
CUST_3905,Tiffany Phillips,1945,Verified,False,962.83,1,49,1,25.53,4,5,High (Network Risk)
CUST_3906,Valerie English,1839,Verified,False,850.23,1,8,1,125.47,110,0,Low
CUST_3907,Chad Hurley,1830,Verified,False,4534.13,1,10,1,198.85,110,0,Low
CUST_3908,David Peters,2191,Verified,False,5676.55,3,8,1,194.63,110,5,Low
CUST_3909,Thomas Austin,3263,Verified,False,1828.17,1,37,1,501.28,110,0,High (Network Risk)
CUST_3910,Amy Jenkins,533,Verified,False,235.65,2,3,2,79.85,110,0,Low
CUST_3911,Rodney Duran,2275,Verified,False,935.99,2,4,1,1726.28,110,0,Low
CUST_3912,Tiffany Sanchez,1337,Verified,False,7992.83,1,6,1,82.19,110,5,Low
CUST_3913,Maria Myers,949,Verified,False,1424.35,2,11,1,27.09,110,0,Low
CUST_3914,Ruben Jones,3374,Verified,False,2106.47,1,8,1,105.63,110,0,Low
CUST_3915,Desiree Stafford,2020,Verified,False,5184.04,1,8,1,217.28,110,0,Low
CUST_3916,Patrick Blackburn,460,Verified,False,2194.54,1,4,1,25.33,110,0,Low
CUST_3917,Jeremy Chambers,3473,Verified,False,12057.27,1,12,2,93.61,110,0,Low
CUST_3918,Alexandra Wilson,551,Verified,False,2051.99,1,1,2,23.1,110,0,Low
CUST_3919,Brian Fuller,393,Verified,False,1260.6,3,4,1,426.12,110,0,Low
CUST_3920,Matthew Evans,1788,Verified,False,9723.22,2,3,1,113.73,110,0,Low
CUST_3921,Patrick Gibson,845,Verified,False,3126.93,1,3,1,4.14,110,0,Low
CUST_3922,William Lozano,3279,Verified,False,1013.94,2,1,2,704.2,110,0,Low
CUST_3923,Dillon Travis,2258,Verified,False,4778.22,1,8,1,25.64,110,10,Low
CUST_3924,Steven Rodriguez,1139,Verified,False,2220.91,1,10,5,8106.25,110,0,High (Network Risk)
CUST_3925,Kevin Walter,646,Verified,False,947.79,1,10,1,53.24,110,0,Low
CUST_3926,Rebecca Blake,3323,Verified,False,3278.42,1,15,1,62.33,110,0,Low
CUST_3927,Brian Bright,2267,Verified,False,2545.04,1,18,1,188.79,110,1,Low
CUST_3928,Linda Cox,2455,Verified,False,551.47,1,1,1,3.97,110,0,Low
CUST_3929,Mary Copeland,1467,Verified,False,1033.47,1,12,1,287.33,110,1,Low
CUST_3930,Jennifer Little,1378,Verified,False,19251.53,1,8,1,424.88,110,0,Low
CUST_3931,Diana Ramsey,2936,Verified,False,3233.46,2,8,1,577.91,110,0,Low
CUST_3932,David Romero,2606,Verified,False,11460.6,10,6,1,226.13,110,0,Low
CUST_3933,Russell Bird,2598,Verified,False,4059.51,2,4,1,170.14,110,0,Low
CUST_3934,Brian Shaffer,142,Verified,False,10271.58,1,11,1,15.24,110,0,Low
CUST_3935,Jon Garza,2660,Verified,False,5196.54,2,3,1,310.98,110,0,Low
CUST_3936,Ashley Norman,501,Verified,False,1157.1,2,17,1,139.39,4,0,Low
CUST_3937,Kristina Monroe,840,Verified,False,5468.86,2,4,1,78.21,110,1,Low
CUST_3938,Joseph Schaefer,2750,Verified,False,1149.66,1,1,1,31.52,110,0,Low
CUST_3939,Kyle Garza,3619,Verified,False,7550.5,1,8,1,304.85,110,0,Low
CUST_3940,Tiffany Johnston,1683,Verified,False,3706.06,1,2,1,91.47,110,0,Low
CUST_3941,Phillip Ward,1566,Verified,False,3037.45,1,2,1,8.82,110,0,Low
CUST_3942,Stephanie Fisher,2047,Verified,False,1922.67,1,12,2,106.21,4,0,Low
CUST_3943,Patrick Reed,1531,Verified,False,6623.92,2,15,1,46.73,110,1,Low
CUST_3944,Sarah Berry,596,Verified,False,2546.17,2,6,20,552.23,110,5,High (Network Risk)
CUST_3945,Teresa Li,1905,Failed,False,441.47,1,1,1,115.74,110,0,Medium (Compliance)
CUST_3946,Paula Caldwell,281,Verified,False,536.87,1,11,2,100.07,110,0,Low
CUST_3947,Keith Johnson,424,Verified,False,837.76,1,5,1,235.83,110,1,Low
CUST_3948,Annette Knapp,2904,Verified,False,6530.12,1,22,1,1830.57,110,0,Low
CUST_3949,Monica Atkinson,270,Verified,False,7046.25,1,35,1,272.89,110,0,High (Network Risk)
CUST_3950,Robert Cooper,154,Verified,False,4125.73,2,2,1,45.4,110,0,Low
CUST_3951,Danielle Griffin,2662,Pending,False,4082.27,1,53,2,14.36,110,10,High (Network Risk)
CUST_3952,Jimmy Ritter,1751,Verified,False,12659.14,2,2,1,1091.54,110,1,Low
CUST_3953,Riley Clark,662,Verified,False,4200.04,2,4,1,3.75,110,0,Low
CUST_3954,Kimberly Morris,1968,Pending,False,5642.65,2,16,1,143.67,110,0,Low
CUST_3955,Gregory Ochoa,83,Verified,False,2949.09,1,4,1,5034.49,110,0,Low
CUST_3956,Shannon Cook,2995,Verified,False,1879.85,1,3,5,10.31,110,0,High (Network Risk)
CUST_3957,Natalie Huff,2947,Verified,False,2252.43,1,1,1,27.78,110,0,Low
CUST_3958,Ronald Garcia,1450,Verified,False,23173.6,1,2,1,200.1,110,0,Low
CUST_3959,Margaret Edwards,1299,Verified,False,1005.54,1,3,1,44.32,110,0,Low
CUST_3960,Cody Reyes III,2332,Pending,False,4081.87,2,13,1,124.77,110,0,Low
CUST_3961,Heather Shaffer,980,Verified,False,654.98,3,28,1,280.81,110,0,Low
CUST_3962,Nicole Chung,2221,Verified,False,1618.87,2,4,1,348.58,110,0,Low
CUST_3963,Brian Perkins,3399,Verified,False,6462.85,1,5,1,782.1,110,0,Low
CUST_3964,Melody Castro,3135,Verified,False,487.86,1,3,1,13.84,110,0,Low
CUST_3965,Kimberly Sanders,3145,Verified,False,7366.8,1,2,1,991.69,110,0,Low
CUST_3966,Christina Davis,2811,Verified,False,23098.98,1,2,1,1118.73,110,0,Low
CUST_3967,Sherri Sullivan,1660,Verified,False,4294.8,2,2,1,527.72,110,0,Low
CUST_3968,Mike Patel,1399,Verified,False,10529.27,1,7,2,27.18,110,0,Low
CUST_3969,Thomas Garcia,633,Verified,False,3820.12,1,4,1,25.17,110,0,Low
CUST_3970,Robin Clay,1532,Verified,False,6069.85,2,5,1,231.58,110,0,Low
CUST_3971,Kelly Miller,787,Verified,False,4692.71,1,10,2,389.86,110,0,Low
CUST_3972,Mrs. Amanda Kelley DDS,2991,Verified,False,1789.95,3,6,1,865.4,110,1,Low
CUST_3973,Johnny Whitaker,3060,Verified,False,1636.5,1,2,1,72.14,110,0,Low
CUST_3974,Mrs. Courtney Wong,398,Verified,False,9715.3,2,15,1,379.9,110,0,Low
CUST_3975,Adam Sanchez,1144,Verified,False,2857.74,1,1,2,350.13,110,0,Low
CUST_3976,Logan Massey,934,Verified,False,2586.93,1,3,1,55.61,110,0,Low
CUST_3977,Juan Carroll,1461,Verified,False,2533.9,1,29,1,76.63,110,0,Low
CUST_3978,Ryan Carpenter,1853,Verified,False,4049.74,2,9,2,13.53,110,0,Low
CUST_3979,Stacy Werner,2724,Verified,False,910.94,2,1,1,30.09,110,0,Low
CUST_3980,Michelle Holden,2984,Verified,False,2484.57,1,2,1,57.69,110,0,Low
CUST_3981,Deborah Wood,2513,Verified,False,4066.59,2,5,1,324.69,110,0,Low
CUST_3982,Taylor Flores,286,Verified,False,829.58,2,5,1,4420.22,110,0,Low
CUST_3983,Tyler Taylor,265,Pending,False,3674.72,1,13,1,307.1,110,0,Low
CUST_3984,Victoria Wright,2368,Verified,False,1214.85,2,18,1,22.95,110,0,Low
CUST_3985,Betty Pollard,2721,Verified,False,4074.23,1,4,1,72.53,110,0,Low
CUST_3986,Katie Alvarez,3448,Verified,False,25809.86,1,6,2,717.21,110,0,Low
CUST_3987,Robert Munoz,2868,Verified,False,2641.59,1,3,1,44.49,110,0,Low
CUST_3988,Michelle Newman,2137,Verified,False,1013.7,1,6,1,1406.42,110,5,Low
CUST_3989,Victoria Marshall,1678,Verified,False,3778.51,1,3,1,414.38,4,0,Low
CUST_3990,Amy Montgomery,1227,Verified,False,4789.64,1,7,20,101.77,110,0,High (Network Risk)
CUST_3991,Jeffrey Benton Jr.,821,Verified,False,1168.03,1,4,1,8.42,110,0,Low
CUST_3992,Kristin Brown,1763,Verified,False,534.6,2,12,1,672.67,110,5,Low
CUST_3993,Sean Hernandez,3049,Failed,False,1171.62,1,17,1,389.76,110,0,Medium (Compliance)
CUST_3994,Ana Higgins,2382,Verified,False,2840.25,2,20,1,301.55,110,1,Low
CUST_3995,Theresa Luna,2270,Verified,False,1890.67,1,7,1,8206.24,110,0,Low
CUST_3996,Katherine Padilla,41,Verified,False,8756.0,1,12,2,36.45,110,1,Low
CUST_3997,Victoria Lewis,1732,Verified,False,4999.6,2,4,1,1454.45,110,0,Low
CUST_3998,Joshua Leonard,68,Verified,False,3301.02,1,3,2,112.2,110,0,Low
CUST_3999,Kelly Liu,988,Verified,False,520.63,1,2,1,217.61,110,0,Low
CUST_4000,Brianna Ryan,1800,Verified,False,5599.33,1,9,2,237.03,110,0,Low
CUST_4001,Emily Smith,2562,Verified,False,21572.56,1,1,1,519.0,4,1,Low
CUST_4002,Michelle Howard,1622,Verified,False,7060.75,1,14,1,50.82,110,0,Low
CUST_4003,William Austin,1656,Pending,False,1544.27,1,5,1,5381.37,110,0,Low
CUST_4004,Monica Oconnor,3199,Verified,False,2600.99,1,5,1,28.27,110,0,Low
CUST_4005,Kyle Blake,1279,Verified,False,4717.72,2,12,1,86.91,110,0,Low
CUST_4006,Christopher Banks,695,Verified,False,11928.21,2,1,1,2356.81,110,0,Low
CUST_4007,Bryan Davis DVM,3088,Verified,False,1471.81,1,6,1,871.08,110,0,Low
CUST_4008,Tiffany Hughes,2525,Verified,False,1871.48,1,26,2,86.92,4,0,Low
CUST_4009,Michael Taylor,1086,Verified,False,2855.02,1,5,1,411.77,110,0,Low
CUST_4010,Brendan Kelly,2929,Verified,False,2615.78,2,2,1,29.49,110,0,Low
CUST_4011,Sherry Porter,2480,Verified,False,6583.75,1,5,1,44.0,110,10,Low
CUST_4012,James Perez,1694,Verified,False,3874.99,1,21,1,85.95,110,0,Low
CUST_4013,Miss Gina Walton,2316,Verified,False,737.17,1,4,1,1260.94,110,0,Low
CUST_4014,Alicia Obrien,1059,Pending,False,1545.68,2,2,1,6.3,110,0,Low
CUST_4015,Mrs. Jacqueline Jackson,779,Verified,False,1590.82,1,5,1,556.01,110,0,Low
CUST_4016,Kendra Smith,3648,Verified,False,325.41,1,2,1,82.0,110,0,Low
CUST_4017,Alexander Stein,494,Verified,False,7552.52,2,1,1,376.81,110,1,Low
CUST_4018,Shannon Sosa,1586,Pending,False,3403.04,1,13,1,356.3,110,0,Low
CUST_4019,Marc White,1493,Verified,False,1735.97,2,17,1,142.56,110,0,Low
CUST_4020,Gregory Wiggins,1791,Verified,False,7351.14,1,10,20,47.79,110,0,High (Network Risk)
CUST_4021,Linda Berry,661,Verified,False,4029.23,2,15,1,54.58,110,0,Low
CUST_4022,Michelle Hobbs,1349,Verified,False,823.76,1,5,1,92.73,110,0,Low
CUST_4023,Charles Fuentes,1328,Verified,False,5484.01,1,21,2,12.95,110,0,Low
CUST_4024,Andrew Medina,1300,Verified,False,11765.93,1,4,1,169.72,110,0,Low
CUST_4025,Teresa Aguirre,1987,Pending,False,2591.79,1,7,1,51.49,4,0,Low
CUST_4026,Eddie Bailey,3061,Verified,False,2787.64,1,3,1,74.11,110,0,Low
CUST_4027,Joseph Mccullough,2045,Verified,False,3320.13,1,2,1,108.98,110,0,Low
CUST_4028,Mr. Zachary Mora DVM,3273,Verified,False,881.92,1,4,2,457.34,110,0,Low
CUST_4029,Kimberly Price,3517,Verified,False,3433.79,1,43,1,950.81,110,0,High (Network Risk)
CUST_4030,Bruce Spencer,1929,Pending,False,1222.32,2,25,1,1163.43,4,1,Low
CUST_4031,Jacob Allen,1348,Verified,False,2961.57,1,13,2,274.77,110,0,Low
CUST_4032,Chelsea Powell,1059,Verified,False,3518.86,2,5,1,82.72,110,0,Low
CUST_4033,Thomas Morse,977,Verified,False,5068.45,1,5,1,20.87,110,0,Low
CUST_4034,Susan Zimmerman,482,Verified,False,5258.27,1,29,5,5775.2,110,0,High (Network Risk)
CUST_4035,Annette Meyer,728,Verified,False,1178.87,1,7,1,2146.15,110,5,Low
CUST_4036,Erica Rose,2528,Verified,False,3596.13,2,13,1,565.63,4,0,Low
CUST_4037,Kim Long,3137,Verified,False,7754.98,2,4,1,398.26,110,0,Low
CUST_4038,Christina Flores,1032,Verified,False,940.69,2,5,5,87.27,110,0,High (Network Risk)
CUST_4039,Craig Raymond,3373,Verified,False,17070.43,1,13,1,180.49,110,0,Low
CUST_4040,Jeffrey Miller,343,Verified,False,1127.3,1,4,1,590.48,110,0,Low
CUST_4041,Brian Hoffman,3503,Verified,False,15175.58,2,9,1,8.7,110,0,Low
CUST_4042,Elizabeth Gay,1448,Verified,False,1147.29,2,4,1,59.25,4,0,Low
CUST_4043,Patricia Hale,2380,Verified,False,2817.99,2,11,1,150.79,4,0,Low
CUST_4044,Amanda Arroyo,2486,Verified,False,2457.98,1,4,2,8.29,110,1,Low
CUST_4045,Kevin Mccullough,2222,Verified,False,759.91,2,30,1,15.94,110,0,Low
CUST_4046,Margaret Stevenson,2607,Verified,False,5992.08,1,7,2,55.3,110,0,Low
CUST_4047,Amber Turner,527,Verified,False,6307.75,1,13,1,168.85,110,0,Low
CUST_4048,Victor Williams,1897,Verified,False,5539.95,1,7,1,1430.05,110,0,Low
CUST_4049,Shelly Rodgers,659,Verified,False,2325.11,2,4,1,75.89,110,0,Low
CUST_4050,Cassandra Wood,2074,Verified,False,1477.7,1,11,2,2494.13,110,0,Low
CUST_4051,Susan Garcia,820,Verified,False,8947.74,1,18,20,49.85,110,0,High (Network Risk)
CUST_4052,Stephanie Joseph,2653,Verified,False,3690.23,1,2,2,122.9,110,0,Low
CUST_4053,Dalton Clark,406,Verified,False,1399.28,1,8,1,16.1,110,1,Low
CUST_4054,Alexis Weeks,2280,Failed,False,3694.27,1,6,1,77.18,110,0,Medium (Compliance)
CUST_4055,Michael Glass,2581,Verified,False,558.52,1,8,1,8.55,110,1,Low
CUST_4056,David Cervantes,1574,Verified,False,3320.22,1,21,1,23829.25,110,0,Low
CUST_4057,Victoria Benitez,1812,Verified,False,5743.21,2,14,1,30.95,110,0,Low
CUST_4058,Jacqueline Monroe,505,Verified,False,2491.38,1,18,1,254.3,110,0,Low
CUST_4059,Charles Sanchez,179,Verified,False,6068.74,1,9,1,72.57,110,0,Low
CUST_4060,Sonia Henderson,132,Verified,False,6722.53,2,5,1,104.29,110,0,Low
CUST_4061,Sharon Sims,1847,Verified,False,3925.76,1,1,1,132.34,110,0,Low
CUST_4062,Shawn Doyle,1479,Verified,False,17467.02,2,22,1,616.59,110,0,Low
CUST_4063,Michael Perry,2396,Verified,False,11544.4,1,0,1,318.07,110,0,Low
CUST_4064,Donald Santana,2588,Verified,False,5582.17,2,26,1,213.3,110,0,Low
CUST_4065,Katherine Greene,772,Verified,False,4251.93,1,13,1,354.08,110,0,Low
CUST_4066,Jennifer Dominguez,1430,Verified,False,2306.83,2,35,1,258.96,110,0,High (Network Risk)
CUST_4067,Matthew Walker,2124,Verified,False,1560.62,1,9,1,21.88,4,0,Low
CUST_4068,Ashley Barrera,579,Verified,False,6617.58,2,11,1,102.28,110,0,Low
CUST_4069,Clifford Murphy DVM,2902,Verified,False,2442.67,1,6,1,413.93,110,0,Low
CUST_4070,Michael Arias,1516,Verified,False,1081.29,1,7,1,60.77,110,0,Low
CUST_4071,Joshua Mitchell,194,Verified,False,1336.54,1,4,1,253.59,110,5,Low
CUST_4072,Ashley Wilson,2008,Verified,False,1525.09,2,6,1,775.57,110,0,Low
CUST_4073,Stacey Clements,1186,Verified,False,17215.27,2,3,1,52.41,110,0,Low
CUST_4074,Kathleen Martinez,2395,Verified,False,6959.26,1,7,1,683.6,110,0,Low
CUST_4075,Julie Rodriguez MD,2999,Verified,False,3084.9,1,7,1,126.61,110,0,Low
CUST_4076,Cathy Farmer,1385,Verified,False,4509.54,1,7,1,165.65,110,0,Low
CUST_4077,Dana Gilbert,1793,Verified,False,5064.6,1,6,1,528.31,110,0,Low
CUST_4078,Charles Harper,1111,Verified,True,1250.64,1,4,1,361.37,110,1,Medium (Compliance)
CUST_4079,Timothy Wang,3334,Verified,False,927.44,10,11,1,2.51,110,0,Low
CUST_4080,Daniel Stewart,2262,Verified,False,8531.69,2,9,1,9.47,110,0,Low
CUST_4081,Tiffany Peterson,1937,Verified,False,773.0,2,9,1,329.51,110,0,Low
CUST_4082,Tammy Bell,2621,Pending,False,2929.44,1,3,1,120.09,110,0,Low
CUST_4083,Mathew Myers,780,Verified,False,1448.48,2,12,1,13.4,4,0,Low
CUST_4084,Edgar Brown,262,Verified,False,3718.18,1,4,1,55.21,110,0,Low
CUST_4085,Cory Barrett,730,Verified,False,2314.5,1,4,2,11.66,110,0,Low
CUST_4086,Seth Jones,283,Verified,False,5084.65,1,7,2,126.71,110,5,Low
CUST_4087,Joseph Hawkins,1491,Verified,False,295.55,1,18,2,979.83,110,0,Low
CUST_4088,Victor Brown,3452,Verified,False,9142.33,3,2,1,50.78,110,0,Low
CUST_4089,Jennifer Ferguson,362,Verified,False,6219.12,1,3,2,214.56,110,0,Low
CUST_4090,Carolyn Cantu,3521,Verified,False,8197.18,2,1,2,126.9,110,0,Low
CUST_4091,Charles Garcia,441,Verified,False,7305.53,2,11,20,1638.84,110,0,High (Network Risk)
CUST_4092,James Hart,2141,Verified,False,4079.78,1,5,5,994.58,110,0,High (Network Risk)
CUST_4093,Patricia Wilson,1645,Verified,False,1569.72,1,10,1,13.69,110,0,Low
CUST_4094,Mark Elliott,2801,Verified,False,4621.3,1,9,1,111.38,110,0,Low
CUST_4095,Matthew Bartlett,867,Verified,False,3981.99,1,13,1,39.3,4,10,High (ATO Risk)
CUST_4096,Maria Campbell,1448,Verified,False,7162.13,2,7,1,60.26,110,0,Low
CUST_4097,Joanna Adkins,142,Verified,False,5550.54,2,4,2,482.05,110,0,Low
CUST_4098,Lisa Reed,1315,Verified,False,3275.52,1,8,1,198.27,110,0,Low
CUST_4099,Jordan Calhoun MD,1456,Verified,False,4596.86,2,10,1,472.14,4,0,Low
CUST_4100,Heather Thomas,2797,Verified,False,5022.74,1,5,1,4.77,110,0,Low
CUST_4101,Carrie Coffey,1876,Verified,False,8851.39,1,7,1,599.24,110,1,Low
CUST_4102,Dr. Isabel Smith PhD,1848,Verified,False,16913.73,1,2,1,282.06,110,0,Low
CUST_4103,Joe Page,1713,Verified,False,5415.83,1,2,1,1653.14,110,1,Low
CUST_4104,Crystal Morales,2701,Verified,False,5046.11,1,1,1,59.37,110,0,Low
CUST_4105,Heather Mcmahon,701,Verified,False,2385.12,1,9,2,745.58,110,0,Low
CUST_4106,Jason Quinn,998,Pending,False,2114.73,1,13,1,230.0,110,0,Low
CUST_4107,James Cox,2097,Verified,False,1442.56,1,2,2,181.19,110,0,Low
CUST_4108,James Cummings,1326,Verified,False,121.54,1,8,1,71.39,110,0,Low
CUST_4109,Daniel Lee,881,Pending,False,1287.92,1,10,1,128.78,110,0,Low
CUST_4110,Shane Hopkins,1214,Verified,False,2508.07,1,5,1,34.16,110,0,Low
CUST_4111,Stephanie Kelley,1160,Verified,False,2194.57,1,26,1,81.73,4,0,Low
CUST_4112,Jennifer Schneider,555,Verified,False,4706.05,2,2,5,61.18,110,0,High (Network Risk)
CUST_4113,Charles Rodriguez,404,Verified,False,1334.05,1,5,2,96.62,110,1,Low
CUST_4114,Elizabeth Wall,892,Verified,False,1394.09,1,0,1,113.0,110,0,Low
CUST_4115,Loretta Williams,2913,Verified,False,360.07,2,9,1,117.33,110,0,Low
CUST_4116,Juan Moore,602,Verified,False,4776.34,1,4,1,146.68,110,0,Low
CUST_4117,Joseph White,1831,Verified,False,1226.8,2,1,1,144.56,110,0,Low
CUST_4118,Michael Cruz,341,Verified,False,1456.79,1,11,1,174.53,110,0,Low
CUST_4119,Denise Reese,1969,Verified,False,5243.52,1,6,1,141.88,110,0,Low
CUST_4120,Brittney Morales,704,Verified,False,1233.08,1,5,1,98.92,110,0,Low
CUST_4121,Christina Jenkins,318,Verified,False,4360.48,1,18,1,282.98,110,0,Low
CUST_4122,Sean Anderson,2666,Verified,False,891.92,2,3,1,914.69,110,0,Low
CUST_4123,Emily Fitzpatrick,1387,Verified,False,2918.65,1,12,1,89.71,110,0,Low
CUST_4124,Nancy Liu,2430,Verified,False,1620.27,10,13,1,66.52,110,0,Low
CUST_4125,Rachel Miller,2281,Verified,False,2284.05,1,4,5,261.08,110,0,High (Network Risk)
CUST_4126,Scott Brown,1801,Verified,False,13516.68,2,7,1,174.45,110,0,Low
CUST_4127,Emily Winters,1368,Verified,False,578.66,1,28,1,34.8,110,5,Low
CUST_4128,Chris Lewis,1573,Verified,False,12362.35,1,3,1,48.09,110,0,Low
CUST_4129,Heidi Blankenship,817,Verified,False,1189.42,1,11,1,60.83,110,0,Low
CUST_4130,Sandra Alvarez,553,Verified,False,7108.75,1,7,1,31.34,110,1,Low
CUST_4131,Donna Garcia,3601,Verified,False,8667.34,2,20,2,286.42,110,0,Low
CUST_4132,Stephanie Hernandez,856,Verified,False,4584.62,1,7,2,467.37,110,0,Low
CUST_4133,Joseph Montgomery,1813,Verified,False,881.44,2,12,1,43.94,110,0,Low
CUST_4134,Juan Harrison,2867,Verified,False,3914.45,1,2,1,19.29,110,0,Low
CUST_4135,Miss Stephanie Cherry,3643,Verified,False,38544.25,1,1,1,192.29,110,0,Low
CUST_4136,Bridget Wallace,183,Verified,False,3014.64,1,3,1,155.44,110,0,Low
CUST_4137,Brandy James,3113,Verified,False,2695.08,2,5,1,4688.11,110,0,Low
CUST_4138,Christopher Smith,1575,Verified,False,2447.8,1,5,1,403.94,110,0,Low
CUST_4139,Sabrina Galvan,397,Verified,False,4991.86,2,17,1,27.36,110,1,Low
CUST_4140,Catherine Shannon,1728,Verified,False,2732.08,3,5,2,35.61,110,5,Low
CUST_4141,Theresa Knight,2827,Verified,False,3962.34,2,7,1,238.18,110,0,Low
CUST_4142,Victoria Tanner,1518,Verified,False,2225.37,1,8,1,136.7,110,0,Low
CUST_4143,Chad Evans,907,Verified,False,1057.6,1,4,1,125.76,110,0,Low
CUST_4144,Chase Haney,1357,Verified,False,30396.09,1,7,1,164.07,110,5,Low
CUST_4145,Maureen Nixon,2175,Pending,False,2706.33,2,17,1,474.86,110,0,Low
CUST_4146,Michael Rush,3630,Verified,False,73013.39,3,9,1,2394.93,110,0,Low
CUST_4147,Larry Lloyd,3629,Verified,False,4559.26,1,11,2,1090.23,110,0,Low
CUST_4148,Steven Butler,1,Pending,False,5431.56,1,9,2,32.4,110,5,Low
CUST_4149,Samuel Lee,3240,Verified,False,2187.94,2,27,2,66.56,110,1,Low
CUST_4150,Joseph Moon,19,Verified,False,1647.55,1,3,1,4.35,110,0,Low
CUST_4151,Taylor Williams II,3404,Verified,False,2237.98,1,54,1,203.65,110,0,High (Network Risk)
CUST_4152,Jerry Hamilton,584,Verified,False,1296.84,3,16,1,67.52,110,0,Low
CUST_4153,Paul Wolf,456,Verified,False,1182.42,2,18,1,144.16,110,0,Low
CUST_4154,Bobby Arnold,3005,Verified,False,17758.17,2,21,1,43.19,110,0,Low
CUST_4155,William Weber,2037,Verified,False,6632.6,1,16,1,42.51,110,0,Low
CUST_4156,Alicia James,1133,Verified,False,13335.5,1,2,1,14.72,110,0,Low
CUST_4157,Jamie Johnson,3340,Verified,False,9181.08,1,2,2,91.94,110,0,Low
CUST_4158,Melissa Rogers,2493,Pending,False,1633.74,1,12,1,348.42,110,0,Low
CUST_4159,Sarah Mueller,3312,Pending,False,639.26,1,11,1,54.0,110,0,Low
CUST_4160,Gordon Hahn,1953,Verified,False,1881.56,2,15,1,394.44,110,0,Low
CUST_4161,Kristen Burns,3373,Verified,False,3267.67,2,7,2,52.62,110,0,Low
CUST_4162,Thomas Sellers,2650,Verified,False,9361.33,1,2,1,148.57,110,0,Low
CUST_4163,Melvin Flores,2151,Pending,False,2822.55,1,6,5,1133.82,110,0,High (Network Risk)
CUST_4164,Ashley Cochran,988,Verified,False,57893.81,1,13,1,71.39,110,0,Low
CUST_4165,Ashley Jones,3322,Verified,False,1933.92,1,6,2,208.02,110,0,Low
CUST_4166,Christian Solis,3525,Verified,False,5383.3,1,7,1,219.11,110,0,Low
CUST_4167,Sharon Smith,520,Verified,False,1638.29,1,7,1,223.46,110,0,Low
CUST_4168,Robert Berg,3225,Verified,False,4475.09,1,4,1,328.74,110,0,Low
CUST_4169,Brooke Sims,859,Verified,False,2629.18,2,3,1,214.74,110,1,Low
CUST_4170,Julia Marks,174,Verified,False,2324.68,1,39,5,31.8,110,0,High (Network Risk)
CUST_4171,Ashley Martinez,1367,Verified,False,1605.53,1,25,1,79.82,110,0,Low
CUST_4172,Christina Reese,3053,Verified,False,3454.88,2,17,1,351.93,110,0,Low
CUST_4173,Brandon Bean,2479,Verified,False,6878.62,1,10,1,427.06,110,0,Low
CUST_4174,Rickey Hall,727,Verified,False,1124.32,3,3,1,48.7,110,0,Low
CUST_4175,Bobby Flores,1711,Verified,False,2839.62,1,15,1,638.34,110,0,Low
CUST_4176,Karen Gonzalez,1876,Verified,False,4881.14,2,18,1,72.54,110,1,Low
CUST_4177,Lisa Lopez MD,2898,Verified,False,5901.08,1,5,2,244.41,110,1,Low
CUST_4178,Sharon Brown,1682,Verified,False,19206.96,1,3,2,198.9,110,1,Low
CUST_4179,Aaron Thompson,1348,Verified,False,5317.07,1,10,2,37.73,110,0,Low
CUST_4180,Charles Weaver,990,Verified,False,1998.15,3,17,1,98.36,4,0,Low
CUST_4181,Melissa Warner,2687,Verified,False,1689.18,1,4,1,6.92,110,0,Low
CUST_4182,Cody Morris,420,Verified,False,1668.6,1,11,1,82.23,110,0,Low
CUST_4183,Carla Reid DDS,594,Verified,False,1578.17,1,3,1,944.29,110,0,Low
CUST_4184,Katie Mitchell,2533,Verified,False,3698.7,1,2,1,8.52,110,0,Low
CUST_4185,Roger Moss,1775,Verified,False,4539.4,1,8,2,40.32,110,0,Low
CUST_4186,Mary Donaldson,2460,Verified,False,6799.1,3,3,1,74.29,110,0,Low
CUST_4187,Paul Brown,936,Verified,False,5796.41,2,10,1,6.04,110,0,Low
CUST_4188,Gregory Quinn,1108,Verified,False,10364.14,1,2,2,7.29,110,0,Low
CUST_4189,Sabrina Miller,1137,Verified,False,1527.03,1,3,20,3262.75,4,0,High (Network Risk)
CUST_4190,Michelle Smith,332,Verified,False,15313.41,1,16,1,357.92,110,0,Low
CUST_4191,Anita Chapman,3450,Verified,False,1588.18,1,12,1,664.72,110,0,Low
CUST_4192,Heather Becker,2703,Verified,False,4221.44,2,10,1,250.99,110,0,Low
CUST_4193,Andrea Baker,2089,Verified,False,2453.43,2,5,1,354.02,110,0,Low
CUST_4194,Joanne Harmon,1794,Verified,False,2910.57,1,7,5,92.06,110,0,High (Network Risk)
CUST_4195,Mr. Phillip Edwards,959,Verified,False,5838.85,1,6,1,709.32,110,0,Low
CUST_4196,Mrs. Laurie Williams MD,105,Verified,False,707.39,2,47,2,1275.38,110,0,High (Network Risk)
CUST_4197,Joel Mclean,202,Verified,False,1298.9,1,9,2,53.8,110,0,Low
CUST_4198,Valerie Ford,2498,Verified,False,6305.81,1,4,2,102.33,110,0,Low
CUST_4199,Jodi Thomas,1843,Verified,False,2974.55,2,6,1,62.15,110,1,Low
CUST_4200,Jennifer Johnson,1867,Verified,False,2306.26,1,1,1,130.54,4,0,Low
CUST_4201,Eugene Fritz,1997,Verified,False,971.71,2,1,1,450.92,110,0,Low
CUST_4202,Jennifer Smith,1290,Verified,False,2322.48,1,23,2,113.51,110,0,Low
CUST_4203,Mary Thompson,910,Verified,False,5889.62,1,9,5,10.8,110,0,High (Network Risk)
CUST_4204,Catherine Davis,210,Verified,False,1696.85,1,5,1,635.62,110,0,Low
CUST_4205,Chris Rogers,563,Verified,False,11661.68,1,7,1,47.17,110,0,Low
CUST_4206,James Torres,3190,Verified,False,8750.66,1,6,1,272.84,110,0,Low
CUST_4207,Kirsten Perez,2761,Verified,False,2100.53,2,7,1,315.85,110,0,Low
CUST_4208,Dr. Jeffrey Valentine,3449,Verified,False,1645.26,2,18,1,78.14,4,0,Low
CUST_4209,Wayne Brown,3623,Verified,False,187.83,1,11,1,37.59,110,0,Low
CUST_4210,Andrea Morris,1564,Verified,False,1015.5,2,5,1,72.43,110,0,Low
CUST_4211,Dylan Young,771,Verified,False,954.95,2,1,1,1627.64,110,0,Low
CUST_4212,Regina Butler,3156,Verified,False,712.68,2,3,1,35.76,110,0,Low
CUST_4213,Eric Moore,2502,Pending,False,2875.62,2,13,1,28.46,110,0,Low
CUST_4214,Melinda Patterson,2715,Verified,False,4072.78,1,25,1,197.57,110,0,Low
CUST_4215,Carl Campbell,629,Verified,False,18299.98,1,3,1,107.82,110,0,Low
CUST_4216,Renee Shields,3586,Verified,False,3185.9,2,3,5,80.25,110,0,High (Network Risk)
CUST_4217,Wesley Brown,1629,Verified,False,390.12,1,5,2,38.32,110,0,Low
CUST_4218,Jason Clark,1702,Verified,False,1411.29,2,30,2,143.85,110,0,Low
CUST_4219,David Wiggins,387,Verified,False,5489.35,1,8,1,116.5,110,0,Low
CUST_4220,Thomas Kaufman,1936,Verified,False,2747.89,1,4,1,1102.47,110,0,Low
CUST_4221,Kristen Ray,3422,Verified,False,7022.17,1,5,2,39.29,110,1,Low
CUST_4222,Cory Martinez,2344,Verified,False,1783.35,1,4,1,71.55,110,0,Low
CUST_4223,Mark Maddox,2306,Verified,False,9433.64,1,12,1,1018.91,110,0,Low
CUST_4224,Kevin Young,1105,Verified,False,3812.46,2,35,1,68.29,110,0,High (Network Risk)
CUST_4225,Katherine Harrison,268,Verified,False,3910.72,1,8,1,50.27,110,0,Low
CUST_4226,Jorge Davis,2467,Verified,False,3463.22,1,17,2,290.06,110,0,Low
CUST_4227,Loretta Miller,2283,Verified,False,1386.92,1,2,2,188.24,110,0,Low
CUST_4228,Lance Macdonald DVM,1857,Verified,False,2815.26,1,48,20,93.33,110,0,High (Network Risk)
CUST_4229,Jerry Waters,3383,Verified,False,3998.85,1,2,2,166.23,110,0,Low
CUST_4230,Desiree Thomas,1999,Verified,False,734.61,2,19,1,302.37,110,0,Low
CUST_4231,Amy Wright,3034,Verified,False,3227.92,2,9,1,188.89,110,0,Low
CUST_4232,Erin Summers,1381,Pending,False,10045.48,2,2,1,352.65,110,0,Low
CUST_4233,Mr. Don Flores,1237,Failed,False,4600.03,1,14,1,111.92,110,1,Medium (Compliance)
CUST_4234,Miss Kimberly Holloway,574,Verified,False,11699.37,1,7,1,31.67,110,0,Low
CUST_4235,Tina Harper,49,Verified,False,4481.56,2,3,2,347.13,110,0,Low
CUST_4236,Nicholas Moss,1151,Verified,False,1214.84,1,7,1,98.84,110,0,Low
CUST_4237,Robert Campbell,223,Verified,False,6573.22,1,1,1,95.06,110,0,Low
CUST_4238,Jenny Cardenas,2969,Verified,False,952.39,2,5,1,454.42,110,5,Low
CUST_4239,Dean Thomas,3351,Verified,False,2420.1,2,3,1,1790.64,110,0,Low
CUST_4240,Matthew Farmer,1432,Pending,False,2262.0,1,6,1,11.94,110,0,Low
CUST_4241,John Browning,1529,Verified,False,1512.81,1,1,2,92.44,110,0,Low
CUST_4242,Mario Peters,3366,Verified,False,32175.71,1,1,1,132.26,110,0,Low
CUST_4243,Olivia Rodriguez,1820,Verified,False,2772.08,1,3,1,174.85,110,0,Low
CUST_4244,Donald Mccarthy,2325,Verified,False,18216.11,1,7,1,112.93,110,0,Low
CUST_4245,Christopher Anderson,1462,Verified,False,4203.15,1,3,2,129.95,110,0,Low
CUST_4246,Becky Parrish,1131,Verified,False,1311.7,1,10,1,257.35,110,1,Low
CUST_4247,Jackie Stewart,1682,Verified,False,1979.13,2,12,2,110.78,110,0,Low
CUST_4248,Krista Fuller,2468,Verified,False,2868.43,2,3,2,66.75,110,0,Low
CUST_4249,Jennifer Nguyen,2659,Verified,False,2117.92,1,22,1,63.87,110,1,Low
CUST_4250,Amanda Campbell,3501,Verified,False,2266.63,1,5,5,1088.22,110,0,High (Network Risk)
CUST_4251,Laura Ware,375,Verified,False,5290.9,1,31,20,2907.26,110,1,High (Network Risk)
CUST_4252,Mitchell Anderson,2121,Verified,False,4295.7,1,6,1,89.36,110,0,Low
CUST_4253,Barry Hernandez,2022,Verified,False,5943.14,1,3,1,92.25,110,0,Low
CUST_4254,Teresa Young,1054,Verified,False,13721.02,3,19,2,267.18,110,0,Low
CUST_4255,Valerie Morgan,3260,Verified,False,1860.34,1,3,1,181.31,110,0,Low
CUST_4256,Paul Vasquez,3436,Verified,False,9080.57,1,18,2,118.98,110,1,Low
CUST_4257,Kelly May,1890,Verified,False,12011.29,1,8,1,22.76,110,0,Low
CUST_4258,Christopher Carson,1824,Verified,False,10871.51,1,4,2,43.68,110,0,Low
CUST_4259,Joan Wilson,1475,Verified,False,512.89,1,3,1,418.97,110,0,Low
CUST_4260,Debbie Allen,2243,Verified,False,17992.07,1,6,1,97.67,110,0,Low
CUST_4261,Kristin Williams,1180,Verified,False,1577.51,1,12,2,2834.04,110,0,Low
CUST_4262,Courtney Williams,3244,Verified,False,473.11,1,7,1,2657.47,110,0,Low
CUST_4263,David Hernandez,2895,Verified,False,17555.28,1,24,1,37.47,110,0,Low
CUST_4264,Kathryn Morris,1065,Verified,False,4981.09,2,2,1,1077.67,110,0,Low
CUST_4265,Meagan Smith,3135,Pending,False,5191.12,1,6,1,121.49,110,1,Low
CUST_4266,Katherine Caldwell,2071,Verified,False,2138.64,2,17,1,184.49,110,0,Low
CUST_4267,Krista Williams,360,Verified,False,3576.35,1,2,1,425.92,110,0,Low
CUST_4268,Christine Aguilar,3147,Verified,False,2593.29,2,16,1,667.7,110,0,Low
CUST_4269,Michael Perkins,2608,Pending,False,1596.86,1,7,1,50.31,110,0,Low
CUST_4270,Steven Martin,2720,Verified,False,3050.29,1,8,1,3960.38,110,1,Low
CUST_4271,Joshua Herman,2042,Verified,False,3338.04,1,5,1,225.71,110,0,Low
CUST_4272,Diana Hawkins,1142,Verified,False,795.02,1,2,1,7.65,110,0,Low
CUST_4273,Caitlin Harris,1636,Pending,False,3151.49,1,6,1,100.21,110,1,Low
CUST_4274,Felicia Murphy,1404,Verified,False,498.93,1,4,1,3544.77,110,0,Low
CUST_4275,Bryan Mitchell,1944,Verified,False,20340.14,2,25,1,61.12,110,0,Low
CUST_4276,Larry Curtis,679,Verified,False,2690.33,1,11,1,4602.76,4,0,Low
CUST_4277,Jennifer Lopez,3362,Verified,False,1020.97,1,7,1,178.72,110,0,Low
CUST_4278,Robert Newton,2488,Verified,False,4980.16,1,21,1,147.51,110,0,Low
CUST_4279,Christina Hudson,2981,Verified,False,1412.76,1,7,1,30.77,110,0,Low
CUST_4280,Sandra Craig,7,Verified,False,2895.01,2,12,2,374.44,110,0,Low
CUST_4281,Sabrina Ward,3268,Verified,False,4700.86,3,18,1,90.84,110,0,Low
CUST_4282,Mark Knight,2469,Verified,False,1078.48,1,5,1,144.08,110,5,Low
CUST_4283,Darlene Dixon,1592,Verified,False,20946.13,1,10,1,108.03,110,0,Low
CUST_4284,Daniel White,833,Verified,False,23038.33,2,5,5,524.97,4,0,High (Network Risk)
CUST_4285,Jonathan Cortez,3265,Verified,False,1762.6,1,18,1,109.17,110,1,Low
CUST_4286,Judith Myers,2607,Failed,False,969.4,1,7,1,3.44,110,0,Medium (Compliance)
CUST_4287,Tammie Castillo,3220,Verified,False,1754.59,10,22,2,41.66,110,0,Low
CUST_4288,Rebecca Estrada,1811,Verified,False,1850.93,1,8,1,20.52,4,0,Low
CUST_4289,Angela Rodriguez,3274,Verified,False,9048.47,1,56,1,1371.48,110,0,High (Network Risk)
CUST_4290,Andre Williams,3516,Verified,False,1785.2,2,4,1,363.73,110,0,Low
CUST_4291,Donald Smith,914,Verified,False,932.94,3,14,1,159.48,110,0,Low
CUST_4292,Nicholas Ali,2012,Verified,False,3299.66,2,7,1,110.69,110,1,Low
CUST_4293,Jacob Brewer,1443,Verified,False,671.25,1,6,1,17.77,110,5,Low
CUST_4294,Natalie Watson,1451,Verified,False,8673.22,2,1,1,105.78,110,0,Low
CUST_4295,Matthew Evans,3055,Verified,False,5431.62,3,7,2,619.66,110,0,Low
CUST_4296,Bryan Thomas,1503,Pending,False,1636.17,2,3,1,506.73,110,0,Low
CUST_4297,Timothy Lucero,3547,Verified,False,1824.9,1,5,1,282.23,110,0,Low
CUST_4298,Barbara Fields,126,Failed,False,3822.79,2,3,1,18.41,110,0,Medium (Compliance)
CUST_4299,Rebecca Beard,2443,Failed,False,989.26,2,3,2,49.47,110,5,Medium (Compliance)
CUST_4300,Carrie Rodriguez,817,Verified,False,1355.74,1,3,5,259.35,110,0,High (Network Risk)
CUST_4301,Jordan Tanner,2929,Verified,False,2379.36,1,3,1,26.52,110,0,Low
CUST_4302,Denise Johnson,1830,Verified,False,797.29,2,2,1,438.2,110,0,Low
CUST_4303,Amy Holt,576,Verified,False,1892.51,2,9,1,20.14,110,0,Low
CUST_4304,James Bennett,2373,Verified,False,1019.37,2,7,1,28.39,110,0,Low
CUST_4305,Jeffrey Owens,1416,Pending,False,12409.27,1,13,1,20.35,110,1,Low
CUST_4306,Adam Merritt,930,Verified,False,1991.34,1,5,2,70.71,110,0,Low
CUST_4307,Tina Walter,1464,Verified,False,1156.53,1,4,1,15.16,110,0,Low
CUST_4308,Michelle Harris,3276,Verified,False,5851.48,2,6,2,71.57,110,0,Low
CUST_4309,Michael Richmond,3558,Verified,False,1590.04,1,12,1,37.83,110,0,Low
CUST_4310,Michael Patrick,833,Verified,False,989.81,2,9,1,53.14,110,0,Low
CUST_4311,Amanda Hart DVM,1055,Verified,False,7241.11,1,7,1,404.91,110,1,Low
CUST_4312,Michele Conner,3460,Verified,False,2157.83,2,12,1,146.08,110,0,Low
CUST_4313,Natalie Mitchell,1649,Verified,False,6912.05,1,7,1,404.39,110,1,Low
CUST_4314,Jacob Hoover,1901,Verified,False,2936.42,2,4,1,4143.89,110,0,Low
CUST_4315,Jacqueline Winters,1458,Verified,False,3392.08,3,15,1,11.8,110,1,Low
CUST_4316,Kimberly Flores,2885,Verified,False,5235.3,2,2,1,65.53,110,1,Low
CUST_4317,Jennifer Carpenter,2974,Verified,False,1579.99,1,2,1,31.7,110,0,Low
CUST_4318,William Saunders,1400,Verified,False,1325.82,1,7,1,52.3,110,0,Low
CUST_4319,Michael Preston,3416,Verified,False,9915.32,2,7,1,261.1,110,1,Low
CUST_4320,Jennifer Ali,443,Verified,False,5318.35,1,8,1,2110.94,110,0,Low
CUST_4321,David Taylor,2123,Verified,False,2786.39,2,5,1,390.18,110,0,Low
CUST_4322,Maria Hayes,557,Verified,False,6605.78,2,21,1,307.3,110,0,Low
CUST_4323,Melanie Preston,1179,Verified,False,5116.16,10,2,1,706.78,110,0,Low
CUST_4324,Thomas Mcgrath,3502,Verified,False,7656.44,1,8,2,1391.1,110,0,Low
CUST_4325,Glenn Chen,2038,Verified,False,950.67,2,13,1,2197.93,110,0,Low
CUST_4326,Sarah Berry,363,Verified,False,2795.65,1,22,1,308.15,110,1,Low
CUST_4327,Rebecca Summers,2496,Pending,False,9226.2,1,21,1,35.04,110,0,Low
CUST_4328,Rodney Gilmore,1258,Verified,False,15950.21,1,3,1,89.19,110,0,Low
CUST_4329,Kimberly Stone DDS,3635,Verified,False,1744.22,2,9,1,6.85,110,0,Low
CUST_4330,Joshua Dunlap,1842,Verified,False,3495.27,2,6,1,468.47,110,0,Low
CUST_4331,Melinda French,2310,Verified,False,3039.16,1,7,1,41.37,110,0,Low
CUST_4332,Gabriel Copeland MD,1851,Pending,False,859.04,1,18,2,50.66,110,0,Low
CUST_4333,Kelly Weiss,2173,Verified,False,2235.99,2,33,1,252.25,110,0,High (Network Risk)
CUST_4334,Gregory Russell,911,Failed,False,614.81,2,9,1,7.99,110,0,Medium (Compliance)
CUST_4335,Ashley Bowman,245,Verified,False,2521.67,2,1,1,697.71,110,0,Low
CUST_4336,Ruben Woodard,542,Verified,False,1055.72,10,1,1,341.41,110,1,Low
CUST_4337,Aaron Leon,2533,Verified,False,3533.04,2,7,1,77.5,110,1,Low
CUST_4338,Ashley Thomas,2170,Verified,False,2186.6,1,16,1,137.87,110,0,Low
CUST_4339,Travis Allen,2173,Verified,False,2152.07,1,3,1,54.25,110,0,Low
CUST_4340,Roger Weaver,1573,Verified,False,14092.83,1,6,1,7380.64,110,0,Low
CUST_4341,Robert Johnson,2218,Verified,False,3199.69,2,26,1,37.51,110,0,Low
CUST_4342,Bryan Lopez,124,Verified,False,19501.03,1,5,1,240.87,110,0,Low
CUST_4343,Andrea King,3107,Verified,False,4658.14,2,30,1,100.03,110,0,Low
CUST_4344,Jennifer Howard,3159,Verified,False,6738.23,1,5,1,160.92,110,0,Low
CUST_4345,Michael Evans,2694,Verified,False,1249.47,2,15,1,320.18,110,0,Low
CUST_4346,Daniel Patterson,1732,Verified,False,1489.69,2,7,1,339.45,110,0,Low
CUST_4347,Karen Mendez,786,Verified,False,3032.87,1,13,1,86.88,110,0,Low
CUST_4348,John Johnson,2044,Verified,False,10027.39,1,36,5,25.97,110,0,High (Network Risk)
CUST_4349,Andre Haynes,2249,Verified,False,2073.61,1,10,1,49.49,4,0,Low
CUST_4350,Janet Ryan,2417,Verified,False,712.33,2,20,1,74.37,110,0,Low
CUST_4351,Michael Oliver,797,Verified,False,4438.14,2,3,1,60.64,110,1,Low
CUST_4352,Wesley Henry,77,Verified,False,3177.91,1,3,1,31.1,110,1,Low
CUST_4353,Andrew Freeman,59,Verified,False,1718.13,1,2,1,290.65,110,0,Low
CUST_4354,Karen Stephens,2479,Verified,False,2052.75,1,3,1,19.42,110,0,Low
CUST_4355,Nathaniel Baldwin,2686,Verified,False,1247.54,1,24,1,137.4,110,0,Low
CUST_4356,Jordan Curry,1524,Verified,False,7509.37,1,9,1,12.83,110,1,Low
CUST_4357,William Johnson,1937,Verified,False,3051.3,1,5,5,762.48,110,1,High (Network Risk)
CUST_4358,Richard Bond,2157,Verified,False,3791.35,1,8,1,59.02,110,0,Low
CUST_4359,Jason Smith,3056,Verified,False,1641.84,1,12,1,49.83,110,0,Low
CUST_4360,Scott Norman,1302,Verified,False,11341.54,2,13,1,38.73,110,0,Low
CUST_4361,Jill Shaw,68,Verified,False,3717.46,2,8,1,1915.63,110,0,Low
CUST_4362,Michael Price,3141,Verified,False,350.33,1,22,1,1087.01,110,0,Low
CUST_4363,Martha Williams,3237,Verified,True,4721.97,2,3,2,161.02,110,0,Medium (Compliance)
CUST_4364,Melissa Henry,3561,Verified,False,2288.56,1,5,1,69.9,110,0,Low
CUST_4365,Elaine Martin,2353,Verified,False,2530.2,1,18,1,3339.05,110,0,Low
CUST_4366,Gary Rodriguez,1933,Pending,False,8052.12,2,15,1,313.1,4,0,Low
CUST_4367,Ryan Gonzalez,2722,Verified,False,3257.03,1,9,1,101.2,110,0,Low
CUST_4368,Mr. Reginald Roman,365,Verified,False,16520.25,1,4,1,63.97,110,0,Low
CUST_4369,Patricia Williams,821,Verified,False,3312.95,1,13,1,506.08,110,0,Low
CUST_4370,Gerald Vega,1403,Verified,False,1869.42,1,3,1,106.61,110,0,Low
CUST_4371,Crystal Wallace,2391,Verified,False,486.24,2,19,1,19.92,110,0,Low
CUST_4372,Susan Garcia,947,Pending,False,1454.08,1,24,2,192.07,110,0,Low
CUST_4373,Patrick Potts,2947,Verified,False,2159.77,1,4,1,212.32,110,0,Low
CUST_4374,Jessica Richardson,1578,Verified,False,12916.85,2,58,1,158.62,110,0,High (Network Risk)
CUST_4375,Alicia Warren,1378,Verified,False,1880.79,1,3,1,316.64,110,0,Low
CUST_4376,Madison Rodriguez,1440,Verified,False,15398.29,1,6,1,91.36,110,0,Low
CUST_4377,Douglas Grant,3181,Failed,False,945.48,2,6,1,149.98,110,1,Medium (Compliance)
CUST_4378,Austin Baker,3635,Verified,False,1376.82,1,6,1,146.21,110,0,Low
CUST_4379,Heather Morales,762,Verified,False,9200.17,2,23,1,19.92,110,0,Low
CUST_4380,Susan Hutchinson,3569,Verified,False,1643.98,3,10,1,425.89,110,0,Low
CUST_4381,Christopher Hudson,341,Verified,False,8948.39,1,3,1,338.77,110,0,Low
CUST_4382,Jill Barajas,2990,Verified,False,1304.66,1,8,1,654.48,110,0,Low
CUST_4383,Dennis Jones,383,Verified,False,1442.18,1,12,1,32.66,110,0,Low
CUST_4384,Charlene Gutierrez,1004,Verified,False,5663.79,2,11,1,78.73,110,0,Low
CUST_4385,Crystal Hernandez,1557,Verified,False,1323.05,1,19,1,783.4,110,0,Low
CUST_4386,Michael Smith,300,Pending,False,2265.6,2,7,1,62.54,110,0,Low
CUST_4387,Richard Rodriguez,139,Verified,False,4423.91,3,14,1,2196.65,110,0,Low
CUST_4388,Lauren Smith,359,Verified,False,2315.53,2,6,1,14.31,110,0,Low
CUST_4389,Breanna Mccall,836,Verified,False,1698.37,2,4,5,63.56,110,0,High (Network Risk)
CUST_4390,Rebecca Lopez,1523,Verified,False,891.38,2,2,1,73.9,110,0,Low
CUST_4391,John Garcia,3457,Verified,False,12699.64,2,25,2,466.66,110,0,Low
CUST_4392,Mark Weaver,1628,Verified,False,15307.72,1,2,1,1804.57,110,0,Low
CUST_4393,Brianna Martinez,1983,Verified,False,4143.66,2,9,1,234.13,110,0,Low
CUST_4394,Shannon Jones,1304,Verified,False,2363.46,2,10,2,2.91,110,0,Low
CUST_4395,Victoria Knight,2531,Verified,False,2496.96,1,3,1,131.43,110,0,Low
CUST_4396,Paul Franco,909,Verified,False,6851.29,1,15,2,178.52,110,0,Low
CUST_4397,Darin Baker,1135,Verified,False,8364.75,1,2,1,267.65,110,0,Low
CUST_4398,Jeffrey Harrell,2914,Verified,False,1736.88,1,4,1,131.91,110,1,Low
CUST_4399,Alyssa Powers,2187,Verified,False,8730.76,1,15,1,1053.17,110,0,Low
CUST_4400,Jeanette Obrien,996,Pending,False,5514.24,1,2,2,39.16,110,0,Low
CUST_4401,Nicole Anderson,2483,Verified,False,8580.3,10,14,2,31.62,110,0,Low
CUST_4402,Rachel Oneal,2557,Verified,False,600.78,1,18,1,59.23,110,0,Low
CUST_4403,Nicole Moore,2321,Verified,False,1960.19,2,17,1,7352.57,110,0,Low
CUST_4404,Donna Mejia,3171,Verified,False,2507.64,1,9,2,113.32,110,1,Low
CUST_4405,Andre Jones,2152,Verified,False,1865.06,1,3,1,831.48,4,0,Low
CUST_4406,Steven Thomas,1238,Pending,False,20278.63,1,3,1,808.35,110,0,Low
CUST_4407,Jaclyn Long,1785,Pending,False,1978.58,1,4,2,11.26,110,0,Low
CUST_4408,Robert Stark,2810,Verified,False,4761.85,2,0,1,136.35,110,0,Low
CUST_4409,Joseph Murphy,2835,Verified,False,3473.23,2,7,1,796.58,110,0,Low
CUST_4410,Travis Dixon,165,Verified,False,2230.04,2,6,2,10857.1,4,0,Low
CUST_4411,Seth Barker,999,Verified,False,1467.56,1,7,1,748.1,110,0,Low
CUST_4412,Tammy Jacobs,2568,Verified,False,23291.61,2,6,1,88.8,110,0,Low
CUST_4413,Laura Harrison,1308,Verified,True,2387.8,1,8,1,1326.58,110,0,Medium (Compliance)
CUST_4414,John Peterson,2565,Verified,False,7155.13,1,7,1,77.73,110,0,Low
CUST_4415,Lynn King,657,Verified,False,2952.34,2,2,1,27.19,110,0,Low
CUST_4416,Devon Roberts,2661,Verified,False,1884.24,2,9,1,424.01,110,0,Low
CUST_4417,Emily Bullock,2212,Pending,False,3321.9,1,7,5,16.81,110,0,High (Network Risk)
CUST_4418,Kylie Bailey,1910,Verified,False,4056.65,2,1,1,60.75,110,0,Low
CUST_4419,Roger Holmes,2047,Verified,False,1863.88,2,15,1,1380.37,110,0,Low
CUST_4420,Dennis Coleman,2112,Pending,False,1387.67,1,5,1,432.03,110,1,Low
CUST_4421,Patricia Zamora,3163,Verified,False,4799.05,1,12,1,40.61,110,0,Low
CUST_4422,Randy Phillips,1141,Verified,False,3348.83,3,7,1,183.19,110,5,Low
CUST_4423,Heather Daniels,1890,Verified,False,1553.0,2,1,20,128.68,110,0,High (Network Risk)
CUST_4424,Robert Perkins,267,Verified,False,1166.27,1,9,2,578.83,110,1,Low
CUST_4425,Nathaniel Walter,1846,Verified,False,4227.13,1,10,1,262.43,110,1,Low
CUST_4426,Christine Tyler,1709,Verified,False,437.87,1,18,1,187.2,110,0,Low
CUST_4427,Catherine Holland,3631,Verified,False,2297.09,1,15,2,140.5,4,0,Low
CUST_4428,David Washington III,3212,Verified,False,3412.12,1,19,1,28.51,110,0,Low
CUST_4429,Kimberly Thomas,2294,Verified,False,16944.06,1,13,1,1176.42,110,0,Low
CUST_4430,Dawn Levy,2443,Verified,False,3012.37,2,4,1,278.18,110,0,Low
CUST_4431,Victoria Smith,1511,Verified,False,2205.72,2,5,1,90.67,110,0,Low
CUST_4432,Timothy Reilly,476,Verified,False,3962.22,10,16,1,101.11,110,0,Low
CUST_4433,William Silva,3589,Verified,False,1456.02,2,5,1,127.33,110,0,Low
CUST_4434,Keith Gonzalez,977,Verified,False,2394.82,2,11,2,43.23,110,0,Low
CUST_4435,Jeffrey Holden,1208,Verified,False,3069.6,2,29,1,63.33,110,0,Low
CUST_4436,Karen Hughes,1044,Pending,False,5594.35,1,4,1,648.57,110,0,Low
CUST_4437,Christopher Ward,1961,Verified,False,1520.81,2,13,1,14.19,110,0,Low
CUST_4438,Amy Boone,558,Verified,False,2963.94,1,3,1,2410.68,110,0,Low
CUST_4439,Joshua Adams,1018,Verified,False,497.2,1,11,1,149.26,110,0,Low
CUST_4440,Tammy Mcdaniel,3596,Verified,False,4997.44,1,26,1,45.28,4,0,Low
CUST_4441,Steven Knight,1606,Verified,False,2367.43,1,21,1,88.33,110,0,Low
CUST_4442,George Weber,3601,Verified,False,19620.24,1,5,5,279.08,110,5,High (Network Risk)
CUST_4443,Jeffrey Hall,883,Verified,False,4235.83,2,26,1,72.12,110,0,Low
CUST_4444,Laura Adams,2195,Verified,False,1252.64,1,6,1,399.1,110,0,Low
CUST_4445,Sara Hernandez,666,Verified,True,998.56,3,46,1,30.16,110,0,High (Network Risk)
CUST_4446,Emily Robinson,3376,Verified,False,5777.35,1,7,1,44.87,110,1,Low
CUST_4447,Samantha Harris,2668,Verified,False,17969.5,2,12,1,214.12,110,0,Low
CUST_4448,Tiffany Davis,1772,Verified,False,13228.96,1,12,1,58.55,110,0,Low
CUST_4449,Veronica Nelson,2868,Pending,False,886.52,1,3,1,2803.93,110,0,Low
CUST_4450,Mr. Ryan Walker,864,Verified,True,3652.96,1,22,1,514.94,110,0,Medium (Compliance)
CUST_4451,Christopher Thompson,582,Verified,False,9200.57,2,8,2,319.97,110,0,Low
CUST_4452,Brian Allen,3071,Verified,False,779.65,1,4,1,175.41,110,5,Low
CUST_4453,Kevin Greene,695,Failed,False,8411.6,1,4,1,88.22,110,0,Medium (Compliance)
CUST_4454,Daniel Garcia,1252,Failed,False,1476.18,1,4,1,101.09,110,0,Medium (Compliance)
CUST_4455,Micheal Ramos,3174,Pending,False,2403.13,1,6,1,42.42,110,0,Low
CUST_4456,Janice Gilbert,1611,Verified,False,3930.93,3,3,1,203.98,110,1,Low
CUST_4457,Joshua Nelson,3489,Verified,False,8676.0,1,3,1,22.9,110,0,Low
CUST_4458,Katherine Clarke,1240,Verified,False,13792.87,2,1,1,1322.82,110,0,Low
CUST_4459,Erica Porter,2455,Verified,False,2158.28,2,3,2,162.64,110,0,Low
CUST_4460,Sara Obrien,399,Verified,False,1845.23,1,22,1,1158.23,110,0,Low
CUST_4461,Michael Burke,1947,Verified,False,1726.36,1,19,1,566.72,110,0,Low
CUST_4462,Jamie French,715,Verified,False,6500.17,1,9,1,133.76,110,0,Low
CUST_4463,Ernest Sullivan,704,Verified,False,8067.15,1,39,1,289.73,110,0,High (Network Risk)
CUST_4464,Earl Hall,2809,Verified,False,7291.13,1,19,1,78.32,110,0,Low
CUST_4465,Julie Johnson,2547,Verified,False,3904.13,1,10,1,128.46,110,0,Low
CUST_4466,Dana Wolfe,3537,Verified,False,4308.94,1,11,1,46.33,110,0,Low
CUST_4467,Robert Price,1715,Verified,False,2367.6,2,7,5,1805.24,110,0,High (Network Risk)
CUST_4468,James Henry,1973,Verified,False,2599.03,2,2,2,196.79,110,0,Low
CUST_4469,Susan Davis,3022,Verified,False,7002.16,2,5,2,528.17,110,0,Low
CUST_4470,Darryl Richardson,82,Verified,False,3882.72,1,0,1,76.95,110,0,Low
CUST_4471,Karen Jackson DVM,604,Verified,False,1857.22,1,3,1,1582.35,110,0,Low
CUST_4472,Linda Patrick,1971,Verified,False,8949.26,1,22,1,50.05,110,0,Low
CUST_4473,Veronica Diaz,1711,Verified,False,1623.22,1,7,1,124.91,110,0,Low
CUST_4474,Ann Moon,2047,Verified,False,3448.51,1,3,2,73.22,110,1,Low
CUST_4475,Michael Williams,2820,Failed,False,862.62,2,11,1,224.16,110,0,Medium (Compliance)
CUST_4476,Timothy Chavez,903,Verified,False,1157.71,1,11,2,52.65,110,0,Low
CUST_4477,Scott Ramirez,365,Verified,False,3038.46,1,25,1,359.92,110,0,Low
CUST_4478,Crystal Collins,163,Verified,False,1485.87,2,30,1,220.24,110,0,Low
CUST_4479,Crystal Davis,3120,Verified,False,2370.48,2,13,1,116.91,110,0,Low
CUST_4480,Matthew Mueller,2559,Verified,False,10029.34,1,2,1,30.02,110,0,Low
CUST_4481,Teresa Thompson,3401,Verified,False,2631.33,1,45,1,131.47,110,0,High (Network Risk)
CUST_4482,Teresa Jacobson,1864,Verified,False,7330.87,2,21,2,126.72,110,0,Low
CUST_4483,Robert Gonzalez,116,Pending,False,1365.52,1,14,1,569.42,110,0,Low
CUST_4484,Andrea Garcia,2989,Pending,False,5161.1,1,7,1,96.15,110,0,Low
CUST_4485,Cassandra Martinez,2385,Verified,False,1096.42,2,2,2,34.16,110,0,Low
CUST_4486,Philip Cummings,881,Verified,False,2322.08,2,4,1,10.42,4,0,Low
CUST_4487,Timothy Sanchez,2785,Pending,False,5374.89,1,7,1,831.91,110,0,Low
CUST_4488,Scott Miranda,840,Verified,False,3019.23,1,5,1,113.55,110,5,Low
CUST_4489,Alicia Wagner,2195,Verified,False,7648.77,1,17,1,243.05,110,5,Low
CUST_4490,Chad Williams,3647,Verified,False,5811.04,1,6,1,68.49,110,0,Low
CUST_4491,Carlos Hensley,1347,Verified,False,2189.86,1,3,2,60.44,110,0,Low
CUST_4492,Laura Ramirez,2491,Verified,False,10904.69,10,11,20,128.56,110,0,High (Network Risk)
CUST_4493,Christopher Rodriguez,2885,Verified,False,4611.48,1,3,2,42.38,110,0,Low
CUST_4494,Mark Webster,1037,Verified,False,2336.27,1,2,1,85.51,110,0,Low
CUST_4495,James Smith,943,Pending,False,3448.75,1,11,1,433.42,110,0,Low
CUST_4496,Robert Byrd,3566,Verified,False,3264.68,1,6,1,425.28,110,0,Low
CUST_4497,Joshua Powell,1725,Verified,False,3646.75,1,8,1,69.82,110,0,Low
CUST_4498,Tonya Harding,2335,Verified,False,2586.97,1,22,1,105.22,110,0,Low
CUST_4499,Larry Higgins,2768,Verified,False,4326.56,2,9,5,8.27,110,0,High (Network Risk)
CUST_4500,Nicole Mills,1138,Verified,False,6567.05,1,11,1,12.12,110,0,Low
CUST_4501,Jonathan Porter,2528,Verified,False,4562.22,1,7,1,68.6,110,0,Low
CUST_4502,Christine Greene,22,Verified,False,4409.55,1,14,1,158.48,110,0,Low
CUST_4503,Edwin Munoz,3421,Verified,False,2695.45,1,1,1,22.06,110,0,Low
CUST_4504,James Brooks,1750,Verified,False,1228.95,1,3,1,426.56,110,0,Low
CUST_4505,Craig Smith,683,Verified,False,963.58,2,5,1,532.11,110,0,Low
CUST_4506,Mark Thomas,3638,Verified,False,1469.13,2,5,1,41.9,110,0,Low
CUST_4507,Rachel Curry,2954,Verified,False,1962.54,1,3,1,39.23,110,0,Low
CUST_4508,Elizabeth Sanchez,1834,Verified,False,15863.74,2,6,1,275.12,110,0,Low
CUST_4509,Darren Gonzales,2368,Verified,False,10421.87,1,6,1,1814.64,110,0,Low
CUST_4510,Mr. John Khan,126,Verified,False,1646.96,1,6,2,79.33,110,5,Low
CUST_4511,Jason Williams,277,Verified,False,4673.68,2,8,1,604.66,110,1,Low
CUST_4512,Stephanie Livingston,2000,Pending,False,2786.04,1,11,1,142.63,110,0,Low
CUST_4513,Anthony Marshall,1228,Verified,False,3774.38,1,3,1,162.67,110,5,Low
CUST_4514,Matthew Hamilton,2242,Verified,False,1722.24,1,4,1,111.97,110,0,Low
CUST_4515,Heather Hunt,3619,Verified,False,28050.45,1,15,1,604.58,110,0,Low
CUST_4516,Timothy Melton,696,Verified,False,19235.25,1,3,1,2900.3,110,0,Low
CUST_4517,Harold Lee,1310,Verified,False,2224.71,1,3,1,535.06,110,0,Low
CUST_4518,Carol Gay,57,Verified,False,1642.0,1,3,1,25.3,110,0,Low
CUST_4519,Michael Nelson,3375,Verified,True,7521.14,2,6,2,101.36,110,0,Medium (Compliance)
CUST_4520,Daniel Meyer,3235,Verified,False,889.21,1,16,1,8.0,110,0,Low
CUST_4521,Jamie Lindsey,19,Verified,False,6946.19,1,11,1,3238.76,110,0,Low
CUST_4522,Marc Mitchell,3442,Verified,False,3379.44,1,3,1,251.65,110,0,Low
CUST_4523,Jose Martinez,2312,Verified,False,710.45,2,31,2,44.54,110,0,High (Network Risk)
CUST_4524,John Gallagher,2842,Verified,False,2561.2,1,4,1,219.99,110,0,Low
CUST_4525,Richard Chandler,113,Verified,False,1547.27,2,2,1,2510.1,110,0,Low
CUST_4526,Andrea Donaldson,3560,Verified,False,3504.42,1,31,1,42.34,110,0,High (Network Risk)
CUST_4527,Jamie Guerrero,3399,Verified,False,3157.41,2,3,1,63.09,110,0,Low
CUST_4528,Nathan Adams,542,Verified,False,774.86,1,6,1,25.53,110,0,Low
CUST_4529,Thomas Davis,2695,Verified,False,2134.22,1,6,1,347.49,110,0,Low
CUST_4530,James Williams,579,Verified,False,5296.07,1,11,1,120.39,110,0,Low
CUST_4531,Troy Lee,1089,Failed,False,6291.21,1,1,1,5.83,110,0,Medium (Compliance)
CUST_4532,Jennifer Mckenzie,3364,Verified,False,2073.39,1,5,1,246.22,110,1,Low
CUST_4533,Joshua Scott,25,Pending,False,4711.54,1,5,1,616.66,110,0,Low
CUST_4534,April Jones,1573,Verified,False,3890.84,1,22,5,66.75,110,0,High (Network Risk)
CUST_4535,Deborah Webb,2049,Pending,False,2828.09,1,4,1,138.64,110,0,Low
CUST_4536,John Zavala,2959,Verified,False,4740.41,2,5,1,109.64,110,0,Low
CUST_4537,Katherine Miller,1573,Verified,False,1181.8,3,13,1,416.2,110,0,Low
CUST_4538,Steven Jensen,141,Verified,False,2983.85,1,11,2,12.38,110,0,Low
CUST_4539,Sarah Sosa,1768,Verified,False,599.48,1,4,1,55.42,4,0,Low
CUST_4540,Justin Small,648,Verified,False,2823.9,1,10,1,93.77,110,0,Low
CUST_4541,Erin Ortega,2236,Verified,False,12394.73,2,4,1,471.56,110,0,Low
CUST_4542,Mary Conley,3200,Verified,False,2165.65,2,14,1,148.91,110,1,Low
CUST_4543,Melanie Drake,201,Verified,False,11215.37,2,6,1,20.83,110,0,Low
CUST_4544,Danielle Briggs,3199,Verified,True,2200.44,1,2,1,62.57,110,0,Medium (Compliance)
CUST_4545,Dillon Case,257,Verified,False,1007.55,2,1,1,982.06,110,0,Low
CUST_4546,William Esparza,547,Verified,False,5798.73,2,5,5,20.4,110,0,High (Network Risk)
CUST_4547,Kevin Solis,2242,Verified,False,4740.67,1,3,1,693.24,110,0,Low
CUST_4548,Roger Peters,2751,Verified,False,30303.18,2,6,1,604.09,4,1,Low
CUST_4549,Colleen Blanchard,3176,Verified,False,1119.57,1,7,1,923.66,110,0,Low
CUST_4550,Christian Garcia,3607,Failed,False,4257.4,1,1,1,772.66,110,0,Medium (Compliance)
CUST_4551,Heidi Newton,3337,Verified,False,4411.82,3,4,1,1145.81,110,0,Low
CUST_4552,Gary Miller,802,Verified,False,8588.55,1,6,1,10.05,110,0,Low
CUST_4553,John Hebert,942,Verified,False,5063.43,2,8,2,1057.22,110,0,Low
CUST_4554,Erik Small,3456,Verified,False,2234.83,1,13,1,311.88,110,0,Low
CUST_4555,Robert Moore,3332,Verified,False,1021.4,2,16,2,62.92,110,0,Low
CUST_4556,Andre Pace,414,Verified,False,4215.92,2,6,1,25.26,110,0,Low
CUST_4557,David Koch,2015,Verified,False,4334.76,2,6,1,155.31,110,1,Low
CUST_4558,Tyler Chapman MD,1382,Verified,False,5605.01,2,5,1,5279.93,110,1,Low
CUST_4559,Donna Bishop,1099,Verified,False,2231.81,1,12,1,324.51,110,0,Low
CUST_4560,Christopher Murphy,3427,Verified,False,3936.91,1,5,1,71.63,110,0,Low
CUST_4561,Bradley Miller,910,Verified,False,636.41,2,3,1,5182.72,110,0,Low
CUST_4562,Alejandra Fernandez,188,Verified,False,1065.03,1,1,1,390.8,110,1,Low
CUST_4563,Brandon Cordova PhD,2016,Verified,False,7597.16,2,3,2,410.09,110,0,Low
CUST_4564,Wendy Smith,1314,Verified,False,3568.27,1,5,1,229.3,110,1,Low
CUST_4565,Casey Terrell,2093,Verified,False,4797.36,2,16,1,321.07,110,0,Low
CUST_4566,Michael Serrano,3645,Verified,False,1638.68,1,7,1,3.67,110,0,Low
CUST_4567,Kenneth Williams,2131,Verified,False,1443.1,2,8,2,186.76,110,1,Low
CUST_4568,Erin Williams,1147,Verified,False,1951.69,2,7,2,489.77,110,1,Low
CUST_4569,Virginia Mendez,358,Verified,False,3780.78,1,20,1,1588.57,110,0,Low
CUST_4570,Cheryl Jackson,1552,Verified,False,5918.97,1,11,1,4635.82,110,0,Low
CUST_4571,Wyatt Rodriguez,1090,Verified,False,2323.64,2,7,1,778.17,110,0,Low
CUST_4572,Lisa Fox,2984,Verified,False,567.03,2,4,1,204.11,110,0,Low
CUST_4573,Diane Brown,1681,Verified,False,4451.68,1,2,20,164.95,110,0,High (Network Risk)
CUST_4574,Debbie Schneider,2423,Verified,False,3893.45,3,27,1,52.08,110,1,Low
CUST_4575,Anne Obrien,162,Verified,False,4813.47,1,14,1,336.73,110,0,Low
CUST_4576,Amanda Phelps,3452,Verified,False,7019.86,1,6,1,2893.77,110,0,Low
CUST_4577,Melissa Patrick,3430,Verified,False,6487.02,2,31,1,85.3,110,0,High (Network Risk)
CUST_4578,Jordan Carter,3260,Verified,False,11623.85,1,7,1,196.12,110,0,Low
CUST_4579,Jennifer Roman,2370,Verified,False,3066.89,1,3,1,51.3,110,0,Low
CUST_4580,William Parker,450,Verified,False,1935.41,2,19,1,704.4,110,0,Low
CUST_4581,David Hernandez,1498,Verified,False,8440.87,1,2,1,964.91,110,0,Low
CUST_4582,Bobby Matthews,1037,Verified,False,7393.5,1,5,1,52.51,110,0,Low
CUST_4583,Brian Cole,2232,Verified,False,2361.73,1,2,1,356.55,110,1,Low
CUST_4584,Benjamin Townsend,2159,Verified,False,9008.16,1,3,1,2.86,110,0,Low
CUST_4585,Lauren Higgins,1951,Verified,False,3211.61,1,8,1,98.72,110,0,Low
CUST_4586,Bryan Newman,2556,Verified,False,10682.08,2,9,1,1019.79,110,0,Low
CUST_4587,Kristen Matthews,1314,Verified,False,16801.36,1,3,1,73.51,110,5,Low
CUST_4588,Christine Kennedy,2343,Verified,False,41817.57,2,31,1,21.1,110,0,High (Network Risk)
CUST_4589,Christopher Lee,3523,Verified,False,3172.38,2,1,1,418.02,110,0,Low
CUST_4590,Andre Farrell,2952,Verified,False,12276.36,2,8,1,125.91,110,1,Low
CUST_4591,Cody Jimenez,1239,Verified,False,7001.27,1,8,1,199.32,110,0,Low
CUST_4592,Jennifer Fletcher,974,Verified,False,7684.51,1,9,1,246.45,110,0,Low
CUST_4593,Casey Murphy,632,Verified,False,4557.06,1,14,1,580.91,4,0,Low
CUST_4594,Jennifer Edwards,1591,Verified,True,7716.41,2,0,20,752.01,110,5,High (Network Risk)
CUST_4595,Lacey Graves,1051,Verified,False,754.39,1,3,1,265.29,110,0,Low
CUST_4596,Richard Best,2781,Verified,False,2896.21,1,8,2,868.57,110,0,Low
CUST_4597,John Mcneil,3303,Verified,False,1550.79,1,28,1,144.25,110,1,Low
CUST_4598,Stephen Allen,1589,Verified,False,1426.36,2,4,1,239.78,110,0,Low
CUST_4599,Tina Solomon,2369,Verified,False,709.46,1,6,1,155.98,110,0,Low
CUST_4600,Jennifer Townsend,2961,Verified,False,1760.38,3,13,1,25.55,110,0,Low
CUST_4601,Michelle Mcbride,3305,Verified,False,2504.51,1,2,1,1386.16,110,0,Low
CUST_4602,Aaron Webb,1694,Verified,False,3584.27,1,7,1,162.42,110,0,Low
CUST_4603,Kathryn Clark,437,Verified,False,2944.14,1,6,1,1634.34,110,0,Low
CUST_4604,Matthew Doyle,2829,Verified,False,8538.48,1,4,2,298.13,110,0,Low
CUST_4605,Kiara Preston,1557,Verified,False,1216.82,2,11,1,281.5,110,1,Low
CUST_4606,Lisa Salazar MD,3475,Verified,False,426.81,1,41,1,617.56,110,0,High (Network Risk)
CUST_4607,Rebecca Gibson,1077,Verified,False,5071.8,1,8,1,232.26,110,0,Low
CUST_4608,Kimberly Ryan,3385,Verified,False,2844.87,2,1,1,59.11,110,0,Low
CUST_4609,Amanda Cook,1305,Verified,False,2786.41,2,3,1,121.41,110,0,Low
CUST_4610,Mark Conner,2774,Verified,False,1461.49,3,24,1,866.11,110,0,Low
CUST_4611,Shawn Hickman,2079,Verified,False,7399.27,1,6,1,439.19,110,0,Low
CUST_4612,Lisa Hall,2385,Verified,True,1960.46,1,2,20,41.62,110,0,High (Network Risk)
CUST_4613,Kevin Cole,183,Verified,False,1232.04,1,13,1,235.38,110,0,Low
CUST_4614,Matthew Williams,3095,Verified,False,15902.97,2,4,2,34.39,110,0,Low
CUST_4615,Tanner King,2592,Verified,False,5952.54,1,7,2,172.31,110,0,Low
CUST_4616,Joseph Williams,1470,Verified,False,2863.62,3,2,1,685.42,110,0,Low
CUST_4617,Joann Sanders,3146,Verified,False,259.5,2,5,1,60.47,110,0,Low
CUST_4618,Tyler Lang,3082,Verified,False,2355.66,2,7,1,128.71,110,0,Low
CUST_4619,Robert Payne,3556,Verified,False,2917.21,10,6,1,36.61,110,0,Low
CUST_4620,Jonathan Cisneros,1480,Verified,False,12883.23,1,9,1,371.06,110,0,Low
CUST_4621,Margaret Torres,1590,Verified,False,518.02,1,8,1,184.92,110,0,Low
CUST_4622,Amber Zhang,1588,Verified,False,14189.49,1,3,1,56.83,110,5,Low
CUST_4623,Matthew Roberts,660,Verified,False,4614.38,1,28,1,279.04,110,0,Low
CUST_4624,David Hays,160,Verified,False,891.06,1,6,2,143.25,110,0,Low
CUST_4625,Erin Gardner,3086,Verified,False,7493.68,1,2,1,315.21,110,0,Low
CUST_4626,Michael Miller,3250,Verified,False,2335.84,1,1,1,37.13,110,0,Low
CUST_4627,Theresa Smith,2460,Verified,False,565.73,1,7,1,91.27,110,5,Low
CUST_4628,Paul Scott,1012,Verified,False,1911.38,1,3,1,182.28,110,0,Low
CUST_4629,Megan Perry,53,Verified,False,3846.45,1,11,1,417.16,110,0,Low
CUST_4630,Christina Martin,2456,Verified,False,3171.43,1,7,5,34.34,110,0,High (Network Risk)
CUST_4631,Timothy Collins,2895,Verified,False,5673.03,1,172,1,176.26,110,1,High (Network Risk)
CUST_4632,Kimberly Jones,1046,Verified,False,8932.31,1,2,20,657.38,110,0,High (Network Risk)
CUST_4633,Dr. Sarah Smith,1054,Verified,False,993.7,2,17,1,162.83,110,0,Low
CUST_4634,Richard Bauer,2751,Verified,False,2919.29,1,3,1,92.21,110,0,Low
CUST_4635,Traci Wilson,2308,Verified,False,1619.77,2,14,1,66.21,110,0,Low
CUST_4636,Bryan Miranda,1229,Pending,False,854.97,1,23,1,67.89,110,0,Low
CUST_4637,Julie Martinez,3131,Verified,False,2830.36,1,5,1,207.82,110,1,Low
CUST_4638,Diana Miller,1495,Verified,False,4590.14,1,4,2,7.55,110,1,Low
CUST_4639,Heather Hughes,2824,Verified,False,4869.16,1,6,1,65.31,110,0,Low
CUST_4640,Tony Swanson,1490,Pending,False,2007.79,1,4,1,277.73,110,0,Low
CUST_4641,Lisa Montes,1036,Verified,False,1088.04,2,26,1,454.08,110,0,Low
CUST_4642,Wendy Martin,1951,Verified,False,1564.58,2,6,1,36.46,110,0,Low
CUST_4643,Joseph Norris,3362,Verified,False,456.31,3,10,1,57.86,110,0,Low
CUST_4644,William Todd,850,Verified,False,907.5,2,10,5,165.93,110,0,High (Network Risk)
CUST_4645,Gerald Price,354,Verified,False,989.68,1,15,1,376.82,110,0,Low
CUST_4646,Ashley Hunt,1099,Verified,False,6941.72,1,5,1,85.19,110,0,Low
CUST_4647,Christy Lee,2921,Verified,False,6935.47,2,13,1,122.83,110,0,Low
CUST_4648,Patricia Adkins,1740,Verified,False,25071.36,2,20,1,246.73,110,0,Low
CUST_4649,Willie Perez,3633,Verified,False,3790.78,1,6,1,26.3,110,0,Low
CUST_4650,Susan Snyder,1465,Verified,False,1837.41,2,2,2,1698.5,110,0,Low
CUST_4651,Jasmine Day,991,Verified,False,3016.86,1,22,1,168.01,110,0,Low
CUST_4652,Andrew Chavez,1265,Verified,False,2516.87,1,8,1,87.76,110,1,Low
CUST_4653,Henry Huerta,3066,Failed,False,1584.91,3,7,1,821.29,4,0,Medium (Compliance)
CUST_4654,Mariah Perry,1885,Pending,False,4104.84,2,12,1,179.64,110,0,Low
CUST_4655,Tracy Atkins,3226,Verified,False,3616.84,2,23,1,114.28,110,0,Low
CUST_4656,Ryan Wheeler,1810,Failed,False,2744.68,1,6,1,259.29,110,1,Medium (Compliance)
CUST_4657,Audrey Taylor,3168,Verified,False,2221.0,1,20,1,157.98,110,0,Low
CUST_4658,Zachary Swanson MD,2342,Verified,False,5607.73,1,7,1,58.95,110,0,Low
CUST_4659,Amanda Conley,2257,Verified,False,1713.44,2,12,1,735.72,110,0,Low
CUST_4660,Eric Short,3415,Pending,False,1991.89,1,4,1,15.7,110,5,Low
CUST_4661,Scott Brown,1112,Verified,False,4793.82,1,6,1,80.84,110,0,Low
CUST_4662,Victor Taylor,818,Verified,False,8196.64,1,17,1,2395.91,110,0,Low
CUST_4663,James Hernandez,1800,Verified,False,7481.12,1,1,1,173.88,110,0,Low
CUST_4664,Jason Jones,1961,Verified,False,2299.42,1,12,1,13.76,110,1,Low
CUST_4665,Angela Parker,2438,Verified,False,841.89,2,10,1,807.63,110,0,Low
CUST_4666,Alexander Zavala,2373,Verified,False,2231.68,1,27,1,96.91,4,1,Low
CUST_4667,Michael Kane,2988,Verified,False,3208.33,2,16,1,30.28,110,0,Low
CUST_4668,Lindsey York,889,Verified,False,978.26,1,8,1,720.76,110,0,Low
CUST_4669,Brandon Baker,1856,Verified,False,2190.54,2,2,20,769.61,110,0,High (Network Risk)
CUST_4670,Stephen White,1181,Verified,False,9967.64,2,4,1,1262.33,110,0,Low
CUST_4671,Robert Hall,668,Verified,False,3454.66,1,6,1,34.7,110,0,Low
CUST_4672,Ryan Pierce,633,Verified,False,1736.12,1,24,1,120.31,110,0,Low
CUST_4673,Shannon Cain,2625,Verified,False,3068.18,1,14,1,95.66,110,0,Low
CUST_4674,Laura Vaughn,1643,Verified,False,3241.36,1,3,1,36.63,110,0,Low
CUST_4675,Juan Evans,137,Verified,False,2052.16,2,10,1,350.07,110,0,Low
CUST_4676,Nicole Williams,1947,Verified,False,6453.51,1,5,1,765.04,110,0,Low
CUST_4677,Jennifer Barrett,1698,Verified,False,478.95,1,4,2,74.89,110,0,Low
CUST_4678,Anthony Jones,428,Verified,False,4777.92,2,12,1,187.37,110,0,Low
CUST_4679,Leah Rodriguez,1476,Verified,False,1680.51,1,6,1,184.26,110,0,Low
CUST_4680,John Ward,2660,Verified,False,8482.03,1,2,1,754.37,110,0,Low
CUST_4681,Deborah Garza,2959,Verified,False,833.27,1,14,1,150.13,110,0,Low
CUST_4682,Rebecca Miller,819,Verified,False,7620.34,2,8,2,155.89,4,5,High (ATO Risk)
CUST_4683,Matthew Carroll,2189,Verified,False,1353.88,1,5,1,585.95,110,0,Low
CUST_4684,Lynn Smith,1107,Pending,False,4113.32,1,24,1,178.63,110,0,Low
CUST_4685,Michael Jackson,2225,Verified,False,1872.44,2,17,1,63.21,110,0,Low
CUST_4686,Sharon Hicks,198,Pending,False,9202.31,1,8,1,28.77,110,1,Low
CUST_4687,Abigail Mills MD,2672,Verified,False,2462.47,2,1,1,58.66,110,0,Low
CUST_4688,Paula Lopez,3640,Verified,False,1446.55,2,17,1,213.56,110,1,Low
CUST_4689,Amy Clark,1996,Verified,False,12077.5,2,5,1,21.13,110,0,Low
CUST_4690,Cheryl Rose,2739,Verified,False,2252.63,2,6,1,223.61,110,0,Low
CUST_4691,Jared Garza,3493,Verified,False,5023.0,2,5,1,15.37,110,1,Low
CUST_4692,Donna Wright,2449,Verified,False,7623.91,2,2,1,33.3,110,0,Low
CUST_4693,Belinda Fisher,471,Verified,False,1237.08,2,10,1,394.75,110,0,Low
CUST_4694,Kathleen Levine,2266,Verified,False,4545.74,1,3,1,76.14,110,1,Low
CUST_4695,Corey King,1949,Pending,False,5204.01,1,10,2,209.61,110,0,Low
CUST_4696,Cody Davidson,929,Verified,False,634.3,1,3,1,136.61,110,0,Low
CUST_4697,Michael Anderson,2011,Verified,False,4117.74,1,5,1,1535.44,110,1,Low
CUST_4698,Zachary Mcgee,2680,Pending,False,2092.45,1,9,2,181.98,110,0,Low
CUST_4699,Melinda Anderson,2999,Verified,False,15065.81,1,8,1,32.0,110,0,Low
CUST_4700,Tyler Andrews,906,Verified,False,7087.72,3,12,1,369.6,110,0,Low
CUST_4701,Michelle Greer,2223,Verified,False,4624.28,3,12,1,30.58,4,0,Low
CUST_4702,Brian Clark,23,Verified,False,387.1,2,21,20,657.28,4,0,High (Network Risk)
CUST_4703,Nathaniel Floyd,235,Verified,False,4651.69,3,7,1,487.94,110,0,Low
CUST_4704,Erika Jenkins,3085,Verified,False,1392.74,10,19,5,231.45,110,1,High (Network Risk)
CUST_4705,Melanie Ramos,1125,Verified,False,7140.43,2,5,2,460.59,110,1,Low
CUST_4706,Mark Clark,929,Verified,False,2540.41,1,13,1,862.73,110,0,Low
CUST_4707,Sergio Hodge,3608,Verified,False,1773.86,1,18,1,142.47,110,0,Low
CUST_4708,Katherine Avery,523,Verified,False,1926.35,1,18,1,191.72,110,0,Low
CUST_4709,David Hamilton,1809,Pending,False,2058.6,1,2,1,213.44,110,0,Low
CUST_4710,Richard Bass,3524,Verified,False,774.93,2,0,1,49.44,110,0,Low
CUST_4711,Kelly Harris,431,Verified,False,883.58,1,11,2,62.54,110,0,Low
CUST_4712,Dustin Campbell,793,Verified,False,2131.36,1,7,1,161.84,110,1,Low
CUST_4713,Randy Kennedy,1630,Verified,False,14117.02,1,9,2,147.09,110,0,Low
CUST_4714,Ana Gibson,1737,Verified,False,6090.36,1,7,1,217.32,110,0,Low
CUST_4715,Danny Harris,533,Verified,False,6660.87,1,5,1,70.79,110,0,Low
CUST_4716,Sara Stuart,3027,Verified,False,9869.73,2,11,1,16.31,110,0,Low
CUST_4717,John Kim,1747,Verified,False,3948.6,1,9,1,1346.06,110,1,Low
CUST_4718,Richard Brewer,1676,Verified,False,1888.1,1,6,2,18.35,110,1,Low
CUST_4719,William Arnold,1317,Pending,False,1976.37,2,7,1,502.92,110,0,Low
CUST_4720,Brianna Adams,2858,Pending,False,1305.4,2,12,1,94.05,110,0,Low
CUST_4721,David Garcia,913,Verified,False,6707.68,1,4,1,200.28,110,0,Low
CUST_4722,Kelli Collins,1125,Verified,False,1168.83,1,3,1,400.89,110,0,Low
CUST_4723,Arthur Krueger,1526,Verified,False,24109.08,1,2,1,74.85,110,0,Low
CUST_4724,Steven King,1328,Verified,False,1208.45,2,4,1,19.08,110,1,Low
CUST_4725,Tyler Velazquez,2919,Verified,False,10126.43,1,24,1,665.15,110,0,Low
CUST_4726,Laura Middleton,2588,Verified,False,10181.23,1,8,1,404.64,110,0,Low
CUST_4727,Lori Madden,1024,Verified,False,5565.57,1,4,1,165.37,110,1,Low
CUST_4728,Tyler Murphy,1577,Verified,False,15071.67,2,8,2,511.51,110,1,Low
CUST_4729,Kristen Bradley,1379,Verified,False,2449.81,1,3,1,242.8,110,1,Low
CUST_4730,Corey Rodriguez,3375,Verified,False,3388.92,1,6,1,136.69,110,0,Low
CUST_4731,Phillip King,1520,Verified,False,3730.98,1,5,1,109.85,110,0,Low
CUST_4732,Laurie Fuller,1682,Verified,False,5378.26,1,2,1,5.9,110,0,Low
CUST_4733,Toni Cunningham,1998,Verified,False,483.49,1,17,1,221.71,110,0,Low
CUST_4734,James Weber,227,Verified,False,2680.78,1,5,2,32.33,110,0,Low
CUST_4735,Erika Hodge,1260,Verified,False,7032.07,1,7,5,287.03,110,0,High (Network Risk)
CUST_4736,Peter Patel,873,Verified,False,2055.11,2,12,1,95.88,110,1,Low
CUST_4737,Jeffrey Hart DDS,892,Verified,False,21153.84,1,9,1,11.11,110,1,Low
CUST_4738,Steven Hall,1479,Verified,False,3388.12,2,7,1,135.02,110,0,Low
CUST_4739,Christine Gutierrez,1037,Verified,False,4986.66,1,6,20,75.63,4,0,High (Network Risk)
CUST_4740,Angel Becker DVM,2258,Verified,False,14058.7,1,13,1,1173.13,110,1,Low
CUST_4741,Chad Rojas,2789,Pending,False,3392.88,1,7,2,7.36,110,0,Low
CUST_4742,Brent Scott,397,Verified,False,13830.85,2,8,2,42.74,110,0,Low
CUST_4743,Jennifer Esparza,1124,Verified,False,5340.88,1,17,2,25.35,110,0,Low
CUST_4744,Stacy Orozco,2079,Pending,False,5351.22,1,18,1,485.27,110,5,Low
CUST_4745,Thomas Carr,2946,Verified,False,1225.17,2,9,1,204.13,110,1,Low
CUST_4746,David George,3600,Verified,False,9013.33,3,8,1,455.11,110,0,Low
CUST_4747,Teresa Allen,649,Verified,False,1625.56,1,12,1,27.88,110,0,Low
CUST_4748,Donald Jackson,329,Verified,False,2474.06,1,6,1,34.98,110,0,Low
CUST_4749,Monica Howe,3238,Verified,False,10500.71,1,6,1,161.95,110,0,Low
CUST_4750,Willie Flynn PhD,1483,Verified,False,2065.77,2,7,1,2002.89,110,0,Low
CUST_4751,Jonathan Perez,952,Verified,False,4220.84,1,3,1,335.45,110,0,Low
CUST_4752,April Horton,2006,Verified,False,2824.62,1,48,1,39.8,110,0,High (Network Risk)
CUST_4753,Nicole Hawkins,2017,Verified,False,2924.86,1,5,1,205.79,110,0,Low
CUST_4754,Patrick Hooper,3172,Verified,False,2567.12,1,10,1,362.78,110,0,Low
CUST_4755,Mary Lee,2669,Verified,False,1057.67,1,7,1,19.31,110,0,Low
CUST_4756,Cynthia Williams,1879,Verified,False,5141.72,1,12,2,101.23,4,0,Low
CUST_4757,Ronald Gonzalez,1197,Verified,False,5620.2,1,5,1,113.19,110,0,Low
CUST_4758,Antonio Cole,1773,Verified,False,1665.72,1,8,1,2194.07,110,0,Low
CUST_4759,Amanda Swanson,162,Verified,False,1915.46,1,3,1,171.45,110,1,Low
CUST_4760,Holly Sherman,1752,Verified,False,7427.85,2,19,2,1800.09,110,0,Low
CUST_4761,Sandy Reynolds,776,Verified,False,2289.78,1,12,5,48.32,110,0,High (Network Risk)
CUST_4762,Sandra Moore,3335,Verified,False,3270.17,1,2,1,337.55,110,0,Low
CUST_4763,Christopher Johnson,1828,Verified,False,1234.48,1,7,1,18.54,110,0,Low
CUST_4764,Ryan Fisher,2322,Verified,False,2797.63,2,2,1,373.68,110,0,Low
CUST_4765,Christopher Jones,3075,Verified,False,1241.18,2,3,1,83.07,110,1,Low
CUST_4766,Jeffrey Lyons,1052,Verified,False,1627.86,2,15,1,91.18,110,0,Low
CUST_4767,Miguel Reeves,2374,Pending,False,1388.28,1,1,2,432.34,110,0,Low
CUST_4768,Kiara Santana,940,Verified,False,7067.65,1,17,1,502.8,110,0,Low
CUST_4769,Tonya Richards,3221,Verified,False,788.72,2,10,1,234.5,110,1,Low
CUST_4770,Jesse Poole,540,Verified,False,3892.01,1,6,1,2234.02,110,0,Low
CUST_4771,Mary Lewis,2536,Verified,False,2384.81,1,14,1,164.49,110,0,Low
CUST_4772,Christopher Copeland,822,Verified,False,12043.28,2,64,1,242.42,110,0,High (Network Risk)
CUST_4773,Ethan Obrien,1462,Pending,False,6499.43,1,2,1,220.73,110,0,Low
CUST_4774,Rebecca Houston,1089,Verified,False,862.67,1,28,20,424.95,110,0,High (Network Risk)
CUST_4775,Edward Barton,356,Verified,False,1701.86,2,16,1,153.89,110,1,Low
CUST_4776,Brandon Perkins,3605,Verified,False,2939.77,1,4,2,32.0,110,0,Low
CUST_4777,Beth Brown,3324,Verified,False,1701.51,1,11,5,261.93,110,1,High (Network Risk)
CUST_4778,Kim Vincent,235,Verified,False,7392.89,1,3,1,14.83,110,5,Low
CUST_4779,Jennifer Banks,2275,Verified,False,3533.14,1,4,1,536.68,110,0,Low
CUST_4780,Ruth Brown,1549,Verified,False,2456.9,1,1,2,861.43,110,0,Low
CUST_4781,Shawn Lindsey,3385,Verified,False,7949.76,1,2,1,71.64,110,0,Low
CUST_4782,Anthony Garrison,2097,Verified,False,918.41,1,10,1,68.1,110,0,Low
CUST_4783,Angela Ryan,118,Verified,False,2285.84,1,10,1,7.94,110,1,Low
CUST_4784,Joseph Davis,2102,Verified,False,3819.98,1,10,2,136.89,110,0,Low
CUST_4785,Joshua Clayton,1674,Verified,False,2588.12,1,12,1,263.63,110,0,Low
CUST_4786,John Massey,2613,Verified,False,133.67,1,8,2,244.37,110,0,Low
CUST_4787,Richard Hale,1068,Pending,False,4184.0,1,12,20,222.25,110,5,High (Network Risk)
CUST_4788,Charles Ramos,2101,Verified,False,4928.19,1,17,1,99.84,110,0,Low
CUST_4789,Mark Miller,558,Verified,False,1082.96,1,8,1,581.94,110,0,Low
CUST_4790,Julia Maldonado,3597,Failed,False,335.97,2,5,1,34.84,4,1,Medium (Compliance)
CUST_4791,Gail Johnson MD,3174,Verified,False,1513.63,1,6,1,36.18,110,5,Low
CUST_4792,Maurice Johnson,1816,Verified,False,2432.12,1,3,1,19.61,110,0,Low
CUST_4793,Amanda Morris,2006,Verified,False,2669.03,2,14,1,55.42,110,0,Low
CUST_4794,Rhonda Willis,2916,Verified,False,416.92,1,2,5,26.65,110,0,High (Network Risk)
CUST_4795,Connor Benton,398,Verified,False,3652.69,1,6,1,4.79,110,0,Low
CUST_4796,Richard Ryan,3210,Verified,False,8340.49,2,11,5,50.25,110,0,High (Network Risk)
CUST_4797,Richard Goodman,675,Verified,False,7760.54,1,3,1,501.44,110,1,Low
CUST_4798,Michelle Mcneil,387,Verified,False,10115.69,3,2,2,229.2,110,0,Low
CUST_4799,Michael Norton,2159,Verified,False,886.27,2,1,1,381.24,110,0,Low
CUST_4800,Donna Carter,2662,Pending,False,7180.05,1,5,2,327.67,110,0,Low
CUST_4801,Joshua Hernandez,2065,Verified,False,1171.66,2,2,1,91.41,110,0,Low
CUST_4802,Kimberly Mitchell,3254,Verified,False,6563.24,2,14,1,105.34,110,0,Low
CUST_4803,Patricia Hernandez,884,Verified,False,1426.03,2,2,1,50.56,110,0,Low
CUST_4804,Donna Howell,3608,Verified,False,4238.75,2,11,1,215.21,110,0,Low
CUST_4805,James Williams,541,Verified,False,13838.18,2,2,1,10807.03,110,0,Low
CUST_4806,Alexander Greene,171,Verified,False,7577.48,1,2,2,21.0,4,0,Low
CUST_4807,Dean Sanchez,2457,Verified,False,1185.27,1,2,1,662.93,110,0,Low
CUST_4808,Glenn Ward,740,Verified,False,954.43,1,17,1,66.72,110,5,Low
CUST_4809,Kendra Sullivan,1402,Verified,False,6479.12,1,2,1,1313.2,110,0,Low
CUST_4810,Cynthia Hernandez,3260,Verified,False,11153.05,3,18,2,257.75,110,0,Low
CUST_4811,Darren Morris,2906,Verified,False,4581.58,1,8,1,62.78,110,5,Low
CUST_4812,Holly Underwood,2278,Verified,False,1787.95,2,4,1,104.19,110,0,Low
CUST_4813,Jaime Williams,119,Verified,False,3108.42,1,3,1,434.84,110,0,Low
CUST_4814,Lori Brown,3228,Pending,False,4593.71,1,33,2,1871.81,110,1,High (Network Risk)
CUST_4815,Jason Chase,2832,Pending,False,2725.6,1,4,1,497.63,110,1,Low
CUST_4816,Lisa Buchanan,2513,Verified,False,1186.45,1,4,1,76.22,110,0,Low
CUST_4817,Marcus Fields,2152,Verified,False,8636.38,3,23,1,308.43,110,0,Low
CUST_4818,Tammy Lopez,2746,Verified,False,19502.27,1,27,1,1629.01,110,1,Low
CUST_4819,Derek Williams,1996,Verified,False,12413.69,1,6,1,298.12,110,0,Low
CUST_4820,James Davenport,3574,Verified,False,339.96,1,19,1,122.25,110,0,Low
CUST_4821,Justin Moreno,1706,Verified,False,9470.93,1,4,1,17.81,110,0,Low
CUST_4822,Mario Green,1723,Verified,False,5314.53,1,44,1,938.51,110,0,High (Network Risk)
CUST_4823,Cassandra Fry,2223,Verified,False,1544.91,1,2,1,122.28,110,0,Low
CUST_4824,Dr. Jose Gray DDS,2793,Verified,False,418.98,1,3,1,51.3,4,0,Low
CUST_4825,Amy Adams,1698,Verified,False,2660.75,1,21,1,445.36,110,0,Low
CUST_4826,Austin Horton,1445,Verified,False,4288.45,1,5,1,472.49,110,0,Low
CUST_4827,Elizabeth Jackson,3206,Verified,False,985.5,2,22,1,37.17,110,0,Low
CUST_4828,Maureen Cross,3463,Verified,False,10221.59,1,5,1,47.86,110,0,Low
CUST_4829,Christopher Sanchez,1760,Verified,False,9976.82,1,12,1,345.31,110,0,Low
CUST_4830,Mitchell Richardson,1525,Verified,False,4759.59,2,4,1,910.01,110,0,Low
CUST_4831,Kelsey Lewis,665,Verified,False,755.35,2,6,1,90.52,110,0,Low
CUST_4832,Richard Miller,33,Pending,False,2293.71,2,2,1,108.79,110,0,Low
CUST_4833,Samantha Carter,2103,Verified,False,6146.84,2,7,1,52.68,110,0,Low
CUST_4834,Mrs. Heather Christensen,2567,Verified,False,5754.52,1,3,2,941.52,110,0,Low
CUST_4835,Sharon Williams,2804,Verified,False,1481.74,1,38,2,397.45,110,0,High (Network Risk)
CUST_4836,Daryl Lowe,2060,Verified,False,1715.76,1,5,1,27.87,110,0,Low
CUST_4837,Michael Carter,1552,Pending,False,1444.02,2,2,1,1792.41,110,0,Low
CUST_4838,Susan Johnson,720,Verified,False,2246.46,1,12,1,26260.79,110,0,Low
CUST_4839,James Jenkins,2603,Verified,False,1832.27,1,2,1,9.98,110,0,Low
CUST_4840,Dylan Johnston,2421,Verified,False,1527.01,2,14,2,250.47,110,5,Low
CUST_4841,Kathy Hull,484,Verified,False,2597.7,1,4,1,14.59,110,0,Low
CUST_4842,Monica Richardson,973,Verified,False,3102.59,1,7,1,95.12,110,0,Low
CUST_4843,Kathryn White,3300,Verified,False,8840.09,1,6,1,16.44,110,0,Low
CUST_4844,Mrs. Valerie Owens,2671,Verified,False,502.06,1,6,2,1346.74,110,0,Low
CUST_4845,Amy Watts,307,Verified,False,10089.63,1,7,1,85.45,110,0,Low
CUST_4846,Michael Brown,457,Verified,False,1411.89,1,4,1,676.06,110,1,Low
CUST_4847,Cynthia Hendricks,2208,Verified,False,19158.6,2,3,1,192.17,110,0,Low
CUST_4848,Phillip Kelly,331,Verified,False,5844.15,2,7,1,1912.63,110,0,Low
CUST_4849,Deanna Edwards,2824,Verified,False,5153.02,1,5,1,24.16,110,0,Low
CUST_4850,Jennifer Walker,225,Verified,False,2686.48,2,2,1,5.53,110,0,Low
CUST_4851,Brian Davis,3031,Verified,False,23459.34,1,12,1,62.31,110,0,Low
CUST_4852,Kelsey Griffith,2777,Verified,False,2891.11,1,7,1,84.72,110,0,Low
CUST_4853,Kimberly Obrien,3576,Verified,False,13516.92,1,3,1,13.61,110,0,Low
CUST_4854,Kevin Mccoy,1480,Verified,False,1678.18,1,6,1,282.56,110,0,Low
CUST_4855,Daniel Sullivan,3117,Verified,False,6103.35,2,6,5,263.14,110,0,High (Network Risk)
CUST_4856,Darius Khan,3286,Verified,False,19894.15,3,3,1,1096.6,110,0,Low
CUST_4857,Miranda Huber,1083,Verified,False,1276.69,1,92,1,700.81,110,0,High (Network Risk)
CUST_4858,Lisa Wagner,644,Verified,False,4872.0,1,7,1,70.2,110,1,Low
CUST_4859,Erin Price,616,Verified,False,1470.89,1,6,1,26.16,110,0,Low
CUST_4860,Jonathan Russell,195,Verified,False,4580.95,1,51,1,11.34,4,1,High (Network Risk)
CUST_4861,Sharon Snow,489,Verified,False,19810.92,1,10,1,110.38,110,0,Low
CUST_4862,Cody Hoover,2205,Verified,False,1172.13,2,19,1,107.53,110,0,Low
CUST_4863,Alyssa Rodriguez PhD,2658,Verified,False,3484.25,2,7,1,264.49,110,0,Low
CUST_4864,Carl Harper,1250,Verified,False,1294.05,1,7,1,12.85,110,0,Low
CUST_4865,Dana Bennett,2460,Verified,False,2619.45,1,3,1,183.2,110,0,Low
CUST_4866,Michael Baker,3277,Verified,False,5548.19,3,12,1,327.47,4,0,Low
CUST_4867,William Wilson,1103,Verified,False,2212.4,2,32,1,56.13,110,0,High (Network Risk)
CUST_4868,Jennifer Smith,1148,Verified,False,14384.61,1,26,1,345.74,110,0,Low
CUST_4869,Cindy Richardson,2519,Pending,False,4833.58,1,2,1,103.45,110,0,Low
CUST_4870,Brandi Brown,1242,Failed,False,793.61,2,32,1,877.85,110,0,High (Network Risk)
CUST_4871,Benjamin Martinez,516,Verified,False,4104.32,1,3,1,1275.0,110,1,Low
CUST_4872,Patricia Mitchell,1626,Pending,False,12850.24,1,3,1,154.66,110,0,Low
CUST_4873,Courtney Sanders,1128,Verified,False,5127.71,1,3,1,538.84,110,1,Low
CUST_4874,Ryan Willis,393,Verified,False,3869.04,2,5,1,19.54,110,0,Low
CUST_4875,Jennifer Jackson,631,Verified,False,2213.8,1,1,5,72.79,110,1,High (Network Risk)
CUST_4876,Teresa Obrien,1848,Pending,False,2705.31,1,7,1,257.37,110,0,Low
CUST_4877,Angel Hayes,2656,Verified,False,3013.45,2,6,1,75.89,110,1,Low
CUST_4878,Jason Davis,980,Verified,False,258.28,2,7,1,97.88,110,0,Low
CUST_4879,Melissa Mathews,434,Verified,False,4739.55,2,4,2,34.42,110,0,Low
CUST_4880,Joseph Russell,3403,Verified,False,8076.37,1,2,1,1995.26,110,0,Low
CUST_4881,Sandra Mccoy,3215,Verified,False,1411.02,1,5,1,35.37,110,0,Low
CUST_4882,Gail Vasquez,2588,Verified,False,3761.16,1,19,2,471.94,4,0,Low
CUST_4883,Jeffrey Gibbs,278,Verified,False,4245.49,1,3,1,69.58,110,0,Low
CUST_4884,Michael Wilson,233,Verified,False,6702.91,2,3,1,376.89,110,0,Low
CUST_4885,Richard Smith,1553,Verified,False,3017.98,2,10,2,57.81,110,0,Low
CUST_4886,Corey Mooney,1595,Verified,False,5113.49,1,2,1,87.28,110,0,Low
CUST_4887,Christina Myers,1114,Verified,False,933.0,1,8,2,271.83,110,0,Low
CUST_4888,Anita Pitts,3564,Verified,False,1081.11,1,10,1,368.72,110,0,Low
CUST_4889,Christian Bryant,3271,Verified,False,4587.76,1,4,2,554.12,110,0,Low
CUST_4890,Patrick Garcia,2410,Verified,False,2369.43,1,4,1,154.92,110,0,Low
CUST_4891,Daniel Merritt,3513,Verified,False,613.57,1,2,1,744.09,110,0,Low
CUST_4892,Robert Hicks,26,Verified,False,4219.61,1,3,2,210.33,110,0,Low
CUST_4893,Kenneth Washington,3097,Verified,False,833.18,2,11,1,118.49,110,0,Low
CUST_4894,Jessica Hoffman,1418,Verified,False,44471.81,1,14,1,527.42,4,0,Low
CUST_4895,Lisa Riggs,2555,Verified,False,338.28,1,7,1,174.34,110,0,Low
CUST_4896,Donna Mccarty,3373,Verified,False,3142.2,2,4,1,212.09,110,0,Low
CUST_4897,Eric Spencer,3411,Verified,False,976.38,1,7,2,33.74,110,0,Low
CUST_4898,Victoria Deleon,2315,Verified,False,7449.25,1,3,1,56.62,110,5,Low
CUST_4899,David Roy,461,Verified,False,1992.44,1,8,1,273.53,110,1,Low
CUST_4900,Nancy Rice,2504,Verified,False,8207.74,2,13,1,39.48,110,0,Low
CUST_4901,Daniel Brewer,3432,Verified,False,6421.05,2,5,2,154.89,110,0,Low
CUST_4902,Becky Garcia,1092,Verified,False,1024.8,2,3,1,8.62,4,0,Low
CUST_4903,Michael Smith,1007,Verified,False,1440.39,1,5,1,2586.11,110,0,Low
CUST_4904,Katie Kaiser,2911,Verified,False,2112.19,2,17,2,408.08,4,0,Low
CUST_4905,Amy Roberts,3484,Verified,False,2786.3,2,68,1,75.64,110,0,High (Network Risk)
CUST_4906,Taylor Espinoza,1995,Verified,False,2449.27,1,12,1,1424.42,110,0,Low
CUST_4907,David Aguirre,491,Verified,False,6174.05,3,6,1,38.94,110,10,Low
CUST_4908,Kyle Armstrong,1073,Verified,False,3766.69,1,3,1,63.97,110,5,Low
CUST_4909,Jennifer Weber,2612,Verified,False,1615.42,2,3,1,317.76,110,0,Low
CUST_4910,Sheila Douglas,3174,Verified,False,1196.97,2,10,1,600.07,110,0,Low
CUST_4911,Maria Malone,216,Verified,False,1318.31,1,3,1,62.89,110,1,Low
CUST_4912,Megan Juarez,3510,Verified,False,4146.39,1,16,1,295.34,110,0,Low
CUST_4913,Ann Boyd,1724,Verified,False,2457.57,1,4,1,245.87,110,5,Low
CUST_4914,Richard Riley,1593,Verified,False,23868.49,2,23,1,142.93,110,0,Low
CUST_4915,Laura Thomas,2607,Verified,False,2980.23,1,5,1,65.76,110,0,Low
CUST_4916,Elizabeth Barton,159,Verified,False,3600.15,2,18,1,525.08,110,0,Low
CUST_4917,Laura Sparks,2537,Verified,False,492.24,1,12,1,7.22,110,1,Low
CUST_4918,Tiffany Zamora,686,Verified,False,782.07,2,14,1,182.85,110,0,Low
CUST_4919,Ryan Roman,3314,Verified,False,971.26,1,6,2,53.23,110,0,Low
CUST_4920,Richard Parsons,2842,Verified,False,1749.3,1,4,1,123.64,110,0,Low
CUST_4921,Justin Yu,1777,Pending,False,677.06,2,16,1,52.41,110,0,Low
CUST_4922,Marcus Johnson,2053,Verified,False,939.24,1,31,1,24.28,110,0,High (Network Risk)
CUST_4923,Brittney Bowman,1844,Verified,False,5796.08,1,3,1,56.37,110,1,Low
CUST_4924,Jason Snow,2409,Verified,False,1261.6,1,10,2,64.58,110,0,Low
CUST_4925,Carrie Lewis,2507,Verified,False,2861.17,1,10,1,104.88,110,0,Low
CUST_4926,Wendy Perez,2296,Verified,False,5389.14,1,8,1,145.8,110,5,Low
CUST_4927,Erika Bates,1590,Verified,False,7681.88,2,23,1,380.1,110,0,Low
CUST_4928,Marie Roach,1697,Pending,False,3993.9,2,3,1,1370.42,110,1,Low
CUST_4929,Mary Hoffman,2994,Verified,False,4241.79,1,17,1,164.29,110,0,Low
CUST_4930,Robert Mitchell,2470,Verified,False,7921.03,1,5,1,31.0,110,0,Low
CUST_4931,Gregory Russell,1947,Verified,False,4510.96,1,1,1,475.11,110,0,Low
CUST_4932,Vicki Barrera,2063,Verified,False,8395.28,2,2,1,220.86,110,0,Low
CUST_4933,Jessica Johnson,2784,Verified,False,349.54,1,7,1,33.24,110,0,Low
CUST_4934,Rachel Sullivan,3645,Verified,False,2741.66,1,19,1,166.21,110,1,Low
CUST_4935,Kimberly Thomas,1146,Verified,False,3151.67,1,17,1,409.12,110,1,Low
CUST_4936,Anna Pierce,2325,Verified,True,2649.47,1,8,1,41.76,110,0,Medium (Compliance)
CUST_4937,Haley Mccoy,1582,Verified,False,3371.79,2,2,1,63.66,110,0,Low
CUST_4938,Claire Hoffman,2501,Verified,False,1981.61,1,2,20,166.27,110,0,High (Network Risk)
CUST_4939,Annette Rivas,3462,Verified,False,6561.52,1,10,1,95.95,110,0,Low
CUST_4940,Pamela Aguirre,3366,Failed,False,1744.86,1,7,1,14.57,110,0,Medium (Compliance)
CUST_4941,George Bradshaw,3646,Verified,False,2397.68,3,16,1,5001.52,110,0,Low
CUST_4942,Ryan Waters,2646,Verified,False,12632.62,2,5,1,60.12,110,1,Low
CUST_4943,Chase Matthews,2494,Verified,False,10986.68,1,3,1,51.89,110,0,Low
CUST_4944,Sarah Nelson,2258,Verified,False,3489.92,1,5,1,84.23,110,0,Low
CUST_4945,Sarah Wall,2762,Pending,False,1576.74,2,7,1,125.49,110,0,Low
CUST_4946,Paul Smith,2350,Verified,False,581.57,1,1,1,236.49,110,1,Low
CUST_4947,Kayla Burke,1933,Verified,False,2614.03,10,10,1,29.37,110,0,Low
CUST_4948,Jean Murillo,3295,Verified,False,4955.13,1,8,2,962.61,110,0,Low
CUST_4949,William Hughes,1758,Verified,False,1449.3,1,15,1,17.27,110,0,Low
CUST_4950,Brad Lee,2051,Verified,False,2998.68,2,13,1,74.8,110,0,Low
CUST_4951,Samantha Morrow,990,Verified,False,2103.93,1,17,1,459.56,110,0,Low
CUST_4952,Tony Brooks,1542,Verified,False,532.62,10,28,1,418.9,110,0,Low
CUST_4953,Matthew Miller,1117,Pending,False,3351.51,2,8,1,2.24,110,0,Low
CUST_4954,Angel Rojas,2568,Verified,False,4605.88,1,1,1,133.23,110,0,Low
CUST_4955,Jason Thompson,3500,Verified,False,3496.16,2,14,1,158.39,110,0,Low
CUST_4956,Christina Aguilar,493,Verified,False,14950.47,2,19,1,207.75,110,1,Low
CUST_4957,Jason Thomas,3307,Verified,False,2160.58,1,6,1,59.08,110,0,Low
CUST_4958,Connie Ramirez,620,Verified,False,1995.57,1,1,5,99.96,110,0,High (Network Risk)
CUST_4959,Jon Ramos,3233,Pending,False,26015.82,1,16,1,317.73,110,0,Low
CUST_4960,Christopher Klein,2379,Verified,False,855.13,1,7,1,448.49,110,0,Low
CUST_4961,Charles Powell,2381,Failed,False,1603.88,2,2,1,16.99,110,0,Medium (Compliance)
CUST_4962,Megan Carlson,2098,Verified,False,4276.9,1,5,1,294.39,110,0,Low
CUST_4963,Justin Davis,1547,Verified,False,9184.49,1,7,1,247.86,110,0,Low
CUST_4964,Molly Mckenzie,863,Verified,False,7591.89,2,5,2,521.09,110,0,Low
CUST_4965,Tammy Hendrix,1692,Verified,False,1053.76,1,4,1,40.1,110,0,Low
CUST_4966,Tara Jones,3564,Verified,False,15178.65,1,15,1,285.39,110,0,Low
CUST_4967,Alison Zuniga,1606,Verified,False,4741.27,2,21,1,8.91,110,0,Low
CUST_4968,Deborah Waller,2320,Verified,False,1313.74,1,34,1,84.59,110,0,High (Network Risk)
CUST_4969,Jesse Davis,580,Verified,False,1429.1,1,3,1,90.83,110,5,Low
CUST_4970,Timothy Howard,1891,Pending,False,3202.05,1,20,1,166.97,110,0,Low
CUST_4971,Christina Moon,1276,Verified,False,25650.64,2,8,1,439.9,110,0,Low
CUST_4972,John Ho,2608,Verified,False,3686.56,1,9,1,28.71,110,0,Low
CUST_4973,Daniel Ferrell,2744,Verified,False,25416.69,1,19,1,898.69,4,0,Low
CUST_4974,Megan Miller,1856,Verified,False,7173.06,1,7,1,4.38,110,0,Low
CUST_4975,James Robinson,3162,Verified,False,843.62,2,6,1,11.79,110,0,Low
CUST_4976,Roger Petty,2494,Pending,False,12179.51,1,4,1,608.49,110,1,Low
CUST_4977,John Payne,3065,Verified,False,1159.62,2,2,1,173.45,110,0,Low
CUST_4978,Jamie Lee,1356,Verified,False,1611.45,1,4,1,1919.88,110,0,Low
CUST_4979,Steven Gardner,1163,Verified,True,3927.48,1,8,2,468.23,110,0,Medium (Compliance)
CUST_4980,Kevin Barber,357,Verified,False,2897.39,2,7,2,151.19,110,0,Low
CUST_4981,Kenneth Williams,1625,Verified,False,7283.85,1,5,1,70.94,110,0,Low
CUST_4982,Elizabeth Williams,2322,Verified,False,4923.24,1,5,1,57.91,110,0,Low
CUST_4983,Jessica Mitchell,3091,Verified,False,2649.36,1,17,1,257.42,110,0,Low
CUST_4984,Jesse Fleming,2007,Verified,False,16300.09,1,8,1,62.03,110,0,Low
CUST_4985,Jennifer Ferguson,2359,Verified,False,1854.67,1,3,1,215.77,110,0,Low
CUST_4986,Susan Figueroa,870,Verified,False,1096.61,3,7,1,53.86,110,0,Low
CUST_4987,Mr. Thomas Jones PhD,886,Verified,False,4737.66,2,12,5,201.09,110,0,High (Network Risk)
CUST_4988,Sherry Shannon,2002,Pending,False,2927.24,1,15,1,1494.08,110,0,Low
CUST_4989,Samantha Garcia,2202,Verified,False,3809.97,2,11,1,340.95,110,0,Low
CUST_4990,Joseph Beltran,1414,Pending,False,6236.42,1,14,2,73.49,110,0,Low
CUST_4991,Joshua Navarro,1284,Verified,False,2477.26,1,11,1,251.17,110,0,Low
CUST_4992,Nicholas Obrien II,620,Verified,False,19122.27,1,1,1,224.7,110,0,Low
CUST_4993,Ronald Baxter,883,Verified,False,3885.42,1,6,2,202.36,110,0,Low
CUST_4994,Sherri Charles,797,Verified,False,1899.99,1,6,1,264.01,110,0,Low
CUST_4995,Michael Flores,3643,Verified,False,5375.35,2,37,1,578.85,110,0,High (Network Risk)
CUST_4996,Darryl Christensen,2173,Verified,False,2736.73,2,13,1,744.08,110,0,Low
CUST_4997,Allison Floyd,3426,Verified,False,3338.57,2,5,1,148.9,110,0,Low
CUST_4998,Michelle Patterson,1297,Verified,False,986.21,1,3,1,18.78,110,5,Low
CUST_4999,Wendy Chavez,619,Verified,False,1104.56,1,5,1,168.55,110,0,Low
