step,type,amount,customer_id,oldbalanceOrg,newbalanceOrig,nameDest,oldbalanceDest,newbalanceDest,isFraud,isFlaggedFraud
72,CASH_IN,149.7148368108955,C1573,79.13617430217238,0.0,M1573,7963.850822793292,8113.565659604187,0,0
61,PAYMENT,16.77582566986071,C4935,1972.162932818337,1955.387107148476,M4935,38.36968495356048,55.14551062342119,0,0
23,TRANSFER,156.35578400148356,C2908,10144.220835316337,9987.865051314851,M2908,1128.6809604521218,1285.0367444536053,0,0
18,CASH_OUT,169.76360413723305,C315,621.6676034193359,451.90399928210286,M315,24592.826012532038,24762.589616669266,0,0
32,TRANSFER,50.19201483035646,C4976,416.3750933349813,366.18307850462486,M4976,1155.0406347420328,1205.2326495723892,0,0
57,PAYMENT,1093.972118234699,C5082,3157.029144663524,2063.0570264288244,M5082,4193.733207836943,5287.705326071642,1,0
40,CASH_IN,65.45310940953387,C3961,796.0690236330274,730.6159142234935,M3961,2195.874160851973,2261.327270261507,0,0
81,CASH_IN,548.5825683608945,C1890,43833.90338567246,43285.32081731157,M1890,813.8180313768651,1362.4005997377594,0,0
3,TRANSFER,144.00173496202106,C1932,4935.874754917824,4791.873019955803,M1932,10384.111856250824,10528.113591212848,0,0
88,CASH_OUT,41.82994492974958,C3746,1284.0768338297046,1242.246888899955,M3746,48586.63795819659,48628.46790312634,0,0
32,TRANSFER,1108.792601304798,C2646,9827.0726971342,8718.280095829401,M2646,3499.3762668962336,4608.168868201032,0,0
38,PAYMENT,1758.442973687075,C5290,13265.69405887998,11507.251085192904,M5290,35075.52737185496,36833.97034554203,1,0
58,CASH_OUT,262.57039670909245,C2927,4099.267787385891,3836.6973906767994,M2927,357.5661392377846,620.1365359468771,0,0
62,CASH_IN,71.97852581717001,C4297,140266.20378891483,140194.22526309767,M4297,3327.357712419009,3399.3362382361797,0,0
8,TRANSFER,138.80891172183567,C1541,20660.75205138959,20521.943139667757,M1541,13965.21307188828,14104.021983610117,0,0
93,PAYMENT,356.5723963431324,C1679,1224.2341776085198,867.6617812653874,M1679,12930.389009972392,13286.961406315524,0,0
58,CASH_OUT,315.1585856016795,C1865,10334.30797497048,10019.149389368802,M1865,3610.767945290013,3925.926530891692,0,0
29,CASH_IN,761.0633961768439,C1718,2529.995796248289,1768.9324000714455,M1718,31387.0205492116,32148.08394538844,0,0
67,DEBIT,336.0372328702359,C496,2219.038781112405,1883.001548242169,M496,10696.6191740577,11032.656406927936,0,0
51,TRANSFER,314.2955699238792,C1149,52.573728057160615,0.0,M1149,7093.200557119637,7407.496127043516,0,0
26,PAYMENT,189.30261523047804,C999,142.66020928160992,0.0,M999,16680.326422075774,16869.62903730625,0,0
38,DEBIT,31.19413124107504,C3509,995.32642185581,964.1322906147348,M3509,17659.21081859957,17690.404949840646,0,0
31,CASH_IN,22.46147950052863,C2087,54143.54148135643,54121.0800018559,M2087,608.6595013455357,631.1209808460643,0,0
59,CASH_IN,640.6434116967862,C3294,2035.2802172978136,1394.6368056010274,M3294,1076.1933074159476,1716.8367191127338,0,0
70,CASH_OUT,163.00352779386657,C3176,9194.478811909286,9031.47528411542,M3176,1672.355990382655,1835.3595181765213,0,0
61,DEBIT,204.59645506754308,C4880,54185.42833910069,53980.83188403315,M4880,24961.079724226885,25165.676179294427,0,0
33,TRANSFER,86.45637742745879,C3355,284.0148513376016,197.5584739101428,M3355,1464.7214985025296,1551.1778759299884,0,0
98,DEBIT,533.4018863632417,C5131,18457.44195258687,17924.040066223628,M5131,301.45647953624405,834.8583658994858,1,0
37,CASH_OUT,993.3623124240166,C1659,113.57617023832827,0.0,M1659,5173.563612327462,6166.925924751478,0,0
22,TRANSFER,1274.817349034127,C5525,4567.402104789821,3292.5847557556945,M5525,15.161431922652955,1289.9787809567797,1,0
12,CASH_IN,27.84043498808174,C2047,3179.8987054438744,3152.058270455793,M2047,974.9933565137492,1002.8337915018308,0,0
7,PAYMENT,871.4762735582577,C5042,620.0491197170118,0.0,M5042,331086.9321179016,331958.4083914599,1,0
23,DEBIT,222.93145544478944,C633,3508.4234513730967,3285.491995928307,M633,335.9019082100815,558.8333636548709,0,0
84,PAYMENT,1256.9035955699676,C2034,2257.86505826129,1000.9614626913224,M2034,4779.093019278286,6035.996614848254,0,0
60,CASH_OUT,132.69487028580892,C1220,938.0025558514182,805.3076855656093,M1220,1419.8725332518245,1552.5674035376337,0,0
82,CASH_IN,1084.4194831047157,C1270,2338.727896093392,1254.3084129886768,M1270,18489.935816001307,19574.355299106024,0,0
74,TRANSFER,843.1867736592031,C4915,3798.4791853467527,2955.2924116875497,M4915,767.2262739732304,1610.4130476324335,0,0
46,TRANSFER,36.793975510707526,C1373,95579.63820213552,95542.8442266248,M1373,928.3611198038756,965.1550953145831,0,0
65,TRANSFER,9.632303686911444,C781,8562.130831179722,8552.498527492811,M781,42.47170970496156,52.10401339187301,0,0
4,DEBIT,31.56699801582529,C3868,12885.137109400575,12853.570111384752,M3868,438.9412874602528,470.508285476078,0,0
66,CASH_OUT,2700.253484439674,C850,1668.7629213185646,0.0,M850,74810.95321824178,77511.20670268145,0,0
56,DEBIT,376.0642933731024,C1891,1409.2226982702532,1033.1584048971508,M1891,36.661923610568806,412.7262169836712,0,0
49,CASH_OUT,170.48948392206745,C5040,1333.0626344302614,1162.573150508194,M5040,14533.19555880316,14703.685042725228,1,0
94,CASH_OUT,97.09519039377795,C5184,1846.6704098699524,1749.5752194761744,M5184,168.25747332256876,265.35266371634674,1,0
53,TRANSFER,399.0966237381454,C14,107.2893570547094,0.0,M14,2266.3846351125926,2665.481258850738,0,0
55,TRANSFER,502.0366613853506,C3849,1044.5376846719637,542.5010232866128,M3849,2119.4718285764666,2621.5084899618173,0,0
94,DEBIT,293.31427833601526,C3052,320.2946262351095,26.980347899094227,M3052,27325.10549517595,27618.419773511967,0,0
46,CASH_IN,4530.9416357690925,C768,1017.131011238095,0.0,M768,168.5284416058346,4699.470077374927,0,0
45,CASH_OUT,38.80704714964248,C711,1137.36319733688,1098.556150187237,M711,570.4144666655759,609.2215138152184,0,0
30,PAYMENT,658.2193681251267,C3441,834.3154650490999,176.09609692397316,M3441,301722.9368448599,302381.15621298505,0,0
10,PAYMENT,28.171541074399475,C4755,515.50385020372,487.33230912932055,M4755,552.9687543691081,581.1402954435075,0,0
90,PAYMENT,18402.48602988584,C475,3077.2305023148056,0.0,M475,3334.7893489112894,21737.275378797127,0,0
10,TRANSFER,391.77572230753015,C877,4533.180297141062,4141.404574833531,M877,61696.62335239708,62088.39907470461,0,0
72,CASH_OUT,182.85517820374545,C3369,5305.19048366406,5122.335305460314,M3369,4728.407600522145,4911.262778725891,0,0
25,PAYMENT,32.68390568719089,C4933,7630.264275938334,7597.580370251143,M4933,216.40418043643928,249.08808612363012,0,0
53,DEBIT,0.989448599037573,C1463,400.92309314886273,399.9336445498252,M1463,6043.355172963063,6044.3446215621,0,0
32,TRANSFER,71.1720269715631,C1881,19.284526745461147,0.0,M1881,705.8007256355546,776.9727526071177,0,0
27,DEBIT,102.29426786142815,C5426,20136.347089639617,20034.05282177819,M5426,25814.86893313065,25917.16320099208,1,0
51,CASH_OUT,36.175393478362366,C3189,2316.7315675556724,2280.55617407731,M3189,1159.7330052022355,1195.908398680598,0,0
19,PAYMENT,1950.271192094795,C3407,260.6740855056519,0.0,M3407,254.49294607343384,2204.764138168229,0,0
77,CASH_OUT,39.022957985041984,C4856,2251.691672698474,2212.668714713432,M4856,1052.605829597343,1091.628787582385,0,0
4,PAYMENT,2.196817060310125,C876,3584.066127477959,3581.869310417649,M876,498.2149054118059,500.411722472116,0,0
8,PAYMENT,411.7778311726818,C3915,21354.283079225825,20942.50524805314,M3915,26494.548722315703,26906.326553488387,0,0
1,CASH_IN,386.7106937933154,C2760,91.42612146702984,0.0,M2760,529.2477486721234,915.9584424654388,0,0
44,CASH_OUT,8545.420695000119,C5149,23972.808067241676,15427.387372241554,M5149,17203.509803224675,25748.930498224792,1,0
1,TRANSFER,103.55331453859012,C190,173686.9739981812,173583.42068364262,M190,901.4576708334222,1005.0109853720124,0,0
39,CASH_OUT,42.31705404165567,C4677,458.66599006871104,416.34893602705534,M4677,6704.54838352722,6746.865437568876,0,0
57,DEBIT,184.6890657708884,C4697,724.6032226682584,539.91415689737,M4697,990.940327485442,1175.6293932563306,0,0
76,TRANSFER,2545.215770875333,C1451,954.8493513228497,0.0,M1451,70.40499485781346,2615.6207657331465,0,0
42,DEBIT,338.1414202143127,C3790,299.4633767178339,0.0,M3790,2389.526799080977,2727.66821929529,0,0
89,CASH_OUT,81.26104581918416,C2430,3552.288414534381,3471.0273687151966,M2430,381.4405257706658,462.70157158985,0,0
26,CASH_OUT,9915.527031451378,C5039,1008.1851053123836,0.0,M5039,8580.43975304181,18495.96678449319,1,0
62,DEBIT,187.05031256685805,C5419,427.92699013216384,240.87667756530576,M5419,6241.9673299833785,6429.017642550237,1,0
2,PAYMENT,58.9929506300427,C5194,7740.423316715344,7681.430366085302,M5194,38801.70370709778,38860.69665772782,1,0
84,CASH_IN,1328.608146581339,C1296,51341.4568331133,50012.84868653196,M1296,417.5886788643697,1746.1968254457088,0,0
95,CASH_OUT,437.85895652685815,C561,37540.234810616,37102.37585408914,M561,24184.00406452355,24621.86302105041,0,0
40,TRANSFER,338.3107108256168,C1460,154577.08913592066,154238.77842509505,M1460,714.8155750326041,1053.1262858582209,0,0
91,CASH_IN,1377.7135740001418,C3824,9.74754301288022,0.0,M3824,1372.7603428011446,2750.4739168012866,0,0
86,CASH_IN,705.54185887506,C3159,97.22566205353372,0.0,M3159,181.96888424557693,887.510743120637,0,0
20,PAYMENT,220.9615647322904,C2970,10974.256026647883,10753.294461915595,M2970,3615.306979571956,3836.268544304246,0,0
57,PAYMENT,14.329496999339668,C1259,13124.153542544138,13109.824045544798,M1259,53219.32852429239,53233.658021291725,0,0
12,DEBIT,1116.7409787002211,C628,3534.802560141416,2418.061581441195,M628,668.0499900645289,1784.79096876475,0,0
90,CASH_IN,524.2933452221276,C146,194.27963463773105,0.0,M146,725.3466236890537,1249.6399689111813,0,0
68,CASH_OUT,28.5003418579902,C4678,23547.43815446736,23518.937812609365,M4678,5605.7321559648,5634.23249782279,0,0
20,CASH_IN,23.6197760794864,C264,2676.0005025933074,2652.380726513821,M264,21076.28101246975,21099.90078854924,0,0
3,CASH_IN,1025.7631614289426,C1066,56325.9394147504,55300.17625332146,M1066,408.85247279976784,1434.6156342287104,0,0
67,CASH_IN,2102.425655948156,C1716,516.6774998789828,0.0,M1716,37071.50046113413,39173.92611708229,0,0
17,TRANSFER,12.479324743052926,C1837,3569.341512586873,3556.86218784382,M1837,32643.125642160216,32655.60496690327,0,0
93,DEBIT,956.0322772931914,C4386,10194.375381834288,9238.343104541096,M4386,3909.662987373445,4865.695264666637,0,0
51,CASH_IN,75.01560743323019,C4863,11228.128656557725,11153.113049124491,M4863,7136.613833941351,7211.629441374581,0,0
64,CASH_OUT,1349.2170861576533,C1966,292.9297512996669,0.0,M1966,35216.98678964569,36566.20387580335,0,0
73,CASH_IN,79.63728359703465,C5060,129.00895437999603,49.371670782961374,M5060,907.349002704047,986.9862863010816,1,0
81,PAYMENT,146.15539045161498,C5192,437.66463990089113,291.5092494492761,M5192,1141.4963796624631,1287.651770114078,1,0
39,DEBIT,12.838411484595246,C640,19555.089352796087,19542.250941311493,M640,1934.6504679728116,1947.4888794574067,0,0
15,TRANSFER,10.612500513979764,C5533,902.0669507970124,891.4544502830328,M5533,192.1794363686168,202.79193688259653,1,0
25,TRANSFER,69.14460348436019,C2051,5365.169736814858,5296.025133330498,M2051,1687.76009797627,1756.90470146063,0,0
26,DEBIT,457.9495782145903,C1555,9025.27993551646,8567.33035730187,M1555,60.02523296816696,517.9748111827572,0,0
18,DEBIT,163.19552286894913,C1740,29179.75536523879,29016.559842369843,M1740,51425.3623936046,51588.557916473546,0,0
90,CASH_OUT,68.19568671260667,C5392,141.88566116345388,73.6899744508472,M5392,16241.467521242488,16309.663207955096,1,0
52,CASH_IN,36.37387094315272,C5463,6537.738744594168,6501.364873651015,M5463,2247.300224166955,2283.674095110108,1,0
84,PAYMENT,2769.017676279392,C58,59.09322899661134,0.0,M58,3288.1297844780133,6057.1474607574055,0,0
67,PAYMENT,56.25819499662362,C4919,11040.453006569378,10984.194811572754,M4919,7034.956842940238,7091.215037936861,0,0
43,TRANSFER,6.580439968550986,C1221,1081.9410359928354,1075.3605960242844,M1221,726.0767232233839,732.6571631919348,0,0
82,TRANSFER,214.14108896092424,C1550,4351.073378934145,4136.932289973221,M1550,1207.1925338784558,1421.33362283938,0,0
84,CASH_IN,233.0772970347102,C5337,9787.6110353799,9554.533738345192,M5337,22473.75960339118,22706.83690042589,1,0
38,DEBIT,1304.8853163001993,C5205,2088.861438402745,783.9761221025458,M5205,6063.462841120911,7368.34815742111,1,0
49,DEBIT,101.1200507599616,C4947,10375.652503934483,10274.53245317452,M4947,719.7300955162738,820.8501462762354,0,0
53,CASH_OUT,5005.208236094375,C56,5310.914422856184,305.70618676180857,M56,2025.516478442121,7030.724714536496,0,0
94,CASH_OUT,4547.265267317818,C842,707.3696470027908,0.0,M842,2054.2838844305725,6601.549151748391,0,0
29,DEBIT,164.49596305354467,C2896,547.6070126584199,383.1110496048752,M2896,1111.4068561432762,1275.902819196821,0,0
23,TRANSFER,125.24306974554509,C3397,1307.2917768820355,1182.0487071364903,M3397,264.2809378463895,389.5240075919346,0,0
63,CASH_IN,563.9085246271806,C3379,912.036550758922,348.12802613174154,M3379,271.009348360649,834.9178729878296,0,0
57,TRANSFER,14.545422483798363,C4494,5891.272675611906,5876.727253128108,M4494,8197.933271162514,8212.478693646312,0,0
63,TRANSFER,153.03942617852394,C1263,4530.313079682827,4377.273653504303,M1263,458.6493908834504,611.6888170619743,0,0
33,PAYMENT,786.8960036670951,C4987,22158.956132515286,21372.060128848192,M4987,807.2308724534886,1594.1268761205838,0,0
61,CASH_IN,161.62903030193445,C941,13044.774817247191,12883.14578694526,M941,2541.608449798934,2703.2374801008687,0,0
87,CASH_IN,12.241711539370757,C1346,3266.9884289646857,3254.7467174253147,M1346,338.13995609064017,350.3816676300109,0,0
99,TRANSFER,503.01933167930827,C1874,15798.705613429793,15295.686281750484,M1874,1616.5487774453238,2119.568109124632,0,0
48,PAYMENT,4.384476115059759,C5425,90482.99265784392,90478.60818172888,M5425,281.4557746524653,285.8402507675251,1,0
55,TRANSFER,8535.029842182286,C1534,3044.692109735987,0.0,M1534,4924.473957105326,13459.503799287611,0,0
33,DEBIT,6.043443959806081,C1974,13540.649043119987,13534.60559916018,M1974,384849.1918543862,384855.235298346,0,0
79,CASH_IN,21.93325262284745,C1726,572.5356455050512,550.6023928822037,M1726,107.2031109915751,129.13636361442255,0,0
96,TRANSFER,1586.9576389423464,C3847,6270.614521884639,4683.656882942292,M3847,25866.253991828275,27453.21163077062,0,0
59,PAYMENT,364.116348919733,C5357,10637.527191236182,10273.410842316449,M5357,4254.482993748175,4618.599342667908,1,0
23,PAYMENT,2465.842429557266,C809,1204.92790475095,0.0,M809,5480.354396388201,7946.196825945467,0,0
10,TRANSFER,216.52109083879347,C2719,5574.515494729705,5357.994403890912,M2719,183.5597732570114,400.0808640958049,0,0
39,PAYMENT,308.930116344943,C3982,312001.7617358004,311692.8316194554,M3982,8907.290233102609,9216.220349447553,0,0
27,PAYMENT,36.91809273609304,C2904,310.8055521661971,273.88745943010406,M2904,2998.57896510792,3035.497057844013,0,0
35,DEBIT,28.03726137901592,C3766,781.9725433335727,753.9352819545568,M3766,2252.0292161902453,2280.066477569261,0,0
38,TRANSFER,762.827649848918,C2559,2372.8444709494147,1610.0168211004966,M2559,5475.788545608517,6238.6161954574345,0,0
33,PAYMENT,149.9737139920843,C4604,19147.77859187292,18997.80487788084,M4604,3155.531903966095,3305.5056179581798,0,0
21,PAYMENT,283.8034558582135,C2874,8006.963355246472,7723.159899388258,M2874,547.4030590361542,831.2065148943677,0,0
78,DEBIT,19.196923431608244,C817,3224.46375556816,3205.266832136552,M817,1881.4423568704815,1900.63928030209,0,0
30,DEBIT,24.35883903091949,C3745,6267.303836083993,6242.944997053073,M3745,3070.396187831552,3094.755026862472,0,0
32,CASH_OUT,2.7308794850963607,C4796,39800.16558641236,39797.43470692726,M4796,1950.8346838468408,1953.5655633319377,0,0
96,CASH_OUT,251.0386654635139,C783,24915.52281397847,24664.484148514955,M783,4039.180139403553,4290.218804867067,0,0
39,CASH_OUT,99.61739186797335,C1876,2878.6920511545577,2779.0746592865844,M1876,135.25546923173417,234.8728610997075,0,0
54,CASH_IN,148.06593001097335,C449,215.32418026437287,67.2582502533995,M449,627.6225477650014,775.6884777759748,0,0
66,CASH_IN,921.6138452318368,C2945,653.5121536326733,0.0,M2945,14878.31545965188,15799.929304883715,0,0
44,DEBIT,9.262511501362816,C5511,17117.978439932966,17108.715928431604,M5511,59658.76974326645,59668.032254767815,1,0
34,DEBIT,60.62057366247181,C2361,885.3506671336603,824.7300934711885,M2361,4090.4057301018033,4151.026303764275,0,0
47,DEBIT,0.3723949904516789,C726,10718.4675196483,10718.095124657846,M726,1242.4339723703597,1242.8063673608112,0,0
40,CASH_IN,1413.4111026765322,C3595,14206.785886231375,12793.374783554846,M3595,1568.370434100112,2981.7815367766443,0,0
98,CASH_OUT,0.1771795170669751,C4477,219515.80557690415,219515.6283973871,M4477,39997.71501552691,39997.892195043976,0,0
15,CASH_IN,62.04418197042082,C103,4311.404036612187,4249.359854641766,M103,89741.30858356383,89803.35276553425,0,0
4,PAYMENT,233.3025173220656,C4896,39539.91438258748,39306.61186526541,M4896,73620.39045181511,73853.69296913718,0,0
82,CASH_IN,167.79018209470672,C3393,4703.336636172191,4535.546454077485,M3393,477.1682879195005,644.9584700142073,0,0
23,PAYMENT,132.6179678537377,C2564,961.2251556699312,828.6071878161935,M2564,336.4775442177387,469.0955120714764,0,0
89,DEBIT,56.220482253667214,C2136,2000.2302483428232,1944.009766089156,M2136,13.031647285801174,69.25212953946838,0,0
38,CASH_IN,1.8764512432378224,C707,22048.354957307463,22046.478506064224,M707,3599.211802735576,3601.0882539788136,0,0
13,PAYMENT,1164.462817825014,C4388,301.2442370814159,0.0,M4388,30307.114134599597,31471.57695242461,0,0
20,DEBIT,1564.062665329934,C2986,15753.313497587204,14189.250832257268,M2986,479.7842362297331,2043.8469015596672,0,0
70,TRANSFER,310.4626050590457,C195,13564.587806062278,13254.125201003231,M195,706.8050587147098,1017.2676637737555,0,0
31,CASH_IN,52.04114383926684,C2278,17620.54326605322,17568.502122213955,M2278,1107.9109899695588,1159.9521338088257,0,0
33,CASH_OUT,449.340759923585,C323,17372.402397630038,16923.061637706454,M323,4310.74791963675,4760.088679560336,0,0
77,DEBIT,316.63312566959536,C5254,1551.0752540811209,1234.4421284115256,M5254,66316.50308874279,66633.13621441239,1,0
61,TRANSFER,548.6813510664896,C3602,38440.775794497895,37892.09444343141,M3602,1284.1668525778298,1832.8482036443197,0,0
18,PAYMENT,2.645398001070169,C648,365.2060304968814,362.5606324958112,M648,98184.68477817104,98187.33017617212,0,0
21,TRANSFER,58.4505800449364,C2716,432.211861266554,373.7612812216177,M2716,6758.112441663142,6816.563021708078,0,0
18,TRANSFER,797.9755206455741,C5199,1090.8167849670835,292.84126432150947,M5199,6072.545187850652,6870.520708496226,1,0
21,CASH_IN,7.876313581667274,C2406,7314.641349564538,7306.765035982871,M2406,15482.362650897809,15490.238964479477,0,0
44,PAYMENT,136.87440823786076,C2520,3193.0312590756007,3056.15685083774,M2520,528.4972596692172,665.371667907078,0,0
26,DEBIT,16.03472415530009,C498,4138.2083924496455,4122.173668294346,M498,1397.100383183482,1413.1351073387823,0,0
5,CASH_OUT,279.3556540503806,C840,83463.95040811041,83184.59475406003,M840,1662.5108855638218,1941.8665396142023,0,0
19,CASH_IN,453.455422320566,C5002,1476.873192735825,1023.4177704152588,M5002,1608.7507059533732,2062.206128273939,1,0
98,DEBIT,6.682942768892381,C2638,1752.0311866154134,1745.348243846521,M2638,199.6496271220396,206.33256989093195,0,0
79,DEBIT,672.891542990507,C2080,255.5054503134928,0.0,M2080,1075.2538168636186,1748.1453598541257,0,0
78,CASH_OUT,8.229844746616525,C3862,1926.3683748845665,1918.1385301379496,M3862,410.09518484762464,418.3250295942412,0,0
60,CASH_OUT,110.74731691172032,C2427,91247.92058190306,91137.17326499136,M2427,7285.596389835539,7396.34370674726,0,0
34,CASH_OUT,5.847287219354807,C4483,6716.348475338688,6710.501188119333,M4483,76.53844726042082,82.38573447977564,0,0
74,CASH_OUT,51.37912501680921,C1385,1273.709475396295,1222.3303503794857,M1385,1956.0958752569063,2007.4750002737155,0,0
5,TRANSFER,487.467204356091,C3930,13271.639742073205,12784.172537717111,M3930,358.8872889401172,846.3544932962081,0,0
44,DEBIT,55.55044022171627,C2062,1585.852537088553,1530.3020968668366,M2062,3893.330903877244,3948.88134409896,0,0
90,DEBIT,2.06501703325187,C1685,5300.407053455764,5298.342036422512,M1685,1972.3248492470937,1974.3898662803456,0,0
88,PAYMENT,62.55813848802381,C5227,1424.1890389962348,1361.630900508211,M5227,4436.73946133888,4499.297599826903,1,0
28,TRANSFER,31.46753253928271,C4809,6745.893723452186,6714.426190912904,M4809,166.68635904420327,198.153891583486,0,0
74,TRANSFER,39.27251571394772,C1205,6277.963264245918,6238.690748531971,M1205,3571.8678945078523,3611.1404102218,0,0
25,PAYMENT,865.2765284889341,C412,1304.5439976128728,439.26746912393867,M412,20074.66467522177,20939.94120371071,0,0
11,CASH_OUT,579.3689615366236,C5078,9460.042769961809,8880.673808425185,M5078,33522.62089579849,34101.98985733512,1,0
67,DEBIT,894.925530243569,C4967,12232.508591897707,11337.58306165414,M4967,1942.0652445869823,2836.990774830552,0,0
85,CASH_OUT,114.07684599480878,C816,8357.868687842736,8243.791841847928,M816,9164.874527175676,9278.951373170485,0,0
9,DEBIT,171.55659192634533,C403,2778.4527066322685,2606.896114705923,M403,11133.65287438811,11305.209466314454,0,0
17,PAYMENT,21.53231134242,C4801,2456.9459071587366,2435.4135958163165,M4801,302.7690021159676,324.30131345838754,0,0
20,CASH_OUT,45.332128155315694,C5378,3090.529586708947,3045.197458553632,M5378,1376.923316334006,1422.255444489322,1,0
52,PAYMENT,2150.2670601619648,C4270,17188.91366769285,15038.646607530884,M4270,4175.564818916991,6325.831879078955,0,0
79,PAYMENT,624.2185422435754,C2184,97.60000552833527,0.0,M2184,2347.0311489556934,2971.249691199269,0,0
17,CASH_OUT,6845.426998999943,C4249,10197.321466062069,3351.894467062124,M4249,6324.432774555741,13169.859773555683,0,0
15,CASH_IN,127.21774879806912,C4564,287.35362717823244,160.13587838016332,M4564,899.9548346630594,1027.1725834611284,0,0
71,CASH_OUT,6187.209979078411,C1281,10679.568883579548,4492.358904501137,M1281,22.359378215742296,6209.569357294154,0,0
90,CASH_OUT,16.98611098861487,C3328,20725.36898839232,20708.382877403707,M3328,237.5993642669484,254.58547525556327,0,0
6,DEBIT,859.2820825848423,C1035,3527.5072325467668,2668.225149961924,M1035,1113.1801732138238,1972.462255798666,0,0
69,CASH_IN,224.78101029483716,C1495,1711.7271364863857,1486.9461261915485,M1495,20808.549753861786,21033.330764156624,0,0
80,CASH_IN,59.54846059744207,C4966,1283.5447438760436,1223.9962832786016,M4966,544.3903463958944,603.9388069933365,0,0
53,TRANSFER,18.83766655820672,C2205,136.90098922118764,118.06332266298092,M2205,405780.4561989102,405799.2938654684,0,0
24,PAYMENT,1.5160960557447207,C593,2109.0114696678534,2107.495373612109,M593,531.5545956819939,533.0706917377386,0,0
47,TRANSFER,817.0403978322651,C1895,191.73255445512208,0.0,M1895,1520.1881031277926,2337.2285009600578,0,0
24,DEBIT,204.7423638737446,C1279,3045.13455097309,2840.3921870993454,M1279,2901.1824515950075,3105.924815468752,0,0
13,CASH_OUT,776.4924120929427,C466,1220.013400332556,443.5209882396134,M466,10372.650393328466,11149.142805421408,0,0
32,DEBIT,717.831503637015,C1995,1283.3123576527196,565.4808540157046,M1995,2494.146265273059,3211.977768910074,0,0
91,PAYMENT,120.53671465554577,C2421,30574.929262019752,30454.392547364205,M2421,1355.6785234579986,1476.2152381135445,0,0
58,DEBIT,24.29563049600901,C2111,53917.54122538033,53893.24559488432,M2111,14281.306104941874,14305.601735437884,0,0
43,CASH_OUT,117.87896933107648,C556,9055.213475871176,8937.334506540099,M556,179.81653774971076,297.69550708078725,0,0
18,CASH_OUT,168.98763966744062,C1644,5329.795915756927,5160.808276089486,M1644,3759.004726553895,3927.992366221336,0,0
2,CASH_OUT,295.9814393493698,C71,10753.613934975794,10457.632495626423,M71,4772.116094601235,5068.097533950605,0,0
34,PAYMENT,39.91509142639688,C3708,89060.59105576442,89020.67596433802,M3708,8505.860826501554,8545.775917927951,0,0
3,DEBIT,42.73025865917319,C3265,319.7671586872446,277.0369000280714,M3265,8394.991478104557,8437.721736763731,0,0
86,CASH_IN,292.5494106146966,C4364,9697.81355002207,9405.264139407374,M4364,2761.1555263036403,3053.704936918337,0,0
75,TRANSFER,793.3755235638565,C2014,1384.748759849567,591.3732362857105,M2014,5956.859091639743,6750.234615203599,0,0
86,PAYMENT,314.08092704946256,C2585,13887.10628311566,13573.025356066197,M2585,229.82034053758565,543.9012675870482,0,0
99,DEBIT,5.27231786203521,C282,6257.541742113656,6252.269424251621,M282,12230.467358435102,12235.739676297137,0,0
19,PAYMENT,19.95357829100937,C4743,7615.218849889419,7595.2652715984095,M4743,356.43936324189576,376.3929415329051,0,0
93,PAYMENT,64.25199565399133,C2305,36450.35619580896,36386.10420015497,M2305,256.2093982156218,320.4613938696131,0,0
97,TRANSFER,1844.036839227805,C189,31685.163128723867,29841.12628949606,M189,6473.974427420644,8318.01126664845,0,0
47,CASH_OUT,91.82500893248034,C1535,6953.798106932702,6861.973098000221,M1535,88.82849882155155,180.6535077540319,0,0
70,PAYMENT,9.187048630255914,C4760,14890.152971688683,14880.96592305843,M4760,150.31156896636335,159.49861759661923,0,0
88,CASH_IN,52.16717369393432,C1980,443.8033485502983,391.636174856364,M1980,1230143.278426922,1230195.4456006158,0,0
24,TRANSFER,16.342469625684842,C3088,58677.53148074658,58661.18901112089,M3088,2261.711462765721,2278.0539323914063,0,0
61,CASH_IN,484.86127000662486,C5271,4872.197051240114,4387.335781233489,M5271,1094.4481978698286,1579.3094678764537,1,0
68,CASH_IN,4.639957885261935,C237,3253.3317464460074,3248.6917885607454,M237,444.5099752725645,449.14993315782647,0,0
83,DEBIT,7.50969666849717,C4100,6418.759338733646,6411.249642065149,M4100,5623.69960722718,5631.209303895677,0,0
80,CASH_OUT,1058.4305436870395,C4950,304.8385461670921,0.0,M4950,7916.936644851709,8975.367188538748,0,0
10,TRANSFER,1668.937491018858,C4002,53078.20568921544,51409.26819819658,M4002,14860.53329005625,16529.470781075106,0,0
55,CASH_OUT,80.12405074286629,C2712,11428.658400058075,11348.53434931521,M2712,1512838.137002434,1512918.2610531768,0,0
91,CASH_IN,471.0112593058888,C3037,4533.763600737487,4062.752341431598,M3037,417.67929833893777,888.6905576448265,0,0
62,TRANSFER,331.2134038661797,C2685,397.7317556614386,66.51835179525892,M2685,1994.9794128823096,2326.1928167484893,0,0
26,CASH_OUT,320.6257533686166,C3844,368.20191390991454,47.57616054129795,M3844,2978.147045138385,3298.7727985070014,0,0
99,PAYMENT,308.1773620521755,C2314,2060.0657897492324,1751.8884276970568,M2314,19111.192739860748,19419.37010191292,0,0
48,DEBIT,170.7510499182904,C3702,663.5897670378613,492.8387171195709,M3702,1263.2035118703382,1433.9545617886286,0,0
17,TRANSFER,92.46176358719612,C5048,235.32115773824435,142.8593941510482,M5048,26737.911045756045,26830.37280934324,1,0
24,TRANSFER,414.7586988671805,C301,2076.833830221465,1662.0751313542846,M301,44636.0756861633,45050.83438503048,0,0
21,CASH_OUT,17.66900009737892,C4141,1638.3688130139194,1620.6998129165404,M4141,918.4761842844696,936.1451843818486,0,0
80,PAYMENT,30.207833359674275,C2994,894.2728568969764,864.0650235373021,M2994,190.02037334958035,220.22820670925464,0,0
54,CASH_OUT,1694.295190804985,C4682,17564.009318606753,15869.714127801768,M4682,8641.21843405703,10335.513624862017,0,0
96,DEBIT,24.66812120727575,C1821,15851.390648113143,15826.722526905867,M1821,6740.942897120853,6765.611018328128,0,0
65,PAYMENT,137.43230663838054,C5363,14713.621689819374,14576.189383180994,M5363,22.29866948595757,159.7309761243381,1,0
92,CASH_OUT,10.351975579149322,C2544,2010.4938058760983,2000.141830296949,M2544,21297.31277923644,21307.66475481559,0,0
24,PAYMENT,264.9787615684486,C3678,489068.56018512376,488803.5814235553,M3678,50874.61572410338,51139.59448567183,0,0
46,CASH_IN,67.17835998951767,C1869,691.3795899824263,624.2012299929086,M1869,9242.3285122933,9309.506872282816,0,0
95,TRANSFER,1224.6653840792744,C2021,6745.83197122045,5521.166587141176,M2021,37899.77727171975,39124.44265579902,0,0
65,PAYMENT,145.05140925985037,C4860,6730.05478398326,6585.003374723409,M4860,120.67505631489864,265.726465574749,0,0
14,PAYMENT,48.24676262218421,C1379,2056.6456282336235,2008.3988656114395,M1379,851.0293911533279,899.2761537755121,0,0
77,CASH_OUT,184.20492489821495,C794,2154.177005555212,1969.972080656997,M794,5804.157858709634,5988.3627836078485,0,0
91,CASH_IN,49.55868035000568,C29,500.8479562791332,451.28927592912754,M29,767.5947002692003,817.153380619206,0,0
5,CASH_OUT,158.8375457199208,C1224,3677.067164421549,3518.229618701628,M1224,204.24772354954015,363.085269269461,0,0
68,DEBIT,15827.579157002549,C1656,8285.161959112047,0.0,M1656,54.34367106873868,15881.922828071283,0,0
29,CASH_IN,140.38684523319534,C875,354.57496594998923,214.1881207167939,M875,63187.89863532047,63328.28548055366,0,0
12,PAYMENT,31.64380601350316,C1462,1145.779182476261,1114.135376462758,M1462,1617.343211976601,1648.987017990104,0,0
92,DEBIT,154.52803307847103,C364,104.3815395477585,0.0,M364,62862.70591597347,63017.23394905194,0,0
44,CASH_OUT,141.75260306935618,C2496,1011.9989921782196,870.2463891088636,M2496,13289.667680346358,13431.420283415717,0,0
64,DEBIT,173.84557574833963,C757,13559.815224357852,13385.969648609513,M757,581.1409928967629,754.9865686451026,0,0
26,PAYMENT,508.4159750315648,C3752,5588.409844397986,5079.993869366421,M3752,177.5970276305219,686.0130026620867,0,0
24,CASH_IN,264.7447118099302,C1587,82.11663407210855,0.0,M1587,21747.902777969248,22012.647489779178,0,0
5,DEBIT,56.24989201773419,C145,249.48714187555728,193.23724985782303,M145,17491.071020748037,17547.320912765772,0,0
82,TRANSFER,3745.6949786235928,C3125,16468.302010359817,12722.607031736225,M3125,19862.774304437095,23608.46928306069,0,0
71,CASH_OUT,623.1755286038446,C2294,27885.03275178209,27261.85722317825,M2294,953.917031598714,1577.0925602025586,0,0
97,CASH_OUT,100.570422655219,C4127,947.1569665879877,846.5865439327687,M4127,2535.504668864769,2636.0750915199883,0,0
47,CASH_OUT,328.90595468868446,C2438,2388.4504695435967,2059.5445148549124,M2438,1409.334842640976,1738.2407973296606,0,0
62,TRANSFER,178.9559514103792,C1015,102129.99638548544,101951.04043407508,M1015,3666.83005517876,3845.78600658914,0,0
87,TRANSFER,731.9478506075626,C5350,1879.116347599317,1147.1684969917542,M5350,404.5358530334287,1136.4837036409913,1,0
38,PAYMENT,85.46470462349188,C3377,104.82781272367696,19.363108100185077,M3377,65240.24904995188,65325.713754575365,0,0
82,CASH_IN,69.27885684237894,C2730,1808.3300783724944,1739.0512215301155,M2730,1235.661656453574,1304.9405132959528,0,0
39,PAYMENT,15665.178673763672,C975,547.3583080974413,0.0,M975,5190.955346756919,20856.134020520592,0,0
5,CASH_IN,203.41982167163428,C4960,51.97333984087487,0.0,M4960,492.91186218605617,696.3316838576905,0,0
79,PAYMENT,1378.7672214232607,C4886,6114.076027256894,4735.308805833633,M4886,3059.97647133572,4438.743692758981,0,0
92,DEBIT,66.57585574284829,C2094,6786.1449580508,6719.569102307952,M2094,35746.23507831476,35812.810934057605,0,0
82,CASH_OUT,1240.7945395665135,C3115,43023.15407732244,41782.359537755925,M3115,2457.816297470013,3698.6108370365273,0,0
84,DEBIT,337.6656636814286,C3410,213.1403630861153,0.0,M3410,21149.937045163115,21487.602708844544,0,0
1,CASH_IN,453.5690181159,C3594,1377.4024411833384,923.8334230674384,M3594,6038.451380746452,6492.020398862352,0,0
3,PAYMENT,219.22872030041165,C1339,455.39323263889327,236.1645123384816,M1339,39.70913465216015,258.9378549525718,0,0
89,DEBIT,471.69085961891807,C5527,4623.170479807645,4151.479620188728,M5527,161.81190695666092,633.502766575579,1,0
22,DEBIT,10029.850176719105,C440,12818.355693029833,2788.50551631073,M440,10804.34706812626,20834.19724484536,0,0
20,CASH_IN,246.3687801631918,C257,3324.104825895808,3077.7360457326163,M257,32618.883749534856,32865.252529698046,0,0
32,CASH_OUT,103.87704357328536,C1133,637.6461314655967,533.7690878923113,M1133,224.52745948046172,328.4045030537471,0,0
86,TRANSFER,23.84176398182037,C5289,18482.22299919541,18458.381235213583,M5289,1201.9329674245707,1225.774731406391,1,0
11,CASH_IN,10.109643919688846,C248,333.4897518615552,323.3801079418664,M248,4329.814766100693,4339.924410020382,0,0
74,CASH_OUT,662.6726717806283,C2434,2460.0589862877014,1797.3863145070732,M2434,4405.519562210028,5068.192233990657,0,0
25,DEBIT,9.904931663136564,C704,16593.07832193258,16583.173390269443,M704,1083.252629349865,1093.1575610130014,0,0
2,CASH_IN,607.8739597516538,C1997,2622.2201072496337,2014.34614749798,M1997,3319.044929469339,3926.9188892209927,0,0
23,CASH_OUT,116.52198990396074,C2222,7105.498030166058,6988.976040262097,M2222,220.47586256739712,336.9978524713579,0,0
47,CASH_OUT,568.9984657316119,C4109,631.5035949249333,62.50512919332141,M4109,2331.763943094336,2900.762408825948,0,0
43,PAYMENT,4.152322586583253,C1275,12914.198832853954,12910.04651026737,M1275,524.5171290478524,528.6694516344357,0,0
95,DEBIT,26.327145923624972,C3728,17394.443289848346,17368.116143924723,M3728,39870.95902590711,39897.28617183074,0,0
54,CASH_IN,37.970303783293446,C1475,7165.400469179609,7127.430165396316,M1475,24201.021537274453,24238.99184105775,0,0
44,PAYMENT,70.43254577331571,C135,353.3034997336373,282.87095396032163,M135,254.43757345890415,324.8701192322199,0,0
51,DEBIT,14.859402612172904,C1310,1898.616060635665,1883.756658023492,M1310,619.1798294534796,634.0392320656524,0,0
19,CASH_OUT,1901.4799994066927,C3914,15255.817787517324,13354.337788110632,M3914,748.2119251704912,2649.691924577184,0,0
87,TRANSFER,7058.627426396522,C1693,518.8089282132529,0.0,M1693,1944.879855161304,9003.507281557826,0,0
75,DEBIT,115.98937289408872,C851,466.3464363206941,350.3570634266054,M851,6652.413577884861,6768.40295077895,0,0
45,DEBIT,49.31049123034173,C3953,3590.744870537869,3541.434379307528,M3953,80874.71391307566,80924.024404306,0,0
99,TRANSFER,40.38760783853625,C3804,8087.497183360086,8047.109575521549,M3804,13747.338736528018,13787.726344366554,0,0
71,CASH_OUT,207.38345814955665,C5455,2558.6056589172654,2351.2222007677087,M5455,335.7242869062309,543.1077450557875,1,0
91,DEBIT,16.768876546644446,C4861,1306.6390677036234,1289.870191156979,M4861,3503.7011638751574,3520.470040421802,0,0
5,DEBIT,2440.170323252717,C914,82.02326928404413,0.0,M914,17906.549886418376,20346.720209671093,0,0
98,TRANSFER,93.72791875352068,C4028,296.7500900851624,203.02217133164172,M4028,34106.344090011684,34200.07200876521,0,0
67,CASH_OUT,82.07839521949089,C3372,9074.833551807911,8992.75515658842,M3372,4500.339888501436,4582.418283720926,0,0
46,PAYMENT,25.20448667160169,C3059,14131.055719376564,14105.85123270496,M3059,3993.424919571197,4018.629406242799,0,0
86,TRANSFER,231.477985486068,C4039,14226.403201244835,13994.925215758769,M4039,529.7821647155761,761.260150201644,0,0
63,PAYMENT,254.1396516307568,C4936,3164.754771641642,2910.615120010885,M4936,2124.8758744373963,2379.015526068153,0,0
5,TRANSFER,30.814120301858424,C2666,4115.686412556026,4084.872292254168,M2666,1516.2608206769555,1547.074940978814,0,0
88,CASH_OUT,324.9463267876616,C3321,12679.95696805404,12355.01064126638,M3321,577.2248134956492,902.1711402833108,0,0
61,CASH_OUT,94.59484578386292,C5173,355.51601678275125,260.9211709988884,M5173,737.448523737642,832.0433695215048,1,0
96,PAYMENT,284.9038325515226,C5503,3349.6081080309627,3064.70427547944,M5503,6733.799911156004,7018.703743707527,1,0
91,CASH_OUT,78.50034497293969,C4415,98696.8139326887,98618.31358771576,M4415,3776.4566066240022,3854.9569515969424,0,0
41,CASH_OUT,221.21639360407804,C4959,2281.767399319451,2060.5510057153733,M4959,2575.1641578887866,2796.3805514928645,0,0
38,PAYMENT,104.72478745906498,C853,22665.87128461827,22561.146497159207,M853,3735.7236191549537,3840.4484066140185,0,0
14,DEBIT,17.223675882328344,C2624,11319.189240588175,11301.965564705846,M2624,30306.609414864728,30323.83309074705,0,0
5,TRANSFER,2379.6405456590373,C1407,806.9129906178209,0.0,M1407,11.224847210885793,2390.865392869923,0,0
72,DEBIT,12.311044693839865,C2250,10111.979792629283,10099.668747935444,M2250,3563.214852798762,3575.525897492602,0,0
61,TRANSFER,7.780947398947799,C5267,3576.3140048365944,3568.5330574376467,M5267,2706.8378908778373,2714.618838276785,1,0
48,DEBIT,258.77879643427195,C356,427.61970279157566,168.8409063573037,M356,56.45640908662553,315.23520552089747,0,0
51,CASH_OUT,91.71233500563618,C2100,355.3531234814073,263.6407884757712,M2100,8273.961265503429,8365.673600509064,0,0
96,CASH_IN,88.00881361925067,C3954,861.3502641504018,773.3414505311512,M3954,137388.1684685905,137476.1772822098,0,0
63,DEBIT,44.84495473569992,C3286,25950.22303514581,25905.378080410108,M3286,50727.04160110404,50771.88655583974,0,0
17,DEBIT,799.7774004075618,C4104,12426.276837711705,11626.49943730414,M4104,165641.77839594558,166441.55579635315,0,0
73,TRANSFER,3.218626023939532,C4121,74398.34884368403,74395.13021766009,M4121,9176.077016700889,9179.295642724826,0,0
61,DEBIT,13.520458848599398,C1514,1125.3855426856703,1111.865083837071,M1514,617.9788765239678,631.4993353725672,0,0
73,TRANSFER,14771.308262414765,C3319,76.42889138218611,0.0,M3319,2366.0741368715508,17137.382399286314,0,0
90,TRANSFER,4.7855601424407945,C4237,729.7713470731993,724.9857869307585,M4237,9122.514630094356,9127.300190236798,0,0
47,CASH_IN,414.9387262079252,C3775,3752.5538283508376,3337.6151021429123,M3775,675.6884216374264,1090.6271478453516,0,0
47,PAYMENT,4090.9181942698656,C4829,1224.3458407071737,0.0,M4829,8215.829212550663,12306.747406820528,0,0
15,CASH_OUT,27.525719894737904,C2584,4469.886223463494,4442.360503568756,M2584,6999.298226609618,7026.823946504355,0,0
88,PAYMENT,322.5049022326818,C3193,11081.336785455198,10758.831883222516,M3193,348.97506050773865,671.4799627404204,0,0
99,CASH_OUT,1136.1834790044418,C1696,1577.604306899872,441.4208278954302,M1696,642.7629693584387,1778.9464483628803,0,0
69,CASH_OUT,1217.0846476811148,C493,27.627596664245843,0.0,M493,737.7886068980541,1954.873254579169,0,0
40,CASH_IN,1280.3822171545962,C5542,1374.2097021538473,93.82748499925106,M5542,12864.776131395633,14145.158348550229,1,0
79,DEBIT,48.71577707849727,C1034,237785.5154066389,237736.7996295604,M1034,81582.97393598496,81631.68971306346,0,0
97,CASH_IN,494.9865171989627,C4661,1834.615072218864,1339.6285550199011,M4661,1154.8192134345672,1649.80573063353,0,0
91,CASH_IN,428.0696007791752,C1761,6760.655343502217,6332.585742723042,M1761,2050.563816291002,2478.633417070177,0,0
99,CASH_IN,5.424063172641115,C2747,19965.71345499117,19960.28939181853,M2747,3478.0504692331783,3483.4745324058194,0,0
32,CASH_IN,15.031439955366638,C3692,398.8520422751763,383.82060231980967,M3692,58924.63182984996,58939.66326980533,0,0
51,CASH_OUT,1.3350214974696173,C342,795.4612303412132,794.1262088437436,M342,988.0762756368952,989.4112971343648,0,0
25,DEBIT,107.67977538738556,C5582,13674.37260522092,13566.692829833532,M5582,6394.989530230616,6502.669305618001,1,0
30,TRANSFER,912.0506301189022,C2001,5853.813169812413,4941.762539693511,M2001,224.5109924157455,1136.5616225346478,0,0
97,DEBIT,11.701330049552451,C378,383.2911110393,371.5897809897476,M378,980.1978167884944,991.8991468380468,0,0
13,CASH_OUT,92.29331060728312,C5174,242.1447270559785,149.85141644869535,M5174,2205.5088875353504,2297.8021981426336,1,0
99,PAYMENT,80.93904350520894,C3810,288.5380941890002,207.5990506837913,M3810,3033.2085279038174,3114.1475714090266,0,0
43,CASH_IN,137.32536355144566,C4819,13043.373442929082,12906.048079377637,M4819,10089.540234717311,10226.86559826876,0,0
36,PAYMENT,13118.769853770726,C2522,2044.0695111397897,0.0,M2522,9436.9677728982,22555.737626668924,0,0
33,CASH_IN,528.9639159197442,C4088,202.2222293397318,0.0,M4088,26045.366255420933,26574.33017134068,0,0
16,TRANSFER,12.96219674134925,C1560,285.33849920105763,272.3763024597084,M1560,9976.178544150363,9989.140740891711,0,0
66,CASH_IN,4212.396290942481,C3967,2376.063252986862,0.0,M3967,17629.442268766088,21841.83855970857,0,0
73,PAYMENT,709.4571356323141,C4096,4533.719658999427,3824.262523367113,M4096,203597.5719697026,204307.0291053349,0,0
92,CASH_IN,142.34610822577065,C274,4728.808963648232,4586.462855422461,M274,1709.0623154904208,1851.4084237161917,0,0
33,TRANSFER,101.66943953713924,C1992,20905.55321330517,20803.883773768037,M1992,79798.71740530379,79900.38684484093,0,0
86,DEBIT,54.60276148215712,C2234,11961.706601827138,11907.10384034498,M2234,719.217509249759,773.8202707319161,0,0
76,CASH_OUT,576.7904946856802,C4442,594.2087642116327,17.418269525952496,M4442,929.0624088656548,1505.8529035513352,0,0
59,CASH_IN,212.02820424608612,C611,5311.005560976726,5098.97735673064,M611,13696.16210704567,13908.190311291755,0,0
24,PAYMENT,167.7244622223492,C3706,1231.5490286494444,1063.8245664270953,M3706,395.5851777446532,563.3096399670023,0,0
21,PAYMENT,1162.1261332819624,C2549,12582.579073105302,11420.45293982334,M2549,18795.48468755667,19957.610820838632,0,0
60,PAYMENT,63.31678222431973,C4273,14198.380620368793,14135.063838144471,M4273,71.01048313595967,134.3272653602794,0,0
84,TRANSFER,39.6022258674799,C4505,18108.13372860907,18068.531502741596,M4505,5213.33356911646,5252.9357949839405,0,0
90,TRANSFER,124.12028766974618,C4330,91797.50996619512,91673.38967852536,M4330,524.4373968175954,648.5576844873416,0,0
44,CASH_IN,2.4709396788241733,C2910,26479.53860192693,26477.067662248108,M2910,347.2704434364901,349.7413831153143,0,0
50,DEBIT,788.053977838321,C5454,63.69092883663665,0.0,M5454,18439.597924893205,19227.651902731526,1,0
37,PAYMENT,380.0179233776439,C370,2998.1440964248704,2618.1261730472265,M370,73.25821233996157,453.2761357176055,0,0
9,CASH_IN,363.5853243110816,C5154,246.1162372150234,0.0,M5154,204109.7582087475,204473.34353305856,1,0
92,DEBIT,404.7302564989272,C2450,4987.223308831131,4582.493052332205,M2450,7358.108488952147,7762.838745451074,0,0
4,TRANSFER,68.15696091957716,C5335,186258.31278887187,186190.1558279523,M5335,3544.144849641284,3612.3018105608608,1,0
56,CASH_OUT,1420.8274374022883,C1715,217.21221290325548,0.0,M1715,8461.684632865372,9882.51207026766,0,0
78,TRANSFER,55.21866530133659,C621,413.0175135064052,357.79884820506857,M621,15796.077786438069,15851.296451739405,0,0
38,DEBIT,721.7264886302486,C5388,988.4731115090444,266.746622878796,M5388,243399.8726050236,244121.59909365387,1,0
48,CASH_OUT,181.9210235581266,C5287,111.41749460958728,0.0,M5287,36931.24557163051,37113.16659518864,1,0
23,PAYMENT,4.370834877306944,C1388,7455.37551638179,7451.004681504482,M1388,52478.07780422099,52482.4486390983,0,0
42,TRANSFER,103.92441119048594,C3765,40.7608239690418,0.0,M3765,662.0268375900122,765.9512487804981,0,0
90,PAYMENT,265.837373011699,C3565,166.52009686463603,0.0,M3565,904.6370379754133,1170.4744109871122,0,0
44,CASH_IN,48.53981251197288,C4154,777.9384977699091,729.3986852579362,M4154,137.45060681447336,185.99041932644624,0,0
71,PAYMENT,21.383408648290317,C5152,7368.507426498319,7347.124017850028,M5152,109.53470804418608,130.91811669247642,1,0
63,CASH_OUT,11673.653398509416,C5551,6255.10833893623,0.0,M5551,34064.24867658274,45737.90207509216,1,0
20,PAYMENT,516.6132344041446,C3207,5596.257990720283,5079.644756316138,M3207,110.89600177032855,627.5092361744731,0,0
35,CASH_IN,41.95466578160445,C3907,394.91584131514,352.96117553353554,M3907,462697.27642313775,462739.2310889193,0,0
70,TRANSFER,24.29792122516262,C2508,6026.084968531432,6001.7870473062685,M2508,4283.022991185148,4307.320912410311,0,0
75,TRANSFER,589.8066825513114,C239,660.5814408025166,70.77475825120518,M239,159.62374938098708,749.4304319322985,0,0
68,TRANSFER,191.66869493172456,C2397,3219.6034170914795,3027.934722159755,M2397,27514.208675883303,27705.87737081503,0,0
26,TRANSFER,2.675992128303677,C2245,108.84257038446157,106.16657825615788,M2245,1601.2672357596866,1603.9432278879904,0,0
61,CASH_OUT,327.688793959588,C4,10503.170321179508,10175.48152721992,M4,1651.4622388089062,1979.151032768494,0,0
39,CASH_OUT,264.477007215686,C3170,4300.305349218163,4035.828342002477,M3170,38903.69004279963,39168.16705001531,0,0
64,TRANSFER,33.5669556783461,C20,90753.0262893576,90719.45933367928,M20,7778.5984095401245,7812.1653652184705,0,0
90,TRANSFER,87.60955093307908,C5193,12230.13218216664,12142.522631233562,M5193,74.69132815940208,162.30087909248115,1,0
69,TRANSFER,720.3344739453721,C804,2725.8365254408445,2005.5020514954724,M804,44.62928055862546,764.9637545039976,0,0
48,DEBIT,115.52092224655856,C328,172.6970076659345,57.17608541937594,M328,353683.15502349206,353798.6759457386,0,0
76,PAYMENT,1339.5942008665822,C497,7159.552733326271,5819.958532459688,M497,428.9225557503717,1768.516756616954,0,0
36,PAYMENT,44.19626365326619,C4560,229.37929793892133,185.18303428565517,M4560,16832.911503189767,16877.107766843033,0,0
21,PAYMENT,90.35328205828884,C2941,2115.302471623028,2024.949189564739,M2941,85.39769681991905,175.7509788782079,0,0
73,PAYMENT,36.36851181169253,C4865,2384.824094643924,2348.455582832232,M4865,15366.470581938418,15402.83909375011,0,0
23,CASH_IN,15.827491174639611,C4488,19100.865996829158,19085.038505654516,M4488,14332.179911661084,14348.007402835725,0,0
27,DEBIT,8611.874927133993,C4057,242.3526754683114,0.0,M4057,15200.628396640885,23812.50332377488,0,0
99,TRANSFER,297.4903555195336,C1588,52816.65310719174,52519.16275167221,M1588,3843.9043626534967,4141.39471817303,0,0
37,CASH_IN,20.279992383829978,C5434,57287.45242592966,57267.17243354583,M5434,4690.296985257929,4710.576977641759,1,0
63,CASH_OUT,73.32800933104261,C1081,2072.063658002863,1998.7356486718204,M1081,179.50976059965782,252.83776993070043,0,0
41,DEBIT,210.98185014829,C4515,2724.9346934758946,2513.952843327605,M4515,13750.989307755688,13961.971157903978,0,0
74,TRANSFER,558.6679560264378,C4859,4548.6588295163965,3989.990873489959,M4859,18033.848068366315,18592.516024392757,0,0
35,PAYMENT,6.89530955103094,C3935,4493.900480725562,4487.005171174532,M3935,25521.664910072366,25528.5602196234,0,0
14,CASH_IN,54.69183080536647,C53,185.74466808799107,131.0528372826246,M53,405.0729525807641,459.76478338613055,0,0
82,TRANSFER,14.730341718088455,C5349,868.7757908411515,854.0454491230631,M5349,2657.76169943922,2672.492041157308,1,0
68,PAYMENT,552.1262944372883,C3622,1295.2207503075856,743.0944558702973,M3622,74.83127728229273,626.957571719581,0,0
85,TRANSFER,12.062256240176705,C2464,8115.475477034725,8103.413220794549,M2464,3469.2399004094177,3481.3021566495945,0,0
73,TRANSFER,76.95049063942025,C2270,466.3526549949048,389.4021643554845,M2270,1918.5557110590053,1995.5062016984257,0,0
57,DEBIT,233.4906252238767,C3137,30135.55040858709,29902.059783363213,M3137,13941.790091416422,14175.280716640298,0,0
69,DEBIT,3.9509479145976334,C772,397213.0204165258,397209.0694686112,M772,958.1605478861215,962.1114958007192,0,0
24,TRANSFER,137.3407069218547,C243,512.429928122038,375.08922120018326,M243,1795.4699716387945,1932.8106785606487,0,0
71,CASH_OUT,422.9945573002631,C3917,210.16091675263652,0.0,M3917,334.54645437028853,757.5410116705516,0,0
9,CASH_OUT,5663.499982658011,C108,4025.787969831973,0.0,M108,79668.66244798028,85332.1624306383,0,0
74,PAYMENT,25.37539767160442,C4302,8027.011997333096,8001.636599661491,M4302,353.6803357662524,379.0557334378568,0,0
28,DEBIT,1122.1147697178037,C973,1281.1714700794982,159.05670036169477,M973,2160.861978808425,3282.9767485262287,0,0
53,DEBIT,59.97336165500049,C2959,3913.291088788085,3853.3177271330846,M2959,12952.362610295902,13012.335971950904,0,0
27,PAYMENT,296.16477323471355,C2944,188.07382432936583,0.0,M2944,4141.23162125938,4437.396394494093,0,0
51,TRANSFER,24.587475861028683,C2354,708.936572351554,684.3490964905253,M2354,88.13442766996377,112.72190353099244,0,0
53,DEBIT,89.05107188812134,C1793,12316.501390294938,12227.450318406816,M1793,2545.68789130863,2634.7389631967512,0,0
61,TRANSFER,2092.6165623139564,C5309,31603.057490109208,29510.44092779525,M5309,43107.833821280845,45200.4503835948,1,0
71,CASH_IN,178.87057009126266,C1946,927.9689968585276,749.0984267672648,M1946,5152.971940227554,5331.8425103188165,0,0
21,PAYMENT,403.3219823056433,C2978,2629.3009274167744,2225.978945111131,M2978,1473.8095722122882,1877.131554517932,0,0
93,TRANSFER,759.8081625549512,C3505,10245.29964625624,9485.491483701288,M3505,673.5112359164123,1433.3193984713637,0,0
88,CASH_OUT,27157.93592620549,C1284,2533.362057876836,0.0,M1284,1493.3711299582114,28651.3070561637,0,0
71,CASH_OUT,188.41053290933303,C4720,660.1597904816863,471.74925757235326,M4720,11163.741259941564,11352.151792850897,0,0
74,CASH_IN,44.04146373725475,C5014,4105.28712099003,4061.245657252776,M5014,6670.074814255421,6714.116277992676,1,0
13,DEBIT,6552.278820600011,C3783,89542.01977319478,82989.74095259477,M3783,2808.371824646761,9360.650645246771,0,0
91,TRANSFER,59.97997049755807,C5274,3.1911126247576287,0.0,M5274,78.59231117950915,138.57228167706722,1,0
48,CASH_IN,875.2874790777864,C4552,12758.457470209356,11883.16999113157,M4552,986.9523286774304,1862.2398077552168,0,0
65,CASH_IN,89.60758334072253,C1842,435.6914010303736,346.08381768965114,M1842,2444.7768949319616,2534.384478272684,0,0
86,PAYMENT,47.35711274620397,C1453,6801.662389735731,6754.305276989528,M1453,344.648085781757,392.00519852796094,0,0
16,TRANSFER,6.770126876930325,C284,3951.2551231434377,3944.484996266508,M284,790.1770757377848,796.9472026147151,0,0
93,CASH_OUT,113.743811058227,C4812,5947.78619823326,5834.042387175033,M4812,577.5771579262306,691.3209689844576,0,0
3,CASH_IN,68.49406529761657,C1592,3098.1784535361458,3029.684388238529,M1592,2076.5503119446444,2145.044377242261,0,0
94,CASH_IN,28.40822774218984,C1017,2482.28519995958,2453.87697221739,M1017,831.0561566984974,859.4643844406872,0,0
61,CASH_OUT,10.763229942646648,C1302,1269.943627780524,1259.1803978378775,M1302,420.903733827477,431.6669637701237,0,0
96,PAYMENT,60.58098168301246,C3777,519.5950814827027,459.0140997996902,M3777,4084.488533589132,4145.069515272145,0,0
99,DEBIT,20.16458960489823,C310,5756.820368180585,5736.655778575687,M310,108578.36262900438,108598.52721860928,0,0
50,CASH_IN,3.975285956991237,C411,2644.261250207116,2640.2859642501244,M411,261.3726515347749,265.3479374917661,0,0
74,PAYMENT,493.17947539688896,C3243,23813.24640841652,23320.066933019632,M3243,8181.6732245537,8674.85269995059,0,0
7,TRANSFER,114.055782338661,C3097,376547.8135402424,376433.7577579038,M3097,3481.8966751187886,3595.95245745745,0,0
40,DEBIT,96.26576976013494,C3495,460.4316388733826,364.16586911324765,M3495,7316.186254694306,7412.452024454441,0,0
34,PAYMENT,2982.509563711649,C1100,412.7497529652777,0.0,M1100,7283.255056309131,10265.76462002078,0,0
24,TRANSFER,5847.877258368602,C4728,9963.0900824253,4115.212824056698,M4728,2257.170259576048,8105.047517944649,0,0
63,DEBIT,46.790259094502645,C3201,12150.904846532412,12104.114587437907,M3201,7143.376582378356,7190.166841472858,0,0
31,CASH_OUT,330.83037534475227,C3003,21666.02127122999,21335.19089588524,M3003,920.8570011687144,1251.6873765134665,0,0
83,CASH_OUT,51.72997292876886,C3313,175.0394733494677,123.30950042069884,M3313,1301.8296273456683,1353.5596002744371,0,0
88,CASH_IN,11.72133291528078,C1733,37071.35231210864,37059.63097919336,M1733,3355.5389139534022,3367.260246868683,0,0
60,DEBIT,142.4605656203875,C454,19332.090145329377,19189.62957970899,M454,119884.73163249418,120027.19219811456,0,0
75,CASH_OUT,3084.319016904955,C5281,251.85662404176668,0.0,M5281,342.566101578438,3426.885118483393,1,0
48,DEBIT,1569.9910947252984,C2763,242.67489444499415,0.0,M2763,411.86332977920296,1981.8544245045011,0,0
47,PAYMENT,282.78330254815256,C3867,6156.607972227315,5873.824669679163,M3867,6948.657441122364,7231.440743670516,0,0
76,DEBIT,700.3358873610447,C5186,690.283142386213,0.0,M5186,90596.44163053944,91296.77751790048,1,0
18,CASH_OUT,27.098041058436912,C2859,727.1085455614249,700.0105045029879,M2859,5189.392902059295,5216.490943117732,0,0
35,CASH_OUT,25.817165583109283,C3870,715.3570566138228,689.5398910307135,M3870,646.3461926922981,672.1633582754074,0,0
46,PAYMENT,423.9735702416311,C4941,732.3015750945656,308.3280048529345,M4941,1028.5401933430514,1452.5137635846825,0,0
8,TRANSFER,190.7031653848989,C3543,298.4968873715775,107.79372198667858,M3543,99461.62476922043,99652.32793460532,0,0
49,CASH_OUT,143.69203028526667,C1317,87002.6076785615,86858.91564827623,M1317,590.3725419984194,734.0645722836861,0,0
59,PAYMENT,57.59913530050838,C4223,39.0933479659463,0.0,M4223,3753.237032247499,3810.8361675480073,0,0
8,TRANSFER,82.28767756015763,C5475,5.575895208810088,0.0,M5475,811.7775425192091,894.0652200793667,1,0
42,TRANSFER,75.04907471802265,C5170,438.5288464282961,363.47977171027344,M5170,8126.927810455066,8201.976885173088,1,0
23,CASH_IN,4297.285301432163,C1563,11046.049031528342,6748.76373009618,M1563,1948.5475347045187,6245.832836136681,0,0
8,CASH_IN,158.33501013762887,C668,951.1720606287528,792.8370504911239,M668,3936.3633715021215,4094.698381639752,0,0
10,DEBIT,10.526511183762238,C2840,1476.0878926712269,1465.5613814874646,M2840,2232.4239966351,2242.950507818862,0,0
92,PAYMENT,62.25906233079449,C3215,733.7010679797002,671.4420056489057,M3215,1404.3166352259204,1466.5756975567149,0,0
25,PAYMENT,2558.7704780088466,C4200,12783.96943746028,10225.198959451434,M4200,4648.094211622796,7206.864689631642,0,0
84,PAYMENT,1188.2406287707304,C4921,10787.995614148616,9599.754985377886,M4921,2177.543270999221,3365.783899769952,0,0
44,PAYMENT,649.9424508566983,C4367,1110.0685595132582,460.12610865655984,M4367,207.92292749656,857.8653783532583,0,0
55,PAYMENT,93.05742454119412,C2996,535091.4291179068,534998.3716933656,M2996,1711.5293103245183,1804.5867348657127,0,0
79,TRANSFER,3.572245923143172,C1861,2785.84025042771,2782.2680045045668,M1861,1256.8343766665823,1260.4066225897254,0,0
45,TRANSFER,356.8076684503976,C689,10203.572050724992,9846.764382274594,M689,221.7705272169617,578.5781956673593,0,0
83,DEBIT,23321.604365439714,C1500,6740.312951838825,0.0,M1500,526.1302381757974,23847.73460361551,0,0
77,CASH_IN,18.05436255383369,C193,3206.447142720492,3188.3927801666587,M193,2823.4578649610394,2841.512227514873,0,0
95,TRANSFER,228.44518773865084,C1968,5768.328760982514,5539.883573243863,M1968,5278.146567592397,5506.591755331048,0,0
59,DEBIT,163.31217099797692,C4425,2007.4870892640365,1844.17491826606,M4425,2215.295678231204,2378.607849229181,0,0
98,CASH_OUT,149.84400068617057,C3825,6447.094829876654,6297.250829190484,M3825,934.5076341394732,1084.3516348256435,0,0
9,CASH_OUT,502.4308187323418,C2948,28745.3420289592,28242.91121022686,M2948,8496.27604461415,8998.706863346491,0,0
82,TRANSFER,691.5039213219204,C2553,592.7651622110307,0.0,M2553,14152.57391826105,14844.077839582971,0,0
68,TRANSFER,308.2918005191533,C4785,2815.061070692229,2506.769270173076,M4785,923.5173597061842,1231.8091602253376,0,0
33,TRANSFER,54.65298060413323,C3624,2423.0525573111872,2368.399576707054,M3624,1016.8540593540754,1071.507039958209,0,0
95,PAYMENT,8.181446626286977,C1027,619.045522608362,610.8640759820751,M1027,123.98914149173704,132.170588118024,0,0
38,PAYMENT,104.74816024546747,C2698,49207.97868160061,49103.23052135514,M2698,3.4403433395589715,108.18850358502648,0,0
50,CASH_IN,335.828617815214,C1846,2732.4198842652004,2396.5912664499865,M1846,16891.068858323608,17226.897476138824,0,0
85,PAYMENT,590.7308907972655,C2901,5790.882561926331,5200.151671129065,M2901,1924.3615845090724,2515.0924753063377,0,0
38,DEBIT,13.676766874702524,C1782,609.9469085197518,596.2701416450493,M1782,19784.123134499296,19797.799901374,0,0
47,PAYMENT,167.1591492846984,C3500,584.1997181676753,417.0405688829769,M3500,5331.223350234458,5498.382499519156,0,0
13,CASH_IN,631.9583718784439,C2725,3871.960077827079,3240.001705948635,M2725,95.14478658923804,727.103158467682,0,0
33,CASH_OUT,31.09568793719631,C1067,134.0766526121282,102.9809646749319,M1067,8998.080587328503,9029.1762752657,0,0
77,DEBIT,0.9938415942175592,C4210,5053.7009678461845,5052.707126251967,M4210,373.7302064907588,374.7240480849763,0,0
25,CASH_IN,7.100766883673086,C2633,35545.91170870919,35538.81094182551,M2633,324.6756418789667,331.7764087626398,0,0
15,TRANSFER,203.75040550719183,C5534,7497.830956439638,7294.080550932445,M5534,507.9355235194579,711.6859290266498,1,0
54,TRANSFER,78.00592930840064,C4900,16378.737310254965,16300.731380946563,M4900,159344.65314868776,159422.65907799616,0,0
96,PAYMENT,27.18342472515961,C2101,2057.387078264195,2030.203653539036,M2101,5561.221780704381,5588.405205429541,0,0
27,CASH_IN,95.7408902629889,C346,2383.7003043095256,2287.9594140465365,M346,5583.060289333367,5678.801179596356,0,0
43,CASH_OUT,11160.68368467302,C2207,128.78767502658613,0.0,M2207,4245.206017939474,15405.889702612494,0,0
19,DEBIT,554.4783003372193,C2426,790.6754597319498,236.19715939473053,M2426,1411.3534402583298,1965.831740595549,0,0
89,TRANSFER,243.53701547950948,C608,336.11329132022666,92.5762758407172,M608,79.93061504282676,323.4676305223362,0,0
26,CASH_OUT,5.466513144722774,C5402,1228.7269087281677,1223.2603955834447,M5402,1738.265249010626,1743.7317621553489,1,0
11,TRANSFER,68.07916433243179,C2453,2116.706942977908,2048.627778645476,M2453,1119.1312485169367,1187.2104128493684,0,0
61,DEBIT,10.381539887419969,C5030,497.76320679425766,487.38166690683767,M5030,169.2957291428243,179.67726903024428,1,0
34,CASH_OUT,17328.206696511355,C2744,3384.200673798377,0.0,M2744,3068.3386489622585,20396.545345473613,0,0
53,PAYMENT,13310.838697808926,C5220,971.8764531605495,0.0,M5220,16889.809763801997,30200.648461610923,1,0
21,CASH_IN,64.94067508545432,C4777,1326.4849397728594,1261.544264687405,M4777,9898.621068439174,9963.561743524628,0,0
38,CASH_OUT,48.57614803038134,C3402,4861.221849728805,4812.645701698423,M3402,2993.5357796661638,3042.1119276965446,0,0
12,PAYMENT,12.374477389126,C598,290.56311639761174,278.1886390084857,M598,14156.74662747846,14169.121104867589,0,0
94,DEBIT,19.136815514786623,C508,113749.92061312572,113730.78379761091,M508,10410.519593907442,10429.656409422229,0,0
65,PAYMENT,99.5759786350606,C825,812.630764033735,713.0547853986743,M825,8832.860519961867,8932.436498596928,0,0
40,TRANSFER,2099.937925616794,C1760,109.20973363714684,0.0,M1760,33902.95253142244,36002.89045703923,0,0
65,TRANSFER,109.58315602158656,C5062,7597.167417926258,7487.584261904672,M5062,7738.337954567668,7847.921110589255,1,0
37,CASH_OUT,271.99264932023993,C2975,223.8566372956085,0.0,M2975,10312.047792509757,10584.040441829997,0,0
86,PAYMENT,294.89751576728366,C2507,218.53544399514843,0.0,M2507,45771.665514876295,46066.56303064358,0,0
75,CASH_IN,47.56939832151191,C3642,92.5717485359134,45.0023502144015,M3642,45026.72340998014,45074.29280830165,0,0
50,CASH_IN,128.9153262827291,C3119,3296.507337808263,3167.592011525534,M3119,14065.716825926242,14194.632152208971,0,0
77,PAYMENT,618.8007954600807,C5026,193.11523551635847,0.0,M5026,64.61102144478973,683.4118169048704,1,0
27,CASH_IN,2981.1707473304286,C4385,2069.7016355801834,0.0,M4385,5083.9771641942725,8065.147911524701,0,0
82,CASH_IN,561.2217829247229,C1797,737.8070198275491,176.58523690282618,M1797,36122.97141836938,36684.1932012941,0,0
60,PAYMENT,846.7072048550739,C5479,571.718778018822,0.0,M5479,23560.007830829305,24406.715035684378,1,0
63,CASH_IN,440.6154785490492,C1680,210106.81437090345,209666.1988923544,M1680,7154.535438655555,7595.1509172046035,0,0
81,DEBIT,556.5955055947217,C115,4214.8010256449725,3658.205520050251,M115,31020.654597121316,31577.25010271604,0,0
94,CASH_OUT,2238.561465431173,C161,9762.823720005515,7524.262254574342,M161,4245.041029119723,6483.602494550896,0,0
85,CASH_IN,646.6173665733661,C631,1557.9787435152955,911.3613769419296,M631,947.927529688936,1594.544896262302,0,0
81,CASH_IN,19.914669958206023,C2734,6002.783331487916,5982.86866152971,M2734,14486.424622872466,14506.339292830671,0,0
19,CASH_OUT,549.4984194852063,C296,448.039590495149,0.0,M296,16043.832271949172,16593.33069143438,0,0
36,CASH_OUT,760.7898112073294,C2433,3658.9471430784834,2898.157331871154,M2433,1749.1766841090964,2509.9664953164256,0,0
93,PAYMENT,63.84325006233694,C2748,1303.6984874667965,1239.8552374044596,M2748,15328.324525222715,15392.167775285054,0,0
73,CASH_IN,558.8930193347474,C5550,7523.899603684661,6965.006584349914,M5550,3599.0370084234496,4157.930027758197,1,0
36,DEBIT,10.148882692565476,C4135,4552.052266768311,4541.903384075746,M4135,312.8876326318795,323.03651532444496,0,0
52,PAYMENT,26.680511523569205,C4553,945.4999711891072,918.819459665538,M4553,10404.851023959109,10431.531535482676,0,0
79,TRANSFER,5.239332637585339,C5222,6668.725243642616,6663.485911005031,M5222,2186.8565641960618,2192.095896833647,1,0
53,CASH_IN,222.76618191440383,C5079,282.68108669847504,59.91490478407118,M5079,258.10102079893096,480.8672027133348,1,0
89,PAYMENT,211.07768376465648,C4219,45018.42743806307,44807.34975429841,M4219,1861.508196965072,2072.585880729728,0,0
23,PAYMENT,1439.746248506686,C3700,101.15866257906492,0.0,M3700,4587.224158568663,6026.970407075349,0,0
43,DEBIT,307.0082579707097,C3168,1022.9274032629208,715.9191452922112,M3168,8022.2580952734115,8329.266353244122,0,0
70,TRANSFER,1.103824143483504,C3277,1391.0417188734032,1389.9378947299197,M3277,523.0519387885346,524.1557629320181,0,0
12,PAYMENT,245.5313398244916,C1914,46.1602191652752,0.0,M1914,303.90059991516284,549.4319397396545,0,0
33,CASH_OUT,1673.632082754129,C4679,92.24175942329327,0.0,M4679,4227.734009342139,5901.366092096268,0,0
11,CASH_OUT,236.45078397653864,C5452,84095.38734707488,83858.93656309834,M5452,84.75575064332264,321.20653461986126,1,0
78,DEBIT,421.6187495459119,C3429,5232.7895320602365,4811.170782514325,M3429,1860.121545892631,2281.740295438543,0,0
92,TRANSFER,151.16974059436035,C505,32203.93768754646,32052.7679469521,M505,59094.72261057983,59245.8923511742,0,0
42,PAYMENT,30.12885605003497,C4539,346.20895441097764,316.08009836094266,M4539,189.55912027575044,219.68797632578543,0,0
8,CASH_OUT,73.51124555308442,C4698,4385.575545091839,4312.064299538754,M4698,7107.37043230137,7180.881677854454,0,0
2,CASH_OUT,1994.4516633974567,C563,5340.1882118194,3345.736548421943,M563,9941.661042513031,11936.112705910487,0,0
85,PAYMENT,144.1770823589319,C1378,3896.1483880992296,3751.971305740298,M1378,2108.763214280156,2252.940296639088,0,0
88,PAYMENT,815.497923990461,C1357,58.35304306098551,0.0,M1357,8981.151809300798,9796.64973329126,0,0
83,TRANSFER,28.525864481551437,C5555,24921.272186350147,24892.746321868595,M5555,74936.09336477399,74964.61922925554,1,0
56,TRANSFER,2.2151448094683825,C2675,9970.389033704572,9968.173888895104,M2675,2329.6333359670857,2331.848480776554,0,0
36,TRANSFER,6.743137913497804,C1852,98267.00383773168,98260.26069981816,M1852,729.2469127317385,735.9900506452362,0,0
85,DEBIT,368.63876204919353,C2726,1717.243176463607,1348.6044144144134,M2726,52537.764507090345,52906.40326913954,0,0
60,CASH_IN,153.01192657141212,C1920,32565.942964574097,32412.931038002684,M1920,57.14525601827358,210.1571825896857,0,0
60,PAYMENT,114.34312195667896,C377,860.4552631206875,746.1121411640086,M377,869.6223994642485,983.9655214209274,0,0
39,TRANSFER,2083.6025312691377,C48,83.96337533828451,0.0,M48,14602.342484344188,16685.945015613324,0,0
86,CASH_IN,18178.75431144516,C1989,1184.2722747598154,0.0,M1989,21.877651032987348,18200.631962478143,0,0
81,TRANSFER,50.52000739138289,C2955,865.5108397772051,814.9908323858222,M2955,7141.099569878191,7191.619577269574,0,0
99,CASH_IN,9.067481813216572,C627,73374.1457884822,73365.07830666899,M627,9464.10453077644,9473.172012589655,0,0
91,CASH_OUT,86.91845017198192,C1271,164.4727355318045,77.55428535982257,M1271,11834.93869388649,11921.857144058473,0,0
36,DEBIT,37.12839977189971,C2622,1808.3447983734093,1771.2163986015096,M2622,470.33902636837576,507.46742614027545,0,0
27,CASH_IN,4.210376910814463,C1808,4172.826312594615,4168.615935683801,M1808,1033.402803180854,1037.6131800916685,0,0
81,DEBIT,80.7330507622712,C4164,7332.716122475714,7251.983071713443,M4164,163.4815102083992,244.2145609706704,0,0
25,TRANSFER,81.08618715475637,C436,3288.324606726804,3207.238419572048,M436,73271.44949987032,73352.53568702507,0,0
88,DEBIT,74.89256966723137,C2909,10340.132108339514,10265.239538672282,M2909,19267.90893307686,19342.80150274409,0,0
26,DEBIT,14.48799899042672,C1867,53.85051473889759,39.36251574847087,M1867,10220.48062137236,10234.968620362786,0,0
39,CASH_OUT,59.8643479652952,C3707,9882.916059792817,9823.051711827522,M3707,36707.329866694985,36767.19421466028,0,0
60,CASH_OUT,236.21958211731075,C3723,1658.7032632240564,1422.4836811067455,M3723,2117.941953660613,2354.161535777924,0,0
76,TRANSFER,6.932766636844633,C3496,687.9239229155202,680.9911562786756,M3496,2446.19912527132,2453.131891908164,0,0
32,CASH_IN,8.292905217440433,C1862,40859.40335931396,40851.11045409652,M1862,116.31098699574495,124.6038922131854,0,0
96,DEBIT,259.38886383834216,C2822,2578.9334113564464,2319.544547518104,M2822,35305.02626155202,35564.41512539036,0,0
26,PAYMENT,1522.46555045326,C3208,1364.9429106071643,0.0,M3208,1929.5793539108663,3452.0449043641265,0,0
22,PAYMENT,5150.734880928718,C4958,3197.081406111664,0.0,M4958,1014.3309669284296,6165.065847857148,0,0
9,DEBIT,36.63110246372962,C4544,165.46711401143563,128.836011547706,M4544,14205.46804296545,14242.09914542918,0,0
84,DEBIT,230.85498342700728,C4362,88710.65030464974,88479.79532122273,M4362,623.8543134948216,854.7092969218288,0,0
83,TRANSFER,21.52660105922819,C4258,60.60938705341093,39.082785994182736,M4258,2398.780837115277,2420.307438174505,0,0
75,DEBIT,188.64591277891265,C1042,1692.9553379761671,1504.3094251972543,M1042,558.8230420510841,747.4689548299967,0,0
29,CASH_OUT,12.324319596900356,C4737,3840.966256809588,3828.641937212688,M4737,4234.107021379566,4246.431340976466,0,0
78,DEBIT,4.411457048981147,C66,384.1171994218694,379.7057423728882,M66,9781.6286894653,9786.040146514282,0,0
45,TRANSFER,1086.2007847139007,C2151,3683.696443456503,2597.4956587426022,M2151,425.6266115748166,1511.8273962887174,0,0
34,PAYMENT,123.46385181180774,C3337,1221.7380622050384,1098.2742103932308,M3337,14395.581538519637,14519.045390331445,0,0
21,DEBIT,1869.0888163131133,C3206,171930.70046111298,170061.61164479988,M3206,3269.458941444363,5138.547757757477,0,0
36,CASH_IN,2227.366103085557,C1486,12042.440829172774,9815.074726087218,M1486,735.0970420460987,2962.4631451316554,0,0
44,TRANSFER,77887.4226618799,C3797,3000.5514759353964,0.0,M3797,4887.280768547177,82774.70343042708,0,0
41,CASH_OUT,1028.2985138771623,C2631,2245.101490233371,1216.8029763562083,M2631,16936.817760271682,17965.116274148844,0,0
33,TRANSFER,5616.094941003398,C1763,475.63544301566463,0.0,M1763,13896.23872425661,19512.33366526001,0,0
55,PAYMENT,815.8953937436993,C1597,76.83329830209007,0.0,M1597,2044.2000009124592,2860.0953946561585,0,0
24,CASH_IN,4783.29830517343,C3813,10452.785762660802,5669.487457487372,M3813,2051.594073718495,6834.892378891926,0,0
12,DEBIT,101.06309843633068,C1552,1076.4332637992916,975.370165362961,M1552,51450.50827208368,51551.57137052001,0,0
87,CASH_IN,1382.2341855195054,C4518,107.34163483657105,0.0,M4518,3002.15038118299,4384.384566702495,0,0
23,CASH_IN,84.08801767117554,C5225,148.18730211637822,64.09928444520268,M5225,815.8801927668715,899.968210438047,1,0
53,DEBIT,1835.322171135091,C4189,133.0566867655719,0.0,M4189,1323.1360628428874,3158.458233977978,0,0
82,DEBIT,86.73861589594763,C4339,12888.259461375816,12801.52084547987,M4339,433.8335104024848,520.5721262984324,0,0
47,CASH_OUT,1233.7240184417185,C715,503.8222190939088,0.0,M715,72.01786821641741,1305.7418866581356,0,0
21,DEBIT,2590.3275964919358,C4146,3618.640587321896,1028.3129908299602,M4146,391.6328319319543,2981.9604284238894,0,0
70,CASH_IN,3.3958448054286063,C4067,1127.1191057370668,1123.7232609316382,M4067,2184.87065125183,2188.266496057259,0,0
63,PAYMENT,71.98667806215013,C1288,16182.574747680455,16110.588069618305,M1288,62277.041203263616,62349.02788132577,0,0
38,DEBIT,218.37838460415676,C1969,163699.38942342976,163481.0110388256,M1969,2397.9503098000264,2616.328694404183,0,0
2,DEBIT,973.675793411814,C1955,17.014857937150033,0.0,M1955,185.2700687605374,1158.945862172351,0,0
30,CASH_IN,565.6482280083425,C3985,7511.596631595631,6945.948403587288,M3985,6882.305158920586,7447.953386928929,0,0
19,CASH_OUT,8.174663729018324,C3238,40247.56485885559,40239.390195126565,M3238,480.30717830299534,488.4818420320137,0,0
6,TRANSFER,270.2242429801402,C2598,455.5860031289399,185.3617601487997,M2598,184719.98467927743,184990.2089222576,0,0
94,CASH_IN,14.455158921831336,C1965,2055.594060713345,2041.138901791514,M1965,147507.3106687577,147521.76582767954,0,0
45,CASH_IN,95.72169383694715,C3750,2965.452598797226,2869.730904960279,M3750,15383.790326220496,15479.512020057444,0,0
55,CASH_IN,148.07141148448036,C462,3887.9934024665854,3739.921990982105,M462,1149.492168235255,1297.5635797197351,0,0
28,DEBIT,13.620831121931465,C4181,5833.136333043217,5819.515501921285,M4181,7937.2081750665375,7950.829006188469,0,0
83,DEBIT,304.7574417942185,C4647,2775.054802730136,2470.297360935917,M4647,52252.822615079815,52557.58005687403,0,0
51,CASH_IN,33.10803577875125,C2201,46580.52185840741,46547.41382262866,M2201,1248.1177859514755,1281.2258217302267,0,0
90,TRANSFER,48.71412668459359,C925,4351.486721838272,4302.772595153678,M925,2389.365476006192,2438.079602690786,0,0
78,PAYMENT,2869.272315995471,C957,28403.21349929869,25533.94118330322,M957,4780.784549518902,7650.056865514373,0,0
16,TRANSFER,705.1210719165887,C3959,55.40906222561909,0.0,M3959,35856.16087779227,36561.28194970886,0,0
68,CASH_OUT,110.01099946746332,C3157,3822.5039386016138,3712.49293913415,M3157,7876.160992519102,7986.171991986565,0,0
75,PAYMENT,19.15957218377568,C4844,114.66309549504976,95.50352331127408,M4844,1515.0069587798157,1534.1665309635912,0,0
44,CASH_OUT,112.17190876720768,C557,497.0048972997418,384.83298853253416,M557,44778.72723976906,44890.89914853627,0,0
10,TRANSFER,0.6478171610855068,C776,259.6181082616138,258.9702911005283,M776,11699.899936090003,11700.54775325109,0,0
42,CASH_OUT,38.86113467082125,C995,8714.372157323369,8675.511022652547,M995,1466.6103810491682,1505.4715157199894,0,0
63,CASH_IN,31.68577278027487,C470,12440.212268301328,12408.526495521051,M470,84239.14574090509,84270.83151368536,0,0
19,DEBIT,236.39214493838895,C3278,15625.405863132297,15389.013718193908,M3278,203.50073640410855,439.8928813424976,0,0
9,CASH_IN,15.62766763607201,C659,911.0538606404348,895.4261930043627,M659,1612.0786443608397,1627.7063119969114,0,0
99,CASH_OUT,2102.6920017549346,C3548,7052.916470585732,4950.224468830797,M3548,138.3992628931301,2241.0912646480647,0,0
62,TRANSFER,705.8558577075918,C1503,13212.734072464362,12506.87821475677,M1503,2019.453480396648,2725.30933810424,0,0
26,PAYMENT,108.38562914806816,C1044,3374.916051599841,3266.5304224517727,M1044,20462.320218104265,20570.70584725233,0,0
94,CASH_OUT,3964.112252250478,C4985,10012.0857310394,6047.973478788923,M4985,1967.840595487988,5931.9528477384665,0,0
82,TRANSFER,1158.627779845668,C1217,1197.688857621028,39.06107777535999,M1217,1298.059431562124,2456.687211407792,0,0
47,CASH_IN,53.31291859954166,C460,100380.3173202376,100327.00440163809,M460,2267.390471173533,2320.703389773075,0,0
57,TRANSFER,49.74460916935461,C2984,321.1807241592354,271.4361149898808,M2984,143.37466019288837,193.11926936224296,0,0
44,TRANSFER,110.8288463112313,C5553,12251.207888377638,12140.379042066406,M5553,196.32933382326777,307.15818013449905,1,0
34,PAYMENT,119.54259239946566,C4606,3827.8774703076174,3708.334877908153,M4606,2686.6363029895806,2806.1788953890464,0,0
48,DEBIT,567.0625874714792,C4776,37521.7376168589,36954.67502938742,M4776,219670.57130909016,220237.63389656163,0,0
38,DEBIT,6.862131621110601,C5587,80334.04359992752,80327.18146830641,M5587,1814.564735057366,1821.4268666784767,1,0
8,CASH_OUT,691.2028811352642,C2500,14.549673261667516,0.0,M2500,316.6067186756119,1007.809599810876,0,0
17,TRANSFER,423.2894798050537,C977,5742.523432281798,5319.233952476744,M977,330.732924292026,754.0224040970797,0,0
88,DEBIT,185.5752333607563,C1539,688.6830381429486,503.10780478219226,M1539,4979.463422917512,5165.038656278268,0,0
81,TRANSFER,346.9128739618564,C1961,5161.840389764994,4814.927515803138,M1961,24258.735973473595,24605.64884743545,0,0
50,PAYMENT,2198.399556244324,C5377,194.4744674137193,0.0,M5377,1503.4739332376698,3701.8734894819936,1,0
23,CASH_IN,58.8879618453232,C4826,4391.260933741507,4332.372971896184,M4826,686.7613096902415,745.6492715355647,0,0
39,PAYMENT,1944.5700383889528,C4957,573.5584354814252,0.0,M4957,214.6171663804241,2159.187204769377,0,0
12,CASH_OUT,14.983788445510124,C3468,48550.8711814072,48535.88739296168,M3468,1206.6648019385918,1221.648590384102,0,0
91,TRANSFER,3577.151719522668,C3121,19155.256690757866,15578.104971235198,M3121,439.6466517733393,4016.798371296007,0,0
9,PAYMENT,26.167615424325568,C4131,323882.5088369442,323856.34122151986,M4131,6950.95356409569,6977.121179520016,0,0
90,CASH_IN,2.91094841468886,C2476,73.08748207455498,70.17653365986612,M2476,73262.73621447866,73265.64716289335,0,0
57,DEBIT,309.3979572953417,C502,371.67978779616993,62.28183050082822,M502,469.5777380154271,778.9756953107687,0,0
82,DEBIT,58.36732752154939,C4850,228.62155383029025,170.25422630874087,M4850,973.1991884547136,1031.566515976263,0,0
84,CASH_OUT,10.00340039101098,C1634,12919.768435794143,12909.765035403134,M1634,1875.4095709100693,1885.41297130108,0,0
81,TRANSFER,392.8806370143465,C3663,34032.53546839202,33639.65483137768,M3663,7262.351911979033,7655.232548993379,0,0
95,CASH_OUT,18.244937818228717,C5577,215.9247524169043,197.6798145986756,M5577,528.0629375683087,546.3078753865374,1,0
84,DEBIT,1.244040000735928,C2396,82762.81184848779,82761.56780848706,M2396,11478.861130759937,11480.105170760671,0,0
57,CASH_OUT,1824.352463085252,C3910,63.63257459642514,0.0,M3910,221718.3446680805,223542.69713116577,0,0
92,CASH_IN,128.07978372663098,C5588,1586.8390121386467,1458.7592284120158,M5588,5722.177800728105,5850.257584454736,1,0
33,CASH_IN,310.2892952073502,C3444,34.195942790679695,0.0,M3444,53.56415651758048,363.8534517249307,0,0
55,CASH_OUT,158.37093658906315,C3462,33918.7162195739,33760.34528298484,M3462,760.1652035756908,918.536140164754,0,0
57,DEBIT,357.8119430707037,C3344,368.9127284063826,11.100785335678893,M3344,419.7765601090173,777.588503179721,0,0
61,CASH_OUT,190.4118995102095,C2186,1043.2570880463882,852.8451885361786,M2186,48.85926175935303,239.27116126956253,0,0
2,CASH_IN,51.73579944797828,C959,924.143334494088,872.4075350461097,M959,262.4557593922454,314.1915588402237,0,0
92,DEBIT,115.72909474870735,C59,15804.73618349525,15689.007088746544,M59,128.78867061090858,244.51776535961596,0,0
94,CASH_IN,1693.3791195668475,C1523,172.4355901720169,0.0,M1523,231.129231417058,1924.5083509839053,0,0
95,TRANSFER,473.516836905027,C622,174694.47437605014,174220.9575391451,M622,342.2524086331816,815.7692455382086,0,0
61,PAYMENT,904.5086045222472,C4838,10211.618643362006,9307.11003883976,M4838,235.16556021069772,1139.6741647329447,0,0
59,PAYMENT,11.201086508935171,C3774,867.869809300883,856.6687227919479,M3774,126.51233946938656,137.71342597832174,0,0
5,PAYMENT,321.39451854669187,C2145,133.13406352822895,0.0,M2145,197200.16955005235,197521.56406859905,0,0
17,CASH_IN,504.28576457686313,C4980,530.2840805595458,25.998315982682698,M4980,29433.175425883583,29937.461190460446,0,0
97,PAYMENT,141.4100159792661,C3299,8963.839014824469,8822.428998845202,M3299,8176.957523617802,8318.367539597068,0,0
62,CASH_IN,10.309778456828248,C3560,12881.44202824066,12871.13224978383,M3560,160677.39120019894,160687.70097865578,0,0
73,CASH_OUT,259.0407141602631,C1082,862.9277824020404,603.8870682417773,M1082,8831.885106928443,9090.925821088706,0,0
74,DEBIT,162.5227923841601,C1682,2343.1112964995245,2180.588504115364,M1682,524.8403184251564,687.3631108093165,0,0
85,TRANSFER,82.82002689571553,C3567,203767.1697133198,203684.34968642407,M3567,1993.3565566707796,2076.176583566495,0,0
56,DEBIT,655.2742919886452,C3970,6851.089972675355,6195.81568068671,M3970,1718.194581486931,2373.4688734755764,0,0
17,PAYMENT,72.95791993791562,C3984,1260.3299765587444,1187.3720566208287,M3984,21990.181998584994,22063.13991852291,0,0
29,PAYMENT,47.89962790314606,C1164,91.34218073713171,43.44255283398567,M1164,2179.213367835239,2227.112995738385,0,0
53,TRANSFER,31.023767478926963,C1936,167.73103378890545,136.70726630997848,M1936,4887.513881632087,4918.537649111014,0,0
78,CASH_OUT,242.5814119139662,C3409,121.94730529972048,0.0,M3409,10520.828805758432,10763.4102176724,0,0
86,CASH_OUT,1210.3841786259914,C4126,83.0019508113435,0.0,M4126,55777.66062550727,56988.044804133264,0,0
28,DEBIT,1136.023112389625,C4463,637.9179786755271,0.0,M4463,439.2589594494239,1575.282071839049,0,0
26,CASH_OUT,41.81053686397344,C2323,19.29408625621105,0.0,M2323,3249.3512774352603,3291.161814299234,0,0
2,CASH_IN,134.50952140510407,C3459,13815.766209928084,13681.25668852298,M3459,2372.0888868777447,2506.5984082828486,0,0
34,CASH_OUT,49.87032813752402,C3736,53.25045220090738,3.380124063383363,M3736,18639.032000413878,18688.9023285514,0,0
59,CASH_IN,232.94685186546027,C4761,155.17870082288988,0.0,M4761,22361.006206918188,22593.95305878365,0,0
50,CASH_IN,12.322685995656151,C5334,6046.531440150955,6034.208754155299,M5334,1402.324218605649,1414.6469046013056,1,0
51,CASH_OUT,818.2565813510454,C1863,202.40876638750376,0.0,M1863,104.43988700587268,922.696468356918,0,0
48,CASH_IN,373.4696151435164,C1951,14142.277385909994,13768.807770766478,M1951,3895.461866530587,4268.931481674103,0,0
73,CASH_OUT,2.584113770496171,C1431,6086.470589293515,6083.886475523019,M1431,1172.0527698122944,1174.6368835827905,0,0
80,DEBIT,3.373414329665952,C2258,320.3743476577352,317.00093332806927,M2258,2062.7784720061672,2066.1518863358333,0,0
87,CASH_IN,98.0103046795609,C2048,2142.08780385542,2044.0774991758587,M2048,83.22356490928716,181.23386958884805,0,0
15,TRANSFER,242.51607489764984,C2412,1413.6822456039872,1171.1661707063374,M2412,354.59463619453646,597.1107110921863,0,0
71,TRANSFER,823.9783254393465,C4448,18751.176649860285,17927.198324420937,M4448,762.0499041902796,1586.028229629626,0,0
24,TRANSFER,177.24507363454666,C5322,19421.052463256623,19243.80738962208,M5322,1566.5566340321493,1743.801707666696,1,0
88,PAYMENT,34.865631780849846,C1814,7491.803351552317,7456.937719771467,M1814,2646.821289761484,2681.686921542334,0,0
83,PAYMENT,850.4287974554265,C5071,794.2613810896785,0.0,M5071,397.1912456708467,1247.6200431262732,1,0
69,CASH_OUT,171.21355086267567,C2130,12786.565635536905,12615.352084674229,M2130,173.8910377162868,345.1045885789625,0,0
17,TRANSFER,2.854863655548564,C1562,680.6360452386241,677.7811815830755,M1562,34012.447347786954,34015.302211442504,0,0
1,CASH_OUT,494.1941202834481,C4910,445.1479392237051,0.0,M4910,2382.5821609182917,2876.7762812017395,0,0
46,CASH_IN,182.2059588615605,C2873,7659.435555340366,7477.229596478805,M2873,8545.143901446136,8727.349860307697,0,0
24,CASH_OUT,7.910054874543487,C3011,134.75433884035127,126.84428396580778,M3011,803.8694913899559,811.7795462644993,0,0
81,TRANSFER,944.363431035736,C3859,7497.139072925696,6552.775641889961,M3859,19.17160249748155,963.5350335332174,0,0
62,CASH_OUT,3.761762497845458,C439,396.3094020084936,392.5476395106482,M439,3490.7527881495266,3494.5145506473723,0,0
30,CASH_IN,0.979973405779394,C17,12753.307855339152,12752.327881933374,M17,818.876729992057,819.8567033978364,0,0
3,CASH_IN,64.5574837033469,C1705,5700.788951362716,5636.231467659369,M1705,628.6510160099882,693.2084997133351,0,0
28,PAYMENT,24.023555330782667,C4782,2407.0201524449217,2382.996597114139,M4782,15814.340029464734,15838.363584795516,0,0
58,DEBIT,88.7782719991573,C3167,1321.6417586203252,1232.8634866211678,M3167,60548.95118481183,60637.72945681099,0,0
62,CASH_OUT,27154.70334233516,C4299,1391.1344138303098,0.0,M4299,626.7239700470764,27781.427312382235,0,0
65,CASH_OUT,215.9398246516965,C4766,83.49020114857053,0.0,M4766,858636.292094548,858852.2319191997,0,0
76,CASH_IN,246.1116986226016,C4512,1460.3886427217592,1214.2769440991576,M4512,233.29040197046885,479.4021005930705,0,0
55,TRANSFER,9.80713284976167,C5562,120143.19735203392,120133.39021918416,M5562,4612.315510020519,4622.12264287028,1,0
13,CASH_OUT,206.67187400020487,C4352,30.871834863001148,0.0,M4352,458.8296836720603,665.5015576722651,0,0
38,PAYMENT,77.21030094575718,C2131,8588.74516454033,8511.534863594574,M2131,9321.2395717273,9398.449872673058,0,0
17,PAYMENT,12.302942041995491,C4550,277.5139490466402,265.2110070046447,M4550,1222.418708558891,1234.7216506008865,0,0
42,TRANSFER,17.195466318860518,C3257,714.0154843738964,696.8200180550358,M3257,84.39314604399948,101.58861236286,0,0
9,DEBIT,60.152766156406976,C650,2669.1877978526813,2609.0350316962745,M650,1895.9722773182025,1956.1250434746091,0,0
4,CASH_OUT,1969.7123755552016,C5579,1249.686365029472,0.0,M5579,1276.565681052973,3246.2780566081747,1,0
87,CASH_IN,800.6823794638366,C2678,5842.738586443212,5042.056206979375,M2678,129524.04058787414,130324.72296733798,0,0
91,DEBIT,86.78607281487898,C4464,2033.7567456224472,1946.970672807568,M4464,3880.541076735212,3967.3271495500912,0,0
19,CASH_OUT,242.1793114526481,C2920,525.9813447437572,283.80203329110907,M2920,35418.91948471764,35661.09879617029,0,0
74,CASH_IN,160.6004096908125,C5219,1689.095367263517,1528.4949575727042,M5219,25654.31491021488,25814.91531990569,1,0
76,CASH_OUT,224.4012590563464,C3192,143.281264823153,0.0,M3192,602.8535775757756,827.254836632122,0,0
86,PAYMENT,80.08546796648372,C2710,5525.44085674836,5445.355388781876,M2710,33921.167948218266,34001.25341618475,0,0
3,DEBIT,18.25327637826348,C2321,1413.7135421285348,1395.4602657502712,M2321,279.8975551007497,298.1508314790132,0,0
33,CASH_OUT,153.2412913747735,C4313,1371.711212257584,1218.4699208828106,M4313,221.35939342616368,374.6006848009372,0,0
74,TRANSFER,92.21142221815366,C2384,2742.640615850581,2650.4291936324275,M2384,9620.901602075484,9713.113024293638,0,0
13,CASH_OUT,37.12894390316678,C656,334.02972875210804,296.90078484894127,M656,3935.48080978051,3972.609753683677,0,0
22,TRANSFER,595.316224488266,C2039,4827.428698262605,4232.112473774339,M2039,5229.04542562191,5824.361650110176,0,0
97,CASH_IN,458.6904745483122,C1364,385.677580423702,0.0,M1364,4755.418165369602,5214.108639917915,0,0
59,TRANSFER,854.734268109353,C2774,17357.171882077248,16502.437613967893,M2774,23109.903097124363,23964.63736523372,0,0
97,PAYMENT,1.0280878731107663,C3394,373.4262687574844,372.3981808843736,M3394,1441.8002878535158,1442.8283757266263,0,0
28,TRANSFER,14.045676436813336,C5232,9413.785065540582,9399.739389103768,M5232,91815.28724051976,91829.33291695658,1,0
13,CASH_IN,14.469569383699008,C690,12632.140564955922,12617.670995572224,M690,163.0772504865051,177.5468198702041,0,0
71,TRANSFER,29.36009366249975,C1819,1293.070044374785,1263.7099507122853,M1819,34381.65801276574,34411.018106428244,0,0
70,TRANSFER,171.42191676369637,C4578,45424.25994351318,45252.83802674948,M4578,246.84371524852315,418.2656320122195,0,0
82,TRANSFER,51.456949257101286,C4027,14843.4916616179,14792.0347123608,M4027,496.7041594505873,548.1611087076886,0,0
43,PAYMENT,44.06131827025057,C5266,2665.754713377904,2621.693395107653,M5266,970.9852384635852,1015.0465567338356,1,0
61,DEBIT,373.55478452608855,C1698,620.0399235037137,246.48513897762516,M1698,4632.035168234009,5005.589952760098,0,0
24,PAYMENT,100.47176140850554,C2998,56614.82284429451,56514.35108288601,M2998,6747.920490462188,6848.392251870694,0,0
95,TRANSFER,289.40693601403564,C1018,7891.275676406703,7601.868740392668,M1018,5064.519493614021,5353.926429628056,0,0
36,PAYMENT,199.4295430990804,C748,125.68202856881196,0.0,M748,88332.3649846686,88531.79452776768,0,0
13,PAYMENT,2387.659951816955,C4517,205.8784926909347,0.0,M4517,5705.968863520906,8093.628815337861,0,0
4,TRANSFER,868.0052838188054,C4017,62670.36150871552,61802.35622489672,M4017,14160.338136395145,15028.34342021395,0,0
70,CASH_IN,44.84554186762151,C2487,2402.4649918337004,2357.6194499660787,M2487,1279.6933135451245,1324.538855412746,0,0
15,PAYMENT,179.75475528769897,C87,1316.1423013817778,1136.3875460940787,M87,23.488911142036528,203.2436664297355,0,0
27,TRANSFER,237.30655999913705,C932,13182.38410575215,12945.077545753013,M932,32161.34396434461,32398.650524343757,0,0
50,DEBIT,129.31839110500292,C3156,5836.579919661076,5707.261528556073,M3156,1979.0541843037563,2108.372575408759,0,0
31,PAYMENT,729.5154893029896,C1586,942.676588518512,213.16109921552243,M1586,6891.259860916563,7620.775350219553,0,0
59,PAYMENT,510.90909641068737,C1574,1080.183858260454,569.2747618497665,M1574,5726.075317320444,6236.984413731131,0,0
28,TRANSFER,55.783651548440034,C3628,5092.072494707701,5036.288843159261,M3628,54367.27097763867,54423.05462918711,0,0
2,TRANSFER,1.038006238693307,C2138,2245.752484797108,2244.7144785584146,M2138,115737.47903121445,115738.51703745314,0,0
60,CASH_OUT,72.98356401598507,C4495,6283.389302139683,6210.405738123698,M4495,196.84122297469077,269.8247869906758,0,0
86,CASH_OUT,442.6583499155952,C990,3472.975460781578,3030.3171108659826,M990,1703.0549780499955,2145.713327965591,0,0
15,CASH_OUT,1373.2342859099567,C3926,23372.25283977371,21999.01855386376,M3926,859.0752767831635,2232.3095626931204,0,0
18,CASH_IN,138.6915868745106,C3683,2067.1718174919565,1928.4802306174456,M3683,14001.513520548202,14140.205107422713,0,0
10,CASH_IN,564.0182576035621,C2766,5871.779561386064,5307.761303782502,M2766,24.15980527698028,588.1780628805424,0,0
30,PAYMENT,61.26750588373868,C1794,17708.950206470334,17647.682700586596,M1794,207616.7500334518,207678.01753933556,0,0
15,PAYMENT,101.18285793635638,C1185,998.7806458445,897.5977879081436,M1185,702.5931226597314,803.7759805960878,0,0
6,DEBIT,12.203781778223576,C3540,11137.695559421436,11125.491777643212,M3540,75945.30442802036,75957.50820979859,0,0
91,CASH_OUT,154.9126086495529,C4717,24042.3972401805,23887.484631530948,M4717,839.5507612236045,994.4633698731574,0,0
72,TRANSFER,38.02921367383364,C5006,1362.7736758189478,1324.744462145114,M5006,92010.71695162552,92048.74616529934,1,0
54,PAYMENT,1407.8795531024275,C1691,24468.92622550144,23061.04667239901,M1691,56918.8513861285,58326.73093923093,0,0
99,DEBIT,10767.062017245082,C3199,6450.723344420763,0.0,M3199,25512.543605243496,36279.605622488576,0,0
62,TRANSFER,33.85440803753257,C5568,316.83274179784735,282.9783337603148,M5568,115.61874297422534,149.47315101175792,1,0
28,TRANSFER,98.4147941522919,C3220,7690.613300250026,7592.198506097735,M3220,7437.711657140997,7536.126451293288,0,0
17,TRANSFER,268.13003942924826,C2857,30864.85720813588,30596.72716870663,M2857,1482.9959408186196,1751.1259802478678,0,0
31,TRANSFER,148.85703530326774,C2805,558.761051263535,409.9040159602673,M2805,32690.74613575029,32839.60317105356,0,0
2,DEBIT,270.732418011396,C15,518.7336597962371,248.0012417848412,M15,127794.84970811462,128065.582126126,0,0
59,PAYMENT,172.7439104344084,C4877,6255.695027595196,6082.951117160787,M4877,936.2185901790286,1108.962500613437,0,0
18,CASH_IN,12.986716628931145,C1964,345615.5337508086,345602.5470341797,M1964,387.3769663538289,400.36368298276005,0,0
54,CASH_OUT,167.22335456236044,C4124,10465.765981304654,10298.542626742294,M4124,708.641832019231,875.8651865815914,0,0
68,TRANSFER,7.2619328157912335,C575,7935.63204326855,7928.370110452758,M575,15879.132195457732,15886.394128273523,0,0
83,PAYMENT,0.8876626504592746,C3009,1020.6954037182064,1019.8077410677472,M3009,10594.470218097513,10595.35788074797,0,0
32,TRANSFER,1261.8366901088616,C2555,880.9228632012118,0.0,M2555,1595.450927264953,2857.2876173738146,0,0
89,DEBIT,87.14672531915389,C1709,902.1864194790868,815.039694159933,M1709,1256.866593747282,1344.0133190664358,0,0
61,DEBIT,1503.8290329805416,C4953,55164.75655721707,53660.92752423653,M4953,4248.098033861755,5751.927066842296,0,0
43,DEBIT,647.6225572509612,C2583,188076.15561629776,187428.5330590468,M2583,1529.0232627341677,2176.645819985129,0,0
90,DEBIT,622.1032319414959,C1211,1343.4984644102926,721.3952324687967,M1211,3486.665326794485,4108.768558735981,0,0
62,PAYMENT,12.49133999112949,C1038,2975.6141705849013,2963.122830593772,M1038,9808.917614815557,9821.408954806684,0,0
96,CASH_IN,65.42870407768797,C5212,511.83401004166063,446.40530596397264,M5212,4009.087456619777,4074.516160697465,1,0
63,CASH_OUT,167.38289155626464,C4855,5451.641205721944,5284.25831416568,M4855,2611.077048760269,2778.459940316533,0,0
19,PAYMENT,685.8834249650427,C263,8530.907515669474,7845.024090704432,M263,2503.5002292288787,3189.3836541939213,0,0
55,CASH_OUT,128.97614793864284,C3099,1102.441662574797,973.465514636154,M3099,336.9252388346924,465.9013867733352,0,0
45,DEBIT,194.4964228055072,C2783,31060.00060226049,30865.504179454987,M2783,3713.954755993128,3908.451178798636,0,0
84,CASH_OUT,1039.2947745077277,C2868,56203.8054586917,55164.51068418397,M2868,3881.3220658638857,4920.616840371613,0,0
63,DEBIT,166.40605238308228,C4830,1159.060738538227,992.6546861551448,M4830,416.7121934732386,583.1182458563209,0,0
51,PAYMENT,1337.4756873786769,C4525,3173.8956273774893,1836.4199399988124,M4525,1037.3542447235473,2374.829932102224,0,0
9,DEBIT,13.121775490547606,C4391,6675.702876895555,6662.581101405008,M4391,173.30918317373917,186.4309586642868,0,0
32,TRANSFER,25.706441338100365,C381,92.31347109840864,66.60702976030827,M381,360.7731603274939,386.4796016655943,0,0
92,CASH_IN,129.18839809517334,C2648,11373.228984333638,11244.040586238463,M2648,42743.52694025462,42872.71533834979,0,0
4,CASH_OUT,199.6233434328781,C532,3098.459678903599,2898.8363354707208,M532,180.25749077552663,379.8808342084048,0,0
21,CASH_OUT,718.2730509058806,C799,5442.499603229106,4724.226552323225,M799,188317.1888097272,189035.46186063305,0,0
54,TRANSFER,23464.47419523498,C2977,1357.90295254217,0.0,M2977,452.2165851120344,23916.690780347013,0,0
63,CASH_IN,167.49977205912512,C1301,5399.995574436079,5232.495802376953,M1301,484683.0211229023,484850.52089496143,0,0
74,CASH_OUT,1.6117557287418778,C3722,1625.8846392232365,1624.2728834944944,M3722,67.18848931487341,68.80024504361529,0,0
8,TRANSFER,86.41987197817494,C330,1155.9861107664858,1069.5662387883108,M330,19103.637436150093,19190.057308128267,0,0
98,CASH_OUT,1202.6855943022465,C4779,1277.8068678443396,75.12127354209338,M4779,17716.599064660724,18919.28465896297,0,0
59,CASH_IN,282.9479049505041,C5381,29438.672022388462,29155.72411743796,M5381,16712.86702397478,16995.814928925283,1,0
76,CASH_OUT,781.6130171415762,C4628,70.11208685750456,0.0,M4628,14800.65966954491,15582.272686686489,0,0
89,PAYMENT,916.6480857808476,C1125,2158.340957799044,1241.692872018196,M1125,766.0588042518539,1682.7068900327015,0,0
12,PAYMENT,1.4313196244893158,C3601,4121.606681234367,4120.175361609878,M3601,4853.920192608708,4855.351512233197,0,0
17,TRANSFER,17.02732122135895,C5159,120614.07660392998,120597.0492827086,M5159,11374.52745936677,11391.554780588129,1,0
65,PAYMENT,11523.992212861394,C669,836.5372371144812,0.0,M669,86132.23955711738,97656.23176997878,0,0
10,CASH_IN,54.97784665353,C2971,94.1745664765438,39.19671982301379,M2971,2198.6899740054077,2253.667820658937,0,0
96,CASH_OUT,311.54740300749864,C4355,2794.108367277901,2482.560964270402,M4355,57096.8196954305,57408.367098438,0,0
80,CASH_OUT,17.117246364132836,C2529,40.89279760969574,23.775551245562905,M2529,292.81673937289,309.93398573702285,0,0
75,CASH_IN,23.07990524302419,C577,1319.5536642336665,1296.4737589906424,M577,3364.1211122865334,3387.2010175295577,0,0
83,TRANSFER,516.0451013086584,C1312,4577.599434994321,4061.554333685663,M1312,12597.025835993009,13113.070937301663,0,0
62,DEBIT,90.5543876023916,C1645,1085.0703893533455,994.5160017509542,M1645,11040.012531291064,11130.566918893455,0,0
7,TRANSFER,49.36634637338328,C1153,4287.908825176909,4238.542478803526,M1153,29243.37577953537,29292.74212590876,0,0
11,PAYMENT,67.7202969327842,C2737,17420.694078360422,17352.973781427638,M2737,2836.671352972155,2904.391649904939,0,0
15,TRANSFER,8072.395305885453,C2856,3779.119853092065,0.0,M2856,34490.69384979609,42563.08915568154,0,0
51,DEBIT,403.4183375057726,C1477,43703.69163773208,43300.27330022631,M1477,863.4808164908153,1266.899153996588,0,0
99,CASH_IN,0.539833537174872,C3360,428.74437725707526,428.2045437199004,M3360,828.4272707527165,828.9671042898914,0,0
97,CASH_IN,170.79905983206712,C2481,366.7046293414691,195.905569509402,M2481,8258.238509962259,8429.037569794325,0,0
63,CASH_OUT,491.9082295440915,C703,936.3770403826906,444.46881083859904,M703,784.3575687204246,1276.2657982645162,0,0
75,PAYMENT,1560.7348464188665,C305,2080.380767967916,519.64592154905,M305,3079.814597947523,4640.549444366389,0,0
65,TRANSFER,206.37935841875984,C5017,80183.89657183769,79977.51721341892,M5017,232.27196066172897,438.65131908048886,1,0
67,CASH_IN,4812.485381771142,C3694,678.2169023312322,0.0,M3694,22153.38673309475,26965.87211486589,0,0
60,DEBIT,6.163702149774638,C1095,3877.593999510025,3871.4302973602503,M1095,11182.8684006662,11189.032102815976,0,0
25,CASH_OUT,24.13264791395252,C5057,488.9628725068444,464.8302245928919,M5057,700.752353556609,724.8850014705615,1,0
69,CASH_OUT,21.921352574297455,C1902,1612.06310747253,1590.1417548982324,M1902,3276.16289798772,3298.084250562017,0,0
57,CASH_OUT,403.68782340187664,C724,23797.86205952444,23394.17423612256,M724,812.2584646832,1215.9462880850767,0,0
60,DEBIT,752.3785405760004,C2655,13747.493900563164,12995.115359987163,M2655,8950.817881000117,9703.196421576118,0,0
99,DEBIT,40.96968332536252,C3306,756.4705980254494,715.5009147000868,M3306,168.29300754364593,209.26269086900845,0,0
10,PAYMENT,69.06783673094843,C4424,1842.3682629682744,1773.300426237326,M4424,23762.74339565073,23831.81123238168,0,0
97,DEBIT,43.92162696259268,C2916,698.0778293910382,654.1562024284456,M2916,17000.977597341775,17044.89922430437,0,0
63,PAYMENT,279.1578726023602,C2079,2339.2610598809088,2060.1031872785484,M2079,44167.48347687322,44446.641349475576,0,0
23,TRANSFER,4168.737089194239,C396,68.05058308309583,0.0,M396,884.3643854626451,5053.101474656884,0,0
99,TRANSFER,111.71864963685408,C3390,6314.957433211288,6203.238783574434,M3390,5809.033369327795,5920.752018964649,0,0
6,DEBIT,179.54492617209684,C1764,15.04432652829346,0.0,M1764,225212.1170166396,225391.66194281165,0,0
12,CASH_IN,610.5453504039107,C4206,2528.7835905547927,1918.238240150882,M4206,3112.000038840508,3722.5453892444175,0,0
90,CASH_IN,26.263560928567323,C5412,288.57347768068405,262.30991675211675,M5412,7635.558820705311,7661.822381633879,1,0
19,PAYMENT,1158.993504144237,C3002,8608.877576526644,7449.884072382407,M3002,24223.79925496415,25382.792759108383,0,0
2,TRANSFER,180.45307509244944,C4727,512.3496160635547,331.8965409711052,M4727,1337.4970987127815,1517.950173805231,0,0
80,CASH_IN,162.90368929409485,C2418,12850.727954626616,12687.82426533252,M2418,1202.9998849203405,1365.9035742144351,0,0
65,PAYMENT,95.76261904894126,C4357,604.225045188179,508.4624261392378,M4357,65618.6892941361,65714.45191318504,0,0
58,PAYMENT,680.7827201117375,C692,299450.5815184813,298769.7987983696,M692,11782.289728724623,12463.07244883636,0,0
58,CASH_IN,9386.844737907517,C2767,84957.46699552737,75570.62225761985,M2767,80.6248326525341,9467.469570560052,0,0
27,CASH_IN,1014.293407840256,C4393,1146.8920914051268,132.59868356487073,M4393,276.52857651010123,1290.8219843503573,0,0
62,CASH_IN,192.75236866887437,C4492,3848.507722039883,3655.755353371009,M4492,41219.29576351911,41412.04813218799,0,0
89,CASH_OUT,28.21034881967348,C2893,1027.4261047380478,999.2157559183744,M2893,1091.7703160020872,1119.980664821761,0,0
75,PAYMENT,7238.482454223819,C3749,176.23797377564622,0.0,M3749,34693.53543033004,41932.01788455386,0,0
64,DEBIT,123.77232862617127,C1813,2526.3401071969697,2402.5677785707985,M1813,631.3798578274009,755.1521864535722,0,0
25,CASH_OUT,87.20705784430173,C2827,34254.259930423694,34167.05287257939,M2827,908.5394280177646,995.7464858620664,0,0
88,CASH_OUT,34.81416421648945,C132,283.21573073982074,248.4015665233313,M132,42565.06704749724,42599.88121171373,0,0
91,CASH_IN,16.647710842493545,C3729,155.98579855488674,139.3380877123932,M3729,3873.073921254709,3889.7216320972025,0,0
35,PAYMENT,24.39921820098782,C1368,38261.84115289912,38237.44193469813,M1368,11944602.977799945,11944627.377018144,0,0
46,PAYMENT,10.464296985269334,C1623,258.8778898904561,248.4135929051868,M1623,2504.651845016482,2515.1161420017515,0,0
90,CASH_IN,172.7288862621506,C1596,5187.861815427933,5015.132929165782,M1596,1319.7203837879724,1492.449270050123,0,0
63,TRANSFER,13918.70809789953,C1138,2825.410572410864,0.0,M1138,10202.475283620755,24121.183381520284,0,0
84,TRANSFER,185.84338568534736,C1079,12838.112525628349,12652.269139943,M1079,1536.331942455172,1722.1753281405197,0,0
13,DEBIT,1645.1000115580675,C3289,7173.840328608483,5528.740317050416,M3289,4199.159395517852,5844.25940707592,0,0
54,TRANSFER,0.7416536211863799,C4496,3193.1173979364803,3192.375744315294,M4496,9342.736860342353,9343.478513963537,0,0
81,PAYMENT,6.529374173119635,C4360,881.4451890326675,874.9158148595478,M4360,24110.282469795,24116.81184396812,0,0
4,CASH_IN,783.0769129753744,C1601,255015.9028767983,254232.8259638229,M1601,230.47116250661156,1013.548075481986,0,0
40,CASH_OUT,15.92937016550944,C5015,14248.360627519663,14232.431257354156,M5015,484.0038330636817,499.9332032291912,1,0
17,DEBIT,4890.226418644967,C2244,373.91899704854455,0.0,M2244,1127.3095838109862,6017.536002455954,0,0
92,DEBIT,10.068931468273396,C472,7076.357445537017,7066.288514068744,M472,29484.034815150862,29494.10374661914,0,0
59,DEBIT,198.9513964687202,C2198,39161.93597240103,38962.98457593231,M2198,70659.92303211942,70858.87442858814,0,0
17,DEBIT,305.5473272225807,C1142,144.9492795385339,0.0,M1142,6044.6559253044825,6350.203252527063,0,0
60,DEBIT,15.552195462141864,C2304,100.30723324920037,84.7550377870585,M2304,17998.621595079443,18014.173790541587,0,0
57,DEBIT,910.5382674544333,C3382,2484.2386535601004,1573.7003861056671,M3382,37436.8721199095,38347.41038736393,0,0
86,CASH_OUT,261.8193411848835,C3785,22188.19941707704,21926.38007589216,M3785,8606.7265291244,8868.545870309285,0,0
22,CASH_OUT,80.31520896100913,C919,3760.011656918917,3679.696447957908,M919,2141.245329624256,2221.560538585265,0,0
71,TRANSFER,102.4698475003559,C5365,23339.01995566952,23236.550108169165,M5365,613.2284557321328,715.6983032324887,1,0
82,PAYMENT,16.959325091875133,C771,1160.7217547291891,1143.762429637314,M771,2103.240991050501,2120.2003161423763,0,0
93,CASH_IN,13.148626452852566,C2161,1405.5514497026447,1392.4028232497922,M2161,9435.30551965522,9448.454146108072,0,0
28,DEBIT,140.61336083302513,C5592,3687.169333760163,3546.555972927138,M5592,13466.81055689798,13607.423917731006,1,0
17,PAYMENT,117.70483663177828,C362,822.8152076653686,705.1103710335904,M362,2047.4577420676424,2165.1625786994205,0,0
52,DEBIT,21.27078667187539,C1674,377.1417292967606,355.87094262488523,M1674,4567.111592159985,4588.3823788318605,0,0
30,CASH_IN,247.8949017206369,C3094,203.00008966732,0.0,M3094,28215.10758626815,28463.002487988782,0,0
71,CASH_OUT,11744.678001521535,C3428,376.7423902032802,0.0,M3428,30788.58123920112,42533.259240722655,0,0
82,DEBIT,152.53467071113312,C859,80.96688455048326,0.0,M859,3122.948272818499,3275.482943529632,0,0
75,CASH_OUT,17.30633016451629,C1880,30.7543162094226,13.447986044906308,M1880,87.07548815041761,104.3818183149339,0,0
57,CASH_IN,36.90156119040625,C5096,4591.023679469118,4554.122118278712,M5096,48.36831862774694,85.26987981815319,1,0
24,PAYMENT,2452.31787819057,C4480,8636.015570959795,6183.697692769225,M4480,63990.4480871095,66442.76596530007,0,0
4,DEBIT,48.14056044808646,C675,8798.794028884,8750.653468435914,M675,759.6582234650043,807.7987839130908,0,0
70,DEBIT,4.222866030514717,C1741,5307.727858599295,5303.504992568781,M1741,7312.256142158897,7316.479008189412,0,0
13,TRANSFER,23.686857951383967,C5569,2897.019933181072,2873.3330752296883,M5569,1384.0511051646477,1407.7379631160316,1,0
26,CASH_OUT,7526.881339944724,C4768,140.9975100283198,0.0,M4768,433.39313448583664,7960.27447443056,0,0
69,CASH_IN,553.4031289922037,C5303,98655.29915704456,98101.89602805238,M5303,2811.9257538203788,3365.3288828125824,1,0
54,CASH_OUT,35.91483067145479,C224,147.2659572806395,111.35112660918472,M224,348.02476614602887,383.9395968174837,0,0
16,PAYMENT,45.24388119936722,C734,351.35972337225775,306.1158421728905,M734,95063.57542222174,95108.8193034211,0,0
5,CASH_OUT,215.60031793080688,C2815,5958.180243786154,5742.579925855347,M2815,14101.69033583839,14317.290653769196,0,0
28,DEBIT,87.84546049471476,C754,342.5675164907125,254.7220559959977,M754,6507.17964885474,6595.025109349454,0,0
11,DEBIT,61.35780479859873,C1858,1572.4627886889916,1511.104983890393,M1858,1038.6687091990857,1100.026513997684,0,0
8,CASH_OUT,111.2215413381992,C2121,20080.4931179628,19969.2715766246,M2121,1338.7461386012535,1449.9676799394529,0,0
7,TRANSFER,68.97215293940152,C1384,5509.413035527711,5440.440882588309,M1384,1054.7119443397442,1123.6840972791456,0,0
96,CASH_IN,32.552396772727086,C4547,9605.392234653307,9572.83983788058,M4547,10881.229256672545,10913.781653445272,0,0
98,TRANSFER,34.24842174762622,C858,21918.00095789972,21883.752536152093,M858,5043.83911166128,5078.087533408906,0,0
50,CASH_OUT,6034.17810959587,C857,3883.39993613357,0.0,M857,130.67691898841,6164.85502858428,0,0
95,DEBIT,34.7657462016241,C4490,15792.00670224587,15757.240956044248,M4490,113.17016110552832,147.9359073071524,0,0
56,PAYMENT,619.163588302757,C3738,3669.8542276155863,3050.6906393128297,M3738,3812.68668420353,4431.850272506287,0,0
23,DEBIT,1412.3077560662628,C966,8113.617590581862,6701.3098345156,M966,1051.8843790218505,2464.192135088113,0,0
86,PAYMENT,3244.1844593975434,C4298,13038.34938946966,9794.164930072116,M4298,2092.975894405015,5337.160353802558,0,0
35,DEBIT,2020.280683056748,C5275,9286.24122339204,7265.9605403352925,M5275,94924.92990973328,96945.21059279,1,0
32,CASH_OUT,16.09241377467647,C1314,760.7236989622664,744.6312851875899,M1314,343.1228162768154,359.21523005149186,0,0
54,CASH_OUT,142.03838135738263,C4741,14292.491624174345,14150.45324281696,M4741,8554.104713504166,8696.143094861549,0,0
32,DEBIT,256.67533567429604,C1372,332.5771524203831,75.90181674608704,M1372,103388.46452093794,103645.13985661224,0,0
73,TRANSFER,59.00314766728045,C124,16467.964879974315,16408.961732307034,M124,1240.7043924609102,1299.7075401281909,0,0
10,DEBIT,72.27147866629113,C4152,197.7680472345945,125.49656856830336,M4152,13993.43220008268,14065.703678748972,0,0
28,CASH_IN,26.592832537970978,C955,56.58074832329069,29.987915785319714,M955,8212.114291776074,8238.707124314045,0,0
47,DEBIT,18.182392549600277,C4509,39080.68755653101,39062.505163981405,M4509,2270.4515049200977,2288.633897469698,0,0
81,CASH_OUT,219.01848168990503,C4314,433.6191736360905,214.60069194618544,M4314,759.1704879783283,978.1889696682332,0,0
95,DEBIT,393.55362441107127,C525,2478.206885558422,2084.653261147351,M525,79.14004679403625,472.69367120510753,0,0
83,PAYMENT,1329.0010759676588,C3544,257.2732435826832,0.0,M3544,5962.385711579072,7291.386787546731,0,0
7,DEBIT,187.79736192232835,C574,56168.66209143832,55980.864729516,M574,5412.901041502321,5600.69840342465,0,0
20,CASH_OUT,91.3865690828992,C3510,73759.81102837021,73668.42445928731,M3510,910.9269310431368,1002.313500126036,0,0
34,CASH_IN,1906.849487497254,C1344,4247.253105420811,2340.403617923557,M1344,238.1925756433464,2145.0420631406005,0,0
38,TRANSFER,116.58347070454312,C341,15357.82236260354,15241.238891898996,M341,68.05147988707144,184.6349505916145,0,0
30,PAYMENT,274.9952305197342,C3762,34130.16456031183,33855.169329792094,M3762,57.1808677513046,332.1760982710388,0,0
22,CASH_OUT,46.65108700846543,C2445,16103.205433093046,16056.55434608458,M2445,8481.02222205587,8527.673309064336,0,0
39,TRANSFER,17.298976133959115,C1622,291.3729469272338,274.07397079327467,M1622,4094.008325261443,4111.307301395403,0,0
84,TRANSFER,5353.897100354474,C4744,920.4151251344662,0.0,M4744,9353.283822631654,14707.180922986128,0,0
28,TRANSFER,94.18252275381204,C4320,232857.9024333196,232763.71991056576,M4320,5443.3305703829965,5537.5130931368085,0,0
86,CASH_IN,1366.834125812297,C670,61861.76702348288,60494.93289767058,M670,682.5685261874812,2049.4026519997788,0,0
19,CASH_OUT,15.504457648070437,C3006,399.9374603820095,384.433002733939,M3006,70.9986944270565,86.50315207512695,0,0
49,DEBIT,11767.361580609251,C2375,77.30796261721096,0.0,M2375,12905.6172562681,24672.97883687735,0,0
64,TRANSFER,818.0173975657677,C352,924.2538625817238,106.236465015956,M352,14345.79979774741,15163.817195313177,0,0
1,CASH_OUT,1022.8565865379808,C731,298.5986687339369,0.0,M731,1163.4266902635927,2186.2832768015733,0,0
93,PAYMENT,255.3436723723051,C3062,1137.5127936932956,882.1691213209906,M3062,8258.306759123445,8513.65043149575,0,0
51,TRANSFER,223.88566947098676,C911,22699.811306899403,22475.925637428416,M911,22.33215051462215,246.21781998560888,0,0
67,DEBIT,566.6362231374502,C390,5572.7658548604095,5006.129631722959,M390,4537.50304502982,5104.139268167271,0,0
33,DEBIT,2713.046055977263,C706,73692.98155490041,70979.93549892315,M706,25457.803216132856,28170.84927211012,0,0
16,PAYMENT,10.800796044088004,C3357,15080.236100793853,15069.435304749764,M3357,559.7071712799196,570.5079673240076,0,0
12,DEBIT,47.18386606324559,C550,6545.569017444071,6498.385151380825,M550,1778.5645639336767,1825.7484299969224,0,0
10,CASH_IN,2146.434407043938,C3198,2947.629635041917,801.1952279979787,M3198,388.1938135857952,2534.6282206297333,0,0
70,CASH_OUT,696.1100152495652,C2551,862.0033521513332,165.89333690176795,M2551,12478.060279747797,13174.170294997362,0,0
2,TRANSFER,45.06308466352048,C399,20.291583040517278,0.0,M399,222.9179229481059,267.9810076116264,0,0
38,PAYMENT,2733.2112410992463,C4513,2263.364229675576,0.0,M4513,8608.242219589538,11341.453460688785,0,0
59,TRANSFER,199.82563904057133,C5179,33581.01709640098,33381.19145736041,M5179,122.10542866904292,321.93106770961424,1,0
5,CASH_OUT,40.85666207462551,C4914,1524.464252913766,1483.6075908391406,M4914,682.2927534936022,723.1494155682277,0,0
17,PAYMENT,62.86492082040669,C4091,28978.877227643952,28916.012306823544,M4091,6394.49003512066,6457.354955941067,0,0
77,TRANSFER,450.27515832055184,C4316,532.9914344556391,82.7162761350873,M4316,10958.671485884606,11408.946644205158,0,0
62,PAYMENT,1063.6551897963316,C1123,2223.9354996198717,1160.2803098235397,M1123,31237.62589265364,32301.28108244997,0,0
22,TRANSFER,6717.973921769681,C3506,415.8999923279347,0.0,M3506,3880.002151774998,10597.976073544678,0,0
22,TRANSFER,34.99796400950125,C1494,151.05880068153218,116.06083667203092,M1494,4752.204534850817,4787.202498860319,0,0
29,TRANSFER,30.027109040882547,C4051,943.2509465041578,913.2238374632752,M4051,5494.616213601378,5524.6433226422605,0,0
81,CASH_IN,165.7094985519179,C1502,2269717.6117231087,2269551.9022245565,M1502,11576.2564286035,11741.96592715542,0,0
50,PAYMENT,26.252412761345987,C1096,13059.783039464874,13033.530626703528,M1096,9936.776040166453,9963.028452927798,0,0
82,CASH_IN,52.243447094368,C3619,140.7545491538475,88.51110205947953,M3619,47964.0953385513,48016.33878564567,0,0
59,PAYMENT,36.35199876085765,C258,2590.6565093778336,2554.304510616976,M258,23278.983917097317,23315.33591585817,0,0
95,CASH_OUT,2245.2035638634275,C5276,425.6382420530885,0.0,M5276,71174.32021056248,73419.5237744259,1,0
36,TRANSFER,13.9392865623068,C2395,22234.13761255893,22220.198325996625,M2395,485.2717971291505,499.2110836914573,0,0
9,TRANSFER,156.98967515229384,C2411,16604.43008997781,16447.440414825516,M2411,5430.621799120806,5587.6114742731,0,0
3,TRANSFER,1246.671037203349,C1687,2266.4746615430595,1019.8036243397104,M1687,3756.673530927344,5003.344568130693,0,0
62,CASH_IN,13.470506152457691,C91,2325.943734593584,2312.473228441126,M91,11616.541805359742,11630.0123115122,0,0
67,TRANSFER,114.986352497519,C2503,91563.24701601024,91448.26066351272,M2503,19256.89531678796,19371.88166928548,0,0
38,TRANSFER,7196.730353102292,C3195,42.73266426316763,0.0,M3195,495.7883965860586,7692.51874968835,0,0
97,TRANSFER,42.67278658865299,C3023,17710.02155661428,17667.348770025626,M3023,27754.290772028813,27796.963558617463,0,0
22,DEBIT,482.9317139425855,C26,167.35249107099386,0.0,M26,140.8098925146291,623.7416064572146,0,0
79,TRANSFER,5.622098969845935,C1569,207.61180952027195,201.98971055042605,M1569,2716.9382904186773,2722.560389388523,0,0
48,DEBIT,716.8951434611955,C3018,2199.4399246489343,1482.5447811877389,M3018,2262.949598490993,2979.8447419521885,0,0
15,PAYMENT,44.15820122371464,C5368,2497.157068821597,2452.998867597882,M5368,632.9843333938709,677.1425346175855,1,0
70,TRANSFER,480.1589484533008,C2268,1121.1036493258127,640.9447008725119,M2268,3118.675433879393,3598.8343823326936,0,0
49,PAYMENT,5966.188927272562,C2084,448.685730180202,0.0,M2084,1056.8186414335346,7023.007568706096,0,0
92,CASH_IN,3130.40837995788,C1329,24631.508734793933,21501.100354836053,M1329,660.5195694767701,3790.92794943465,0,0
73,CASH_IN,17.23943798711042,C2569,9800.690815057897,9783.451377070784,M2569,17780.292368107876,17797.531806094987,0,0
39,CASH_IN,281.7308843620852,C5142,14036.942594638913,13755.211710276828,M5142,415.8781146644809,697.608999026566,1,0
17,TRANSFER,2655.097756910855,C3962,3798.350537361208,1143.252780450353,M3962,215.093470479786,2870.191227390641,0,0
21,TRANSFER,38.61825141012078,C3796,14972.339317220714,14933.721065810594,M3796,9757.286918039488,9795.905169449608,0,0
59,DEBIT,44.65334330977842,C5115,5498.107785698635,5453.4544423888565,M5115,25490.10686167445,25534.760204984228,1,0
67,TRANSFER,349.5203402130918,C3920,3072.2311803576445,2722.7108401445525,M3920,191.2486812378576,540.7690214509494,0,0
87,DEBIT,4824.825671634955,C1545,371.2086115066824,0.0,M1545,51.042423551019134,4875.868095185974,0,0
13,PAYMENT,448.3471014471551,C1605,538.5330618882508,90.18596044109567,M1605,303.5285830051997,751.8756844523548,0,0
16,CASH_IN,435.6228199985226,C1321,102372.75462660858,101937.13180661006,M1321,12575.934994380905,13011.557814379426,0,0
44,TRANSFER,163.78391925129011,C1521,5605.840094687344,5442.056175436054,M1521,10370.1369717222,10533.920890973488,0,0
10,DEBIT,50.39032951578755,C1341,328.370176020434,277.97984650464645,M1341,4331.449788045098,4381.840117560886,0,0
53,DEBIT,84.8503166927467,C231,147.25701165908535,62.40669496633865,M231,68.77245939785945,153.62277609060615,0,0
1,DEBIT,5710.143557190434,C488,2362.2744986947228,0.0,M488,91.18529008176344,5801.328847272197,0,0
62,DEBIT,10.650521768413231,C1669,6796.899891816343,6786.249370047929,M1669,9714.067642077893,9724.718163846304,0,0
30,PAYMENT,195.17395098973208,C5081,7897.32591798659,7702.1519669968575,M5081,9340.449614665862,9535.623565655596,1,0
31,CASH_IN,1960.314621643391,C2526,343.2026054395541,0.0,M2526,8170.879414025998,10131.194035669389,0,0
10,CASH_IN,4305.360503650772,C4390,32666.593767098584,28361.23326344781,M4390,27.360730957613995,4332.721234608385,0,0
54,TRANSFER,40.94336929301336,C3682,659.5916172873281,618.6482479943147,M3682,333.1593382403709,374.10270753338426,0,0
30,DEBIT,6.663896910318991,C871,5253.46658500798,5246.802688097661,M871,58048.54995684643,58055.21385375675,0,0
20,CASH_OUT,11635.336645363366,C300,190.06664226039112,0.0,M300,175062.29586375246,186697.63250911585,0,0
22,CASH_OUT,139.02723820823903,C3417,9469.737362572389,9330.71012436415,M3417,6016.996875328369,6156.024113536609,0,0
62,TRANSFER,77.2823088177635,C5513,993.015519701216,915.7332108834528,M5513,300.3370758955619,377.6193847133254,1,0
5,DEBIT,932.1628396454472,C2333,1410.7058813974272,478.5430417519799,M2333,2151.91833308639,3084.081172731837,0,0
57,CASH_OUT,288.1679328054747,C1039,10965.90723338995,10677.739300584475,M1039,1790.6169254458966,2078.784858251372,0,0
21,CASH_OUT,170.32445139110524,C2346,2839.347262178815,2669.0228107877097,M2346,10118.227159870734,10288.55161126184,0,0
98,PAYMENT,3843.86297635188,C2515,11819.098427350931,7975.235450999051,M2515,129.9571300561878,3973.820106408068,0,0
86,CASH_IN,6017.499279980375,C501,31285.217407787808,25267.718127807435,M501,376.461721851869,6393.961001832244,0,0
86,TRANSFER,238.0101795925717,C3812,14660.392875109656,14422.382695517084,M3812,332.9042735434582,570.9144531360299,0,0
37,DEBIT,110.41354184417575,C4973,1465.8586230216774,1355.4450811775016,M4973,97492.95056584167,97603.36410768586,0,0
60,CASH_IN,61.16815710672362,C3004,61199.0754601322,61137.90730302547,M3004,10075.10803471696,10136.276191823685,0,0
62,TRANSFER,108.2521945245002,C4709,1595.7628020703094,1487.510607545809,M4709,96.505861618079,204.7580561425792,0,0
77,CASH_OUT,13535.144830370871,C2277,6600.920261078863,0.0,M2277,98668.59038073276,112203.73521110365,0,0
87,CASH_IN,99.51233835744053,C5428,332.4688926666874,232.95655430924688,M5428,405.9900998667846,505.5024382242251,1,0
83,TRANSFER,115.40819655491391,C2784,447.0963626272172,331.68816607230326,M2784,9636.650019421431,9752.058215976343,0,0
69,DEBIT,1159.847200568525,C3607,238.44931678686328,0.0,M3607,397.0977699215652,1556.9449704900903,0,0
56,PAYMENT,57.56581420299104,C901,109.33986300221082,51.77404879921978,M901,5073.489306125764,5131.055120328754,0,0
51,TRANSFER,39.68355345090617,C3757,4346.051876383294,4306.368322932388,M3757,3719.601108232077,3759.2846616829834,0,0
48,CASH_IN,161.78070897837773,C5025,187.597448838189,25.816739859811264,M5025,1423.8899445894483,1585.6706535678263,1,0
93,TRANSFER,772.2311383335616,C5106,5144.43651660463,4372.205378271068,M5106,34475.742685884084,35247.973824217646,1,0
99,DEBIT,60.87846736355627,C3230,1294.1188818558571,1233.240414492301,M3230,1683.5156788062204,1744.3941461697766,0,0
36,DEBIT,12542.524009474357,C720,401.896923410992,0.0,M720,10418.35888926823,22960.882898742588,0,0
7,DEBIT,115.02684015743156,C3263,1639.9007329589065,1524.873892801475,M3263,330.11347444414974,445.1403146015813,0,0
38,TRANSFER,40.27100682956236,C2007,514.6783593913543,474.407352561792,M2007,1499.9440901741266,1540.215097003689,0,0
97,CASH_IN,82.4302534885179,C4652,1618.5745878492678,1536.1443343607498,M4652,1033.9724274028672,1116.402680891385,0,0
21,TRANSFER,1716.5154200546372,C2769,1755.4163069729625,38.90088691832512,M2769,65003.09601569041,66719.61143574504,0,0
64,DEBIT,519.179610025028,C2756,1171.626243660508,652.44663363548,M2756,1537.8744265630182,2057.054036588046,0,0
15,CASH_OUT,127.66412742791636,C2355,606732.8066362304,606605.1425088025,M2355,2655.71866666042,2783.382794088336,0,0
60,CASH_OUT,255.5726029418733,C5574,267.99935597980334,12.42675303793004,M5574,7053.798839758103,7309.371442699976,1,0
18,DEBIT,190.80929568388416,C782,19920.460607779893,19729.651312096008,M782,1361.8161629150927,1552.6254585989768,0,0
28,DEBIT,22.957623657816324,C2770,11260.103823798823,11237.146200141007,M2770,5572.557590505979,5595.515214163795,0,0
70,CASH_OUT,21.26871993929723,C235,7809.013391613259,7787.744671673961,M235,839.8818424446321,861.1505623839294,0,0
70,CASH_OUT,174.44548350988353,C4139,1588.0869068105455,1413.641423300662,M4139,1055.018153455076,1229.4636369649595,0,0
88,DEBIT,20.05811145200317,C958,2948.156477234641,2928.098365782638,M958,2740.23412165964,2760.292233111643,0,0
3,CASH_IN,12.374723258003264,C5163,3576.531545541561,3564.156822283558,M5163,2331.842171559499,2344.216894817502,1,0
92,PAYMENT,5.321566442250903,C916,734.0151577655973,728.6935913233465,M916,310.7288582981952,316.0504247404461,0,0
53,CASH_IN,256.8534983715846,C1007,372.9747623909639,116.12126401937928,M1007,4123.192961801137,4380.046460172722,0,0
17,PAYMENT,707.8269804003992,C1083,8141.13966260493,7433.312682204531,M1083,9035.284760657476,9743.111741057875,0,0
5,TRANSFER,69.42308058571604,C806,5810.922611295411,5741.499530709695,M806,1192.7518394289746,1262.1749200146903,0,0
50,CASH_OUT,14.89829570609632,C753,51.91588427677254,37.01758857067622,M753,1307.6610302310346,1322.559325937131,0,0
72,TRANSFER,33.39752037414751,C1548,7489.686380692523,7456.288860318376,M1548,483.2318951282201,516.6294155023676,0,0
98,TRANSFER,27.86129227781749,C2285,818.8806398591338,791.0193475813163,M2285,5408.54023479418,5436.401527071997,0,0
76,CASH_IN,261.54763993009294,C1192,279.8392677569724,18.29162782687945,M1192,42.48026364138041,304.02790357147336,0,0
23,DEBIT,1901.5249963260328,C2921,3572.5865310093345,1671.061534683302,M2921,1396.7285185735643,3298.2535148995967,0,0
5,PAYMENT,355.7347498739948,C2495,184.30809243337504,0.0,M2495,7370.14199523378,7725.876745107775,0,0
59,CASH_OUT,321.4423788826495,C4329,29066.94388008583,28745.50150120318,M4329,6965.73313094556,7287.17550982821,0,0
51,TRANSFER,27.944949490446557,C3055,3131.3957560392973,3103.450806548851,M3055,7912.96688661147,7940.911836101916,0,0
47,PAYMENT,465.1886279875623,C3318,473.9738142110802,8.78518622351794,M3318,3750.9615253224506,4216.150153310013,0,0
95,TRANSFER,28.37395155313255,C3945,5856.272211877348,5827.898260324216,M3945,2226.7436944321416,2255.117645985274,0,0
76,CASH_OUT,128.546090684683,C2024,17868.4402533515,17739.894162666817,M2024,380.6554451229196,509.2015358076026,0,0
38,PAYMENT,3930.7090975186416,C1062,256.2698044426473,0.0,M1062,2271.3570442331284,6202.0661417517695,0,0
82,PAYMENT,1095.065838426449,C4416,38092.47570835823,36997.40986993178,M4416,6883.299365741518,7978.365204167967,0,0
59,PAYMENT,2971.920572625069,C3398,8030.681836107162,5058.7612634820925,M3398,6500.440513977807,9472.361086602876,0,0
30,DEBIT,113.3367368593766,C3689,563.8812824462741,450.5445455868975,M3689,2580.348495963763,2693.68523282314,0,0
76,TRANSFER,1105.5351613032965,C2178,172754.52400227785,171648.98884097455,M2178,11399.214265208844,12504.74942651214,0,0
38,TRANSFER,10.278251771728344,C968,120.62008786096092,110.34183608923256,M968,23763.4618412437,23773.74009301543,0,0
11,PAYMENT,1106.9287197352214,C1730,1448.1995099146695,341.2707901794481,M1730,10194.337165231553,11301.265884966777,0,0
2,PAYMENT,32.94331243897077,C2671,166.45466484907988,133.5113524101091,M2671,1306.4029589230845,1339.3462713620552,0,0
6,DEBIT,41.94813787016797,C3312,44.93662361664092,2.9884857464729464,M3312,151.0630810973465,193.01121896751448,0,0
19,DEBIT,60.60907742241308,C612,1109.718232962735,1049.109155540322,M612,401.95734035078414,462.5664177731972,0,0
6,DEBIT,392.753174349657,C2037,6990.683131496367,6597.929957146709,M2037,57307.663526342905,57700.41670069256,0,0
48,CASH_OUT,7456.057254696592,C4326,37809.06332974218,30353.00607504559,M4326,7444.288533412034,14900.345788108623,0,0
29,CASH_OUT,1035.5505094395885,C4972,4905.393500876454,3869.842991436865,M4972,641.7471596693945,1677.2976691089827,0,0
57,PAYMENT,250.15751726073773,C5437,52095.55965741439,51845.40214015365,M5437,4827.81440441473,5077.971921675468,1,0
11,PAYMENT,10.788922135359094,C1401,81.87417358011632,71.08525144475723,M1401,2516.068544410832,2526.857466546191,0,0
67,DEBIT,11.0128653908534,C4387,96.8184281391366,85.8055627482832,M4387,19476.096236695783,19487.10910208664,0,0
26,TRANSFER,68.42567980261497,C1480,3692.8323111216,3624.4066313189846,M1480,1844.3219175003096,1912.7475973029248,0,0
55,CASH_IN,1253.3860314545843,C2532,3928.7347654610494,2675.3487340064657,M2532,491.67962857506126,1745.0656600296456,0,0
32,CASH_OUT,665.8317215810232,C4246,365.2651380369842,0.0,M4246,56.8762847003201,722.7080062813433,0,0
94,DEBIT,18.225421613874637,C5207,3228.4535720083586,3210.228150394484,M5207,13004.024617147146,13022.250038761022,1,0
13,CASH_IN,184.0739375507376,C4680,1479.6826302670945,1295.6086927163567,M4680,167699.1402368664,167883.21417441714,0,0
8,DEBIT,129.60389938422256,C898,5110.655516790247,4981.051617406025,M898,8489.616773289883,8619.220672674106,0,0
22,CASH_OUT,16.42373138133019,C4431,460586.1608693308,460569.73713794944,M4431,11531.307994599889,11547.73172598122,0,0
7,CASH_IN,214.71086669751324,C4134,3889.087339868702,3674.376473171189,M4134,1708.5749674283188,1923.285834125832,0,0
60,TRANSFER,18.62562729620349,C4177,1339.6041668135324,1320.978539517329,M4177,22267.252113103,22285.877740399203,0,0
69,DEBIT,3397.587091364666,C3744,616.8202387691007,0.0,M3744,8047.470274840299,11445.057366204965,0,0
73,CASH_OUT,71.3884133700189,C933,86755.04633606035,86683.65792269033,M933,4461.907691768869,4533.296105138888,0,0
5,TRANSFER,508.56177680727257,C2801,17516.384495516897,17007.822718709624,M2801,188463.79561948116,188972.3573962884,0,0
86,TRANSFER,373.9610441625347,C4222,960.4851002922942,586.5240561297595,M4222,713.9174750648025,1087.8785192273372,0,0
47,CASH_IN,2853.4367609323995,C38,2958.468063598366,105.03130266596644,M38,2386.3483228761747,5239.785083808574,0,0
34,DEBIT,46.2460706940097,C4130,1454.0617254915774,1407.8156547975675,M4130,1263.9191090038344,1310.165179697844,0,0
99,DEBIT,31.178685099433828,C1621,20236.43943711001,20205.26075201057,M1621,4209.713598874937,4240.892283974371,0,0
45,CASH_IN,3757.752439845269,C674,174.10858035810602,0.0,M674,10650.863778951312,14408.616218796582,0,0
68,DEBIT,28.810987099912687,C5564,4270.917313158566,4242.106326058653,M5564,323.28280517731565,352.0937922772283,1,0
33,DEBIT,7503.299120755776,C3480,99125.26171063834,91621.96258988256,M3480,1040.458811641703,8543.757932397479,0,0
67,PAYMENT,394.9459188066895,C4840,226.50712723964935,0.0,M4840,11418.87196797804,11813.81788678473,0,0
40,PAYMENT,1399.1767130866174,C1758,176.8662348420704,0.0,M1758,2196.370547524954,3595.547260611572,0,0
58,PAYMENT,51.83397737594441,C4420,1396.6902210687165,1344.856243692772,M4420,437.57943319678105,489.4134105727255,0,0
79,CASH_OUT,34.1399622122348,C205,82739.9851561666,82705.84519395436,M205,30333.591344755947,30367.73130696818,0,0
12,PAYMENT,4.389929040745795,C2843,10997.859750299853,10993.469821259108,M2843,275.4391059793265,279.8290350200723,0,0
62,PAYMENT,3.45590739416252,C2702,58906.92092298652,58903.46501559235,M2702,61.17956862230776,64.63547601647028,0,0
8,PAYMENT,31.063593915616067,C2773,1225.5073211768488,1194.4437272612329,M2773,8270.943807515308,8302.007401430925,0,0
16,PAYMENT,102.070273453007,C533,12007.532609156971,11905.462335703964,M533,17378.988105871485,17481.05837932449,0,0
28,TRANSFER,528.4880072607464,C620,1185.0402383878782,656.5522311271318,M620,1199.1077553746989,1727.5957626354452,0,0
58,DEBIT,888.1276966194968,C5139,26532.84079086186,25644.713094242365,M5139,3585.916308655324,4474.044005274821,1,0
1,PAYMENT,3428.835751563764,C530,6025.364412592441,2596.528661028677,M530,649.753789027103,4078.589540590867,0,0
35,PAYMENT,90.03010606601077,C65,344.2590496719801,254.2289436059693,M65,1488.47042854268,1578.500534608691,0,0
34,PAYMENT,130.6533587055591,C4835,1122.0890363194392,991.43567761388,M4835,57.0658223481792,187.71918105373828,0,0
50,PAYMENT,46.31589656536636,C4317,9178.731188258049,9132.415291692683,M4317,5385.146297241058,5431.462193806425,0,0
92,CASH_IN,210.39565356865376,C802,215.25355714534655,4.857903576692792,M802,5071.594692107082,5281.990345675736,0,0
99,CASH_OUT,192.6557331318648,C947,64567.76450710478,64375.10877397292,M947,1331.008594040563,1523.6643271724276,0,0
72,CASH_OUT,279.4313723186933,C742,2599.879760081858,2320.4483877631646,M742,2432.686692857923,2712.1180651766163,0,0
21,PAYMENT,73.09139361560476,C2682,677.8941435949562,604.8027499793515,M2682,9585.760709567032,9658.852103182637,0,0
63,CASH_IN,1088.8641064926935,C3371,193.9626140450227,0.0,M3371,2757.932899870736,3846.797006363429,0,0
64,TRANSFER,17293.520673580337,C854,4361.828610649266,0.0,M854,15943.814225740374,33237.33489932071,0,0
63,PAYMENT,485.7359832032317,C77,1065.5419234332294,579.8059402299976,M77,1767.7220489364483,2253.45803213968,0,0
86,CASH_IN,91.90355065974964,C5064,781.8833944489752,689.9798437892256,M5064,3223.0992843614754,3315.002835021225,1,0
90,TRANSFER,31.22174310611808,C513,176247.17152118724,176215.94977808112,M513,1049.3360205522442,1080.5577636583623,0,0
9,CASH_IN,27.381988203046127,C1571,1044491.2150789516,1044463.8330907484,M1571,6043.792618167608,6071.174606370653,0,0
99,CASH_IN,1204.056881764766,C1489,1402.3348204766935,198.27793871192785,M1489,31335.931352309155,32539.98823407392,0,0
18,CASH_IN,347.6752337053581,C4335,41913.24092840252,41565.565694697165,M4335,183264.146284222,183611.8215179273,0,0
38,PAYMENT,128.07447569588106,C5338,9253.575497469505,9125.501021773622,M5338,4079.7577307783927,4207.832206474273,1,0
29,TRANSFER,452.9639741593521,C2750,3082.1386789502903,2629.1747047909384,M2750,11716.89426727188,12169.858241431231,0,0
87,PAYMENT,66.82923336255985,C4965,124.50364242870629,57.67440906614644,M4965,2138.160611982912,2204.989845345472,0,0
12,PAYMENT,168.49127208447845,C4928,24612.35482403295,24443.863551948474,M4928,1404.723620406844,1573.2148924913224,0,0
58,CASH_OUT,51.76926034188875,C5158,138.48947560079733,86.72021525890858,M5158,17141.228935045317,17192.998195387205,1,0
66,CASH_IN,71.76791740843527,C5086,563.4412477517969,491.67333034336167,M5086,2849.335615940454,2921.103533348889,1,0
34,DEBIT,39.69968949299115,C991,2417.3965812293336,2377.6968917363424,M991,1165.847630894233,1205.547320387224,0,0
75,CASH_IN,74.6307517273379,C185,6643.482354389584,6568.851602662246,M185,13766.179242328506,13840.809994055844,0,0
54,CASH_OUT,46.01079010795187,C3081,353.03873615328007,307.0279460453282,M3081,64118.62137846301,64164.63216857096,0,0
43,PAYMENT,94.26423608475774,C5406,1871.443662092808,1777.1794260080503,M5406,5458.308424064678,5552.572660149435,1,0
25,CASH_IN,33.87932127016274,C2617,15879.170728800633,15845.291407530469,M2617,4625.52192500819,4659.401246278353,0,0
60,CASH_OUT,5399.278906103536,C2662,8704.10539614125,3304.8264900377158,M2662,6034.285706442071,11433.564612545606,0,0
61,DEBIT,13.194969236802985,C2076,3901.9668311678233,3888.77186193102,M2076,115.58040104619472,128.7753702829977,0,0
68,PAYMENT,59.392234756168,C3779,51119.60701264431,51060.21477788814,M3779,7306.810061485567,7366.202296241736,0,0
96,DEBIT,39.209041339206735,C4827,332.03847017144824,292.8294288322415,M4827,13997.049626760188,14036.258668099395,0,0
52,DEBIT,0.7528340074722856,C2694,302.8897104533284,302.1368764458561,M2694,4277.516009042761,4278.268843050233,0,0
54,CASH_IN,396.7075266592132,C5359,375.9124597991005,0.0,M5359,34.55067761851552,431.2582042777287,1,0
24,PAYMENT,1264.0379897603946,C4479,89167.70870578884,87903.67071602844,M4479,2099.628549992477,3363.666539752872,0,0
39,CASH_OUT,631.2553319686706,C3585,71.60193442344561,0.0,M3585,17505.475191700887,18136.73052366956,0,0
13,DEBIT,378.611933924121,C2897,4823.858337155713,4445.246403231592,M2897,33643.37588338616,34021.98781731028,0,0
39,CASH_IN,4.62466644205434,C2468,256.7051522127562,252.08048577070187,M2468,2273.8488868490317,2278.4735532910854,0,0
80,CASH_OUT,15.826291777696142,C4629,1501.009175291678,1485.182883513982,M4629,3879.193106585911,3895.0193983636073,0,0
13,DEBIT,239.41982109069863,C414,354.6928006801644,115.27297958946572,M414,140.04836883326374,379.4681899239624,0,0
48,CASH_IN,661.6934550344567,C5559,1268.9608448144106,607.2673897799539,M5559,431.6994301052448,1093.3928851397015,1,0
15,CASH_IN,3396.62471005416,C4245,360378.9585636528,356982.3338535987,M4245,2292.339859203355,5688.964569257514,0,0
67,PAYMENT,644.2815523876025,C262,17852.042397844336,17207.760845456734,M262,336.3092116457599,980.5907640333623,0,0
52,PAYMENT,83.18373927285792,C1258,8125.212582625532,8042.028843352675,M1258,45.66841316275615,128.85215243561407,0,0
21,TRANSFER,470.2533603366792,C1252,5656.360877230667,5186.107516893988,M1252,967.2389989146652,1437.4923592513444,0,0
73,TRANSFER,11.226536820916913,C5138,24276.553835644376,24265.32729882346,M5138,72256.70177787091,72267.92831469183,1,0
6,CASH_IN,572.8331105774657,C886,3630.882772602477,3058.0496620250105,M886,120238.24107162555,120811.07418220304,0,0
21,PAYMENT,612.0951482783252,C1963,4147.1429005672535,3535.047752288928,M1963,4058.2175389214713,4670.3126871997965,0,0
20,DEBIT,1090.9128418058074,C5386,1592.678545500792,501.7657036949845,M5386,1344.0391499623213,2434.9519917681287,1,0
64,CASH_OUT,8694.846635151747,C5506,54330.91323915089,45636.06660399914,M5506,2300.738775592533,10995.58541074428,1,0
58,DEBIT,10.23739699175184,C4893,810.9847667117358,800.7473697199839,M4893,6551.493321493522,6561.730718485273,0,0
16,DEBIT,113.47917088875282,C3188,10634.118477007418,10520.639306118665,M3188,420.5529584294485,534.0321293182013,0,0
13,TRANSFER,66.96757673731395,C2846,5316.372145456848,5249.404568719534,M2846,14832.039440903982,14899.007017641296,0,0
70,TRANSFER,36.59524119163047,C5238,769.6797834675887,733.0845422759581,M5238,91848.0372248498,91884.63246604144,1,0
18,CASH_IN,348.4698969694865,C49,4195.543855805612,3847.0739588361257,M49,2761.5188246266507,3109.988721596137,0,0
39,CASH_OUT,141.55892286345565,C406,29516.2962148992,29374.73729203574,M406,860.7379568687994,1002.2968797322552,0,0
27,CASH_IN,205.26736074680468,C3856,1055.8180885109489,850.550727764144,M3856,403.3736505985424,608.6410113453471,0,0
53,PAYMENT,36.30336631708889,C5045,4669.485815183079,4633.1824488659895,M5045,37426.15854771532,37462.46191403241,1,0
16,PAYMENT,46.358652933702416,C3659,5.618761009941235,0.0,M3659,5532.317884381217,5578.676537314919,0,0
25,DEBIT,3975.053358035069,C2331,10504.787968111004,6529.734610075933,M2331,1018.6913661396876,4993.744724174757,0,0
64,CASH_OUT,693.9020509981924,C1911,594.2454470973762,0.0,M1911,28317.302827856616,29011.20487885481,0,0
19,TRANSFER,75.84857746447761,C4627,116.24137655963077,40.39279909515314,M4627,4187.968950676585,4263.817528141063,0,0
62,PAYMENT,104.65481126362629,C5200,37057.46494797806,36952.81013671443,M5200,537.9514557704783,642.6062670341046,1,0
30,CASH_OUT,1043.3783918755803,C4968,2561.295233296857,1517.916841421277,M4968,1891.8197074057489,2935.1980992813296,0,0
12,CASH_OUT,69.8441758269472,C5333,4268.106807380212,4198.262631553264,M5333,31112.79709446856,31182.641270295502,1,0
95,TRANSFER,91.6499785926452,C1542,33856.79303354683,33765.14305495419,M1542,20089.802351606595,20181.45233019924,0,0
46,CASH_IN,21.30700546350192,C2473,11603.605994565882,11582.29898910238,M2473,16001.209008948654,16022.516014412156,0,0
47,PAYMENT,74.53771900713728,C4528,264.35815984121626,189.82044083407897,M4528,58937.815380141255,59012.35309914839,0,0
94,TRANSFER,210.4256316103304,C4403,3107.9411852092853,2897.5155535989547,M4403,854.4310705893439,1064.8567021996744,0,0
12,CASH_OUT,181.29455542034572,C2049,722.3626439938936,541.0680885735478,M2049,29.68811106571117,210.9826664860569,0,0
74,CASH_OUT,49.11925337439261,C4729,37778.01667896872,37728.89742559432,M4729,41545.5798308441,41594.6990842185,0,0
5,CASH_OUT,145.74952777147593,C5354,8299.498254674974,8153.748726903498,M5354,2470.076244276888,2615.8257720483643,1,0
91,DEBIT,5.164107494872426,C1273,3439.2809532166443,3434.116845721772,M1273,86574.00742095243,86579.1715284473,0,0
73,TRANSFER,860.7625763515501,C2604,57.0522239439147,0.0,M2604,1269.5801570753608,2130.342733426911,0,0
54,CASH_IN,544.6553193630028,C343,1067.6966135881162,523.0412942251133,M343,114.1662523034886,658.8215716664914,0,0
31,CASH_IN,4413.664982303656,C3889,2063.36495646282,0.0,M3889,1894.82954743339,6308.494529737046,0,0
20,TRANSFER,4508.153570112023,C5318,5917.186400446759,1409.032830334736,M5318,4478.509686684478,8986.6632567965,1,0
33,PAYMENT,427.5792581378926,C1160,1152.2068340377568,724.6275758998643,M1160,1295.2200643794988,1722.7993225173914,0,0
58,CASH_OUT,633.5421504061798,C5299,1305.8955841587608,672.353433752581,M5299,34420.873820504545,35054.415970910726,1,0
49,PAYMENT,844.0130723231472,C1529,3611.387879500344,2767.374807177196,M1529,1574314.760464403,1575158.773536726,0,0
71,CASH_IN,126.07418221122118,C1931,666366.288740941,666240.2145587298,M1931,5260.690854486078,5386.765036697299,0,0
97,CASH_IN,6.797227737562976,C4831,1567.378978447209,1560.581750709646,M4831,408.36929525079,415.166522988353,0,0
47,TRANSFER,519.7496348594115,C3718,13518.244170419775,12998.494535560363,M3718,1723.0218433164837,2242.771478175895,0,0
55,TRANSFER,5631.222044974968,C3514,449.0027824884155,0.0,M3514,3991.410332871536,9622.632377846505,0,0
8,DEBIT,1193.8873233090503,C3735,3248.2800671774758,2054.392743868425,M3735,7981.750846146343,9175.638169455391,0,0
52,DEBIT,12.999441779329478,C3846,1090.214852859606,1077.2154110802765,M3846,8724.004568942428,8737.004010721757,0,0
58,PAYMENT,127.90938864708896,C1435,6283.232470810803,6155.3230821637135,M1435,6752.180361721355,6880.089750368445,0,0
86,TRANSFER,83.48044581121269,C4549,1490.5347875365755,1407.054341725363,M4549,14422.501192456655,14505.98163826787,0,0
65,PAYMENT,155.41677462996006,C4618,4695.865899870066,4540.449125240106,M4618,6180.654784361581,6336.071558991541,0,0
82,CASH_OUT,8.394347620013564,C4712,482.2315696708701,473.83722205085655,M4712,16441.338802825845,16449.73315044586,0,0
47,CASH_IN,1239.5471957705456,C2403,25709.467268355405,24469.92007258486,M2403,737.2733599967904,1976.820555767336,0,0
42,PAYMENT,212.64762001395908,C4821,2738.637101746823,2525.989481732864,M4821,136.59014644530166,349.23776645926074,0,0
28,PAYMENT,150.73540779989685,C5482,9138.261953343776,8987.52654554388,M5482,605.2665784744703,756.0019862743671,1,0
97,DEBIT,207.58612121945595,C2486,2005.5725151885208,1797.986393969065,M2486,307.6367345392164,515.2228557586723,0,0
99,TRANSFER,4.468818274674623,C312,6898.619422374874,6894.150604100199,M312,2124.905172351912,2129.3739906265864,0,0
76,DEBIT,1321.457677440966,C5552,856.5125331875086,0.0,M5552,15751.154368667729,17072.612046108694,1,0
99,CASH_IN,140.71802922603968,C2735,1916.3911341973485,1775.673104971309,M2735,1204.2783939016865,1344.9964231277258,0,0
63,DEBIT,1297.606054373479,C759,1231.1016147882856,0.0,M759,23516.332247748927,24813.93830212241,0,0
73,CASH_OUT,765.0804640105279,C1710,32486.013658558863,31720.93319454834,M1710,324.54543203742475,1089.625896047953,0,0
16,PAYMENT,27.08071790794324,C249,6477.354026332735,6450.273308424792,M249,339.3716440100625,366.45236191800575,0,0
15,CASH_OUT,86.78640192876631,C4810,3078.0051809772544,2991.218779048488,M4810,10603.772488222045,10690.558890150807,0,0
51,CASH_OUT,236.29965563737528,C3508,3981.6022633460607,3745.302607708685,M3508,112372.01017336117,112608.30982899852,0,0
17,DEBIT,131.5290599490515,C881,233.54495832657489,102.01589837752336,M881,10816.94327321273,10948.47233316178,0,0
69,TRANSFER,1427.322754777725,C3296,43358.2181553248,41930.895400547066,M3296,758.1758399794637,2185.4985947571886,0,0
54,CASH_OUT,64.80392747455194,C681,7525.957393469357,7461.153465994806,M681,275.1331766737044,339.9371041482563,0,0
38,TRANSFER,1506.330918190229,C2220,1359.978156291035,0.0,M2220,1615.3216160774805,3121.6525342677096,0,0
38,CASH_IN,489.78148714267655,C242,1458.024986740147,968.2434995974704,M242,6163.5578882556765,6653.339375398353,0,0
48,CASH_IN,59.83265944071139,C4105,31372.67862126227,31312.84596182156,M4105,1710.8333965622203,1770.666056002932,0,0
94,DEBIT,435.574803133659,C3020,1785.9550287976083,1350.3802256639492,M3020,124.75353663130916,560.3283397649682,0,0
58,TRANSFER,24.239862623526108,C3374,657.5979784930796,633.3581158695536,M3374,462.5162606059924,486.7561232295185,0,0
89,PAYMENT,31.444469257372223,C1513,23528.32504927212,23496.880580014746,M1513,70.30908020806991,101.75354946544212,0,0
34,DEBIT,5827.167915022306,C2668,39487.40744475771,33660.2395297354,M2668,59132.243665832735,64959.41158085504,0,0
44,CASH_IN,18.69406679039804,C203,1077.2769913963143,1058.5829246059166,M203,1226.0847628716097,1244.7788296620076,0,0
31,PAYMENT,309.75279823459937,C678,2483.2844100830484,2173.531611848449,M678,1067.6248871781863,1377.3776854127857,0,0
74,TRANSFER,1048.6822862815843,C684,24493.416035783142,23444.73374950156,M684,21006.756573022867,22055.43885930445,0,0
4,TRANSFER,33.15604987929338,C50,7367.797378709711,7334.6413288304175,M50,10712.063997298288,10745.22004717758,0,0
49,PAYMENT,4.416372800674781,C4716,4492.749425563617,4488.333052762941,M4716,2333.514910814004,2337.9312836146787,0,0
96,CASH_IN,442.4242932785384,C4038,667.8976611817388,225.47336790320043,M4038,443.0927650693387,885.5170583478771,0,0
64,TRANSFER,3.815464916500605,C2461,412.5449607474424,408.72949583094174,M2461,6314.167369054944,6317.982833971445,0,0
48,DEBIT,112.5628059923087,C3255,6716.385557227281,6603.822751234973,M3255,62698.1652594168,62810.72806540912,0,0
86,TRANSFER,111.15605015740962,C3214,4070.689055909538,3959.533005752129,M3214,71205.24245470553,71316.39850486294,0,0
46,CASH_OUT,643.254792729231,C1239,7324.535357300168,6681.280564570937,M1239,1940.490646860656,2583.7454395898867,0,0
61,PAYMENT,88.68137925178112,C2015,2956.8014540223407,2868.12007477056,M2015,1701.7812643499233,1790.4626436017045,0,0
66,TRANSFER,415.04750019249695,C3936,695.2010766852871,280.1535764927902,M3936,7375.723736021683,7790.77123621418,0,0
1,PAYMENT,1964.443862896985,C144,252.4185023758185,0.0,M144,2999.0582015037044,4963.502064400689,0,0
7,CASH_OUT,1281.2938089995491,C654,23506.96140131123,22225.66759231168,M654,497.3693204573184,1778.6631294568674,0,0
58,CASH_IN,1208.3277561108189,C473,41888.66309652145,40680.33534041063,M473,31868.90770585172,33077.23546196254,0,0
6,PAYMENT,526.7738174569423,C4341,17441.74620775616,16914.97239029922,M4341,6070.655686422144,6597.429503879086,0,0
58,TRANSFER,579.7886939666458,C5456,10101.450412892184,9521.66171892554,M5456,104.4583907724976,684.2470847391435,1,0
34,CASH_IN,8460.332545174728,C833,165.33018112703633,0.0,M833,2362.5115582735207,10822.84410344825,0,0
97,PAYMENT,22.914821456702565,C1136,1643.1896178993316,1620.274796442629,M1136,959.5287249089408,982.4435463656434,0,0
2,TRANSFER,3.200970196281748,C2493,2043.2999997808977,2040.099029584616,M2493,1263.8891790734958,1267.0901492697776,0,0
64,CASH_IN,120.80608706216604,C1959,576.3329186415259,455.5268315793599,M1959,32.428899129224426,153.23498619139048,0,0
32,CASH_IN,25.805220942853776,C4007,10045.857112047848,10020.051891104997,M4007,1997.719413409688,2023.5246343525416,0,0
99,PAYMENT,16.891505761675116,C1501,3482.950673408653,3466.0591676469785,M1501,6090.928593739334,6107.820099501009,0,0
87,DEBIT,240.05609625044423,C432,13281.799423875917,13041.74332762547,M432,62396.23143982533,62636.287536075775,0,0
62,CASH_OUT,10.756281768667217,C3332,147.42506498217213,136.66878321350492,M3332,4078.532221884808,4089.2885036534753,0,0
54,DEBIT,287.03451064488047,C1490,2949.947706154667,2662.9131955097864,M1490,17169.40171914991,17456.436229794792,0,0
61,DEBIT,2847.7713170461825,C3164,4273.087438556625,1425.3161215104424,M3164,122.54977488833164,2970.3210919345142,0,0
42,TRANSFER,7.140870239933792,C5336,1087.7845189563825,1080.6436487164488,M5336,1562.1814416328243,1569.322311872758,1,0
18,DEBIT,16.56148507967661,C1915,3052.5890226898937,3036.027537610217,M1915,362.4547529076771,379.01623798735375,0,0
5,PAYMENT,28.07721109347216,C1689,1543.552185619579,1515.4749745261067,M1689,20038.589139806263,20066.666350899734,0,0
72,PAYMENT,3273.421913545106,C2315,3003.484370957369,0.0,M2315,41054.64581548325,44328.06772902836,0,0
4,DEBIT,289.73607524027426,C1033,45226.18979175585,44936.45371651558,M1033,14134.441409406669,14424.177484646942,0,0
40,DEBIT,28.866247584269992,C2115,92807.21331808154,92778.34707049729,M2115,82.17921217218549,111.04545975645549,0,0
13,DEBIT,134.87020362306652,C1617,658.5876074367883,523.7174038137218,M1617,2605.71994973102,2740.590153354086,0,0
83,DEBIT,37.62042572929577,C4612,155.7395928379035,118.11916710860774,M4612,7874.101413266595,7911.721838995891,0,0
32,TRANSFER,258.48796905477286,C2732,3771.429130816291,3512.9411617615183,M2732,626.0710280970959,884.5589971518688,0,0
9,DEBIT,2.627739988293616,C1695,881.819907257046,879.1921672687524,M1695,23661.432060281728,23664.05980027002,0,0
71,PAYMENT,180.71851014005577,C3515,2093.231611157058,1912.5131010170023,M3515,2359.442643178782,2540.161153318838,0,0
5,PAYMENT,6054.480278932713,C2233,11580.768436450608,5526.288157517894,M2233,3076.93526090482,9131.415539837531,0,0
77,CASH_IN,69.49643001327925,C764,4879.677185980059,4810.18075596678,M764,27191.763095786973,27261.25952580025,0,0
4,CASH_IN,80.92174974060921,C2036,1474.9190807665177,1393.9973310259086,M2036,6399.597302008434,6480.519051749043,0,0
98,CASH_OUT,367.4659916445296,C1713,1164.0132149778972,796.5472233333676,M1713,18489.019242213388,18856.48523385792,0,0
11,CASH_OUT,810.9663742831104,C2313,86319.8350941547,85508.86871987159,M2313,16567.51400049392,17378.48037477703,0,0
23,DEBIT,289.514330151713,C3938,2238.3672378546094,1948.8529077028963,M3938,1325.8284806298352,1615.3428107815482,0,0
70,TRANSFER,219.75909950122656,C2064,9320.03501992601,9100.275920424783,M2064,1745.4514605627987,1965.2105600640248,0,0
12,TRANSFER,3.221140506186326,C4023,148.66432917662135,145.44318867043503,M4023,11088.64585584547,11091.866996351657,0,0
42,CASH_OUT,2455.989710999492,C2589,25854.5533013691,23398.56359036961,M2589,820.3496162134444,3276.3393272129365,0,0
40,PAYMENT,15.387647750962827,C3218,1411.7544186994453,1396.3667709484826,M3218,15687.967994646227,15703.35564239719,0,0
33,CASH_IN,2774.9978804125785,C5009,1664.726501619727,0.0,M5009,477.9822668576893,3252.980147270268,1,0
60,CASH_OUT,116.6422148096526,C3196,4162.072314781631,4045.430099971978,M3196,2613.2645291158838,2729.906743925536,0,0
19,DEBIT,20805.009769922857,C3596,842.3363644143302,0.0,M3596,12716.77341663842,33521.783186561275,0,0
67,TRANSFER,227.96152341850492,C3748,44697.46601773862,44469.504494320114,M3748,15227.86493585628,15455.826459274786,0,0
13,CASH_IN,260.9982810183258,C2386,63.49131459218464,0.0,M2386,264.9627354868563,525.9610165051821,0,0
96,PAYMENT,7299.346903589375,C226,2964.7355193224093,0.0,M226,248.56293223789984,7547.909835827275,0,0
93,CASH_OUT,21.894766709624168,C4458,626.9828868662603,605.0881201566361,M4458,1398.4856457133744,1420.3804124229987,0,0
13,CASH_IN,411.9718565252501,C3886,11805.369106063588,11393.39724953834,M3886,4038.799752969757,4450.771609495007,0,0
84,CASH_OUT,7.226266937597158,C1030,576.0253534402548,568.7990865026576,M1030,30694.08498436221,30701.311251299805,0,0
53,TRANSFER,667.7908009394217,C808,576.9962151923595,0.0,M808,36964.53515289792,37632.32595383735,0,0
64,CASH_IN,325.1263145578189,C1106,707.5942756484244,382.4679610906055,M1106,362.73615860378186,687.8624731616007,0,0
5,PAYMENT,3.272363257341877,C5330,10080.706844909531,10077.43448165219,M5330,2990.6490899438927,2993.9214532012347,1,0
88,CASH_OUT,1679.8834189872218,C1667,390.64549509674,0.0,M1667,508.6558456725473,2188.5392646597693,0,0
63,PAYMENT,77.13486576561725,C3937,1495.50200070889,1418.3671349432727,M3937,963.7358227047164,1040.8706884703336,0,0
54,PAYMENT,12.655063700455829,C3105,82581.56204750833,82568.90698380787,M3105,6536.134201736663,6548.789265437119,0,0
40,CASH_OUT,214.6792932076143,C1077,488488.822518617,488274.1432254094,M1077,813.022938719209,1027.7022319268233,0,0
45,CASH_IN,5.151260216719586,C3427,64.6678550963926,59.516594879673015,M3427,10441.62552923618,10446.7767894529,0,0
14,CASH_IN,69.30053115811816,C2044,1277.0688735386243,1207.768342380506,M2044,9499.943049076062,9569.24358023418,0,0
57,PAYMENT,1915.5343842336565,C3184,72.68226779129047,0.0,M3184,31365.726989562656,33281.26137379631,0,0
21,TRANSFER,28.90415130445045,C4534,435.9305384349967,407.0263871305463,M4534,8981.833571671254,9010.737722975704,0,0
71,TRANSFER,45.67550335592728,C4918,19444.113441076843,19398.437937720915,M4918,6124.825862029482,6170.501365385409,0,0
42,CASH_OUT,168.93578892549024,C2754,19088.997121402037,18920.061332476544,M2754,14963.389675757257,15132.325464682744,0,0
17,CASH_OUT,180.84466210313516,C2800,1214.9845699228542,1034.1399078197192,M2800,2792.697430027865,2973.542092131,0,0
67,PAYMENT,463.2063239835593,C5206,231.25370429602015,0.0,M5206,7921.427683584939,8384.634007568498,1,0
61,CASH_OUT,327.8469455469382,C3557,1728.253128576381,1400.406183029443,M3557,1342.966561284376,1670.813506831314,0,0
18,PAYMENT,2687.627583907622,C5345,507.1594532076069,0.0,M5345,39214.21993844528,41901.8475223529,1,0
60,DEBIT,201.29668597678585,C1783,7239.614507536987,7038.317821560201,M1783,9819.371704523506,10020.668390500292,0,0
81,CASH_IN,39.24131008852394,C873,1164.5997726043045,1125.3584625157805,M873,1694.3043538294933,1733.5456639180172,0,0
23,PAYMENT,3167.454739572287,C2663,1862.9955702338773,0.0,M2663,67422.28396986303,70589.73870943532,0,0
81,CASH_OUT,233.74499789395733,C5373,2169.3780244578165,1935.6330265638592,M5373,1511.6730258318812,1745.4180237258386,1,0
57,DEBIT,3.2752896364773223,C3116,12060.056686851553,12056.781397215074,M3116,1141.8040287423876,1145.0793183788649,0,0
63,CASH_IN,1321.469004726906,C3637,2858.7625271661395,1537.2935224392336,M3637,25269.093391614275,26590.56239634118,0,0
67,PAYMENT,125.45489430595124,C5108,16709.082623106384,16583.62772880043,M5108,1031.227445008059,1156.6823393140105,1,0
9,CASH_OUT,411.868981095076,C198,1100.827436214064,688.958455118988,M198,16781.876711978326,17193.7456930734,0,0
34,DEBIT,103.12455987154422,C5457,3729.946104417637,3626.821544546093,M5457,13869.95472035161,13973.079280223155,1,0
25,CASH_OUT,904.6202499064224,C1430,16641.222501403343,15736.60225149692,M1430,5640.98843502769,6545.608684934112,0,0
68,TRANSFER,367.92765144777,C1643,857.9541510375185,490.0264995897485,M1643,203.80622279459408,571.733874242364,0,0
57,DEBIT,188.06707234185603,C3704,1415.9682175671226,1227.9011452252666,M3704,630.2687202465575,818.3357925884135,0,0
87,TRANSFER,125.7028925971609,C225,2620.542683874673,2494.8397912775126,M225,181.2497759841405,306.9526685813014,0,0
19,CASH_OUT,22.81086512050648,C1526,3491.196333773713,3468.3854686532063,M1526,1131.818334922619,1154.6292000431254,0,0
31,DEBIT,318.371473321062,C2650,54.29975580426852,0.0,M2650,112870.305024651,113188.67649797206,0,0
92,TRANSFER,491.3898221016811,C32,80256.97539924126,79765.58557713957,M32,25260.6713603801,25752.061182481782,0,0
85,TRANSFER,177.1182562963322,C516,15202.390536723626,15025.272280427294,M516,4124.905558144675,4302.023814441007,0,0
18,TRANSFER,139.50622867884758,C3770,10282.89407895834,10143.387850279492,M3770,50861.33744340163,51000.84367208048,0,0
1,DEBIT,7.140122551749441,C4469,11044.174158940748,11037.034036388995,M4469,225.33787300818204,232.4779955599315,0,0
16,CASH_OUT,25.115858727646344,C5417,1952.1885167153105,1927.072657987664,M5417,2564.314566730775,2589.4304254584213,1,0
60,TRANSFER,188.80540528095835,C2492,1102.071022920805,913.2656176398468,M2492,90.75530111227629,279.5607063932346,0,0
38,CASH_IN,60.35027519986765,C3679,1443.0649224620408,1382.7146472621732,M3679,26179.135277903584,26239.48555310345,0,0
16,PAYMENT,97.8170056142466,C4182,477.3590707313574,379.5420651171108,M4182,1.864385577143404,99.68139119139002,0,0
7,TRANSFER,84.60751924564933,C3712,256331.236325922,256246.6288066763,M3712,131069.06356071748,131153.67107996313,0,0
98,CASH_OUT,87.94770004965893,C429,7712.624016808029,7624.67631675837,M429,1019.5390802822008,1107.4867803318598,0,0
3,CASH_IN,392.4069229864341,C2932,688246.850482945,687854.4435599586,M2932,13283.479185488852,13675.886108475286,0,0
26,PAYMENT,7277.09508519193,C4340,2309.358733463258,0.0,M4340,36741.68191140773,44018.776996599656,0,0
12,PAYMENT,831.6812713467804,C924,1554.6228645854994,722.9415932387191,M924,1966.0376420689724,2797.718913415753,0,0
34,PAYMENT,104.96296322112612,C3940,9268.602996197542,9163.640032976416,M3940,140026.8107385749,140131.77370179602,0,0
50,TRANSFER,1041.0200446609767,C3311,89.79297585475125,0.0,M3311,1783.234604027071,2824.2546486880483,0,0
78,PAYMENT,25.308337340489484,C4111,349473.7597616334,349448.4514242929,M4111,30830.660544243216,30855.968881583703,0,0
83,TRANSFER,916.010861585062,C1540,1652.659321794967,736.648460209905,M1540,2670.929291492864,3586.940153077926,0,0
35,DEBIT,127.89013616554398,C3098,800.3655919680108,672.4754558024669,M3098,264.87300707264825,392.7631432381922,0,0
89,PAYMENT,236.79956088570555,C1973,457032.067799209,456795.2682383233,M1973,7158.080825283429,7394.880386169134,0,0
86,TRANSFER,107.89047497606198,C2359,6803.7593194427145,6695.868844466652,M2359,813.5457750694163,921.4362500454783,0,0
92,CASH_IN,96.7132038699404,C4817,11585.879061911875,11489.165858041935,M4817,825.0285246312775,921.741728501218,0,0
57,TRANSFER,308.7281064825596,C5180,5838.348268149235,5529.620161666676,M5180,55956.33547821358,56265.06358469614,1,0
47,DEBIT,896.4085607086051,C3340,1356.151635281281,459.7430745726758,M3340,190985.4476076596,191881.85616836816,0,0
28,TRANSFER,17.378320663524867,C2073,2175.983223683831,2158.604903020306,M2073,8368.18325803647,8385.561578699995,0,0
72,PAYMENT,341.4501960316612,C125,30.968362345902488,0.0,M125,36751.76297112511,37093.21316715677,0,0
2,TRANSFER,106.57604473691096,C2509,142.20998109079488,35.63393635388391,M2509,8031.616112917882,8138.192157654793,0,0
54,PAYMENT,283.18247088007166,C2953,15822.349365059792,15539.16689417972,M2953,165.2418901008675,448.4243609809391,0,0
17,CASH_IN,74.67847205699165,C4409,541.9327414722928,467.2542694153012,M4409,3786.3988895365055,3861.077361593498,0,0
97,PAYMENT,1756.926563468486,C353,9653.95623083298,7897.0296673644925,M353,26477.230888113805,28234.15745158229,0,0
36,TRANSFER,22.05572109302526,C2150,3063.459410040928,3041.4036889479025,M2150,334.58436102318444,356.6400821162097,0,0
26,DEBIT,21.452749596030888,C1122,378.4353618053082,356.9826122092773,M1122,524.8953194376119,546.3480690336428,0,0
91,PAYMENT,116.69999675265676,C3399,7778.003909393716,7661.303912641059,M3399,110191.32471197976,110308.0247087324,0,0
18,TRANSFER,429.26466564655937,C2465,1135.1496213998971,705.8849557533377,M2465,552.3395418229285,981.6042074694878,0,0
21,CASH_IN,25.02370293135995,C3067,17106.11543260591,17081.09172967455,M3067,17.15630873913603,42.18001167049598,0,0
87,CASH_IN,1114.3703093996571,C2516,3448.572444892106,2334.202135492449,M2516,16507.799153350526,17622.169462750182,0,0
78,TRANSFER,457.7656609089827,C89,7912.145833249049,7454.380172340067,M89,472.7279512546672,930.49361216365,0,0
24,PAYMENT,63.70692079109949,C5005,7304.22678279645,7240.519862005351,M5005,10893.858842214036,10957.565763005134,1,0
62,TRANSFER,145.0436687335842,C1625,4492.87438938,4347.830720646416,M1625,773.4560748816008,918.499743615185,0,0
14,TRANSFER,731.7504880407366,C2708,8684.50623452024,7952.755746479504,M2708,156237.8184514528,156969.56893949353,0,0
24,TRANSFER,166.49503823907602,C2417,37731.70218961844,37565.20715137936,M2417,439.91801588097366,606.4130541200497,0,0
40,DEBIT,78.52535429583735,C1428,451.6492156825661,373.1238613867287,M1428,9068.762975275651,9147.288329571493,0,0
84,TRANSFER,123.46416108743492,C2539,22175.63428801913,22052.17012693169,M2539,4521.806624541876,4645.270785629311,0,0
48,CASH_OUT,247.57385953475543,C3466,2663.191441031241,2415.6175814964863,M3466,573.7170859069762,821.2909454417317,0,0
19,DEBIT,939.6347515706392,C3149,7706.388853202821,6766.754101632182,M3149,249502.04916886476,250441.68392043535,0,0
45,PAYMENT,22.485257327390045,C2223,1030.825512684074,1008.340255356684,M2223,397.1891359825304,419.6743933099205,0,0
45,DEBIT,143.01956527010074,C4979,3209.572084660396,3066.552519390295,M4979,10226.962026373703,10369.981591643804,0,0
7,CASH_OUT,5317.2943652959,C2686,2574.85203742387,0.0,M2686,45373.64208209033,50690.93644738623,0,0
25,PAYMENT,111.988824012889,C4255,2124.5480957439136,2012.5592717310249,M4255,19705.4953527015,19817.484176714388,0,0
48,PAYMENT,15.356610299864268,C5528,11515.106223626395,11499.749613326532,M5528,302916.4697071443,302931.8263174441,1,0
2,PAYMENT,6.696285593169799,C2761,2213.714823259874,2207.018537666704,M2761,19681.521476615777,19688.217762208948,0,0
48,CASH_OUT,2280.7656520834885,C3845,13357.85223013412,11077.086578050632,M3845,401.6145166523539,2682.3801687358423,0,0
34,TRANSFER,1017.8259318110954,C573,7980.195987281521,6962.370055470426,M573,14808.349983952125,15826.17591576322,0,0
48,CASH_OUT,25.525076543284943,C515,11424.85117278463,11399.326096241346,M515,1423.4904192169097,1449.0154957601949,0,0
98,TRANSFER,2.1294162798828085,C2441,108051.73058014036,108049.60116386048,M2441,6321.945941580633,6324.075357860516,0,0
15,TRANSFER,740.4725007527425,C4457,3832.105084226756,3091.6325834740137,M4457,4196.14550685434,4936.618007607082,0,0
51,CASH_OUT,373.77198722597615,C1230,1132.2264989746257,758.4545117486496,M1230,460.4355478727546,834.2075350987308,0,0
85,PAYMENT,41.43655789360141,C380,9785.914381162193,9744.477823268591,M380,7979.852749189366,8021.289307082967,0,0
86,TRANSFER,697.1228612665378,C1954,2023.8777398926563,1326.7548786261186,M1954,1776.2535700417368,2473.3764313082747,0,0
55,DEBIT,436.30244685429057,C474,1029.469491115093,593.1670442608024,M474,81.72420517980294,518.0266520340936,0,0
35,TRANSFER,95.42071396395644,C319,142149.12379115692,142053.70307719297,M319,2033.3490451650196,2128.769759128976,0,0
61,CASH_IN,379.5568943003456,C3437,14616.084186844924,14236.52729254458,M3437,613.1484021112014,992.705296411547,0,0
30,CASH_IN,36.07440171159856,C3909,293.37382148325054,257.299419771652,M3909,1922.4019459363055,1958.4763476479045,0,0
17,CASH_OUT,55.46557403390262,C2140,201.70959088143331,146.24401684753073,M2140,378.3141849352889,433.7797589691915,0,0
8,TRANSFER,3169.6686476246746,C5409,133.44534598353323,0.0,M5409,985.3390983999984,4155.007746024673,1,0
74,PAYMENT,14.917910392536765,C571,232.5261672206609,217.60825682812415,M571,386.50162896750425,401.419539360041,0,0
42,PAYMENT,93.75611342367326,C658,1530.8504211246077,1437.0943077009342,M658,1886.3459880758835,1980.1021014995567,0,0
74,CASH_OUT,8.955333532249709,C82,32.32495091731533,23.369617385065617,M82,3242.7944594439305,3251.7497929761803,0,0
13,DEBIT,85.95201961150528,C3969,5909.450498955052,5823.498479343547,M3969,27604.457859827136,27690.40987943864,0,0
19,TRANSFER,130.07238887202146,C2256,1042.2675484416632,912.1951595696416,M2256,1281.7110369555428,1411.7834258275643,0,0
44,PAYMENT,6.549803195263577,C980,2761.25197105664,2754.7021678613764,M980,1873.3056237589467,1879.8554269542103,0,0
20,PAYMENT,46.445395854269904,C4742,218.46533429542032,172.01993844115043,M4742,5130.548901724761,5176.994297579031,0,0
99,PAYMENT,91.6743671601214,C587,152.88723132497293,61.21286416485152,M587,7122.473042593198,7214.14740975332,0,0
69,CASH_OUT,370.7486996695144,C2262,1132.7895360591756,762.0408363896612,M2262,19081.901898939173,19452.65059860869,0,0
25,PAYMENT,1071.2710168317303,C3676,821.8947015979159,0.0,M3676,2271.4063842641854,3342.677401095916,0,0
16,TRANSFER,14.933952908545397,C5160,112653.91880856996,112638.98485566145,M5160,836.7438619103955,851.6778148189409,1,0
37,DEBIT,3998.138742803557,C3764,1397.7295996867183,0.0,M3764,32679.65423125248,36677.79297405604,0,0
34,CASH_IN,22.049785575315557,C3526,6623.453032188753,6601.403246613438,M3526,1561.0783820264255,1583.128167601741,0,0
77,CASH_IN,28714.616179552457,C2524,5446.668137705087,0.0,M2524,34977.03722813213,63691.653407684586,0,0
49,TRANSFER,275.3229573655251,C5294,26186.08273667409,25910.75977930857,M5294,306.0200894814225,581.3430468469476,1,0
49,DEBIT,508.52306801634535,C5028,970.9932953861828,462.47022736983735,M5028,250802.5514770545,251311.07454507088,1,0
32,DEBIT,1725.0967114508746,C4214,233.575513290286,0.0,M4214,10456.67650557565,12181.773217026524,0,0
90,TRANSFER,4.064304694280875,C233,5449.867211399709,5445.8029067054285,M233,63204.66447839452,63208.7287830888,0,0
7,TRANSFER,27.717556004617933,C45,138346.27320808606,138318.55565208144,M45,719.0042975146306,746.7218535192485,0,0
8,DEBIT,224.5150381758473,C116,9141.947263329956,8917.43222515411,M116,21259.836623878244,21484.35166205409,0,0
90,CASH_OUT,6380.351420922042,C79,94867.05284807908,88486.70142715704,M79,37611.88332511713,43992.234746039176,0,0
73,TRANSFER,1652.5290505046517,C4756,514.0000313524383,0.0,M4756,9550.329388963375,11202.858439468027,0,0
23,CASH_IN,1808.2756081812204,C3998,5276.176338215984,3467.900730034764,M3998,681.8761852992776,2490.151793480498,0,0
87,DEBIT,456.88424874798415,C4974,25354.362290642068,24897.478041894083,M4974,4879.09100608705,5335.975254835034,0,0
81,TRANSFER,29.14041943940229,C4545,513.5916026546979,484.4511832152956,M4545,7009.69935837902,7038.839777818423,0,0
43,TRANSFER,187.38095225302385,C2794,5459.534533797677,5272.153581544653,M2794,407.8841951228763,595.2651473759001,0,0
94,PAYMENT,92.99482845122353,C1637,648.9826392852307,555.9878108340072,M1637,14712.030149671027,14805.02497812225,0,0
99,DEBIT,136.5453904141041,C4626,379.71736316299183,243.17197274888773,M4626,30698.04141133987,30834.58680175397,0,0
33,TRANSFER,932.9887268046056,C1859,389.212996212286,0.0,M1859,437459.5026423544,438392.491369159,0,0
29,TRANSFER,405.7511412107281,C3511,3734.662094555681,3328.9109533449528,M3511,87.91823673293884,493.669377943667,0,0
30,TRANSFER,539.394149882812,C3613,162.00129092806375,0.0,M3613,25304.58993246215,25843.984082344963,0,0
13,DEBIT,74.92104737231982,C4577,8937.804613732576,8862.883566360257,M4577,15804.364624819398,15879.285672191718,0,0
99,DEBIT,25.539737922548927,C721,7392.221639279354,7366.681901356806,M721,4611.97723829866,4637.516976221209,0,0
52,CASH_IN,33.655797359763184,C3336,24919.61157186576,24885.955774505997,M3336,270.3761731249109,304.0319704846741,0,0
51,TRANSFER,51.29337358756504,C3339,1215.3195108010111,1164.0261372134462,M3339,416.524759553999,467.818133141564,0,0
14,CASH_OUT,324.46211997694127,C849,18101.52105419528,17777.058934218334,M849,11165.108357664143,11489.570477641084,0,0
74,TRANSFER,138.99163217018904,C555,7026.183698584569,6887.19206641438,M555,2731.160088911756,2870.1517210819447,0,0
36,CASH_IN,44.53742242962814,C944,269.6533614914388,225.11593906181065,M944,22396.22744670371,22440.764869133334,0,0
41,PAYMENT,22.42295991322328,C4322,10395.71523221214,10373.292272298915,M4322,21050.39591998761,21072.818879900835,0,0
42,PAYMENT,2615.5006166864555,C174,2146.633759540307,0.0,M174,7349.519166578664,9965.01978326512,0,0
13,CASH_IN,29.62504190579142,C2358,589.0527978829808,559.4277559771895,M2358,734.7935884426996,764.418630348491,0,0
2,PAYMENT,14.582673471770653,C2374,2919.0368874897163,2904.4542140179456,M2374,2533.735122192086,2548.3177956638565,0,0
46,CASH_IN,4178.934834074945,C3384,116.78982911030856,0.0,M3384,28348.738711691483,32527.67354576643,0,0
81,CASH_OUT,66.6489332990071,C4963,13288.35643067687,13221.707497377862,M4963,1435.678527914603,1502.32746121361,0,0
21,PAYMENT,2519.335697515334,C3831,105.94118602215616,0.0,M3831,19465.952571804883,21985.288269320212,0,0
27,TRANSFER,40.3815091350468,C148,87.14910523360122,46.76759609855442,M148,129528.67023568774,129569.05174482278,0,0
55,DEBIT,778.6854054848882,C5520,2768.711987417908,1990.02658193302,M5520,15159.769184359184,15938.454589844072,1,0
98,CASH_IN,28.119058380046265,C4229,766.3384445234183,738.219386143372,M4229,54831.689162811526,54859.808221191575,0,0
72,CASH_IN,538.7896256206402,C196,509.1269310276171,0.0,M196,1438.4928865878892,1977.2825122085292,0,0
96,CASH_IN,516.4628098688039,C1306,797.6085981449505,281.1457882761466,M1306,14743.965089997277,15260.42789986608,0,0
40,PAYMENT,50.48079871599671,C3268,7210.8546041133,7160.373805397304,M3268,3712.421730849108,3762.902529565105,0,0
18,PAYMENT,1382.2828416291832,C2114,9330.73688536858,7948.454043739397,M2114,3771.9326772091463,5154.215518838329,0,0
36,PAYMENT,2480.6861374683995,C2697,2985.463177573568,504.77704010516845,M2697,2207.608308106533,4688.294445574933,0,0
39,CASH_OUT,0.8275748137180193,C2924,528.7061114906785,527.8785366769605,M2924,2639.630003998863,2640.457578812581,0,0
35,DEBIT,6.262537619229748,C1815,28745.425033269283,28739.162495650053,M1815,86830.9551021856,86837.21763980483,0,0
6,DEBIT,23.145978228723784,C3231,49.64467539588096,26.49869716715717,M3231,1269.3398463927272,1292.485824621451,0,0
64,DEBIT,3.1505267749928665,C1848,6688.4901181662535,6685.339591391261,M1848,19279.711590295872,19282.862117070865,0,0
85,PAYMENT,852.3051900352211,C786,1222.9751221182191,370.669932082998,M786,743.5764642243803,1595.8816542596014,0,0
63,CASH_OUT,199.01304057356597,C5586,843.415088297731,644.4020477241651,M5586,5747.737930000345,5946.750970573911,1,0
42,TRANSFER,226.387572619358,C281,3760.9055642405256,3534.517991621168,M281,742.2318487491821,968.61942136854,0,0
28,CASH_IN,92.5294014323214,C2142,44115.81052121299,44023.281119780666,M2142,9612.704442749708,9705.233844182028,0,0
73,TRANSFER,47.73570462414028,C1505,2567.037005192401,2519.301300568261,M1505,75575.60644760447,75623.34215222861,0,0
81,CASH_OUT,1047.9472044543618,C219,307.25604864777927,0.0,M219,4130.624829458399,5178.572033912761,0,0
34,CASH_IN,17.536293762599154,C4350,1827.0137942177157,1809.4775004551163,M4350,246.8072219840472,264.34351574664635,0,0
69,CASH_OUT,9.705764463005597,C4516,3763.522272808395,3753.8165083453896,M4516,9440.397714297598,9450.103478760604,0,0
48,DEBIT,80.83630633256867,C3274,11416.318407086408,11335.48210075384,M3274,3688.391623304416,3769.2279296369848,0,0
39,CASH_OUT,73.23489990602815,C517,1569.1531174303832,1495.918217524355,M517,10677.640556067876,10750.875455973905,0,0
30,CASH_IN,19.95643400376964,C4780,7.660951358767481,0.0,M4780,48665.22015619271,48685.17659019648,0,0
21,CASH_IN,74.51932404901467,C2499,6793.925305234492,6719.405981185478,M2499,9446.394699995486,9520.9140240445,0,0
29,PAYMENT,331.0035928628077,C165,8277.487970483007,7946.4843776202,M165,390167.94652193226,390498.9501147951,0,0
57,DEBIT,1713.264608648867,C976,2847.726192816734,1134.4615841678672,M976,654.9246353696185,2368.1892440184856,0,0
23,CASH_IN,151.01945344861264,C4084,389.9813952481516,238.96194179953895,M4084,24180.711387349093,24331.730840797703,0,0
86,TRANSFER,410.61299501856206,C3171,38371.54988806492,37960.93689304635,M3171,3607.539335806467,4018.152330825029,0,0
40,CASH_IN,44.09268908558404,C4450,6459.726578530661,6415.633889445076,M4450,120.27452974806089,164.36721883364493,0,0
75,DEBIT,2300.3981169554536,C4655,994.3491889506496,0.0,M4655,1582.8893530484136,3883.2874700038674,0,0
15,PAYMENT,419.4149739212015,C1086,14630.720273048306,14211.305299127103,M1086,510.5882515699052,930.0032254911068,0,0
37,CASH_OUT,77.08017962401927,C133,76534.14866422013,76457.06848459612,M133,1731.3198412899917,1808.4000209140108,0,0
93,DEBIT,125.56853514527349,C1626,887.2339097579807,761.6653746127072,M1626,257.8696881354925,383.438223280766,0,0
48,CASH_OUT,110.74593972475864,C4382,6839.154911330887,6728.408971606129,M4382,12971.074239581005,13081.820179305763,0,0
26,DEBIT,163.0232782726309,C4815,122800.87747705054,122637.8541987779,M4815,15391.37020707676,15554.39348534939,0,0
90,TRANSFER,3.888428512204932,C1739,1049.6989294222924,1045.8105009100875,M1739,72.98909919406591,76.87752770627085,0,0
97,PAYMENT,1211.5096177936052,C1140,135.9578087513865,0.0,M1140,3692.709982920953,4904.219600714559,0,0
12,PAYMENT,534.6373792511976,C2587,20797.476969846568,20262.83959059537,M2587,5629.293868984971,6163.931248236168,0,0
34,DEBIT,78.93165224460253,C4749,695.4852813088995,616.553629064297,M4749,4879.188671668855,4958.1203239134575,0,0
5,PAYMENT,32.03457507847532,C2723,2442.371545741826,2410.3369706633507,M2723,5212.338300267255,5244.372875345731,0,0
14,CASH_IN,80.12437005208656,C326,152.40354910466633,72.27917905257976,M326,1631.3670667157255,1711.4914367678125,0,0
49,PAYMENT,482.7228116668072,C2180,923.5528392730496,440.83002760624254,M2180,3940.0661462448033,4422.788957911611,0,0
20,TRANSFER,59.18118757849855,C3035,593.8068989110697,534.6257113325711,M3035,257.88797087583004,317.0691584543286,0,0
39,CASH_OUT,63.516690732930826,C2109,2197.8424675435062,2134.3257768105755,M2109,1845.577863933188,1909.094554666119,0,0
45,CASH_IN,23.617229093635245,C3669,782.8380808234803,759.220851729845,M3669,272.81011402997296,296.42734312360824,0,0
58,PAYMENT,4133.077943635685,C751,5255.259232550169,1122.181288914484,M751,195.3194629282353,4328.39740656392,0,0
63,CASH_IN,85.30949963156408,C5236,19711.84816617428,19626.538666542718,M5236,5079.668076675004,5164.977576306568,1,0
48,DEBIT,100.92168382162676,C1382,627.7663841010148,526.844700279388,M1382,103.1722998092911,204.09398363091788,0,0
69,DEBIT,53.93716408595322,C4436,7107.530826983957,7053.593662898004,M4436,25.322317758206157,79.25948184415938,0,0
13,DEBIT,948.4638874126734,C600,881.9785544159977,0.0,M600,21002.0488403854,21950.51272779807,0,0
54,TRANSFER,43.88818599035943,C2627,60647.66719528463,60603.779009294274,M2627,1528.8626136475857,1572.7507996379452,0,0
87,TRANSFER,80.12941368264818,C5514,1533.500252366733,1453.370838684085,M5514,1118.4225235433446,1198.5519372259928,1,0
2,CASH_IN,72.08054424470795,C4763,17885.8389939655,17813.75844972079,M4763,62637.74897509289,62709.8295193376,0,0
99,PAYMENT,6.83109686854036,C4745,63195.14708235951,63188.31598549097,M4745,111.22836652453675,118.05946339307712,0,0
84,CASH_OUT,20789.42159510891,C3618,6658.553943946819,0.0,M3618,9450.84921874523,30240.270813854146,0,0
20,TRANSFER,135.91801153601295,C4006,1497.1661221826398,1361.2481106466269,M4006,7854.770886388645,7990.688897924658,0,0
63,CASH_IN,2906.0848747943883,C113,2351.8587979676613,0.0,M113,9090.981385145376,11997.066259939766,0,0
47,DEBIT,212.5903310117224,C4083,3529.9246168309214,3317.334285819199,M4083,6533.41876997494,6746.009100986663,0,0
17,TRANSFER,243.5223567700577,C1448,5221.621516979782,4978.099160209725,M1448,20635.40733496321,20878.929691733265,0,0
15,CASH_IN,39.770988876887145,C3352,682.7177244549601,642.946735578073,M3352,17591.14152417275,17630.91251304964,0,0
5,PAYMENT,379.6701967116432,C4656,15895.87529156458,15516.205094852938,M4656,195.09528229093908,574.7654790025822,0,0
2,DEBIT,29.38169335630711,C1798,62081.81933898998,62052.43764563368,M1798,3123.5785702492244,3152.9602636055315,0,0
96,PAYMENT,127.30245908121589,C2936,1103.643282852007,976.3408237707908,M2936,965.4437348213104,1092.746193902526,0,0
94,PAYMENT,41.6284863774154,C4306,35025.05813887499,34983.42965249758,M4306,47376.038103204846,47417.66658958226,0,0
3,PAYMENT,95.45004609430508,C4506,42.937930984497406,0.0,M4506,3807.341421702279,3902.791467796584,0,0
47,DEBIT,10782.721247607971,C1883,752.3222676052563,0.0,M1883,9157.884524441535,19940.60577204951,0,0
72,TRANSFER,534.9675410301646,C3879,10075.678830240637,9540.71128921047,M3879,16025.093313502177,16560.06085453234,0,0
98,DEBIT,17.87503174010839,C2208,2916.792442764642,2898.917411024534,M2208,102.5358092094343,120.41084094954267,0,0
57,CASH_IN,1752.5712142031764,C4640,3643.234054670162,1890.6628404669857,M4640,309097.02893516794,310849.60014937114,0,0
92,DEBIT,26.810169187693383,C3801,480.5170562618749,453.7068870741816,M3801,312.6517624772206,339.46193166491395,0,0
15,PAYMENT,508.9512164481545,C2448,5928.454628129964,5419.503411681809,M2448,579.5010928028171,1088.4523092509717,0,0
58,DEBIT,287.28988751981944,C3342,1300.8382077265574,1013.548320206738,M3342,3283.6654980886174,3570.9553856084367,0,0
86,CASH_IN,33.0849484879663,C338,8686.19831824315,8653.113369755185,M338,13704.012974385088,13737.097922873054,0,0
78,CASH_IN,852.7749009495723,C2456,255357.8895937219,254505.11469277236,M2456,720.5147836291137,1573.289684578686,0,0
49,PAYMENT,72.02196843364666,C4031,13559.044295489224,13487.022327055578,M4031,3861.067363743217,3933.089332176864,0,0
93,CASH_OUT,1165.970957341298,C372,610.5402748151574,0.0,M372,54772.21834460957,55938.18930195087,0,0
47,TRANSFER,630.1748471741348,C5016,812.6542410410223,182.47939386688745,M5016,13086.514871297391,13716.689718471527,1,0
83,DEBIT,12.122956028360605,C5147,45.97779599827585,33.85483996991525,M5147,2389.42536096428,2401.5483169926406,1,0
61,CASH_IN,1142.5117416639998,C4899,11833.328915637712,10690.817173973712,M4899,11912.061690984749,13054.573432648747,0,0
36,CASH_IN,799.9077987948842,C166,2586.540767710343,1786.6329689154588,M166,9247.5326061767,10047.440404971583,0,0
53,DEBIT,506.9999861066524,C4771,295.39245401260456,0.0,M4771,1695.0739566550862,2202.073942761738,0,0
98,TRANSFER,104.34251295444312,C1822,27642.78801821105,27538.4455052566,M1822,31703.979533815807,31808.32204677025,0,0
38,CASH_OUT,4.864906894532671,C1206,1254.783918365789,1249.9190114712565,M1206,106.88617553837577,111.75108243290842,0,0
19,TRANSFER,190.1246645368112,C1766,11265.309854914503,11075.185190377691,M1766,1825.6504833698743,2015.7751479066856,0,0
14,PAYMENT,7.634161545964279,C4686,1163.976737164155,1156.342575618191,M4686,341.2274089631329,348.8615705090972,0,0
94,DEBIT,3.686464806966116,C5590,80034.567256406,80030.88079159903,M5590,17252.858296612412,17256.54476141938,1,0
33,CASH_OUT,175.9278759518505,C402,34986.072028765535,34810.144152813686,M402,8955.03674873375,9130.9646246856,0,0
62,CASH_IN,1126.055137257718,C39,3696.9784246275926,2570.9232873698747,M39,832.8193896759183,1958.8745269336364,0,0
68,TRANSFER,59.017338244473486,C4765,2179.114171884016,2120.096833639542,M4765,1641.4981802703642,1700.5155185148376,0,0
64,DEBIT,49.58472763724557,C4624,2503.719526290816,2454.1347986535707,M4624,22163.51470947033,22213.099437107576,0,0
13,CASH_OUT,30.876027711442724,C559,94.83816421342286,63.96213650198013,M559,119907.85715172385,119938.73317943528,0,0
44,CASH_IN,239.59822823222856,C2401,1429.4508029377637,1189.852574705535,M2401,815.3963103535589,1054.9945385857875,0,0
40,TRANSFER,127.74261223869068,C5468,9021.307887353576,8893.565275114885,M5468,32.94256756654437,160.68517980523504,1,0
34,CASH_OUT,98.47715714106803,C3358,44128.75971896692,44030.28256182585,M3358,1259.0713268324753,1357.5484839735434,0,0
72,CASH_IN,27.38491459368126,C1111,13685.05491661786,13657.670002024175,M1111,67.97249148842143,95.35740608210268,0,0
39,CASH_IN,109.97139647088692,C4570,465.75460427831626,355.78320780742933,M4570,6054.227475059197,6164.198871530084,0,0
85,PAYMENT,17.553805841748183,C4912,755.7863651397453,738.2325592979971,M4912,2251.1645293490064,2268.7183351907547,0,0
96,CASH_OUT,5.294252141468158,C157,55428.66940444105,55423.37515229958,M157,1741.7164154519485,1747.0106675934169,0,0
78,PAYMENT,97.4314004147412,C5069,1330.280525585997,1232.8491251712562,M5069,14.475361029078623,111.90676144381982,1,0
48,CASH_IN,175.7665053773764,C3418,335.6663254121181,159.8998200347417,M3418,254.9184016811052,430.6849070584816,0,0
75,PAYMENT,5193.119041079714,C4215,32624.746635100968,27431.62759402125,M4215,2248.7347345641674,7441.853775643882,0,0
1,CASH_OUT,1.3828568281814386,C922,2251.464207049078,2250.0813502208966,M922,403.3863750273055,404.76923185548696,0,0
19,DEBIT,85.14973929071965,C3814,2438.9702870964097,2353.8205478056902,M3814,10995.655421334222,11080.805160624945,0,0
3,PAYMENT,387.0390017455503,C4907,4671.019102151394,4283.980100405844,M4907,4066.427087896592,4453.466089642143,0,0
24,DEBIT,18.43831951935598,C2090,2398.113662380586,2379.67534286123,M2090,88.30653352834808,106.74485304770404,0,0
29,PAYMENT,374.5255955139088,C4343,111.84530096756582,0.0,M4343,1049.142528049151,1423.6681235630597,0,0
24,CASH_IN,107.80415007398412,C1937,89976.5505438621,89868.74639378813,M1937,156244.2894711609,156352.0936212349,0,0
94,PAYMENT,105.95303383995513,C3660,1230.1304201465202,1124.177386306565,M3660,78748.06705117744,78854.02008501739,0,0
86,PAYMENT,39.45661495005668,C395,6400.887325635442,6361.430710685385,M395,391.7317094531464,431.1883244032031,0,0
88,CASH_IN,277.3390073924703,C1956,4757.424214240419,4480.085206847949,M1956,2775.482999617766,3052.822007010236,0,0
14,DEBIT,93.77833651406466,C3403,771.8051633842795,678.0268268702148,M3403,10664.172049698242,10757.950386212306,0,0
47,PAYMENT,635.2281527924599,C5001,51234.75602344468,50599.52787065222,M5001,93.5635269308756,728.7916797233355,1,0
39,CASH_IN,159.33301004450158,C1148,5147.678807151738,4988.345797107236,M1148,46617.4579552765,46776.790965321,0,0
38,PAYMENT,5212.311045616099,C3732,3354.863038142588,0.0,M3732,79.3210919930235,5291.632137609123,0,0
6,CASH_IN,761.66819341851,C368,20394.921384982412,19633.253191563905,M368,21456.89528269613,22218.563476114643,0,0
42,CASH_OUT,18.227849573357755,C1516,190.04991553431125,171.8220659609535,M1516,156.09955661052982,174.32740618388758,0,0
74,PAYMENT,5.971847039506483,C2317,3593.6839458103536,3587.712098770847,M2317,465.0646960375192,471.03654307702567,0,0
32,CASH_IN,50.7322369283082,C2498,15126.895303420726,15076.163066492418,M2498,9549.048647271156,9599.780884199465,0,0
29,DEBIT,1.1543426380750976,C5070,40071.04806252193,40069.893719883854,M5070,1361.5182212460716,1362.6725638841467,1,0
98,DEBIT,29.531445661020577,C347,11499.764295127688,11470.232849466664,M347,774.2991939239911,803.8306395850117,0,0
20,PAYMENT,27.125053028289724,C1499,220.76938469426085,193.64433166597112,M1499,5799.117223937364,5826.242276965653,0,0
27,CASH_IN,9.63008919046776,C4803,7782.2178558549185,7772.587766664451,M4803,19931.19976199084,19940.829851181305,0,0
68,TRANSFER,38.52666140291149,C4092,50816.63118584743,50778.10452444452,M4092,19085.76116015162,19124.28782155453,0,0
3,TRANSFER,215.31571843187805,C2540,509.7245330316757,294.40881459979767,M2540,3878.731664942996,4094.047383374874,0,0
39,CASH_OUT,2057.036017172731,C682,1164.8200988630397,0.0,M682,11989.738512458263,14046.774529630997,0,0
1,PAYMENT,146.7659886609484,C2291,51549.54097536732,51402.77498670637,M2291,17238.73600801635,17385.501996677296,0,0
69,CASH_OUT,224.8170588491472,C291,635.5792097276357,410.76215087848846,M291,442.9748323559133,667.7918912050604,0,0
54,TRANSFER,0.8899757582144401,C1681,13893.02919967147,13892.139223913257,M1681,67365.95588072066,67366.84585647887,0,0
47,DEBIT,2750.3342021582416,C4447,3756.1049442080302,1005.7707420497886,M4447,10811.547404328228,13561.88160648647,0,0
24,PAYMENT,250.0375336838604,C97,127.13872149999024,0.0,M97,47704.46329550559,47954.500829189456,0,0
96,CASH_IN,26.254108355917555,C4758,243.4854059027031,217.23129754678556,M4758,1292.2223394176965,1318.4764477736142,0,0
2,TRANSFER,116.9045968542937,C1075,332.87495961262726,215.9703627583336,M1075,11228.39336991599,11345.297966770284,0,0
61,CASH_IN,508.1990881998471,C3600,17790.533803411952,17282.334715212106,M3600,1722.3661366973845,2230.5652248972315,0,0
95,PAYMENT,6.310303509816246,C3106,16107.61689709158,16101.306593581765,M3106,16147.10405792391,16153.414361433726,0,0
29,CASH_IN,95.43103440041352,C5018,5171.216527802343,5075.78549340193,M5018,849.7683714506535,945.199405851067,1,0
49,DEBIT,46.3818016010799,C2013,637.0765238456567,590.6947222445767,M2013,1678.3798639965737,1724.7616655976535,0,0
39,CASH_IN,1384.2646689979174,C1131,3510.724133088896,2126.4594640909786,M1131,11481.929087739616,12866.193756737532,0,0
81,CASH_IN,725.2545375077582,C5145,52974.50184398348,52249.24730647572,M5145,7640.053872043927,8365.308409551686,1,0
75,TRANSFER,6.456952592160857,C4029,3655.7729728587306,3649.31602026657,M4029,89985.2706763918,89991.72762898395,0,0
91,TRANSFER,2003.1461580660343,C2715,1379.0036956945487,0.0,M2715,183.550179183432,2186.6963372494665,0,0
75,CASH_OUT,23142.707601243827,C896,2795.143434807894,0.0,M896,5902.378173083368,29045.085774327195,0,0
46,PAYMENT,514.201861401567,C391,2894.031612585421,2379.8297511838546,M391,468571.8121171491,469086.0139785507,0,0
10,CASH_OUT,755.325828963067,C987,1814.710525705772,1059.3846967427053,M987,163.7893400707428,919.1151690338098,0,0
37,CASH_OUT,280.1216359281462,C665,799.1973284565576,519.0756925284113,M665,1982.2417856516672,2262.3634215798133,0,0
12,DEBIT,21.505954419900284,C2879,1300.1039741396746,1278.5980197197744,M2879,9625.402540069748,9646.90849448965,0,0
73,CASH_OUT,8.923804169730953,C3481,61.51375500830909,52.58995083857813,M3481,7456.462544806021,7465.386348975752,0,0
47,DEBIT,20.17860343784578,C4269,1200.0243110810109,1179.845707643165,M4269,53459.93091093477,53480.10951437261,0,0
3,CASH_OUT,252.3571541506473,C4137,46.3058554126497,0.0,M4137,4710.975109759432,4963.332263910079,0,0
25,CASH_OUT,138.74982782364137,C5050,140290.397377502,140151.64754967837,M5050,226.46405379302115,365.21388161666255,1,0
31,DEBIT,687.8816279876016,C1457,4308.461734691073,3620.580106703471,M1457,614.3053925546249,1302.1870205422265,0,0
6,DEBIT,127.24348852581784,C3395,31006.27214013206,30879.02865160624,M3395,3432.253930256071,3559.497418781889,0,0
22,CASH_IN,43.23687659712931,C13,34841.142378907185,34797.90550231006,M13,175.20391564283003,218.4407922399593,0,0
72,TRANSFER,59.51227314027435,C3226,1528.2340833610435,1468.7218102207692,M3226,36637.98502237132,36697.49729551159,0,0
84,DEBIT,182.49859602463425,C3259,1931.7012431805408,1749.2026471559063,M3259,1810.0113103200656,1992.5099063447,0,0
89,DEBIT,13.024502438590606,C487,62900.01810848153,62886.99360604294,M487,16019.48303247488,16032.507534913471,0,0
80,TRANSFER,26375.32928681374,C5191,34120.09222451424,7744.762937700503,M5191,13813.78885761216,40189.1181444259,1,0
53,CASH_IN,79.44590085660225,C4261,15080.49371340604,15001.047812549436,M4261,153069.52330309214,153148.96920394874,0,0
48,CASH_OUT,30.072753113824945,C297,46061.81317623621,46031.74042312239,M297,53603.917684968204,53633.99043808203,0,0
59,DEBIT,2.779361680971204,C1897,3163.7014739938654,3160.922112312894,M1897,73.18915345215709,75.96851513312829,0,0
69,TRANSFER,91.4821199248938,C3046,1144.17745695784,1052.695337032946,M3046,25529.168782844365,25620.65090276926,0,0
42,PAYMENT,283.14226766130554,C2393,3540.0754563583746,3256.933188697069,M2393,33369.2243024121,33652.366570073405,0,0
84,TRANSFER,6660.839016243486,C4580,2633.821375620855,0.0,M4580,15741.918009441966,22402.75702568545,0,0
28,PAYMENT,165.5595314540577,C3695,81.58587058392591,0.0,M3695,983.6549199851252,1149.2144514391828,0,0
87,PAYMENT,1291.4633025620162,C1358,746.6041062876584,0.0,M1358,5216.76359473599,6508.226897298006,0,0
56,TRANSFER,148.39153631292186,C1311,33920.281074541665,33771.889538228745,M1311,515.9893286405567,664.3808649534785,0,0
94,CASH_OUT,9.65877665877851,C5393,7165.31812375769,7155.659347098912,M5393,31438.39183565972,31448.050612318497,1,0
60,CASH_OUT,1493.3983507426617,C2494,1815.943413967972,322.5450632253103,M2494,28.354529438944784,1521.7528801816063,0,0
92,PAYMENT,72.54165472591352,C691,460.0195553675196,387.477900641606,M691,259.7513698734091,332.2930245993226,0,0
86,PAYMENT,91.38139406344028,C4508,4118.27900343931,4026.8976093758697,M4508,47.25040990801754,138.63180397145783,0,0
84,CASH_IN,435.4972308855522,C3630,2110.759775635874,1675.262544750322,M3630,4768.78454313808,5204.281774023632,0,0
27,CASH_OUT,125.18788380880495,C4657,1924.0147502368536,1798.8268664280488,M4657,3136.1512479687667,3261.339131777572,0,0
60,CASH_OUT,234.64573265292267,C4869,142.2110319772981,0.0,M4869,5065.22779397886,5299.873526631783,0,0
8,TRANSFER,349.6898404620527,C4353,111.20967991604988,0.0,M4353,664.4961551019738,1014.1859955640266,0,0
29,CASH_OUT,10296.889059917106,C4611,4736.626826510508,0.0,M4611,19723.916417939265,30020.80547785637,0,0
67,PAYMENT,21.625426456954592,C384,2026.4615342446657,2004.8361077877112,M384,326.49333572001814,348.1187621769727,0,0
94,TRANSFER,205.6602268286629,C3911,3613.071714516264,3407.411487687601,M3911,752.8141489315342,958.4743757601972,0,0
60,TRANSFER,66.32021194307711,C60,620.8647931728327,554.5445812297556,M60,1460.0569204071455,1526.3771323502226,0,0
34,TRANSFER,8.372667859013445,C3784,13633.47390694797,13625.101239088955,M3784,22028.46656772201,22036.839235581025,0,0
31,CASH_IN,298.2494628817097,C1023,372.3341841735645,74.0847212918548,M1023,2364.781191363275,2663.030654244985,0,0
96,DEBIT,37.506380629612,C529,1680.5445139624712,1643.0381333328592,M529,481.4917541730002,518.9981348026122,0,0
48,CASH_IN,61.77076135741565,C4799,1533.0216186581683,1471.2508573007526,M4799,211775.15118911696,211836.9219504744,0,0
4,CASH_IN,104.8899656991933,C4224,106.15686584207364,1.2669001428803457,M4224,777.6557818218284,882.5457475210218,0,0
19,CASH_IN,347.2290609210241,C5311,7353.85413311886,7006.625072197836,M5311,6353.483457705291,6700.712518626315,1,0
30,CASH_OUT,90901.99375433398,C1818,572.0188107211859,0.0,M1818,6729.38206785507,97631.37582218905,0,0
98,TRANSFER,831.8801784135524,C5020,3927.3215165001634,3095.441338086611,M5020,39414.729392778594,40246.609571192144,1,0
44,DEBIT,87.86167325096811,C1074,138.0917250992182,50.230051848250085,M1074,747.6567703129998,835.5184435639679,0,0
54,CASH_OUT,73.43623096510248,C4272,1124.1026635622711,1050.6664325971688,M4272,835.1148023936864,908.5510333587888,0,0
54,DEBIT,914.3371468662384,C302,18849.716199935152,17935.379053068915,M302,1721.1914679908314,2635.528614857069,0,0
89,CASH_IN,371.5916886855189,C2838,1176.0701707589644,804.4784820734455,M2838,24689.03104122809,25060.62272991361,0,0
65,PAYMENT,14622.567655391113,C5046,3449.8693335418675,0.0,M5046,11731.857831413285,26354.4254868044,1,0
33,PAYMENT,57.89354635211427,C2621,4211.857335878119,4153.963789526005,M2621,196.23983493797152,254.1333812900858,0,0
19,TRANSFER,46.039768889454486,C527,4935.656652529291,4889.6168836398365,M527,3081.200953767984,3127.2407226574383,0,0
58,DEBIT,61.9609131702895,C2804,26357.90199180401,26295.94107863372,M2804,20862.87026132809,20924.83117449838,0,0
41,CASH_OUT,265.2846090121316,C2488,210.76230271482257,0.0,M2488,35937.08474937727,36202.3693583894,0,0
53,PAYMENT,57.62946789184544,C3986,2196.0729013042333,2138.443433412388,M3986,124.17908903472794,181.80855692657337,0,0
69,CASH_OUT,23362.01295873422,C4832,490.0668434665641,0.0,M4832,48224.878938114605,71586.89189684883,0,0
65,CASH_IN,118.94768395548265,C5516,201846.4739382033,201727.52625424784,M5516,1213.9493207230792,1332.897004678562,1,0
13,TRANSFER,54.55323312712662,C1179,2313.7477188766984,2259.194485749572,M1179,6855.173755910796,6909.726989037923,0,0
30,PAYMENT,68.22026576045795,C2923,2511.9762960947915,2443.756030334333,M2923,3961.230318660652,4029.45058442111,0,0
6,CASH_IN,82.09392425539373,C1899,55812.87347777859,55730.77955352319,M1899,598.2263067647531,680.3202310201468,0,0
4,CASH_IN,362.1290202512461,C3513,5229.498235038805,4867.369214787559,M3513,553.7894180987397,915.9184383499858,0,0
45,CASH_OUT,738.4287477304612,C1776,387.4116975780445,0.0,M1776,16394.011032109178,17132.43977983964,0,0
8,DEBIT,152.860656121098,C3608,199.6179808451253,46.757324724027285,M3608,193.26875299062175,346.1294091117198,0,0
51,TRANSFER,25.21287533441522,C500,23214.191260275747,23188.97838494133,M500,9329.116066029132,9354.328941363548,0,0
62,TRANSFER,604.6579428722799,C5504,11560.686853318275,10956.028910445995,M5504,834.0662804243165,1438.7242232965964,1,0
50,PAYMENT,75.51202125480158,C277,41706.58743770849,41631.07541645369,M277,67231.92679894136,67307.43882019617,0,0
21,DEBIT,11.025241960000992,C22,46741.97606019904,46730.95081823904,M22,1848.1021252139133,1859.1273671739143,0,0
99,CASH_OUT,13.181630694718434,C369,6090.875581926973,6077.693951232254,M369,1724.695159333867,1737.8767900285854,0,0
20,PAYMENT,30.300304631075356,C4633,10547.627536298993,10517.327231667918,M4633,17879.375355357624,17909.6756599887,0,0
62,PAYMENT,145.8176788287972,C3405,57.1439279987279,0.0,M3405,3010.0722930744696,3155.889971903267,0,0
77,PAYMENT,1.699535937611789,C2000,6307.582413638333,6305.882877700721,M2000,11887.912541710826,11889.61207764844,0,0
47,TRANSFER,89.25533340356225,C3829,66304.42220345266,66215.1668700491,M3829,325.5819152003611,414.83724860392334,0,0
1,DEBIT,99.84652502565623,C1238,323156.9782504984,323057.13172547275,M1238,12412.590859899725,12512.43738492538,0,0
96,DEBIT,170.04159587837808,C458,218.806163262783,48.76456738440493,M458,82.23770901874482,252.2793048971229,0,0
47,PAYMENT,477.9270865629719,C4183,256.5902600238204,0.0,M4183,28019.22387085592,28497.15095741889,0,0
91,CASH_OUT,215.39583352229695,C5545,2690.782579398025,2475.3867458757286,M5545,2766.687703584273,2982.08353710657,1,0
25,TRANSFER,26.41394016412776,C1450,3095.1654136009483,3068.751473436821,M1450,770.8426649935359,797.2566051576637,0,0
94,DEBIT,7.026429639534133,C459,20303.48527833374,20296.45884869421,M459,489.2309788066037,496.2574084461378,0,0
12,PAYMENT,48.3590446453311,C1536,56038.71883481428,55990.35979016895,M1536,2335.9372484248943,2384.2962930702256,0,0
14,CASH_IN,192.02085467762524,C2561,225.0570851491706,33.036230471545366,M2561,0.3840261700245646,192.4048808476498,0,0
75,TRANSFER,7.480830142990833,C1032,122.22661363635204,114.7457834933612,M1032,14057.7797727992,14065.260602942191,0,0
8,CASH_OUT,376.3517230388986,C2056,44659.26307721488,44282.91135417599,M2056,8461.55605311521,8837.907776154108,0,0
6,TRANSFER,2194.775419330359,C4579,27981.625751940675,25786.85033261032,M4579,2522.753514886752,4717.528934217111,0,0
71,PAYMENT,10.87980124103632,C2709,24976.71983991992,24965.840038678885,M2709,57.40636839944731,68.28616964048362,0,0
37,PAYMENT,227.91979076672345,C3781,4631.540170457858,4403.620379691135,M3781,42079.16788650465,42307.087677271375,0,0
55,CASH_OUT,32.75321428151738,C4380,846.3864217546408,813.6332074731234,M4380,4919.869891232175,4952.623105513692,0,0
69,DEBIT,35.06088897002259,C244,8721.530100648853,8686.46921167883,M244,1450.0059331631946,1485.066822133217,0,0
66,TRANSFER,62.99769118240557,C3621,305.49657750118223,242.49888631877667,M3621,1753.6592245869722,1816.6569157693775,0,0
33,CASH_OUT,744.2224793878112,C2442,38412.54674335624,37668.32426396843,M2442,14968.705417433155,15712.927896820966,0,0
96,CASH_IN,274.5417161292673,C5087,42398.1459851436,42123.60426901433,M5087,3414.852806318389,3689.394522447656,1,0
19,TRANSFER,472.9366623054201,C1390,7351.537333991327,6878.6006716859065,M1390,263.0132096570639,735.9498719624839,0,0
93,DEBIT,122.30914313786886,C569,790.9020673774596,668.5929242395907,M569,12135.398474767828,12257.707617905697,0,0
6,CASH_IN,0.8556769366365394,C3759,12589.86974729216,12589.014070355524,M3759,7103.627448017352,7104.483124953989,0,0
13,DEBIT,15.048634663797046,C4304,3436.8520090976813,3421.803374433884,M4304,331.98867176585514,347.0373064296522,0,0
44,DEBIT,7.619638739272509,C710,163.28757466660656,155.66793592733404,M710,7870.810166953077,7878.42980569235,0,0
37,PAYMENT,65.55044433758174,C3574,2357.477736033394,2291.927291695813,M3574,405.5734632398419,471.1239075774236,0,0
63,TRANSFER,422.3197081398632,C1780,330.7028032684826,0.0,M1780,5404.356611859551,5826.676319999414,0,0
88,CASH_IN,447.2326989699935,C4377,8942.31739729638,8495.084698326385,M4377,45815.85401241061,46263.0867113806,0,0
41,CASH_IN,12.944429704297818,C3838,557259.9631206569,557247.0186909526,M3838,1341.7526698200215,1354.6970995243194,0,0
47,PAYMENT,54.62042422453086,C3433,3643.652696234794,3589.032272010263,M3433,188.7637055293714,243.38412975390227,0,0
66,CASH_OUT,812.6388552051601,C4982,449.3833759804319,0.0,M4982,7408.972803797589,8221.611659002749,0,0
39,CASH_OUT,1423.0655804232586,C4566,199799.19039018505,198376.1248097618,M4566,1960.662235669704,3383.7278160929627,0,0
70,DEBIT,1866.3144360263332,C1816,2461.1916051293942,594.8771691030609,M1816,365.7125529662797,2232.026988992613,0,0
58,CASH_IN,38.4640866197509,C639,2758.463282783272,2719.999196163521,M639,128.6392742857076,167.10336090545852,0,0
96,CASH_OUT,792.2236883659277,C485,11670.518006846814,10878.294318480886,M485,1784.0264158983498,2576.250104264277,0,0
86,CASH_OUT,68.92446316256871,C3210,1003.0253851192748,934.100921956706,M3210,242.82633713728484,311.75080029985355,0,0
29,DEBIT,3.2389720731915643,C2366,719.6528631064933,716.4138910333018,M2366,10852.556492288892,10855.795464362083,0,0
76,PAYMENT,144.65918883291906,C1855,8700.565684985386,8555.906496152467,M1855,59922.98661902317,60067.64580785609,0,0
42,DEBIT,281.5528075628385,C4961,4461.251404210243,4179.698596647405,M4961,8244.264807305362,8525.817614868201,0,0
39,CASH_IN,1716.289238612501,C1518,6980.520858471914,5264.231619859413,M1518,1623.0733237778647,3339.362562390366,0,0
3,TRANSFER,222.7388047462083,C3324,2969.3311436169697,2746.592338870761,M3324,11389.005302329962,11611.74410707617,0,0
49,PAYMENT,200.3032936572275,C444,6415.925315052847,6215.622021395619,M444,1053.373303349457,1253.6765970066845,0,0
95,CASH_OUT,30.824836451673683,C2825,271.9276064870124,241.1027700353387,M2825,702.3140899986462,733.1389264503199,0,0
47,TRANSFER,75.75474968375795,C3036,5527.795586317244,5452.040836633486,M3036,1898.632966079473,1974.387715763231,0,0
13,DEBIT,1286.0662589721014,C3987,45.67559364548791,0.0,M3987,328761.3334003185,330047.3996592906,0,0
16,PAYMENT,65.05715948859037,C2962,8796.012519698112,8730.955360209522,M2962,3570.5822545353426,3635.639414023933,0,0
90,CASH_IN,27.887139435980185,C2378,33840.85855879986,33812.97141936388,M2378,12633.594547066834,12661.481686502811,0,0
68,TRANSFER,846.4607799034944,C2253,16656.484003674675,15810.02322377118,M2253,1030.538124733161,1876.9989046366557,0,0
30,PAYMENT,13.194614383484224,C2542,63.65084227144919,50.45622788796496,M2542,1364.0283548913385,1377.2229692748226,0,0
59,CASH_OUT,798.7451899979894,C3760,650.5397242728618,0.0,M3760,57870.5952993714,58669.34048936939,0,0
93,DEBIT,177.51304541690018,C314,1685.532597685937,1508.0195522690367,M314,8306.04504938269,8483.55809479959,0,0
88,DEBIT,409.30064734004816,C5460,461.9764219385399,52.67577459849173,M5460,154.7821310046097,564.0827783446579,1,0
75,DEBIT,20.10787876145699,C891,1067.4888187152878,1047.3809399538309,M891,3694.863941445773,3714.97182020723,0,0
88,TRANSFER,47.22230392161134,C4271,108392.1862329955,108344.9639290739,M4271,561.9343072500693,609.1566111716807,0,0
95,PAYMENT,36.339432496269055,C5440,1952.930963476452,1916.5915309801835,M5440,375.6211860763832,411.9606185726522,1,0
84,CASH_IN,322.0438999519596,C2137,5923.766760157612,5601.722860205653,M2137,337.0868923894773,659.130792341437,0,0
43,DEBIT,541.454036097211,C1200,1306.7991726324758,765.3451365352648,M1200,2651.65925034498,3193.1132864421907,0,0
67,PAYMENT,10.620661256433207,C5204,74.89274974472443,64.27208848829122,M5204,60910.30763609585,60920.928297352286,1,0
13,TRANSFER,209.48916348321413,C1775,3811.623864697515,3602.1347012143005,M1775,929.76657214029,1139.255735623504,0,0
6,TRANSFER,17.24751867942622,C1068,113410.47987153535,113393.23235285592,M1068,767.1798721846824,784.4273908641086,0,0
65,DEBIT,53.79368069684861,C2570,9038.329720701757,8984.536040004909,M2570,305491.6986558641,305545.492336561,0,0
94,PAYMENT,247.99791495890304,C4308,7061.316306553792,6813.318391594888,M4308,16119.197789744272,16367.195704703176,0,0
66,TRANSFER,46.28819607821276,C2006,15350.679058028049,15304.390861949836,M2006,71.22998808732737,117.51818416554012,0,0
54,PAYMENT,0.9226300766543526,C2399,2095.917728762232,2094.995098685577,M2399,17643.959773758324,17644.882403834978,0,0
50,TRANSFER,762.7884503307489,C4822,6351.514436147309,5588.725985816561,M4822,933.3833443050268,1696.1717946357758,0,0
63,CASH_OUT,346.8829394915141,C788,30.86028111277823,0.0,M788,2347.8107946999808,2694.693734191495,0,0
14,DEBIT,300.8332880138896,C3414,1341.910587046047,1041.0772990321575,M3414,142.77461331120077,443.6079013250903,0,0
58,CASH_IN,3.031237667092209,C442,152.67921132743,149.6479736603378,M442,128731.35721968568,128734.38845735278,0,0
90,TRANSFER,63.71592674406021,C3541,505.84167822510017,442.12575148104,M3541,9033.09552998008,9096.81145672414,0,0
87,PAYMENT,7.1208130102909895,C5355,197.7195427300552,190.5987297197642,M5355,5006.306827588547,5013.427640598839,1,0
29,TRANSFER,43.76684648241209,C2922,349.1046276703652,305.33778118795306,M2922,1654.250698427432,1698.0175449098442,0,0
59,CASH_OUT,194.09898959668848,C5151,706.6481911207491,512.5492015240605,M5151,12057.04947346691,12251.1484630636,1,0
96,CASH_OUT,69.80731421401698,C1805,88.84211533265652,19.034801118639532,M1805,328.5630123163949,398.3703265304119,0,0
15,TRANSFER,100.01991515174608,C151,503.653922189805,403.6340070380589,M151,1172.7901313426862,1272.8100464944323,0,0
34,CASH_OUT,10.686255021452324,C3290,7049.970592058719,7039.284337037267,M3290,134.97021158818615,145.65646660963847,0,0
35,CASH_OUT,26.52362351596722,C2196,4642.501936823473,4615.978313307506,M2196,1992.8643079257645,2019.387931441732,0,0
83,CASH_OUT,188.5659286772669,C3958,21253.837257007464,21065.2713283302,M3958,2870.3097705824803,3058.8756992597478,0,0
88,TRANSFER,4.430374907801182,C4562,16220.245648151633,16215.81527324383,M4562,226.2334289283834,230.6638038361846,0,0
97,TRANSFER,182.259218120209,C1219,5196.985841212954,5014.726623092745,M1219,53.62136725092281,235.88058537113184,0,0
40,CASH_OUT,356.0219740661175,C1484,4497.832791593554,4141.8108175274365,M1484,3933.871166658697,4289.893140724815,0,0
7,CASH_IN,180.1394136266565,C3869,2279.4696255461704,2099.330211919514,M3869,3026.821319690153,3206.9607333168096,0,0
32,PAYMENT,428.6464476110296,C2658,34117.29826811509,33688.65182050406,M2658,200.533366486646,629.1798140976755,0,0
41,CASH_IN,22.6149443948881,C756,1780.3145392789672,1757.699594884079,M756,262.1155105209372,284.73045491582525,0,0
70,PAYMENT,16.45456300696764,C1547,500.9720942553732,484.51753124840553,M1547,24490.114194653863,24506.568757660832,0,0
48,DEBIT,19.02310101068972,C2446,3783.2682288890696,3764.24512787838,M2446,29892.005994385578,29911.02909539627,0,0
99,CASH_OUT,244.80153676175448,C5146,5459.327911930374,5214.52637516862,M5146,16428.982128725467,16673.783665487223,1,0
55,DEBIT,39.92554937983327,C5416,759.73871642271,719.8131670428768,M5416,1475.9046359006345,1515.8301852804675,1,0
75,CASH_OUT,210.76415377352825,C5403,353.9511642180554,143.18701044452715,M5403,162.26155829432366,373.025712067852,1,0
29,TRANSFER,9.84225001619464,C1879,8519.329740209356,8509.487490193162,M1879,243.97278744148585,253.8150374576805,0,0
24,CASH_IN,67.09928590638143,C4173,1412.7431722641268,1345.6438863577453,M4173,137.97294192279287,205.0722278291743,0,0
28,TRANSFER,12584.547735552029,C5390,13377.785198896883,793.2374633448562,M5390,17244.800978208885,29829.34871376091,1,0
92,CASH_OUT,19.504364340589,C1300,9995.4518582224,9975.947493881811,M1300,3204.2451133140958,3223.749477654684,0,0
54,DEBIT,69.85674005231931,C4151,188.26369152186615,118.40695146954688,M4151,2294.106420117588,2363.9631601699075,0,0
41,CASH_IN,2264.7762400329125,C2023,2805.1872689624806,540.4110289295681,M2023,3219.644512407696,5484.420752440608,0,0
13,CASH_IN,31647.141336236105,C2050,1753.5448914330398,0.0,M2050,8115.771230132737,39762.91256636885,0,0
53,DEBIT,203.34104899929648,C2729,485.44311544488806,282.1020664455916,M2729,14860.33885313392,15063.679902133215,0,0
29,CASH_IN,77.95331436045306,C558,13550.576461960069,13472.623147599614,M558,14379.270234478066,14457.22354883852,0,0
86,PAYMENT,120.3117234213464,C1299,3691.8312209548944,3571.519497533548,M1299,781.5791443154213,901.8908677367676,0,0
97,TRANSFER,13.204195069874448,C2765,723.8152839092782,710.6110888394037,M2765,270.9346463544208,284.13884142429526,0,0
79,CASH_IN,219.00118204369937,C4013,28.46355450501138,0.0,M4013,34181.97035006825,34400.97153211195,0,0
53,CASH_OUT,55.01803584694454,C4414,4151.2516501834325,4096.233614336488,M4414,2415.5771074083104,2470.595143255255,0,0
2,CASH_IN,700.6367700606413,C1194,98782.27046968376,98081.63369962313,M1194,25644.441655590814,26345.078425651456,0,0
20,CASH_IN,1048.4358198584046,C3837,5571.444938688336,4523.009118829932,M3837,5303.448833284457,6351.884653142861,0,0
3,TRANSFER,8.79977688670479,C2072,2051.333415091953,2042.5336382052485,M2072,152725.62116292355,152734.42093981025,0,0
37,CASH_IN,110.7326616335625,C4195,7784.748684414139,7674.016022780576,M4195,156.93633491022254,267.66899654378506,0,0
62,DEBIT,1031.5393013141966,C4841,175.698931329599,0.0,M4841,2489.1770236185043,3520.716324932701,0,0
95,PAYMENT,44.65359132479511,C4305,5454.224851998455,5409.57126067366,M4305,39938.229457504654,39982.88304882945,0,0
89,DEBIT,2857.9557528302416,C1218,24009.65378317272,21151.698030342475,M1218,3629.315926660322,6487.271679490564,0,0
33,CASH_IN,72.8914325380486,C2271,9205.932562847056,9133.041130309008,M2271,5018.292032621839,5091.183465159887,0,0
50,CASH_OUT,10.18002984772135,C1350,499.5299612007852,489.3499313530638,M1350,437.0828524812314,447.2628823289528,0,0
11,DEBIT,108.6753382756676,C3826,1324.47317632395,1215.7978380482823,M3826,3743.744106842368,3852.419445118035,0,0
37,CASH_OUT,794.2053839582094,C1408,672.0907681338011,0.0,M1408,15191.10334381228,15985.30872777049,0,0
27,CASH_OUT,18.686143730373026,C1928,66435.2628671449,66416.57672341453,M1928,1299.4044247588504,1318.0905684892234,0,0
60,TRANSFER,23.8590330498794,C2644,777.9204509723492,754.0614179224698,M2644,448.03311363470687,471.89214668458624,0,0
13,TRANSFER,931.0517219305026,C5538,1671.568316255289,740.5165943247861,M5538,5808.517256346086,6739.5689782765885,1,0
58,CASH_OUT,3395.3373251728517,C2967,10946.320226080144,7550.982900907291,M2967,395.32775104286384,3790.665076215715,0,0
75,PAYMENT,21.202363673384045,C2470,186058.4246158744,186037.22225220097,M2470,2435.498063017763,2456.7004266911467,0,0
81,CASH_IN,690.5691236092404,C4184,1472.262398776686,781.6932751674457,M4184,1245.0014878481632,1935.570611457404,0,0
64,DEBIT,391.4655885731547,C5105,12505.589138821397,12114.12355024824,M5105,315.1601473420424,706.6257359151971,1,0
87,CASH_IN,847.6369305670671,C5161,38028.5308425104,37180.89391194333,M5161,219.8730355536902,1067.509966120757,1,0
90,CASH_IN,25.13800627520985,C954,3352.8890004787268,3327.7509942035167,M954,363.1538786758517,388.2918849510616,0,0
98,TRANSFER,126.97346365795276,C5523,15242.04443830948,15115.070974651528,M5523,10464.441083720763,10591.414547378716,1,0
44,DEBIT,130.80547809293,C2511,3562.0787209213563,3431.273242828426,M2511,11211.946126355771,11342.751604448704,0,0
20,CASH_IN,171.76354564127365,C3128,1101.391150083372,929.6276044420983,M3128,4067.1880948463054,4238.951640487579,0,0
53,PAYMENT,145.58525252203975,C4487,4450.851272151353,4305.266019629314,M4487,6332.436968372193,6478.022220894233,0,0
93,CASH_IN,1960.921063231333,C4412,2448.1880731048486,487.2670098735157,M4412,908.5693880205624,2869.490451251895,0,0
21,DEBIT,8453.263305444523,C2637,1495775.1325922343,1487321.86928679,M2637,51930.06585247869,60383.32915792322,0,0
66,PAYMENT,1349.996066890853,C4704,10323.754442924745,8973.75837603389,M4704,1009092.8260430534,1010442.8221099444,0,0
78,CASH_OUT,122.75966337563928,C1371,76758.87752394722,76636.11786057158,M1371,37151.92687260624,37274.68653598188,0,0
70,CASH_OUT,5937.891555734186,C3079,413.09382146588257,0.0,M3079,2893.841343664044,8831.73289939823,0,0
86,CASH_OUT,7.455317115789247,C936,694.1531318367818,686.6978147209925,M936,122.47376884874126,129.92908596453051,0,0
13,CASH_IN,648.1226410196745,C5021,4330.040777941024,3681.9181369213497,M5021,11704.172445724082,12352.295086743756,1,0
11,TRANSFER,4.158749191691919,C3590,30.76272035982259,26.603971168130677,M3590,2808.9676121455086,2813.1263613372007,0,0
10,TRANSFER,1672.4393340829995,C4256,6018.908134554492,4346.468800471493,M4256,88801.2700266775,90473.7093607605,0,0
88,TRANSFER,249.7274290952193,C2993,1755.3097838447454,1505.582354749526,M2993,9838.232578197316,10087.960007292537,0,0
83,CASH_OUT,810.0547058154198,C2667,11803.031029248072,10992.976323432653,M2667,243.1228456805999,1053.1775514960198,0,0
99,PAYMENT,520.0309490490271,C5558,15645.59804851408,15125.567099465054,M5558,11.81917076063696,531.8501198096641,1,0
18,TRANSFER,53.36499678087546,C1128,3145.302895366944,3091.937898586068,M1128,2240.7313524383503,2294.096349219226,0,0
75,PAYMENT,2335.2171227054923,C3946,2037.0481788776012,0.0,M3946,17718.282937774573,20053.500060480063,0,0
49,CASH_OUT,0.9066832363925204,C3172,28421.263391439847,28420.356708203453,M3172,1198.7562215313096,1199.6629047677022,0,0
41,CASH_IN,204.0646855131233,C3576,2052.6728619768733,1848.60817646375,M3576,3373.390133777388,3577.454819290511,0,0
59,PAYMENT,315.88257827697555,C4610,5527.428043514557,5211.545465237582,M4610,105.67084639530904,421.55342467228456,0,0
6,PAYMENT,115.99570611166985,C4295,5766.223552391315,5650.227846279645,M4295,349.1989062416987,465.1946123533685,0,0
60,PAYMENT,24.786087330599187,C1743,33967.37527622831,33942.58918889771,M1743,1455.1243120785027,1479.910399409102,0,0
36,DEBIT,85.85979247823043,C3625,1813.021828858577,1727.1620363803463,M3625,112153.00460431472,112238.86439679295,0,0
18,TRANSFER,17.972839904615686,C4037,1762.0241739882315,1744.051334083616,M4037,7045.146910474845,7063.11975037946,0,0
32,CASH_OUT,85.60634580420864,C3999,14858.18836032932,14772.582014525113,M3999,2644.357760846618,2729.9641066508266,0,0
45,PAYMENT,27.008866854622138,C4411,3650.0355915841874,3623.026724729565,M4411,1157.7455700877777,1184.7544369423997,0,0
98,CASH_OUT,4.981053724755935,C5594,13808.993440817252,13804.012387092496,M5594,2529.995281360096,2534.976335084852,1,0
20,CASH_IN,23.41476676575549,C1203,5298.908437771662,5275.493671005906,M1203,674.4329165062179,697.8476832719734,0,0
60,DEBIT,1496.5636935515836,C4882,295.4118808524274,0.0,M4882,45.37463011576571,1541.938323667349,0,0
49,TRANSFER,934.246046580556,C2588,123631.40824638982,122697.16219980927,M2588,129025.54007748317,129959.78612406371,0,0
10,TRANSFER,498.870534840048,C2616,147292.49769468882,146793.62715984878,M2616,10788.355070216156,11287.225605056205,0,0
17,DEBIT,78.51831338960586,C1703,15743.285720513944,15664.767407124336,M1703,49815.58836494961,49894.106678339216,0,0
19,TRANSFER,159.6483418073361,C4336,400.85632454289606,241.20798273556,M4336,17054.123506774904,17213.77184858224,0,0
65,TRANSFER,8.654388135902478,C2547,48644.28739120701,48635.63300307111,M2547,76949.73408261462,76958.38847075052,0,0
4,CASH_OUT,23.106909658006536,C2093,982.063279598966,958.9563699409592,M2093,33833.5953234601,33856.7022331181,0,0
5,TRANSFER,18.87455590529813,C1048,8934.817484286332,8915.942928381033,M1048,190413.7837468608,190432.65830276607,0,0
25,DEBIT,142.894194225783,C4939,630.94913945687,488.05494523108695,M4939,15268.432274520304,15411.326468746083,0,0
44,CASH_IN,3201.717237620496,C62,177.72532328523263,0.0,M62,20435.36186503828,23637.079102658776,0,0
70,TRANSFER,596.2411556889816,C1011,83769.46511242022,83173.22395673124,M1011,6359.020458171471,6955.261613860453,0,0
82,TRANSFER,4532.9178394108085,C2612,59.32064115574072,0.0,M2612,3355.693322370482,7888.61116178129,0,0
71,TRANSFER,273.8950730389905,C2388,2538.062321355191,2264.1672483162006,M2388,1486.7310754821392,1760.6261485211298,0,0
6,PAYMENT,73.12930825928476,C1028,323.7846805235483,250.65537226426352,M1028,351965.9505053565,352039.07981361577,0,0
20,CASH_OUT,1.3508736022574748,C1697,5759.734537379943,5758.383663777685,M1697,487.9561044068946,489.3069780091521,0,0
54,PAYMENT,7396.653593581307,C5578,100.8694236171616,0.0,M5578,1333.475040258519,8730.128633839826,1,0
45,CASH_IN,7.673427718622039,C3030,4709.510902384725,4701.837474666103,M3030,249.5056263702245,257.17905408884656,0,0
59,CASH_IN,10.928070603967267,C4773,271.5758958964789,260.64782529251164,M4773,21749.361560647856,21760.289631251824,0,0
68,CASH_OUT,27.193885048752037,C3209,6841.491698324936,6814.297813276184,M3209,9747.101482201891,9774.295367250645,0,0
53,PAYMENT,417.1767754783703,C3383,2492.762678460152,2075.585902981782,M3383,68856.97224133257,69274.14901681093,0,0
19,CASH_IN,5917.179133652564,C616,2472.648255185413,0.0,M616,1781.61586742404,7698.7950010766035,0,0
26,CASH_IN,638.8794796525527,C960,954.3332067619416,315.453727109389,M960,19807.370406626535,20446.249886279093,0,0
34,PAYMENT,974.3806124310244,C1614,441.7622177668697,0.0,M1614,589.2938040915653,1563.6744165225896,0,0
81,CASH_IN,243.8377397860491,C4864,27436.47826416148,27192.64052437543,M4864,522.2526931290499,766.090432915099,0,0
43,PAYMENT,269.4187321523442,C4600,284.343097166201,14.9243650138568,M4600,10132.457518178548,10401.876250330892,0,0
27,TRANSFER,19.536728486401778,C1201,437.0051717223216,417.46844323591984,M1201,16399.638687770093,16419.175416256494,0,0
30,CASH_IN,1.8075069009153848,C3013,7248.843611161578,7247.036104260663,M3013,1427.5929152290291,1429.4004221299444,0,0
29,PAYMENT,711.7266225741193,C1231,131559.70643134278,130847.97980876866,M1231,1601.3258199128886,2313.052442487008,0,0
44,CASH_IN,384.328675300578,C4059,5235.439504714525,4851.110829413948,M4059,48.67313739129196,433.00181269187,0,0
44,TRANSFER,3177.451739808542,C3227,104696.08445848049,101518.63271867194,M3227,828.5731329996795,4006.0248728082215,0,0
77,CASH_OUT,59.27395229426519,C1960,407.0294343747968,347.7554820805316,M1960,75713.1246607596,75772.39861305387,0,0
4,TRANSFER,597.9357901035758,C4608,1313.4163086406456,715.4805185370699,M4608,4457.308239079943,5055.244029183518,0,0
78,PAYMENT,34.443680193846234,C4999,12646.8847168592,12612.441036665354,M4999,76.29147207935911,110.73515227320534,0,0
87,CASH_IN,5.571356283674705,C4337,1396.1778684538224,1390.6065121701477,M4337,8008.59611049165,8014.167466775324,0,0
70,CASH_OUT,9720.740873140903,C1049,7507.756205559966,0.0,M1049,8188.364228608167,17909.105101749068,0,0
75,DEBIT,95.19731314158136,C5351,15634.47667279649,15539.279359654907,M5351,36.946570628118685,132.14388376970004,1,0
92,TRANSFER,600.1427043695141,C3026,6575.144748802953,5975.002044433439,M3026,723.402023231831,1323.5447276013451,0,0
21,TRANSFER,752.2964332404612,C5214,16406.059483226596,15653.763049986135,M5214,3952.468716224189,4704.76514946465,1,0
57,CASH_OUT,103.85857791515808,C4571,97296.4583265322,97192.59974861704,M4571,1286.3865284201504,1390.2451063353085,0,0
89,CASH_OUT,208.2078200660463,C2670,45581.66427508964,45373.45645502359,M2670,4035.283408332159,4243.491228398206,0,0
3,TRANSFER,4.789400559869682,C5466,23.410411309124942,18.621010749255262,M5466,1569.3293835974114,1574.118784157281,1,0
98,TRANSFER,7.176187043815128,C1524,330014.02694596007,330006.85075891623,M1524,2012.668072866056,2019.8442599098707,0,0
43,PAYMENT,434.3941238153912,C4630,6960.890818249349,6526.496694433958,M4630,1814.0384141299344,2248.4325379453257,0,0
22,TRANSFER,131.73025389559362,C2894,370.7021046968788,238.9718508012852,M2894,203.08968271418385,334.8199366097774,0,0
39,CASH_IN,115.55868805494184,C2428,15623.022657213703,15507.463969158764,M2428,4331.731299630066,4447.289987685008,0,0
42,PAYMENT,731.1154037239379,C4991,5502.99675093418,4771.881347210242,M4991,5148.430639947668,5879.546043671606,0,0
85,CASH_OUT,8.09032722247954,C1454,7831.377182459387,7823.286855236907,M1454,402.8696140939725,410.959941316452,0,0
37,PAYMENT,32.865445556849025,C3927,209.97343286150087,177.10798730465183,M3927,9826.55304935499,9859.41849491184,0,0
2,CASH_OUT,79.71168424620409,C3662,319.2309041740156,239.51921992781155,M3662,834.9624703935951,914.6741546397992,0,0
93,CASH_OUT,93.74722058201267,C3309,1123.0276519528718,1029.280431370859,M3309,685.31106110717,779.0582816891826,0,0
98,TRANSFER,1649.6868125915296,C1868,6843.671958573415,5193.985145981886,M1868,31198.400075245117,32848.086887836645,0,0
51,DEBIT,12.763057249360596,C820,4460.093851308919,4447.330794059558,M820,873.0803778411115,885.8434350904721,0,0
78,PAYMENT,595.2009137369291,C4408,2087.159275319937,1491.9583615830074,M4408,60990.54794346186,61585.74885719879,0,0
65,DEBIT,23.26733022358996,C4267,1177.2947122727985,1154.0273820492084,M4267,6780.882189109397,6804.1495193329865,0,0
13,PAYMENT,369.2906953260746,C4623,7571.167015359824,7201.87632003375,M4623,40591.02848861093,40960.319183937005,0,0
15,TRANSFER,112.47143244893472,C1653,19367.8788734662,19255.407441017265,M1653,2795.0436094605216,2907.515041909456,0,0
3,CASH_IN,489.3454408019202,C5110,30391.52997947128,29902.18453866936,M5110,218.7061562962723,708.0515970981925,1,0
93,DEBIT,37.77012072802368,C1829,5297.112410785045,5259.342290057021,M1829,20843.270531552564,20881.040652280582,0,0
76,CASH_IN,340.97478849421805,C2163,4114.356729416765,3773.381940922547,M2163,140216.12062616716,140557.09541466137,0,0
76,CASH_OUT,1248.567768839574,C1222,7644.982734672934,6396.414965833361,M1222,567.1193830627315,1815.6871519023052,0,0
17,PAYMENT,607.6094827431764,C3348,190.5028244168096,0.0,M3348,388.9920307710897,996.601513514266,0,0
62,CASH_IN,412.219944714901,C1094,8200.388752990508,7788.168808275606,M1094,1157.327376397961,1569.547321112862,0,0
43,TRANSFER,14856.740432568997,C404,109590.64846543228,94733.90803286328,M404,17769.253685266445,32625.99411783544,0,0
30,TRANSFER,1708.952756686366,C1320,2113.626223846827,404.6734671604611,M1320,112.54394619138344,1821.4967028777492,0,0
86,TRANSFER,432.05838514049816,C1416,667.7163755170634,235.65799037656524,M1416,2501.8570182190488,2933.915403359547,0,0
84,TRANSFER,193.37501159632365,C4413,1750.5708327467255,1557.1958211504018,M4413,12864.079799935082,13057.454811531405,0,0
55,CASH_OUT,59.31708996495725,C3997,1785.183750195386,1725.8666602304288,M3997,581.2855028584952,640.6025928234525,0,0
5,PAYMENT,75.86914514667197,C779,124206.0216425761,124130.15249742944,M779,608.0101299954763,683.8792751421482,0,0
86,CASH_IN,17.254147818215646,C3460,1544.7270063300364,1527.4728585118207,M3460,156.56278642638213,173.81693424459775,0,0
35,PAYMENT,76.97497112327754,C3406,11543.548936264267,11466.57396514099,M3406,417.1424583990705,494.117429522348,0,0
55,TRANSFER,0.8131446067719718,C5297,873.8150815571979,873.0019369504259,M5297,439.3091494801051,440.12229408687705,1,0
51,CASH_IN,17432.62926211327,C2812,237.92579284168335,0.0,M2812,1955.6776168534925,19388.306878966763,0,0
10,TRANSFER,13.218883351265918,C526,7713.604505174213,7700.3856218229475,M526,4707.41661059805,4720.635493949316,0,0
22,CASH_OUT,133.09236545810137,C3183,359.178023067578,226.08565760947664,M3183,250.2055570501816,383.297922508283,0,0
10,PAYMENT,25.54412398696053,C4082,368.4269418786413,342.8828178916808,M4082,9426.574574101429,9452.118698088389,0,0
4,TRANSFER,222.0756870439107,C4342,12112.612395303264,11890.536708259351,M4342,54955.2019784684,55177.27766551231,0,0
94,DEBIT,163.32299329657184,C5449,14549.311319641043,14385.988326344474,M5449,32120.00674361696,32283.329736913533,1,0
68,TRANSFER,18.290501007165297,C2577,51.22925764610909,32.938756638943794,M2577,10337.827915684711,10356.118416691876,0,0
87,CASH_OUT,29.257326781597108,C4042,5028.340176278603,4999.082849497007,M4042,8419.437753439146,8448.695080220743,0,0
63,TRANSFER,701.2437533342421,C3802,1518.912869710681,817.6691163764389,M3802,1540.0810714879988,2241.3248248222408,0,0
66,TRANSFER,27.63280424376244,C2266,13896.643687874,13869.010883630235,M2266,811.0254196430003,838.6582238867627,0,0
19,DEBIT,61.97351060419808,C679,1243.7064023122243,1181.7328917080265,M679,290.9273279711781,352.90083857537616,0,0
47,DEBIT,0.366796168734449,C1210,46034.14517428029,46033.77837811156,M1210,5605.37311866789,5605.739914836624,0,0
20,CASH_IN,26.097741624738585,C1991,11688.507975758748,11662.41023413401,M1991,12481.772274677787,12507.870016302528,0,0
68,TRANSFER,45.06422289413735,C1834,469.012844980532,423.94862208639466,M1834,1543.8730500011866,1588.937272895324,0,0
64,TRANSFER,269.71209709927,C5165,303.93303156860543,34.22093446933542,M5165,1202.517354823801,1472.229451923071,1,0
35,PAYMENT,74.22517699977567,C2310,744.4377396831569,670.2125626833813,M2310,237.6772230779268,311.9024000777025,0,0
10,PAYMENT,79.85241108560544,C4770,1333.425224545197,1253.5728134595915,M4770,143.42307750387994,223.27548858948535,0,0
1,PAYMENT,271.36189296992427,C5022,3826.061159066598,3554.699266096674,M5022,2793.9606501170265,3065.32254308695,1,0
70,CASH_IN,152.91959825458267,C5226,93608.7332017024,93455.8136034478,M5226,108.89222062726402,261.8118188818467,1,0
9,CASH_IN,48.64971791944067,C3389,626.9955476525452,578.3458297331044,M3389,1199.0821488760855,1247.7318667955262,0,0
29,DEBIT,150.42244928886123,C5310,25596.775082117063,25446.3526328282,M5310,8684.245622530885,8834.668071819746,1,0
63,TRANSFER,123.03405635187288,C2389,56.09452790924583,0.0,M2389,99.35946801466795,222.3935243665408,0,0
61,TRANSFER,103.2543516536738,C1660,24262.72377365469,24159.469422001017,M1660,4174.34971621443,4277.604067868104,0,0
38,DEBIT,918.5581681905512,C3657,67790.2531097474,66871.69494155685,M3657,218.98914792893416,1137.5473161194857,0,0
94,TRANSFER,581.4834857993767,C1827,1331.9483758926733,750.4648900932966,M1827,1854.375097436294,2435.8585832356707,0,0
98,CASH_IN,43.8363219599229,C4345,336.48946160584575,292.65313964592286,M4345,91.4142949285764,135.2506168884993,0,0
27,TRANSFER,1575.8373557167074,C3542,22070.06826105931,20494.230905342603,M3542,419836.6169944201,421412.45435013686,0,0
91,PAYMENT,3976.470421643044,C3863,11304.18717506438,7327.716753421337,M3863,21659.58607837072,25636.05650001376,0,0
74,CASH_IN,24.083069496839315,C1257,21.997530264703183,0.0,M1257,1724.6270025919805,1748.7100720888195,0,0
43,TRANSFER,436.18918209686,C890,572.0546481714757,135.86546607461577,M890,490.95764912428297,927.146831221143,0,0
93,CASH_IN,6.224202281817887,C1602,436.12316960203214,429.89896732021424,M1602,8962.325506756155,8968.549709037972,0,0
28,CASH_OUT,403.1693167342305,C2328,555.0332695570386,151.86395282280813,M2328,1360.8739162934764,1764.043233027707,0,0
75,CASH_OUT,1082.444229544153,C4266,3680.96923838652,2598.525008842368,M4266,2102.6060233519597,3185.050252896112,0,0
70,CASH_OUT,364.4064446612912,C2964,428.9880777193791,64.5816330580879,M2964,899294.8225424875,899659.2289871488,0,0
29,CASH_IN,4.16738921130779,C1189,493.6987194142309,489.53133020292313,M1189,3965.382977167893,3969.5503663792,0,0
41,TRANSFER,13744.39752947752,C5066,4.552553413221952,0.0,M5066,33.47919932911136,13777.876728806632,1,0
76,CASH_IN,17.124871699790866,C24,11.671636675551293,0.0,M24,1618.86086526441,1635.985736964201,0,0
72,TRANSFER,17.05330225699998,C1677,448.3995768141149,431.3462745571149,M1677,1025.7453453590774,1042.7986476160777,0,0
80,PAYMENT,94.9645353885831,C5065,5877.415198087504,5782.4506626989205,M5065,8630.939880995431,8725.904416384014,1,0
61,TRANSFER,46.65837367813116,C547,6821.4378550145,6774.779481336369,M547,988.1488113420796,1034.807185020211,0,0
28,CASH_IN,275.51075502456314,C122,140.89079569755145,0.0,M122,207.28663598059404,482.7973910051572,0,0
52,CASH_OUT,181.85324699275355,C3233,16206.028136711237,16024.174889718484,M3233,1649.2489855133003,1831.102232506054,0,0
62,PAYMENT,39.89163713239488,C2029,1968.8348144947045,1928.9431773623096,M2029,1319.0750668959863,1358.9667040283814,0,0
96,CASH_IN,927.767987522767,C1423,340.3303209992512,0.0,M1423,1481.1080927773412,2408.876080300108,0,0
41,TRANSFER,12311.147927237704,C3169,57666.81865808999,45355.67073085229,M3169,584576.2485140222,596887.3964412599,0,0
79,TRANSFER,388.3856017203949,C4753,55671.34198714778,55282.95638542739,M4753,2984.144313196933,3372.529914917328,0,0
12,CASH_IN,3662.204114263024,C214,53986.64773148544,50324.44361722241,M214,2162.0874414438226,5824.291555706846,0,0
24,CASH_IN,120.1076008977264,C2799,1753.0605835606502,1632.952982662924,M2799,9142.121678681977,9262.229279579702,0,0
89,TRANSFER,12.0024825134555,C2865,434.96010221510033,422.9576197016448,M2865,800.5739985666513,812.5764810801068,0,0
52,TRANSFER,15.546323814510428,C2749,3515.69201746849,3500.14569365398,M2749,51294.64626999632,51310.192593810825,0,0
94,CASH_OUT,79.33450025634177,C2164,6025.467235391889,5946.132735135547,M2164,11431.885241509868,11511.21974176621,0,0
86,DEBIT,150.59440729967687,C434,1280.9023805780926,1130.3079732784156,M434,25311.792641542943,25462.38704884262,0,0
86,PAYMENT,358.10975984810204,C3894,625.2192051807945,267.1094453326924,M3894,919.1627435966302,1277.272503444732,0,0
60,PAYMENT,16.72752093822524,C5512,352.2516572222782,335.52413628405293,M5512,1016.555315306126,1033.2828362443513,1,0
79,DEBIT,232.5722510218882,C2641,544.0110330014097,311.43878197952154,M2641,1984.0136071293216,2216.5858581512102,0,0
35,CASH_OUT,510.0773522097156,C1262,389.5499382364764,0.0,M1262,3833.4680266470623,4343.5453788567775,0,0
22,CASH_OUT,2.4172556195507955,C2005,1134.8442299537408,1132.42697433419,M2005,58350.072246219046,58352.489501838594,0,0
6,TRANSFER,8.47251572556903,C1458,19862.52366134222,19854.05114561665,M1458,735.9825844640065,744.4551001895755,0,0
64,TRANSFER,493.2292546483203,C1109,17902.704776588558,17409.47552194024,M1109,48203.32187273602,48696.55112738434,0,0
56,PAYMENT,426.8606567074721,C1496,27812.124518411245,27385.263861703774,M1496,33.04860935112034,459.9092660585925,0,0
97,TRANSFER,182.37795853479025,C2118,11549.096011169768,11366.718052634977,M2118,1555.0842245929523,1737.4621831277425,0,0
65,CASH_IN,78.63231443194859,C3983,9269.76423621992,9191.131921787972,M3983,4672.884632438721,4751.51694687067,0,0
39,CASH_OUT,36.540254175692624,C687,723.7914737054631,687.2512195297704,M687,4378.080433297385,4414.620687473078,0,0
4,CASH_OUT,98.93412377522176,C4454,18368.01743617509,18269.083312399867,M4454,1021.786515585442,1120.720639360664,0,0
26,PAYMENT,1123.7782654632497,C4732,156.2589208362877,0.0,M4732,2290.999870567779,3414.7781360310287,0,0
34,DEBIT,11.507831298769588,C4573,12815.374893694012,12803.867062395242,M4573,2769.5593265800444,2781.067157878814,0,0
71,PAYMENT,1735.4827322136466,C4399,450.6714240671015,0.0,M4399,104969.98546677952,106705.46819899316,0,0
57,DEBIT,839.1836015480956,C1245,17744.616725414173,16905.433123866078,M1245,125312.0836488828,126151.26725043089,0,0
96,DEBIT,2813.6287407813297,C5240,6677.674020303003,3864.045279521674,M5240,1088.5549857376734,3902.1837265190034,1,0
89,TRANSFER,2997.2827136386404,C2939,8238.473535249846,5241.190821611206,M2939,33343.805208869286,36341.087922507926,0,0
41,DEBIT,17.680911846750462,C3154,407.4359400841499,389.7550282373994,M3154,338.2782784447266,355.95919029147706,0,0
24,CASH_IN,4819.487672920512,C2097,1799.7750817592146,0.0,M2097,3422.306444684476,8241.794117604988,0,0
59,PAYMENT,121.41470782598564,C2863,2318.4873114777533,2197.072603651768,M2863,1826.694324177229,1948.109032003215,0,0
28,CASH_OUT,91.59019780151108,C4265,16503.090769168604,16411.500571367094,M4265,7300.055423735144,7391.645621536655,0,0
21,PAYMENT,227.075459215829,C4934,5839.311168885084,5612.235709669255,M4934,31022.13031047841,31249.20576969424,0,0
84,CASH_IN,459.1918595177557,C3114,658.5037584612126,199.31189894345687,M3114,19095.29105649937,19554.482916017125,0,0
40,DEBIT,566.9350334876374,C1510,8904.559307868112,8337.624274380474,M1510,55936.49706393233,56503.432097419965,0,0
54,PAYMENT,38.2849798804514,C75,878.3262340196494,840.041254139198,M75,7881.766167679204,7920.051147559656,0,0
87,CASH_OUT,52.62261789828984,C7,17098.114329071952,17045.49171117366,M7,436.0064820234147,488.62909992170455,0,0
6,PAYMENT,101.87901038781182,C5248,337.89337539369,236.01436500587815,M5248,1196.384233263555,1298.2632436513668,1,0
86,DEBIT,275.02492622521095,C790,2540.4008684518467,2265.375942226636,M790,1489.9264353677834,1764.9513615929943,0,0
4,CASH_OUT,41.45454025194733,C70,1428.5073355091629,1387.0527952572156,M70,66321.88529387047,66363.33983412241,0,0
5,TRANSFER,25.504088947543117,C1785,1302.4821977113943,1276.9781087638514,M1785,11491.43761330265,11516.941702250197,0,0
33,CASH_OUT,199.64246826335528,C3603,1386.1422070268552,1186.4997387635,M3603,37.32150756416991,236.9639758275252,0,0
82,TRANSFER,116.04243757871954,C3536,851.3272308342608,735.2847932555413,M3536,16233.316532598265,16349.358970176983,0,0
63,CASH_IN,715.7177449621241,C2919,352.8572762016606,0.0,M2919,6605.111681211126,7320.82942617325,0,0
88,CASH_OUT,32952.62417819725,C4609,699.0614608029468,0.0,M4609,168499.00630159266,201451.63047978992,0,0
38,TRANSFER,1046.3769476482669,C1088,42163.52213680792,41117.14518915965,M1088,14337.220604871363,15383.597552519632,0,0
97,CASH_IN,4477.418313963657,C3631,160227.57976665132,155750.16145268767,M3631,403.90804719329645,4881.326361156954,0,0
84,DEBIT,142.05027204522193,C2221,2776.377127059148,2634.326855013926,M2221,2107.958295246693,2250.008567291915,0,0
57,CASH_IN,12.89334698128748,C1684,18796.61494042077,18783.721593439484,M1684,2508.483575104311,2521.3769220855984,0,0
72,DEBIT,276.18948219676804,C695,605.0220464619566,328.8325642651886,M695,5362.471389437093,5638.6608716338615,0,0
84,TRANSFER,28.022273785803904,C3087,25565.91095066074,25537.888676874936,M3087,1617.8976903959838,1645.9199641817877,0,0
56,CASH_OUT,386.40951271331016,C5061,940.2666134027772,553.8571006894671,M5061,5977.062215589127,6363.471728302437,1,0
41,DEBIT,147.15934162902218,C2042,21277.55619054509,21130.39684891607,M2042,2253.7030154250424,2400.8623570540644,0,0
52,PAYMENT,158.8473313506381,C2602,684.9736522335404,526.1263208829023,M2602,173.55079571293544,332.3981270635735,0,0
4,TRANSFER,698.1085824904101,C1012,697.8864801579145,0.0,M1012,3555.391001786592,4253.499584277002,0,0
42,CASH_IN,2516.493906611728,C1444,30760.83544227621,28244.34153566448,M1444,751.2620826201994,3267.755989231927,0,0
35,PAYMENT,69.59323942638352,C2144,8332.37258039372,8262.779340967336,M2144,64.43739396613161,134.03063339251514,0,0
83,CASH_IN,59.31297379335361,C4922,9402.96863199687,9343.655658203515,M4922,7437.568126836507,7496.88110062986,0,0
24,PAYMENT,1005.3765760516916,C1417,3639.0781326367,2633.701556585008,M1417,21364.01955773779,22369.39613378948,0,0
27,CASH_OUT,109.07887438198644,C4188,244265.96363632556,244156.88476194357,M4188,4250.712279883299,4359.7911542652855,0,0
39,PAYMENT,12.72121094812782,C1795,552.1969466208986,539.4757356727708,M1795,167022.9921604942,167035.71337144234,0,0
11,CASH_OUT,766.5849989025378,C5473,2981.436348662274,2214.8513497597364,M5473,25949.50677147062,26716.09177037316,1,0
7,TRANSFER,110.55704627778344,C2032,3835.595259938148,3725.038213660365,M2032,8340.30370406563,8450.860750343414,0,0
19,CASH_OUT,1662.3883646138788,C3720,59814.58092103291,58152.19255641903,M3720,917.6531467790796,2580.0415113929585,0,0
61,TRANSFER,85.18755736733578,C4607,21422.93624407462,21337.748686707284,M4607,1543.582376862848,1628.7699342301837,0,0
73,CASH_OUT,121.42553573539924,C3648,30760.091432099376,30638.66589636398,M3648,73.81915424841588,195.24468998381516,0,0
98,CASH_OUT,162.85036893561104,C1491,566.0817563439706,403.2313874083595,M1491,4253.891367426783,4416.7417363623945,0,0
58,CASH_OUT,111.70972597514978,C212,10949.929500143053,10838.219774167905,M212,1050.843698452685,1162.553424427835,0,0
85,DEBIT,284.71008760470755,C2296,4757.273050869769,4472.562963265061,M2296,16885.67323907508,17170.38332667979,0,0
7,CASH_OUT,3.324654272192339,C1386,8785.720170965444,8782.395516693252,M1386,8365.853642122489,8369.17829639468,0,0
12,CASH_OUT,6.605831619371479,C1525,21080.778669577365,21074.172837957994,M1525,13433.22263215474,13439.82846377411,0,0
93,PAYMENT,9.85508313683816,C366,2016.241266691104,2006.386183554266,M366,10953.963722228777,10963.818805365612,0,0
26,DEBIT,622.6862040149384,C2974,4525.055707405462,3902.369503390524,M2974,82870.64098453941,83493.32718855435,0,0
22,DEBIT,30.554286316516304,C1886,687.2102123687806,656.6559260522644,M1886,1003.0376839261264,1033.591970242643,0,0
69,CASH_OUT,3.650578800423296,C3885,6785.735783464764,6782.08520466434,M3885,858.3298286289165,861.9804074293398,0,0
66,TRANSFER,2411.59875868103,C1804,138390.33462356697,135978.73586488594,M1804,7840.151627208671,10251.750385889702,0,0
97,TRANSFER,138.92555054149113,C5011,5527.741201851467,5388.815651309976,M5011,4347.908354471623,4486.833905013114,1,0
73,TRANSFER,31.149961642576237,C584,1855.0171658415616,1823.8672041989853,M584,104.41427287691543,135.5642345194917,0,0
84,CASH_OUT,79.9500726692669,C1053,3326.2720648937275,3246.3219922244607,M1053,13620.675483504798,13700.625556174064,0,0
25,TRANSFER,471.81928712857393,C3301,4799.258234659795,4327.438947531221,M3301,6407.94647193868,6879.765759067253,0,0
75,TRANSFER,327.26882490944286,C3857,4786.754327414531,4459.485502505088,M3857,9794.214745763184,10121.483570672626,0,0
80,PAYMENT,11.665124059898847,C1987,7427.737190864169,7416.07206680427,M1987,5860.535387145762,5872.20051120566,0,0
45,DEBIT,22.809260191904404,C3956,173.94309472290348,151.13383453099908,M3956,7235.495249585159,7258.304509777064,0,0
88,TRANSFER,473.0980748936824,C4363,2359.1283502891088,1886.0302753954263,M4363,42284.67654840261,42757.77462329629,0,0
79,CASH_IN,158.52139917153167,C2337,32227.934363073764,32069.412963902232,M2337,42054.7709836002,42213.29238277173,0,0
24,CASH_OUT,22.392739133094054,C2471,4806.426199004488,4784.0334598713935,M2471,11150.650726725213,11173.043465858304,0,0
18,DEBIT,153.33201976927575,C3024,7781.7126371401855,7628.38061737091,M3024,24.04570788250039,177.37772765177615,0,0
19,CASH_IN,25.197650995226088,C3056,1530.2825182285878,1505.0848672333618,M3056,1424.1273336155264,1449.3249846107524,0,0
63,PAYMENT,954.7484851590494,C3008,9721.505086932915,8766.756601773868,M3008,38.29080330181346,993.0392884608628,0,0
91,TRANSFER,11.697586590767765,C137,1174.845610499936,1163.1480239091684,M137,1474.7948851802182,1486.492471770986,0,0
95,PAYMENT,6.355727750705852,C1810,85.66828599398268,79.31255824327683,M1810,4480.534186263223,4486.889914013929,0,0
60,TRANSFER,3003.691092509196,C3258,43402.90731527352,40399.21622276432,M3258,19107.399506154063,22111.090598663257,0,0
82,DEBIT,14.998484235572732,C4694,31.34482878590376,16.346344550331025,M4694,5201.009922313414,5216.008406548986,0,0
33,CASH_IN,42.366319039863896,C3120,512.928255877226,470.56193683736205,M3120,1304.9873269616078,1347.3536460014716,0,0
17,DEBIT,798.708311726411,C5532,2140.5647970471405,1341.8564853207297,M5532,3063.812206115344,3862.520517841755,1,0
53,PAYMENT,85.7378938659879,C1478,6361.800693846466,6276.062799980478,M1478,3530.66192256472,3616.399816430708,0,0
17,TRANSFER,6898.92010585615,C844,1042.9281579685037,0.0,M844,324.28925218832364,7223.209358044474,0,0
70,TRANSFER,85.8297074057668,C1010,6364.049847290954,6278.220139885188,M1010,2194.283913580457,2280.113620986224,0,0
61,TRANSFER,10168.282600371174,C3163,14767.048541838378,4598.765941467203,M3163,20418.940965640733,30587.223566011908,0,0
95,CASH_IN,538.1338155985295,C2383,4588.142252938461,4050.0084373399313,M2383,112.85272201115647,650.986537609686,0,0
78,DEBIT,1205.9725649365314,C2956,1079.563947506973,0.0,M2956,553.066100248175,1759.0386651847064,0,0
79,CASH_IN,5516.618944451786,C3670,51089.48940819337,45572.87046374158,M3670,2223.0677110029715,7739.686655454758,0,0
19,CASH_IN,213.4673286277608,C1900,2524.67804243593,2311.210713808169,M1900,4270.463334008439,4483.9306626362,0,0
52,CASH_OUT,301.1535807117078,C2628,1587.3673124982963,1286.2137317865888,M2628,786.9756909140445,1088.1292716257524,0,0
31,TRANSFER,39.08718838297765,C1788,2274.1816289791827,2235.094440596205,M1788,83455.97228834196,83495.05947672494,0,0
47,CASH_IN,148.8668462507848,C1398,10964.15081822166,10815.283971970875,M1398,10240.644506924094,10389.51135317488,0,0
23,PAYMENT,379.9808833987896,C1137,3281.870774512206,2901.8898911134165,M1137,2386.8970450462057,2766.877928444995,0,0
47,TRANSFER,38.56546902634337,C2880,5953.605455168327,5915.039986141984,M2880,634.7556324976988,673.3211015240422,0,0
14,CASH_IN,11.98266304541272,C424,82474.01517388143,82462.03251083601,M424,4024.022940648889,4036.005603694302,0,0
2,CASH_IN,18862.15562607442,C5125,829.5708171682977,0.0,M5125,1538.4009517605975,20400.556577835017,1,0
40,CASH_IN,36.30164343607812,C3194,20693.001927369067,20656.700283932987,M3194,129.06025635588784,165.36189979196595,0,0
65,CASH_OUT,41.59916764776884,C3178,18530.29359052144,18488.69442287367,M3178,2727.918760920465,2769.517928568234,0,0
62,TRANSFER,26.097043994231377,C1753,392.29577542350745,366.19873142927605,M1753,713.3948712488269,739.4919152430583,0,0
63,TRANSFER,217.2980437364979,C2701,1960.717526705535,1743.419482969037,M2701,233.84932470266057,451.14736843915847,0,0
3,DEBIT,124.8118363716167,C3651,57098.78735960787,56973.97552323625,M3651,351.1928947845951,476.0047311562119,0,0
49,DEBIT,8182.527548124907,C3007,2894.165657015875,0.0,M3007,1063.7236045780205,9246.251152702927,0,0
99,TRANSFER,246.72490970434788,C1707,5162.244772568498,4915.51986286415,M1707,21355.893695858464,21602.618605562813,0,0
82,CASH_OUT,39.17731999444213,C3256,6226.053942083824,6186.876622089382,M3256,44111.709078437445,44150.88639843189,0,0
44,TRANSFER,129.30578778375238,C2870,7858.133645410363,7728.82785762661,M2870,2189.05692271651,2318.3627105002624,0,0
22,CASH_IN,43.82390315890316,C1830,639.1095279876586,595.2856248287554,M1830,23319.00137049241,23362.82527365131,0,0
69,CASH_IN,613.0818496933025,C3061,25812.29998351064,25199.218133817336,M3061,4044.751055541589,4657.832905234891,0,0
29,CASH_IN,29.305796801298577,C1159,957.9066883220896,928.6008915207908,M1159,2825.7984128653284,2855.104209666627,0,0
86,DEBIT,33.01408482888643,C3523,982.7016268398368,949.6875420109504,M3523,1961.6754968118453,1994.689581640732,0,0
19,CASH_IN,7.751022145367523,C4816,1119.1787100157242,1111.4276878703567,M4816,2546.514678061481,2554.2657002068486,0,0
23,CASH_OUT,23.76361951682666,C3677,99.72368843180854,75.96006891498187,M3677,22279.213337448684,22302.97695696551,0,0
57,CASH_IN,148.13297811355204,C2458,338.8079066114127,190.67492849786063,M2458,15252.910296532556,15401.043274646108,0,0
30,PAYMENT,76.54203426127356,C2242,58935.567605600736,58859.025571339465,M2242,29938.85491628411,30015.396950545382,0,0
54,DEBIT,23.62065085471061,C3897,75684.8605223104,75661.23987145569,M3897,33514.01746074755,33537.63811160226,0,0
11,DEBIT,7.805745191836324,C1485,113773.79910353066,113765.99335833882,M1485,112728.50814261526,112736.3138878071,0,0
66,PAYMENT,10034.857259884697,C775,4242.136525112441,0.0,M775,2140.7750139286486,12175.632273813344,0,0
21,CASH_IN,35.39372386086474,C2116,8251.38299108079,8215.989267219926,M2116,296.2128718010814,331.60659566194613,0,0
49,CASH_IN,58.28341332519971,C5398,32319.40400242254,32261.12058909734,M5398,21298.517375887383,21356.800789212582,1,0
29,TRANSFER,40.78394098377233,C2764,2677.3844419914744,2636.600501007702,M2764,12014.324543717004,12055.108484700777,0,0
78,CASH_IN,1150.8921995632038,C2651,3356.071339227105,2205.179139663901,M2651,611.4969439651031,1762.389143528307,0,0
78,DEBIT,8.350631487631208,C4992,3521.8393636188184,3513.488732131187,M4992,1933.3194223193968,1941.670053807028,0,0
59,CASH_IN,260.7170631955558,C4854,7093.1016458209415,6832.3845826253855,M4854,59197.5371208628,59458.25418405835,0,0
26,CASH_IN,61.63006061025185,C4449,108725.1498011393,108663.51974052904,M4449,4174.211799546471,4235.841860156723,0,0
71,CASH_OUT,31.61306434102801,C4446,5600.386329914137,5568.773265573109,M4446,30159.630783475724,30191.243847816757,0,0
32,DEBIT,327.92883019025936,C5584,414.32556464683785,86.39673445657849,M5584,15961.2711057483,16289.19993593856,1,0
62,PAYMENT,43.01374076836472,C4000,872.3107519783722,829.2970112100074,M4000,108.68304531606678,151.6967860844315,0,0
8,CASH_IN,1343.0087651099916,C3272,54525.30277366982,53182.29400855983,M3272,711.2515515627674,2054.260316672759,0,0
68,PAYMENT,1218.2690864972085,C3799,1014.2842908248743,0.0,M3799,9608.774120509132,10827.043207006342,0,0
86,DEBIT,154.17378417740505,C2950,477.342787939098,323.1690037616929,M2950,1007.556699215684,1161.7304833930891,0,0
60,CASH_OUT,1794.662609270665,C2586,15578.142370079013,13783.479760808348,M2586,203.2254217869073,1997.8880310575723,0,0
2,CASH_OUT,1030.971882570921,C4638,4002.277327461925,2971.305444891004,M4638,2957.6526893966884,3988.6245719676094,0,0
49,TRANSFER,184.23697232650997,C5445,1028.7503051928638,844.513332866354,M5445,755.6804365351156,939.9174088616256,1,0
58,CASH_IN,1404.653899711013,C5144,824.8174550442329,0.0,M5144,3486.192507444436,4890.846407155449,1,0
84,PAYMENT,45.27474292330368,C3065,3739.5892384830872,3694.314495559784,M3065,1329.8901498535345,1375.164892776838,0,0
50,CASH_IN,57.12222916704156,C4839,2087.8111505311267,2030.6889213640848,M4839,2786.724146990233,2843.8463761572743,0,0
19,CASH_OUT,1220.0565374420694,C357,4760.893284084177,3540.836746642108,M357,1185.9680526057707,2406.0245900478403,0,0
27,PAYMENT,263.48054304087844,C4754,14816.25765431501,14552.777111274132,M4754,4249.995485013565,4513.476028054443,0,0
99,TRANSFER,2235.573780582898,C1415,22667.205635555238,20431.631854972336,M1415,2738.382470940532,4973.95625152343,0,0
87,CASH_IN,7058.362861156569,C2510,2513.7151778400525,0.0,M2510,94964.08807863537,102022.45093979192,0,0
56,DEBIT,1073.9491871239045,C2182,203794.7765276183,202720.8273404944,M2182,2808.192467979621,3882.141655103525,0,0
90,PAYMENT,53.202833792330885,C55,1030.7523710603475,977.5495372680166,M55,44.39013562534133,97.5929694176722,0,0
2,CASH_IN,58.84042130377888,C216,55.11968070064747,0.0,M216,1482.7435433825274,1541.5839646863062,0,0
51,PAYMENT,36.35337621924575,C1154,182.77747752662015,146.42410130737443,M1154,9332.757548638288,9369.110924857534,0,0
3,CASH_OUT,82.75008915998667,C5389,755.4756894891738,672.725600329187,M5389,21360.875629986094,21443.625719146086,1,0
20,TRANSFER,773.1952928003395,C2960,17710.72960907735,16937.534316277008,M2960,5193.111758131118,5966.3070509314575,0,0
17,PAYMENT,267.945476483884,C671,1565.5340429910548,1297.5885665071708,M671,434.58761526166376,702.5330917455478,0,0
92,CASH_IN,8.47128465203483,C694,3120.096052933624,3111.624768281589,M694,491.2453535809864,499.7166382330212,0,0
11,DEBIT,439.3724991505972,C4333,930.7167050331368,491.34420588253977,M4333,1016.673184463312,1456.0456836139092,0,0
79,CASH_OUT,634.0738716919374,C5190,3837.304565241068,3203.230693549131,M5190,1862.3366153297209,2496.4104870216584,1,0
26,CASH_OUT,237.2239173535769,C1468,160.99642948863516,0.0,M1468,21445.44484257053,21682.66875992411,0,0
55,CASH_OUT,69.63859636395647,C5116,11577.83487149983,11508.196275135871,M5116,829.5966202489145,899.235216612871,1,0
86,PAYMENT,16.020465808686037,C5168,10040.055653323929,10024.035187515245,M5168,16052.280626512871,16068.30109232156,1,0
10,PAYMENT,538.6995274180761,C3644,7818.064573568311,7279.365046150235,M3644,43010.46502782373,43549.1645552418,0,0
73,PAYMENT,67.71260208559212,C3111,38377.04469503702,38309.33209295142,M3111,67.87841404867473,135.59101613426685,0,0
6,CASH_IN,2.479198516134288,C5090,3171.069505163346,3168.590306647212,M5090,333.3681670222083,335.84736553834256,1,0
20,CASH_IN,231.6808845561752,C1055,4292.244596502766,4060.563711946592,M1055,181.8660092658029,413.5468938219781,0,0
14,PAYMENT,49.36412862872627,C1060,1423.3803894748594,1374.016260846133,M1060,2734.3205311841325,2783.6846598128586,0,0
54,PAYMENT,36.508527476939,C73,9839.194938519226,9802.686411042288,M73,10730.868394135749,10767.376921612688,0,0
48,CASH_OUT,11.928622379314303,C5027,4158.201572621965,4146.272950242651,M5027,82284.42062323877,82296.34924561808,1,0
17,PAYMENT,126.5030144377326,C1531,938.1925302887494,811.6895158510167,M1531,2136.7022371938137,2263.205251631546,0,0
70,CASH_IN,268.2666512741628,C1441,51281.81755611151,51013.55090483734,M1441,6969.595772287246,7237.862423561409,0,0
52,CASH_OUT,477.2019677248513,C524,560.9101984659159,83.7082307410646,M524,1283.334643909201,1760.5366116340524,0,0
19,TRANSFER,1777.3054435295246,C3502,270.3432312649863,0.0,M3502,2016.510996256454,3793.816439785978,0,0
7,CASH_IN,542.5954915787389,C1856,24015.317218865737,23472.721727287,M1856,8845.519454614132,9388.11494619287,0,0
81,CASH_OUT,96.10338249795022,C1749,2177.264212586128,2081.1608300881776,M1749,760.945775353729,857.0491578516792,0,0
42,CASH_IN,18.44039375697371,C1724,3553.3362493983345,3534.895855641361,M1724,50532.82265006165,50551.263043818624,0,0
35,TRANSFER,39.60994617959882,C3913,4256.591942966377,4216.981996786779,M3913,2035.2274333565929,2074.8373795361917,0,0
41,TRANSFER,28.51115573472561,C1975,7052.297006584787,7023.785850850061,M1975,482.8148261206363,511.32598185536193,0,0
47,CASH_IN,17.284259278779427,C2177,6225.566813401289,6208.28255412251,M2177,48643.36089287695,48660.64515215573,0,0
95,CASH_IN,30.48982581518601,C2849,1222.6718063018895,1192.1819804867037,M2849,3924.049484858176,3954.539310673362,0,0
24,CASH_OUT,3.2955183236698087,C3803,3779.1012542899375,3775.805735966269,M3803,2424.273014430744,2427.568532754414,0,0
54,CASH_IN,15.368147142613394,C2293,2131.627107081892,2116.258959939278,M2293,1828.4603026330176,1843.8284497756315,0,0
65,DEBIT,4470.651107997587,C139,166.36845071251486,0.0,M139,48289.18674883037,52759.83785682796,0,0
13,CASH_IN,528.4929006186073,C4148,1599.0417730687816,1070.5488724501745,M4148,157390.2436238784,157918.736524497,0,0
90,TRANSFER,823.192088207973,C3072,262.0023295690896,0.0,M3072,18623.452346448878,19446.64443465685,0,0
49,TRANSFER,19.003927140396986,C1654,4938.113796110135,4919.109868969738,M1654,665.7455380329357,684.7494651733326,0,0
26,CASH_IN,18.86325050349956,C409,2817.4166977552413,2798.553447251741,M409,7214.166758086138,7233.030008589638,0,0
87,TRANSFER,6.429639731344183,C2720,109327.34308191952,109320.9134421882,M2720,428.49723039553606,434.92687012688026,0,0
86,PAYMENT,37.39432576772155,C247,2359.8890993051346,2322.494773537413,M247,528.515658358441,565.9099841261625,0,0
36,PAYMENT,686.765365959638,C3821,1963.240513123736,1276.4751471640975,M3821,14222.53263265235,14909.297998611988,0,0
76,PAYMENT,85.27233258196803,C4586,690.8247806080832,605.5524480261151,M4586,1681.237309636452,1766.50964221842,0,0
28,CASH_IN,236.01289259949235,C4870,16728.125516148655,16492.11262354916,M4870,14429.97302095245,14665.985913551942,0,0
38,CASH_OUT,1176.446391860598,C2980,514.9349134607445,0.0,M2980,5433.78094660938,6610.227338469977,0,0
61,PAYMENT,124.84995522521396,C5315,51086.43369684975,50961.58374162453,M5315,4824.928147681314,4949.778102906528,1,0
82,DEBIT,131.5961751137818,C2615,7434.613342684487,7303.017167570705,M2615,1154.5604419981546,1286.1566171119364,0,0
17,CASH_IN,955.8031673943436,C469,12279.515130883745,11323.7119634894,M469,48.87454614092721,1004.6777135352708,0,0
64,PAYMENT,897.1228279921124,C3063,179.0214786028524,0.0,M3063,48856.87680291471,49753.99963090682,0,0
83,PAYMENT,162.97283405312808,C4599,2398.8834240444453,2235.910589991317,M4599,57836.29861771005,57999.271451763176,0,0
30,TRANSFER,900.8917376451988,C1115,6268.964249868803,5368.072512223604,M1115,2248.477210970512,3149.3689486157105,0,0
44,TRANSFER,121.46248838749568,C2504,2895.403714921333,2773.9412265338374,M2504,12896.74990952997,13018.212397917465,0,0
22,CASH_OUT,264.72549518748843,C4731,214.09479455745108,0.0,M4731,22788.68214990753,23053.40764509502,0,0
49,PAYMENT,49.61007408346386,C1293,4501.073560083485,4451.4634860000215,M1293,14512.497686294451,14562.107760377916,0,0
51,CASH_IN,630.6289751181303,C1332,11143.958364033424,10513.329388915294,M1332,8411.623603186741,9042.252578304871,0,0
13,TRANSFER,228.88176811416147,C2883,912.7056651969212,683.8238970827597,M2883,39364.03543157036,39592.91719968452,0,0
92,DEBIT,12.94042984036698,C3246,344494.92357903864,344481.9831491983,M3246,9126.839717372484,9139.780147212852,0,0
39,CASH_OUT,41.52576922124548,C697,577.0541560665474,535.528386845302,M697,2199.927766676798,2241.453535898044,0,0
92,TRANSFER,199.56271800701333,C537,58336.92100751179,58137.35828950477,M537,1096.5277019237203,1296.0904199307338,0,0
9,TRANSFER,14.407720165459908,C1099,6680.589289926352,6666.181569760892,M1099,682.6418040063486,697.0495241718085,0,0
97,PAYMENT,28.321154907366022,C1167,199.25768130673677,170.9365263993707,M1167,7502.566702408068,7530.887857315433,0,0
57,TRANSFER,24.48537617742731,C1628,252.48074340042191,227.99536722299464,M1628,136.5751610327092,161.0605372101365,0,0
45,DEBIT,14.687188647157376,C2055,27253.30586091821,27238.61867227105,M2055,1209.79940293193,1224.4865915790874,0,0
72,CASH_IN,1.2345363606747226,C1226,438276.2675442327,438275.03300787206,M1226,4734.598408849757,4735.832945210432,0,0
80,CASH_IN,95.37038219239513,C5595,159.67947731975482,64.3090951273597,M5595,1760.1880592153254,1855.5584414077205,1,0
31,CASH_IN,34.77456518208431,C3971,57045.2387985298,57010.46423334771,M3971,4640.254759116199,4675.029324298283,0,0
46,DEBIT,178.130582985105,C655,17012.05692684912,16833.926343864016,M655,735.5845310095046,913.7151139946096,0,0
36,CASH_OUT,106.54215556467857,C676,80.74519517228934,0.0,M676,6873.610695434559,6980.152850999238,0,0
10,DEBIT,89.87339183687514,C583,15529.968191620885,15440.09479978401,M583,53178.28333186975,53268.15672370662,0,0
72,CASH_OUT,1097.3797200628428,C1962,575.4709554303222,0.0,M1962,11745.582417662625,12842.962137725468,0,0
62,TRANSFER,13.727243310457734,C1313,5052.425937875524,5038.698694565066,M1313,362.9209983073685,376.64824161782616,0,0
37,CASH_OUT,231.27429234053653,C292,7362.381958316767,7131.10766597623,M292,619.8547203562366,851.1290126967731,0,0
85,TRANSFER,82.78710410361943,C93,1351.523210894204,1268.7361067905847,M93,5917.274026102091,6000.061130205711,0,0
26,PAYMENT,97.54526468608658,C1434,7214.670316331028,7117.125051644941,M1434,3365.66958110039,3463.214845786477,0,0
81,CASH_IN,97.40871868416978,C1873,870.6156887296023,773.2069700454325,M1873,2344.44292537496,2441.8516440591297,0,0
87,TRANSFER,604.1874621633524,C4233,6296.920421790976,5692.732959627623,M4233,5234.979444181768,5839.16690634512,0,0
82,TRANSFER,39.440285221699206,C3141,9414.374082057631,9374.933796835932,M3141,294.29731060058793,333.7375958222871,0,0
32,DEBIT,46.06840861717741,C1706,990.9104038411195,944.841995223942,M1706,11064.795801211194,11110.86420982837,0,0
79,PAYMENT,5234.728515388738,C5133,19038.720719984227,13803.992204595488,M5133,5077.223951330583,10311.952466719322,1,0
92,CASH_IN,5102.114018771708,C4916,49575.4108695013,44473.29685072959,M4916,368.1918718986904,5470.305890670399,0,0
71,CASH_IN,37.53421562182605,C266,2961.703247101121,2924.169031479295,M266,824.1916092897227,861.7258249115488,0,0
75,TRANSFER,118.51795140905868,C2771,780.6974254094736,662.1794740004149,M2771,2428.511332806043,2547.0292842151016,0,0
57,TRANSFER,211.3549492327336,C4033,3156.834164277738,2945.4792150450044,M4033,238.3928045836481,449.74775381638176,0,0
14,DEBIT,3380.2719752331955,C2158,1467.017964708942,0.0,M2158,2401.7240861533264,5781.996061386522,0,0
42,CASH_IN,91.7383913495864,C2124,337.4510586596743,245.71266731008788,M2124,1827.5525322598444,1919.2909236094308,0,0
51,PAYMENT,721.1066726253247,C1363,3941.001073351129,3219.894400725804,M1363,2343.3541382732656,3064.4608108985904,0,0
1,PAYMENT,375.4774443658117,C1397,2386.9060176570592,2011.428573291248,M1397,13432.293272647585,13807.770717013394,0,0
3,DEBIT,9.856275158233808,C5051,11892.25730002422,11882.401024865989,M5051,22637.477599615617,22647.33387477385,1,0
51,CASH_IN,238.08318399491253,C2872,1259.9358122786975,1021.852628283785,M2872,5716.250781934201,5954.333965929113,0,0
19,CASH_OUT,14488.782890092256,C229,28983.38697219141,14494.604082099157,M229,86191.03876175197,100679.82165184424,0,0
13,CASH_IN,325.1421101076408,C3928,15435.182576051848,15110.040465944208,M3928,1254.5333411424308,1579.6754512500715,0,0
41,TRANSFER,3.845357300546365,C4820,5808.142512686895,5804.297155386349,M4820,15321.536674202798,15325.382031503344,0,0
64,PAYMENT,144.42539047714644,C42,18039.61526993568,17895.189879458532,M42,81164.81058027162,81309.23597074876,0,0
32,TRANSFER,365.390940223624,C5342,1725.115603848496,1359.724663624872,M5342,14383.421404888117,14748.81234511174,1,0
59,TRANSFER,830.076528468646,C252,2526.2771918401527,1696.2006633715068,M252,240.2516980613017,1070.3282265299476,0,0
42,CASH_IN,665.1492085234862,C3057,15108.216939206495,14443.06773068301,M3057,1004.6127626011302,1669.7619711246164,0,0
60,TRANSFER,35.21031839291586,C1952,50374.87969799219,50339.66937959928,M1952,3128.731691631796,3163.942010024712,0,0
35,CASH_IN,244.86808431021723,C1519,20842.070458214053,20597.20237390384,M1519,10234.848680103709,10479.716764413924,0,0
2,PAYMENT,22.553758352331748,C287,125.11248454822824,102.5587261958965,M287,605.5741114278766,628.1278697802084,0,0
2,DEBIT,36.288975395185055,C536,762.7844774455497,726.4955020503646,M536,1246.900546125972,1283.189521521157,0,0
45,CASH_IN,259.9481560745196,C1466,2181.914705994633,1921.9665499201133,M1466,1582.2660898175643,1842.214245892084,0,0
5,DEBIT,101.33535123207736,C2166,7307.379605293762,7206.044254061685,M2166,29207.55414671609,29308.88949794817,0,0
43,CASH_OUT,1316.0709508500506,C3562,293.58624651619067,0.0,M3562,14310.08980299866,15626.160753848711,0,0
22,PAYMENT,136.8528252973681,C5407,9719.676880060262,9582.824054762894,M5407,60.22679236123437,197.07961765860247,1,0
26,CASH_OUT,1423.9822144563475,C2420,402.391439431234,0.0,M2420,11652.33248763541,13076.31470209176,0,0
81,CASH_OUT,42.6409453151813,C3486,266.5747543331453,223.933809017964,M3486,11708.938476758203,11751.579422073384,0,0
11,TRANSFER,16.41499472105542,C4437,335.0562614159631,318.6412666949077,M4437,3957.677448409293,3974.092443130348,0,0
1,PAYMENT,452.19845538520656,C4926,335.6079064043315,0.0,M4926,8093.2872882981055,8545.485743683312,0,0
40,TRANSFER,20.67028650308835,C2858,30281.96551748746,30261.29523098437,M2858,1572.963401397017,1593.633687900105,0,0
60,CASH_OUT,337.3478149942673,C100,9373.411943698027,9036.06412870376,M100,3653.594328682372,3990.94214367664,0,0
34,DEBIT,96.36463344264784,C3972,758.7051379043378,662.34050446169,M3972,1418.8873607362907,1515.2519941789385,0,0
68,PAYMENT,41.412136307278566,C3713,166.9182272180175,125.50609091073898,M3713,1004.0818496580564,1045.493985965335,0,0
66,DEBIT,171.496843375749,C662,1831.063216627504,1659.5663732517548,M662,10687.088773794776,10858.585617170524,0,0
66,PAYMENT,9858.272580349592,C1328,11156.304636432067,1298.0320560824766,M1328,3936.254886041147,13794.52746639074,0,0
53,CASH_OUT,138.92027709884883,C4748,234228.9477883585,234090.02751125963,M4748,57.66694209167508,196.5872191905239,0,0
52,TRANSFER,3424.3907673944123,C948,1706.3712678007792,0.0,M948,29920.57808414811,33344.96885154252,0,0
59,PAYMENT,177.73244831421857,C1771,34841.57800084208,34663.845552527855,M1771,1240.4948911926297,1418.2273395068482,0,0
77,DEBIT,99.30134585655188,C822,1541.3202658491584,1442.0189199926065,M822,1720.7578147040508,1820.0591605606028,0,0
65,PAYMENT,100.64590904762164,C2625,691.4062196045712,590.7603105569495,M2625,29881.00379522484,29981.649704272462,0,0
57,TRANSFER,376.3243352753918,C4894,15583.638348489378,15207.314013213983,M4894,24647.055158798223,25023.37949407362,0,0
59,PAYMENT,418.8043584872223,C1658,152.62301906782375,0.0,M1658,6442.459666324052,6861.264024811274,0,0
12,DEBIT,731.3816279749959,C1056,732.8848044548059,1.5031764798100085,M1056,498662.9198898549,499394.3015178298,0,0
80,DEBIT,367.222179795058,C3902,4686.211709098854,4318.989529303796,M3902,1080.2140748467136,1447.4362546417717,0,0
56,CASH_OUT,354.95305671584407,C1184,914.1576703748397,559.2046136589956,M1184,9415.903928584286,9770.85698530013,0,0
25,CASH_IN,31.93053569763873,C313,5742.442007716704,5710.511472019066,M313,6500.683818253788,6532.614353951426,0,0
76,TRANSFER,2728.9772408624845,C3739,35979.90726273593,33250.93002187344,M3739,147.2363149007254,2876.21355576321,0,0
65,PAYMENT,1520.6348416546557,C3921,453.1308538058411,0.0,M3921,7274.380169576388,8795.015011231044,0,0
53,PAYMENT,42.448812342891806,C1925,3499.3999063574784,3456.9510940145865,M1925,597.4542741893065,639.9030865321982,0,0
49,CASH_IN,137087.41293461225,C613,35669.08325042588,0.0,M613,15799.664472302358,152887.0774069146,0,0
14,CASH_OUT,1116.7366046379711,C2957,317.00179884183035,0.0,M2957,267921.4030829643,269038.1396876023,0,0
30,PAYMENT,19.612397120668327,C5124,11342.479902045765,11322.867504925094,M5124,3226.510752645561,3246.1231497662293,1,0
61,CASH_IN,1452.422258311418,C696,5154.381346460415,3701.9590881489967,M696,29258.13658252072,30710.55884083214,0,0
51,PAYMENT,107.50398269478092,C3860,838.0186686404255,730.5146859456446,M3860,3874.290876243634,3981.794858938415,0,0
1,CASH_IN,199.00759649031644,C2795,1625.7733357834318,1426.7657392931153,M2795,10894.95831961332,11093.965916103638,0,0
77,CASH_OUT,421.1583531904811,C1748,439.7643084184868,18.605955228005712,M1748,9941.550667656838,10362.70902084732,0,0
25,TRANSFER,68.34587430963293,C2351,31422.61816677837,31354.27229246874,M2351,1489.9852768914031,1558.3311512010362,0,0
28,TRANSFER,735.0620635324184,C5213,71.62140874385835,0.0,M5213,1604.4567970373907,2339.518860569809,1,0
12,DEBIT,254.6054732499996,C2112,3824.61422426072,3570.00875101072,M2112,3855.5875944544537,4110.193067704453,0,0
81,CASH_IN,18.26846529355794,C2513,222.11287135933733,203.8444060657794,M2513,1100.9123898918988,1119.1808551854567,0,0
41,TRANSFER,167.04701709606417,C4574,2363.832645344824,2196.78562824876,M4574,33399.46371938673,33566.51073648279,0,0
46,DEBIT,344.105853420276,C1941,386.9690158101277,42.86316238985171,M1941,954.0131963097872,1298.1190497300631,0,0
98,DEBIT,85.9052552009971,C3791,7118.246713471398,7032.341458270401,M3791,4094.9423301758,4180.847585376798,0,0
48,DEBIT,15.173957422414402,C940,686.9086172942228,671.7346598718084,M940,561.423903454708,576.5978608771225,0,0
74,PAYMENT,430.7214422695303,C1419,111.65806367224656,0.0,M1419,2579.4653815577403,3010.1868238272705,0,0
19,CASH_OUT,274.11583858580013,C3017,58473.339172277294,58199.22333369149,M3017,2233.7994071390585,2507.915245724859,0,0
88,CASH_OUT,7.032538266641852,C2782,14745.750752103662,14738.71821383702,M2782,2591.4455395684995,2598.478077835141,0,0
18,TRANSFER,5.197103082885212,C2065,2877.6310437057227,2872.4339406228373,M2065,85.93394821241837,91.13105129530358,0,0
61,PAYMENT,355.59885853837955,C910,52605.48816586285,52249.88930732447,M910,7064.692992229075,7420.291850767454,0,0
29,CASH_IN,51.78132598172759,C664,502.3857117162766,450.604385734549,M664,21002.619381307723,21054.40070728945,0,0
82,PAYMENT,5.451547235404422,C2286,586.1266665609407,580.6751193255363,M2286,2894.5905970032354,2900.04214423864,0,0
59,TRANSFER,450.7156873098182,C962,37076.63167408563,36625.915986775806,M962,12107.980240295969,12558.695927605784,0,0
40,PAYMENT,14.542898226004183,C1750,484.511842860943,469.9689446349388,M1750,4712.2428449770005,4726.785743203005,0,0
26,DEBIT,143.48912560667165,C2742,268.98232796054384,125.4932023538722,M2742,3420.8794305072506,3564.3685561139223,0,0
2,DEBIT,7059.600806518749,C57,4538.328693707486,0.0,M57,17472.774992713283,24532.37579923203,0,0
89,DEBIT,13.039472761965648,C3446,9471.073023991385,9458.033551229417,M3446,116899.221197175,116912.26066993696,0,0
59,CASH_OUT,55.41245624502296,C206,13298.65660671201,13243.244150466986,M206,3218.7185520744865,3274.1310083195094,0,0
7,CASH_OUT,47.65541952662743,C4211,193.94628490624325,146.2908653796158,M4211,70212.78763666691,70260.44305619353,0,0
2,TRANSFER,2194.7664693202205,C4162,185.78611684374127,0.0,M4162,4103.706974055592,6298.473443375812,0,0
54,CASH_IN,114.46434149570752,C4004,7944.141399397147,7829.67705790144,M4004,2848.002338529714,2962.4666800254217,0,0
81,CASH_OUT,1710.1546579210226,C2444,11257.55751027226,9547.40285235124,M2444,780.9026144531779,2491.0572723742007,0,0
68,TRANSFER,59.108309586439,C1223,1647.1396779718848,1588.0313683854458,M1223,1586.9197271432947,1646.0280367297337,0,0
6,CASH_OUT,355.2790324514721,C4752,174376.8597219803,174021.5806895288,M4752,38913.83723328406,39269.11626573553,0,0
33,TRANSFER,13.239957465738057,C553,243.20063286147408,229.960675395736,M553,914.6330008332908,927.8729582990288,0,0
62,CASH_IN,556.8488906511036,C702,864.3288826161227,307.47999196501905,M702,213511.40178811835,214068.25067876943,0,0
5,CASH_IN,517.0246324268242,C455,225144.81552342983,224627.790891003,M455,20414.799514262133,20931.82414668896,0,0
49,TRANSFER,46.61796212902899,C5097,4163.076188843243,4116.458226714213,M5097,79768.8388363192,79815.45679844824,1,0
66,DEBIT,3984.7425525954686,C1173,41963.47148836091,37978.72893576544,M1173,177.3806906380643,4162.123243233533,0,0
11,DEBIT,234.58301925352143,C3588,81717.78306236613,81483.2000431126,M3588,2320.612163300496,2555.1951825540173,0,0
84,TRANSFER,90.13306187735344,C1948,3264.23884622925,3174.1057843518965,M1948,2427.906460607729,2518.039522485083,0,0
26,CASH_IN,62.21602420486848,C2040,626.6904646586884,564.4744404538199,M2040,2456.599947318931,2518.8159715238,0,0
57,PAYMENT,4004.068698626435,C5519,945.8087798110688,0.0,M5519,1325.58263606163,5329.651334688065,1,0
81,DEBIT,309.8621322464883,C803,20059.715319000672,19749.853186754182,M803,1341.0784034079618,1650.94053565445,0,0
69,CASH_IN,49.75977097854777,C531,145.70307660534246,95.94330562679468,M531,3321.3113930134773,3371.071163992025,0,0
89,TRANSFER,208.5999685393417,C4724,17093.868906433196,16885.268937893856,M4724,1711.171063650419,1919.7710321897607,0,0
79,DEBIT,1182.2493308456828,C2676,708.6566636596505,0.0,M2676,581.9885183265907,1764.2378491722734,0,0
29,CASH_OUT,159.14001879010942,C1481,6508.4728595267325,6349.332840736623,M1481,21919.058396393684,22078.198415183797,0,0
52,CASH_IN,2385.231663672136,C267,4656.222195289484,2270.990531617349,M267,15760.157831357576,18145.389495029714,0,0
81,PAYMENT,66.71560405956687,C5414,18679.35338619892,18612.63778213935,M5414,21998.97080153926,22065.686405598823,1,0
23,CASH_IN,234.61650285220736,C892,19290.317079862547,19055.70057701034,M892,695.5360818599997,930.152584712207,0,0
98,CASH_IN,273.30805849131025,C796,7502.608199633106,7229.300141141795,M796,46853.82760134148,47127.13565983279,0,0
39,TRANSFER,32.9869713742854,C3973,1455.9734634971926,1422.9864921229073,M3973,27398.856770258848,27431.843741633133,0,0
66,PAYMENT,196.96687160374373,C2143,4857.64447199059,4660.677600386846,M2143,3714.641419253573,3911.6082908573167,0,0
89,CASH_IN,141.0037732824535,C311,145.019677956738,4.0159046742845135,M311,2180.4632236772054,2321.466996959659,0,0
51,PAYMENT,3.5504525114980865,C1277,80.63069995472146,77.08024744322339,M1277,275.2165680670265,278.7670205785246,0,0
80,DEBIT,10504.870504480605,C320,17099.986706409436,6595.116201928833,M320,2902.0133261129668,13406.88383059357,0,0
20,CASH_OUT,1105.9758360901376,C329,1954.492659624923,848.5168235347853,M329,1694.432231238364,2800.4080673285016,0,0
83,CASH_IN,232.9082117123559,C4790,9193.270742386265,8960.362530673907,M4790,372.7751094920992,605.6833212044551,0,0
14,PAYMENT,2.29485607528101,C4605,9145.796926173867,9143.502070098586,M4605,99.97904776979372,102.27390384507471,0,0
31,TRANSFER,24.901568743224097,C279,125.88232644636985,100.98075770314574,M279,1203.349883151197,1228.251451894421,0,0
34,PAYMENT,2782.572962509148,C2999,320.1500557794992,0.0,M2999,3030.9464530037467,5813.519415512894,0,0
49,DEBIT,45.987530362359024,C3616,4638.200320686731,4592.212790324372,M3616,15956.277286505216,16002.264816867577,0,0
58,CASH_OUT,250.4523681666633,C4073,18261.186116485416,18010.73374831875,M4073,774.2501165363356,1024.7024847029988,0,0
93,TRANSFER,167.33510484873565,C2525,36579.29117874903,36411.95607390029,M2525,184.1606062142565,351.4957110629921,0,0
60,TRANSFER,29.45046461208719,C2768,859.6941514779934,830.2436868659062,M2768,1813.597245733516,1843.047710345603,0,0
85,TRANSFER,418.9509161057351,C4952,9900.37859113119,9481.427675025454,M4952,59836.76554658438,60255.716462690114,0,0
11,PAYMENT,303.2427764408544,C1483,5266.472181199122,4963.229404758268,M1483,88.73257642889206,391.9753528697464,0,0
81,CASH_OUT,1224.3407961424643,C5570,5896.910527735055,4672.56973159259,M5570,42079.17342830333,43303.5142244458,1,0
49,DEBIT,164.39202772065073,C4150,3582.774598462415,3418.382570741764,M4150,370.3381766472663,534.7302043679169,0,0
68,CASH_IN,182.6443907074133,C4263,74.50750491732677,0.0,M4263,4693.669814293251,4876.3142050006645,0,0
32,PAYMENT,16796.77899699262,C1985,1127.3277798268286,0.0,M1985,1245.8051916099034,18042.584188602523,0,0
64,CASH_OUT,26.74442715437029,C3569,291.8955988722659,265.15117171789564,M3569,1072.999805673202,1099.7442328275722,0,0
23,CASH_OUT,4.211444464027276,C1237,11327.256940773925,11323.045496309896,M1237,8146.396085560032,8150.607530024059,0,0
92,PAYMENT,298.0478961455445,C1990,7337.721978681758,7039.674082536213,M1990,657.7141271622244,955.7620233077688,0,0
7,CASH_IN,1084.4145785014523,C2082,9988.120428496684,8903.705849995229,M2082,289.19780868744766,1373.6123871889,0,0
79,DEBIT,120.95810735946988,C5535,3811.9115550034944,3690.953447644024,M5535,19321.806124640923,19442.764232000394,1,0
22,DEBIT,46.38870873565793,C4778,1384.679071104534,1338.290362368876,M4778,52590.16852909183,52636.55723782749,0,0
57,CASH_IN,490.2450423018956,C4274,804.0874648306785,313.84242252878295,M4274,3830.714893864653,4320.959936166549,0,0
45,TRANSFER,48.602591397018685,C5422,2331.332079733741,2282.7294883367217,M5422,3238.754989428247,3287.357580825266,1,0
55,DEBIT,6231.435159273594,C1611,1910.5973565875988,0.0,M1611,39.99595313949772,6271.431112413092,0,0
23,DEBIT,260.2826225037042,C594,916.5560172218863,656.2733947181821,M594,678.9824992603677,939.265121764072,0,0
50,CASH_IN,244.04904245205628,C2831,4995.4649113959085,4751.415868943852,M2831,31237.81783570233,31481.866878154397,0,0
21,PAYMENT,2493.1819534893457,C3117,1080.646867926965,0.0,M3117,4134.275631087216,6627.457584576562,0,0
38,CASH_OUT,4.3915300782401605,C1735,37651.85818704024,37647.466656962,M1735,165.06508727906012,169.45661735730027,0,0
52,TRANSFER,78.1277733775233,C2364,951.0682924155964,872.9405190380729,M2364,1222.3591257800265,1300.4868991575495,0,0
86,CASH_IN,1070.7795629812715,C1172,56740.0883006066,55669.30873762533,M1172,650.1574645393014,1720.937027520573,0,0
59,DEBIT,1252.5417561496336,C1487,1218.3163621123103,0.0,M1487,65978.56162303631,67231.10337918594,0,0
4,CASH_IN,4898.448344535652,C2982,71897.85130694564,66999.40296241,M2982,165547.1733575698,170445.62170210545,0,0
1,CASH_OUT,751.4852608787912,C228,9708.699186299467,8957.213925420676,M228,13577.285124329866,14328.770385208658,0,0
17,PAYMENT,351.1415007278966,C1809,213.6262753333198,0.0,M1809,27697.692643530383,28048.83414425828,0,0
41,CASH_OUT,64.75208645040128,C1445,81.32842034282672,16.57633389242544,M1445,842.8424190370591,907.5945054874604,0,0
93,CASH_IN,1044.3123861661352,C2659,347.92382462918283,0.0,M2659,45396.15916923434,46440.47155540048,0,0
25,CASH_OUT,280.7497502975164,C5339,918.0954479633,637.3456976657837,M5339,8425.762986668811,8706.512736966328,1,0
98,CASH_IN,81.1092151885413,C3177,8147.267926751502,8066.158711562961,M3177,238941.67464931656,239022.78386450512,0,0
50,DEBIT,52.17750625000709,C69,5994.569350279602,5942.391844029595,M69,797.9201086890854,850.0976149390925,0,0
68,CASH_IN,83.92780614234978,C3484,882.0117358163587,798.0839296740089,M3484,7578.235781508846,7662.163587651196,0,0
14,CASH_OUT,627.6496602165636,C953,1709.6576115230712,1082.0079513065075,M953,1306.6376309442037,1934.2872911607676,0,0
41,PAYMENT,88.693485228494,C4715,57089.78923101616,57001.09574578767,M4715,4210.012216624529,4298.705701853023,0,0
32,CASH_IN,2365.1843995758945,C1340,1166.2718690648576,0.0,M1340,1322.8147129914587,3687.999112567353,0,0
1,DEBIT,23.65977552918305,C2255,327.9410212617987,304.2812457326157,M2255,7528.330632256038,7551.990407785222,0,0
53,CASH_OUT,604.9522854602213,C4654,1633.004777218285,1028.0524917580638,M4654,41.47932360555863,646.43160906578,0,0
82,PAYMENT,1521.281036511449,C2243,14547.147212313635,13025.866175802188,M2243,466.0937873549642,1987.3748238664127,0,0
99,PAYMENT,197.02409865974383,C3381,10438.200840120682,10241.17674146094,M3381,25698.27295724624,25895.297055905983,0,0
70,CASH_OUT,13.595503286503147,C2327,3185.142695714428,3171.5471924279245,M2327,11244.014976808849,11257.610480095353,0,0
17,CASH_OUT,25.06022115258765,C3577,62.92836303416848,37.86814188158083,M3577,8357.756063944149,8382.816285096736,0,0
21,TRANSFER,199.9436578966272,C3901,885.7354822299166,685.7918243332894,M3901,962.375403694942,1162.3190615915692,0,0
74,DEBIT,15.521548831192304,C3068,588.5605203407196,573.0389715095273,M3068,12304.641594576711,12320.163143407904,0,0
88,PAYMENT,52.62889716985208,C1765,498.831762365176,446.2028651953239,M1765,1328.1312325527626,1380.7601297226147,0,0
90,PAYMENT,84.3077108238665,C3968,13042.199625083844,12957.891914259975,M3968,11845.04057445408,11929.348285277949,0,0
22,PAYMENT,75.81748969735348,C1008,3432.734221592348,3356.916731894995,M1008,66.477514941263,142.2950046386165,0,0
13,TRANSFER,41.35516735921562,C2947,662.3600955909592,621.0049282317435,M2947,1845.1787331933624,1886.533900552578,0,0
30,PAYMENT,14.858554736016565,C3467,1125.217806035016,1110.3592512989994,M3467,2511.6857813179104,2526.544336053927,0,0
42,TRANSFER,78.11102863096178,C5448,2845.551082551674,2767.440053920712,M5448,11091.296808665997,11169.407837296958,1,0
89,DEBIT,287.1212246597753,C1777,105365.36635451615,105078.24512985638,M1777,3683.298537133672,3970.419761793448,0,0
85,DEBIT,4.749272163922943,C1443,5446.5570548457645,5441.807782681842,M1443,723.9503831173381,728.699655281261,0,0
38,CASH_OUT,68.2856863490645,C5494,32883.10188127753,32814.81619492846,M5494,1080.581823203123,1148.8675095521871,1,0
50,CASH_IN,500.6002706041751,C3236,15623.53885914124,15122.938588537065,M3236,28640.35262677347,29140.952897377647,0,0
26,CASH_IN,20.77359343076732,C2576,1096.816630626178,1076.0430371954108,M2576,80.17543530267683,100.94902873344417,0,0
17,TRANSFER,888.7515595631306,C2535,708.0194337327378,0.0,M2535,513.3200898393347,1402.0716494024657,0,0
5,CASH_OUT,51.292822486424846,C4451,22813.40261737733,22762.109794890905,M4451,1152.9327674116253,1204.2255898980502,0,0
3,CASH_OUT,181.9667852445972,C143,62.5940884096142,0.0,M143,79.29197167888061,261.25875692347785,0,0
11,PAYMENT,118.97094175049754,C3832,1861.130836582952,1742.1598948324545,M3832,515.1449222971314,634.115864047629,0,0
64,CASH_IN,10.991102845328708,C1836,1096.84679943191,1085.8556965865812,M1836,21706.716684172487,21717.70778701781,0,0
73,CASH_OUT,188.8736080618261,C3771,2498.9330742534166,2310.0594661915907,M3771,48341.40410973197,48530.2777177938,0,0
76,TRANSFER,2731.1145302536183,C336,196679.7104366322,193948.59590637856,M336,4347.688157053689,7078.802687307307,0,0
26,DEBIT,6.7014227256237096,C943,265.1426523075963,258.4412295819725,M943,1521.9669205627863,1528.66834328841,0,0
19,DEBIT,26.91025240352068,C686,244.7105983723861,217.80034596886543,M686,1521.7635645346843,1548.673816938205,0,0
13,PAYMENT,261.1796167557127,C5526,10822.282158836406,10561.102542080693,M5526,47557.6321365534,47818.81175330911,1,0
4,PAYMENT,877.4899704815938,C1334,2010.5217551437167,1133.0317846621228,M1334,22812.80916071273,23690.29913119433,0,0
14,CASH_OUT,11647.20237350254,C1641,570.7658229245501,0.0,M1641,1635.9801238806526,13283.182497383192,0,0
30,PAYMENT,203.5234431962008,C365,2962.680009797188,2759.156566600987,M365,5512.8649500224265,5716.388393218627,0,0
85,CASH_IN,58.15734062503455,C4532,8432.730576400718,8374.573235775682,M4532,33852.53782662605,33910.695167251084,0,0
9,CASH_OUT,66.4532577790131,C3310,99.40824030979824,32.95498253078513,M3310,1205.1285194234472,1271.5817772024602,0,0
67,TRANSFER,324.3269352001933,C1756,191.7696857011544,0.0,M1756,1100.7310221296957,1425.057957329889,0,0
10,PAYMENT,9803.866355010296,C4993,9965.244571202236,161.37821619193892,M4993,8073.928569444507,17877.794924454804,0,0
60,CASH_OUT,56.79908226820819,C3314,270.46164503332835,213.66256276512016,M3314,51295.16940841921,51351.968490687424,0,0
62,DEBIT,11.4369012773855,C4669,51365.16970815408,51353.732806876695,M4669,384048.4201195872,384059.85702086455,0,0
5,TRANSFER,4.081317184033324,C874,3064.5327279493804,3060.451410765347,M874,5154.605472440423,5158.686789624457,0,0
49,DEBIT,1554.193482094557,C2833,6312.911313275782,4758.717831181225,M2833,2115.646883163423,3669.84036525798,0,0
68,DEBIT,114.35112942931995,C4902,421.5200383909884,307.1689089616684,M4902,285.604589560354,399.9557189896738,0,0
94,CASH_OUT,21.714668539661744,C5185,4224.166440865013,4202.451772325351,M5185,5780.352280080923,5802.066948620585,1,0
69,DEBIT,802.514871637398,C3475,1415.411707541985,612.896835904587,M3475,5878.888746551542,6681.40361818894,0,0
75,CASH_OUT,13.002168987818976,C1440,72056.88179972088,72043.87963073306,M1440,46531.7028245957,46544.70499358352,0,0
61,PAYMENT,4.227324239212296,C5208,552.133463378751,547.9061391395387,M5208,9430.79342505576,9435.020749294974,1,0
62,CASH_IN,2046.49785103626,C2839,5675.978565124379,3629.48071408812,M2839,651.0813702085642,2697.579221244824,0,0
25,CASH_IN,287.7629213953573,C3993,7121.544132693364,6833.781211298007,M3993,58286.38744897075,58574.15037036611,0,0
39,TRANSFER,35.55574623904822,C1488,323466.2106164519,323430.6548702129,M1488,10248.940783321876,10284.496529560924,0,0
53,CASH_IN,98.34635858840204,C2847,4148.776659874225,4050.430301285823,M2847,1944.625613431053,2042.9719720194548,0,0
73,PAYMENT,262.2801358930837,C2828,115.81821137101495,0.0,M2828,11849.22230896431,12111.502444857391,0,0
89,CASH_OUT,73.78738416761892,C3107,257.0214651954626,183.23408102784367,M3107,23403.8723262521,23477.65971041972,0,0
10,TRANSFER,53.9174118510828,C2669,11179.218510928284,11125.301099077202,M2669,14782.41719434239,14836.334606193474,0,0
67,DEBIT,1075.9136809627553,C551,13161.89707599348,12085.983395030726,M551,1116.6613439724838,2192.575024935239,0,0
6,PAYMENT,228.9267972100871,C4196,635.5794916861863,406.6526944760992,M4196,15587.123522050995,15816.050319261083,0,0
16,DEBIT,169.95366986443284,C1608,1800.3058015687036,1630.3521317042707,M1608,1955.4583256609765,2125.411995525409,0,0
97,DEBIT,504.0884431560955,C1054,5929.131097497443,5425.042654341348,M1054,29769.065827572347,30273.15427072844,0,0
14,CASH_IN,30.606339526199623,C3385,1880.4533651808729,1849.8470256546727,M3385,1521.4684986803795,1552.0748382065792,0,0
12,DEBIT,285.3466661083004,C837,482.6904846519494,197.34381854364904,M837,437922.0297257098,438207.3763918181,0,0
60,TRANSFER,52.36548563927603,C2472,866.0716950376805,813.7062093984044,M2472,276.6165072083744,328.9819928476504,0,0
27,DEBIT,159.11913108677652,C906,276.46585474590233,117.3467236591258,M906,1834.862579439039,1993.981710525816,0,0
49,TRANSFER,22.657708626457893,C4787,3832.392731988149,3809.735023361691,M4787,122.3920385612223,145.0497471876802,0,0
14,PAYMENT,2.2445237796341906,C1426,62623.34748204832,62621.10295826869,M1426,3155.5038841898822,3157.7484079695164,0,0
8,DEBIT,2.113468545085707,C568,514.8661268815418,512.7526583364562,M568,2869.023584564597,2871.137053109683,0,0
64,CASH_IN,33.59088064354846,C3203,13921.134167147353,13887.543286503804,M3203,73.1849310495818,106.77581169313028,0,0
78,CASH_IN,245.9004380640569,C2597,3048.2391696595478,2802.3387315954906,M2597,383.888115765729,629.788553829786,0,0
16,PAYMENT,10.564534597693765,C4646,37061.89563933284,37051.331104735145,M4646,634.3903566887109,644.9548912864046,0,0
38,TRANSFER,10.983287651718776,C867,648.6441835496518,637.660895897933,M867,246.5514726362752,257.53476028799395,0,0
39,TRANSFER,520.0187651674993,C831,27056.46943456646,26536.45066939896,M831,24452.37976058436,24972.398525751854,0,0
7,PAYMENT,157.93780498995304,C1567,1462.186473593014,1304.2486686030609,M1567,1270.3479014147606,1428.2857064047137,0,0
50,CASH_OUT,169.17270232494928,C2226,1156.1557594005478,986.9830570755984,M2226,372.6808889421232,541.8535912670725,0,0
72,CASH_OUT,33.35227069346817,C3,596.8096693493586,563.4573986558904,M3,6974.63054080961,7007.982811503078,0,0
23,TRANSFER,259.8872816347563,C130,2834.19481476022,2574.307533125464,M130,3618.9903972611833,3878.8776788959394,0,0
57,TRANSFER,261.3528112536067,C3992,20242.57346011773,19981.22064886412,M3992,1997.93197188015,2259.2847831337567,0,0
15,CASH_IN,15209.00831445608,C5464,276.39568575513465,0.0,M5464,35868.2365478874,51077.24486234348,1,0
30,CASH_IN,29.13789878635882,C4521,15788.238555110323,15759.100656323966,M4521,42399.86085283404,42428.9987516204,0,0
93,PAYMENT,1077.8294821176137,C255,225.05695635596936,0.0,M255,998.9299367869664,2076.75941890458,0,0
71,TRANSFER,252.920664792338,C1673,49.78125256937771,0.0,M1673,120.6422655157628,373.5629303081008,0,0
9,TRANSFER,216.5192372270334,C1411,1720.640445171111,1504.1212079440777,M1411,29769.680966671956,29986.200203898985,0,0
98,TRANSFER,610.3794696098126,C3165,2653.754238926816,2043.374769317003,M3165,205.9080554370486,816.2875250468612,0,0
65,DEBIT,108.69467765690892,C1080,650.3241595468066,541.6294818898978,M1080,174.0747126612248,282.7693903181337,0,0
75,TRANSFER,219.59616275453664,C5341,11342.869372483116,11123.27320972858,M5341,61.02424933569906,280.62041209023573,1,0
93,CASH_OUT,28.15921554970868,C407,148.93755750971442,120.77834196000576,M407,2955.1026639017296,2983.2618794514383,0,0
24,CASH_OUT,27.39579229256196,C534,5249.436785727033,5222.040993434471,M534,184.6072123341253,212.00300462668727,0,0
56,CASH_OUT,85.5561537153787,C3836,778.8581543043935,693.3020005890147,M3836,8174.742384614971,8260.29853833035,0,0
78,CASH_IN,106.22983051788732,C2864,1332.0651887311292,1225.8353582132418,M2864,2163.321317943534,2269.551148461421,0,0
54,CASH_IN,16.96199218541263,C318,5262.563564093491,5245.601571908078,M318,406.2785480920777,423.2405402774903,0,0
79,CASH_IN,768.448934383383,C847,4735.59046140989,3967.141527026507,M847,86.7631866179676,855.2121210013505,0,0
95,CASH_IN,1580.4085297960178,C1196,290.2742320524016,0.0,M1196,3145.9637949279554,4726.372324723973,0,0
47,PAYMENT,110.9767338861744,C3376,11195.325602796864,11084.348868910689,M3376,254.2741964691319,365.2509303553063,0,0
58,PAYMENT,55.52159224457797,C2521,310.59297337487044,255.07138113029248,M2521,4286.201457967007,4341.723050211584,0,0
39,TRANSFER,91.6047624582825,C1663,19196.757796181333,19105.15303372305,M1663,91.96843695224486,183.57319941052737,0,0
74,CASH_IN,52.25822269548742,C1176,127.87349454916952,75.61527185368209,M1176,101088.09811081586,101140.35633351134,0,0
58,PAYMENT,3653.387868597068,C709,79.58823945321079,0.0,M709,1454.9788885528965,5108.3667571499645,0,0
20,PAYMENT,65.82460342103509,C3477,4954.159693224651,4888.335089803616,M3477,16867.324565541752,16933.149168962787,0,0
58,CASH_OUT,1108.608640729405,C3219,990.9010324534768,0.0,M3219,713.4304846453931,1822.039125374798,0,0
54,DEBIT,4.345252845888485,C1988,9860.648664684486,9856.303411838597,M1988,5150.076599008798,5154.421851854687,0,0
75,DEBIT,670.7603912865558,C2033,46.793433803717456,0.0,M2033,1196.72494732679,1867.485338613346,0,0
75,CASH_OUT,5.458158704494021,C3448,2364.860534438392,2359.4023757338973,M3448,28285.196060050486,28290.65421875498,0,0
92,CASH_OUT,22.859986998893827,C4511,1503.6267228394902,1480.7667358405963,M4511,5237.284493053681,5260.144480052575,0,0
72,TRANSFER,13.864936722055548,C3404,44050.36540462991,44036.50046790785,M3404,15223.805294737733,15237.670231459788,0,0
39,TRANSFER,914.7511819876852,C1580,6387.705967573083,5472.954785585398,M1580,397.0366466715978,1311.787828659283,0,0
93,CASH_IN,6.994488670623127,C4310,3410.3287938615126,3403.3343051908896,M4310,137.49374419838108,144.4882328690042,0,0
24,DEBIT,3.2660942215059072,C392,18955.075075215413,18951.80898099391,M392,628.7178379093788,631.9839321308847,0,0
72,DEBIT,453.2929878612403,C2026,3306.7534053641925,2853.460417502952,M2026,20680.548393558725,21133.841381419967,0,0
34,PAYMENT,104.50485133952502,C2106,1458.9728239600363,1354.4679726205115,M2106,1302.129994524529,1406.6348458640537,0,0
66,CASH_OUT,687.6688650273871,C1029,5307.243672736737,4619.574807709349,M1029,143012.98785717873,143700.65672220613,0,0
70,DEBIT,189.77529824930104,C246,519.8004330685134,330.0251348192123,M246,63130.708090532135,63320.48338878144,0,0
35,PAYMENT,20.17648551109494,C544,87.08977919324688,66.91329368215195,M544,79.62316185102772,99.79964736212266,0,0
27,PAYMENT,416.4594022385369,C2365,30999.00527240868,30582.545870170143,M2365,402.13061634634806,818.590018584885,0,0
36,DEBIT,101.52551149387388,C1392,26746.679598045983,26645.154086552116,M1392,60.72915542416549,162.25466691803936,0,0
2,PAYMENT,3322.670276639692,C2610,27359.91406744593,24037.24379080624,M2610,1416.69284650377,4739.363123143462,0,0
68,CASH_IN,21.491252760280307,C1711,566375.0666661602,566353.5754134,M1711,976.0799912576696,997.57124401795,0,0
10,CASH_IN,1.2153291347944597,C1070,209.08078392165055,207.8654547868561,M1070,7498.965798622229,7500.181127757023,0,0
72,CASH_IN,52.801939036918334,C2501,624.5145532097969,571.7126141728785,M2501,1339.8416468221412,1392.6435858590596,0,0
18,PAYMENT,1187.043171130102,C4410,2166.1591025911325,979.1159314610304,M4410,724.8182962016898,1911.861467331792,0,0
3,TRANSFER,62.53390857537169,C1903,810.230521230568,747.6966126551963,M1903,30308.24744913474,30370.78135771011,0,0
72,TRANSFER,0.6465592874210437,C4641,67713.61935964663,67712.97280035922,M4641,1180.8572236405168,1181.503782927938,0,0
90,TRANSFER,94.84649389962344,C749,22239.004858720466,22144.15836482084,M749,2421.347011505107,2516.1935054047303,0,0
98,CASH_OUT,119.09107403478596,C4432,1022.4375063280996,903.3464322933136,M4432,472.8145215175113,591.9055955522972,0,0
39,CASH_IN,54.65163657222581,C2385,5479.195299319008,5424.543662746783,M2385,441.471312457862,496.1229490300878,0,0
24,CASH_IN,475.0394311254189,C3077,603.592174374546,128.5527432491271,M3077,59221.28474316819,59696.32417429361,0,0
56,CASH_OUT,1509.9552652701077,C937,6835.296798873002,5325.341533602895,M937,8637.231206151379,10147.186471421486,0,0
41,TRANSFER,1174.417809917495,C2837,18567.116532284148,17392.69872236665,M2837,1272.5541767026943,2446.971986620189,0,0
15,CASH_OUT,5.637711827009629,C2808,4091.970898902318,4086.333187075308,M2808,1619.4641700248922,1625.1018818519017,0,0
19,CASH_OUT,4694.088040537999,C471,2629.1158023622424,0.0,M471,703.7312774739103,5397.819318011909,0,0
1,CASH_OUT,95.38402433168196,C110,1319.2743700973144,1223.8903457656324,M110,1662.8715834657728,1758.2556077974548,0,0
77,CASH_OUT,206.43144302853236,C4260,5810.344228430473,5603.912785401941,M4260,559.3552937612677,765.7867367898,0,0
87,DEBIT,1154.5372091213255,C3976,2972.177506462029,1817.640297340704,M3976,78.10569616683622,1232.6429052881615,0,0
27,TRANSFER,8.712971987867007,C3295,2548.2386290396107,2539.525657051744,M3295,3816.199130639665,3824.912102627533,0,0
80,CASH_IN,492.5038495785975,C1538,41606.57667588205,41114.072826303454,M1538,1142.5120740856205,1635.015923664218,0,0
46,PAYMENT,31.954875361311306,C3754,71361.28380681491,71329.32893145361,M3754,23391.25286684429,23423.207742205603,0,0
12,TRANSFER,2.549044151262585,C3830,72887.86432134522,72885.31527719395,M3830,13575.38728486411,13577.936329015372,0,0
50,CASH_IN,6.62115948716368,C2699,2684.4712257011106,2677.850066213947,M2699,5776.161555984778,5782.782715471942,0,0
85,DEBIT,696.6176619815388,C4503,370.6267388119628,0.0,M4503,1764.451078074088,2461.0687400556267,0,0
17,CASH_IN,1446.399801963035,C4170,179.3168682762747,0.0,M4170,1006.9556616788044,2453.3554636418394,0,0
68,CASH_IN,550.2776299298928,C2743,102.78198187698491,0.0,M2743,509.2023905832571,1059.4800205131498,0,0
33,CASH_IN,142.2800995014371,C1006,2350.968041269796,2208.687941768358,M1006,1341.4080878892355,1483.6881873906727,0,0
43,DEBIT,13.951172290761091,C164,306.6026836072398,292.6515113164787,M164,10239.21289678773,10253.164069078492,0,0
37,TRANSFER,1676.6314264716991,C2179,777.6364996926565,0.0,M2179,7934.256994483413,9610.888420955112,0,0
36,DEBIT,69.79015652282037,C4793,164.56212254375774,94.77196602093736,M4793,11949.491194248136,12019.281350770956,0,0
53,CASH_OUT,152.1717750914851,C96,20054.4672883995,19902.29551330801,M96,517.2356314699992,669.4074065614843,0,0
62,TRANSFER,140.8090107279983,C2264,4157.520881568504,4016.7118708405055,M2264,142.4786699582806,283.2876806862789,0,0
12,DEBIT,69.56738134449425,C3665,1786.8878407976497,1717.3204594531555,M3665,20045.3163366237,20114.883717968198,0,0
30,DEBIT,144.7295504330887,C5413,832.8181056718765,688.0885552387879,M5413,128586.49904971012,128731.2286001432,1,0
48,CASH_IN,726.3129764749846,C289,182548.35648521944,181822.04350874445,M289,270.63684031172755,996.949816786712,0,0
15,TRANSFER,699.7166321088333,C3761,127.01461885480629,0.0,M3761,3862.1359204693554,4561.852552578189,0,0
41,TRANSFER,28.80581694994434,C4740,12793.448087081544,12764.6422701316,M4740,2460.1357975205374,2488.941614470482,0,0
81,DEBIT,4.348514042660463,C4561,276.0469743709414,271.698460328281,M4561,3270.384868547711,3274.7333825903715,0,0
5,DEBIT,69.77194233801714,C643,2281.711798890228,2211.9398565522106,M643,130.62609831131175,200.3980406493289,0,0
26,CASH_OUT,135.79060855330815,C1290,246.8427022647159,111.05209371140776,M1290,21223.38897874036,21359.179587293667,0,0
21,CASH_IN,3.04700212974666,C2803,816.7179844305564,813.6709823008097,M2803,27581.212553896454,27584.2595560262,0,0
12,CASH_IN,1526.5105257991845,C3261,6907.771076145827,5381.260550346642,M3261,581.0357834132883,2107.546309212473,0,0
97,CASH_IN,357.1359717948105,C1177,53682.07785949423,53324.941887699424,M1177,3777.407941921257,4134.543913716067,0,0
61,DEBIT,347.4569516235172,C3957,2293.912583423952,1946.455631800435,M3957,12170.43875132094,12517.895702944455,0,0
99,CASH_OUT,844.6440190890776,C969,15369.979407060087,14525.33538797101,M969,25316.635477753185,26161.279496842264,0,0
75,PAYMENT,77.48061638874618,C3343,6878.349698582169,6800.869082193423,M3343,404.870594497762,482.35121088650817,0,0
97,DEBIT,0.6516331315963039,C451,527.7687005403399,527.1170674087435,M451,101.00259121808224,101.65422434967854,0,0
64,TRANSFER,878.190738852774,C2819,9109.44073334265,8231.249994489875,M2819,10312.19175159276,11190.382490445534,0,0
36,TRANSFER,97.62133866283484,C1197,15523.29109032157,15425.669751658736,M1197,468.1153919379621,565.7367306007969,0,0
36,CASH_OUT,83.17722323726343,C3090,326.17457729086044,242.997354053597,M3090,4094.628179470166,4177.8054027074295,0,0
20,PAYMENT,256.206122276357,C420,1386.7098155092922,1130.5036932329351,M420,20070.108965336112,20326.31508761247,0,0
68,DEBIT,298.11587049825874,C1051,310.4739706992618,12.358100201003085,M1051,4392.273925441175,4690.389795939434,0,0
85,PAYMENT,420.62159772777954,C2566,5440.813040366466,5020.191442638687,M2566,13474.837560142034,13895.459157869813,0,0
71,CASH_OUT,157.67694831385532,C1304,812.450017974086,654.7730696602307,M1304,377.04721186024415,534.7241601740994,0,0
83,CASH_IN,1043.8555138909835,C814,1746.303088842678,702.4475749516942,M814,13556.933111716791,14600.788625607776,0,0
35,PAYMENT,3.23462295405494,C3551,957.3531862624844,954.1185633084295,M3551,25864.242528043207,25867.477150997263,0,0
39,PAYMENT,40.13114109947882,C5580,1451.5621067633188,1411.43096566384,M5580,52.03748032762412,92.16862142710292,1,0
45,PAYMENT,1256.4005605997647,C3686,185.8231408177357,0.0,M3686,25292.233237691013,26548.63379829078,0,0
63,CASH_IN,393.10205902246975,C864,6611.234822483451,6218.132763460982,M864,4769.421989596388,5162.524048618858,0,0
18,CASH_IN,19.029273914377345,C4888,7115.889141291657,7096.85986737728,M4888,1192.4185650489933,1211.4478389633707,0,0
77,TRANSFER,209.6403199745392,C2457,1071.8429814501749,862.2026614756358,M2457,222.86871132391204,432.5090312984512,0,0
50,DEBIT,118.27267705111916,C4670,9083.803709276071,8965.531032224952,M4670,1559.3020898090012,1677.5747668601205,0,0
87,CASH_IN,741.1551183737613,C645,56497.93784948124,55756.78273110748,M645,32108.703032210942,32849.8581505847,0,0
76,CASH_OUT,29.435319492456205,C425,33822.37622869461,33792.94090920215,M425,410.0141836409151,439.44950313337125,0,0
80,PAYMENT,401.20599798119554,C3890,66881.39249959258,66480.18650161139,M3890,17549.623842529792,17950.82984051099,0,0
78,TRANSFER,2160.937318528592,C4526,668.813077985652,0.0,M4526,453.827807221271,2614.7651257498637,0,0
39,CASH_OUT,3.6145086660029135,C4949,4156.083177169279,4152.468668503277,M4949,67916.60168973076,67920.21619839675,0,0
44,TRANSFER,28.533692893777843,C5353,16692.220378226946,16663.686685333167,M5353,63191.70754708901,63220.24123998279,1,0
63,DEBIT,38.70738841842961,C3699,207.0871182226422,168.3797298042126,M3699,7072.972541627866,7111.679930046295,0,0
15,CASH_OUT,85.64729639304551,C1916,41297.74422360668,41212.09692721364,M1916,869.3384382996591,954.9857346927046,0,0
7,PAYMENT,40.27566843961921,C1570,1121.7354873943425,1081.4598189547232,M1570,1462.6948563542394,1502.9705247938589,0,0
20,TRANSFER,1087.5599092604214,C2652,3486.260194060368,2398.7002847999465,M2652,171.7841356552075,1259.344044915629,0,0
89,CASH_IN,188.76840033657024,C2141,9418.995922206495,9230.227521869929,M2141,57185.67607686944,57374.444477206016,0,0
58,CASH_IN,139.83470001626847,C652,26790.244082872952,26650.409382856684,M652,11000.617403961916,11140.452103978185,0,0
42,DEBIT,104.76339918432278,C4378,1280.0490901058845,1175.2856909215618,M4378,3370.567906748679,3475.3313059330017,0,0
26,PAYMENT,925.4338540429144,C3135,50919.864544373566,49994.43069033065,M3135,8309.667064773384,9235.1009188163,0,0
77,CASH_IN,11024.916560548829,C5583,1324.2701185066348,0.0,M5583,81.99405492834197,11106.91061547717,1,0
89,CASH_OUT,4679.998919417497,C106,511.4484874405766,0.0,M106,40429.47304563517,45109.47196505267,0,0
98,DEBIT,54.55534662852224,C1759,2176.6331936712377,2122.077847042716,M1759,493.1150643852544,547.6704110137766,0,0
25,DEBIT,183.71841160334063,C1943,3553.8969781201595,3370.178566516819,M1943,564.7012738242317,748.4196854275724,0,0
54,CASH_IN,72.3635714058252,C388,5910.80345661024,5838.439885204414,M388,46237.54677887471,46309.91035028054,0,0
63,CASH_OUT,321.88080802628826,C3430,658.5619109178507,336.68110289156243,M3430,14929.864111998855,15251.744920025145,0,0
68,TRANSFER,13041.94571533491,C2363,17940.558582617425,4898.612867282514,M2363,19641.148596612267,32683.094311947178,0,0
80,CASH_IN,38.7983684574525,C94,16023.04280976957,15984.244441312116,M94,240.90851010890808,279.70687856636056,0,0
89,TRANSFER,4794.695109550246,C3235,155.11747147549954,0.0,M3235,2221.5710099989865,7016.266119549233,0,0
37,CASH_OUT,844.37501258865,C2092,89.84471485610305,0.0,M2092,209.56363893995368,1053.9386515286035,0,0
62,CASH_IN,975.423016807958,C1216,313925.0197822221,312949.5967654142,M1216,1446.53756001726,2421.960576825218,0,0
24,DEBIT,205.5620854076396,C2797,6509.169883167054,6303.607797759414,M2797,116.10500176167548,321.6670871693151,0,0
63,DEBIT,488.80791646431305,C3222,11205.65566984126,10716.847753376947,M3222,11807.222313636928,12296.03023010124,0,0
90,CASH_IN,234.98513503627908,C4699,6369.634608147792,6134.6494731115135,M4699,5232.2022713596925,5467.187406395971,0,0
98,CASH_IN,1341.1622587329475,C865,288.6393233883937,0.0,M865,3423.492466996908,4764.654725729855,0,0
23,DEBIT,15.29398360513522,C846,5480.231908744716,5464.93792513958,M846,19.105694226292734,34.39967783142795,0,0
12,CASH_IN,3542.0079556150445,C5265,1043.005111099436,0.0,M5265,26459.81385890176,30001.821814516807,1,0
19,TRANSFER,88.76093583970615,C468,2609.482274620091,2520.721338780385,M468,5853.335582536454,5942.09651837616,0,0
8,TRANSFER,356.84789448074,C422,320470.35728516744,320113.5093906867,M422,7013.553838264451,7370.401732745191,0,0
4,DEBIT,151.53566653019234,C3291,710.9177853336369,559.3821188034445,M3291,527.8943278617581,679.4299943919505,0,0
7,TRANSFER,801.6776286976711,C4786,1240.0369216664678,438.3592929687967,M4786,686.7241867504329,1488.401815448104,0,0
11,PAYMENT,131.9753074974417,C1958,389.07136565602747,257.0960581585858,M1958,78412.04822495254,78544.02353244998,0,0
59,CASH_IN,2218.0298444659056,C1276,34380.24073352641,32162.2108890605,M1276,965.287321867304,3183.3171663332096,0,0
28,DEBIT,457.2543302688829,C4010,579404.1933564976,578946.9390262287,M4010,208.7630205511543,666.0173508200372,0,0
85,TRANSFER,2.214463932215346,C2228,3400.968892602797,3398.754428670581,M2228,960.3453608029054,962.5598247351209,0,0
9,CASH_OUT,0.1571230266615693,C1719,138417.90322482778,138417.7461018011,M1719,1478.6455312778835,1478.8026543045453,0,0
67,CASH_OUT,4669.105164327975,C4592,176.13411973311094,0.0,M4592,2876.781700183213,7545.886864511189,0,0
82,TRANSFER,578.9107492416517,C4061,329.00738328338235,0.0,M4061,14232.869695355348,14811.780444597,0,0
71,TRANSFER,61.36165813366512,C3132,86.62771125103912,25.266053117374,M3132,6675.898701449125,6737.26035958279,0,0
68,CASH_IN,38.528013238727496,C986,8889.006392806727,8850.478379568,M986,123.90265184470836,162.43066508343583,0,0
55,TRANSFER,2072.282844801271,C1347,30086.24747734294,28013.96463254167,M1347,228779.3850464807,230851.66789128195,0,0
2,CASH_OUT,8.791537582032781,C5256,43296.46128593271,43287.66974835068,M5256,5473.907120905451,5482.698658487484,1,0
50,DEBIT,2328.8849427026457,C4285,5045.453422065334,2716.5684793626883,M4285,38053.14029111673,40382.025233819375,0,0
69,DEBIT,131.333315127177,C4711,4133.396819944427,4002.06350481725,M4711,21645.798864070035,21777.13217919721,0,0
20,CASH_IN,23.85925304583396,C723,571.803998753378,547.944745707544,M723,3905.8978994131785,3929.757152459013,0,0
38,TRANSFER,2073.957033878028,C1950,427.4569329655761,0.0,M1950,3305.866917480244,5379.823951358272,0,0
40,CASH_IN,703.3273782515578,C5181,13905.421629943718,13202.09425169216,M5181,130.92951311037376,834.2568913619316,1,0
59,PAYMENT,126.01716433950742,C1583,41380.68438443285,41254.66722009334,M1583,21333.09766438696,21459.11482872647,0,0
67,TRANSFER,11.037498770522912,C2157,139.21649778955364,128.17899901903073,M2157,893.2617447089312,904.2992434794542,0,0
21,CASH_OUT,27.2196319026391,C2884,2125.8289764517112,2098.609344549072,M2884,825.0348020027297,852.2544339053688,0,0
42,TRANSFER,16.881706705629142,C1609,731.2265019036103,714.3447951979811,M1609,19429.233818008328,19446.11552471396,0,0
33,PAYMENT,391.1040744644296,C2200,69766.26187482668,69375.15780036226,M2200,6752.877758904233,7143.981833368663,0,0
80,CASH_OUT,2574.91217932613,C3103,2402.040671955788,0.0,M3103,16538.009720161863,19112.921899487992,0,0
19,PAYMENT,4109.5346400550325,C5072,912.047267644538,0.0,M5072,1166.1648175164155,5275.699457571448,1,0
7,CASH_IN,5729.975909746193,C2463,44913.87712708249,39183.90121733629,M2463,2089.7082839687446,7819.6841937149375,0,0
32,PAYMENT,107.4200127398941,C2871,64763.69976222346,64656.27974948357,M2871,3098.392648282828,3205.812661022722,0,0
75,CASH_OUT,363.6390112786431,C737,27484.466216395154,27120.82720511651,M737,2639.6819596737737,3003.3209709524167,0,0
42,CASH_OUT,166.83392370194323,C3134,260.26452511934593,93.4306014174027,M3134,856.8876327988313,1023.7215565007746,0,0
13,CASH_IN,867.4149258603455,C4064,1296.1621465838116,428.74722072346606,M4064,587.9214927135226,1455.3364185738683,0,0
28,TRANSFER,227.72508707060825,C4052,72.64481220673964,0.0,M4052,667.0941764286362,894.8192634992444,0,0
29,CASH_OUT,239.0548279893734,C1878,21009.280271297517,20770.22544330814,M1878,480955.8224933749,481194.8773213643,0,0
7,CASH_OUT,83.18509268821315,C5217,826.3274859570115,743.1423932687984,M5217,14768.16302944876,14851.348122136971,1,0
11,DEBIT,836.9937933963868,C273,797.2353110976183,0.0,M273,362.3575564327239,1199.3513498291106,0,0
6,TRANSFER,5.271979745357432,C5156,30793.60847442688,30788.336494681524,M5156,52376.09428563169,52381.36626537705,1,0
16,CASH_IN,3447.802555320178,C4845,1607.5649257703906,0.0,M4845,96.75760220595473,3544.560157526133,0,0
66,TRANSFER,16.337855915112396,C1429,412.61031211889593,396.2724562037835,M1429,6132.345792421786,6148.683648336899,0,0
31,CASH_IN,11.269398051270576,C5291,405.4669279441396,394.197529892869,M5291,263853.96824202593,263865.2376400772,1,0
53,PAYMENT,17.085187009707813,C5589,475.5746378281937,458.4894508184859,M5589,3768.143644919864,3785.228831929572,1,0
57,PAYMENT,192.64289981212823,C5092,7322.155755481539,7129.512855669411,M5092,665109.5587706502,665302.2016704623,1,0
88,TRANSFER,32.10138163367489,C3129,3014.050466740093,2981.949085106418,M3129,1716.4075808969442,1748.508962530619,0,0
89,PAYMENT,88.8414375935972,C27,61.06269606824727,0.0,M27,141.6809447608266,230.52238235442385,0,0
75,PAYMENT,42.632410492088844,C5285,10055.170936317563,10012.538525825476,M5285,737.7162281153317,780.3486386074205,1,0
75,DEBIT,2536.494626986789,C3850,5162.890885664019,2626.39625867723,M3850,6746.980938445967,9283.475565432756,0,0
73,TRANSFER,3.501711825257065,C3431,205.30584550108472,201.80413367582764,M3431,1398.1978253216128,1401.6995371468695,0,0
85,PAYMENT,3765.109221950453,C3334,15277.448617182275,11512.339395231824,M3334,96.6518212191207,3861.761043169574,0,0
70,PAYMENT,75.66336325563155,C2343,113.82793737000644,38.16457411437489,M2343,645.8986842572918,721.5620475129234,0,0
4,DEBIT,141.71797462708545,C3373,788.1838276151763,646.4658529880908,M3373,101309.63390264189,101451.35187726896,0,0
32,CASH_IN,806.1138960032462,C3204,31276.580204484053,30470.466308480805,M3204,363.8255042355497,1169.9394002387958,0,0
29,CASH_IN,1.1817249548510222,C766,57.09939147371078,55.91766651885976,M766,2318.695631264455,2319.8773562193064,0,0
6,TRANSFER,1127.0057991953872,C72,959.1899742168678,0.0,M72,59.187391968239936,1186.1931911636273,0,0
37,PAYMENT,381.1541673571122,C1376,732.9923451542224,351.8381777971102,M1376,1082.8422423505208,1463.9964097076331,0,0
20,TRANSFER,638.2342375690591,C693,390730.0197985939,390091.78556102485,M693,14669.599717645662,15307.83395521472,0,0
25,TRANSFER,19.39704020006248,C1141,130.6579348871447,111.26089468708224,M1141,8194.35574294489,8213.752783144953,0,0
87,PAYMENT,7458.638232049176,C3615,62911.41956221757,55452.78133016839,M3615,3260.4348000529912,10719.073032102167,0,0
4,CASH_IN,24.033431896968096,C2282,513.7325459742109,489.6991140772428,M2282,3947.6788595822936,3971.7122914792617,0,0
24,TRANSFER,203.0582076579543,C413,9999.461893823844,9796.403686165891,M413,68.56735208190051,271.6255597398548,0,0
17,TRANSFER,680.7546524836757,C3776,1292.9559218870352,612.2012694033594,M3776,11906.475456922775,12587.230109406451,0,0
70,DEBIT,138.26419490938125,C3033,2094.7602361168497,1956.4960412074684,M3033,449.2656651791484,587.5298600885296,0,0
62,PAYMENT,320.0223970757101,C211,4600.912794831068,4280.890397755358,M211,847.8159063592313,1167.8383034349415,0,0
35,PAYMENT,23312.86303690967,C3075,5775.244832203697,0.0,M3075,1771.917226470668,25084.78026338034,0,0
55,PAYMENT,284.7591800518495,C2059,5833.5660048132,5548.80682476135,M2059,2209.267188079183,2494.0263681310325,0,0
9,TRANSFER,222.5153336224956,C2320,456.83770242706817,234.32236880457256,M2320,44255.063013453015,44477.57834707551,0,0
70,PAYMENT,9626.06127547158,C3653,4987.758513939577,0.0,M3653,97999.11316046354,107625.17443593511,0,0
90,CASH_OUT,98.57322726225262,C1265,276.02253485010755,177.44930758785495,M1265,26326.157067128635,26424.730294390887,0,0
52,PAYMENT,4.366862054956879,C3504,2317.7611698149008,2313.394307759944,M3504,102.38360199024936,106.75046404520624,0,0
74,DEBIT,39.4127104479222,C1993,5484.721875364329,5445.309164916407,M1993,1329.5402008043177,1368.9529112522398,0,0
6,TRANSFER,1279.1231077718317,C2108,680.7298278810373,0.0,M2108,796.6766447022421,2075.799752474074,0,0
29,DEBIT,120.41695113378414,C2231,1775.0483057929937,1654.6313546592094,M2231,4400.837427602077,4521.254378735861,0,0
76,TRANSFER,127.156114786737,C5230,1767.599818338873,1640.4437035521362,M5230,13080.8575557774,13208.013670564138,1,0
90,PAYMENT,17.15181573583995,C152,2515.19354896266,2498.04173322682,M152,207.095297356226,224.247113092066,0,0
58,TRANSFER,3.1351441738258936,C1755,10.313153800655067,7.178009626829174,M1755,339.16248875248345,342.29763292630935,0,0
71,DEBIT,668.210922727264,C107,1171.1168105751024,502.9058878478384,M107,5238.340960613336,5906.5518833406,0,0
68,TRANSFER,188.03628868471856,C4465,343.40635802099195,155.3700693362734,M4465,5501.086717080549,5689.123005765267,0,0
60,CASH_OUT,50.29682091086833,C1114,180.60063100545807,130.30381009458975,M1114,3561.192219953258,3611.4890408641263,0,0
70,CASH_IN,94.18794877061724,C1283,28894.716865091243,28800.528916320625,M1283,1783.356220062168,1877.544168832785,0,0
47,CASH_OUT,125.27315805735688,C2349,4865.746522071829,4740.473364014471,M2349,2976.16037117939,3101.433529236747,0,0
16,PAYMENT,54.611827186248725,C512,891.3808446663908,836.769017480142,M512,2135.91392885134,2190.525756037589,0,0
13,PAYMENT,1.098933841449308,C3586,362.9512418713945,361.8523080299452,M3586,14468.903676954473,14470.00261079592,0,0
64,DEBIT,18.290411754511187,C3823,1783.8156159219852,1765.525204167474,M3823,21050.80155403009,21069.09196578461,0,0
12,DEBIT,1656.8187175894816,C3281,273.3484683198689,0.0,M3281,683.3775672027141,2340.196284792196,0,0
3,PAYMENT,5368.661893487092,C194,998.1279203744874,0.0,M194,887.3639328522373,6256.02582633933,0,0
82,PAYMENT,33.76590001657367,C1577,168731.1761291534,168697.41022913682,M1577,846.2218993768364,879.9877993934101,0,0
56,TRANSFER,38.34352122438943,C4327,5647.452099352574,5609.1085781281845,M4327,270.2948397700959,308.6383609944853,0,0
18,PAYMENT,147.1985700009541,C78,286.4429319911704,139.24436199021628,M78,133.62870552174,280.8272755226941,0,0
52,CASH_IN,6.7503612939083135,C2903,15757.444469512971,15750.694108219062,M2903,97.58140988675314,104.33177118066143,0,0
9,TRANSFER,14.61489331047835,C3483,15729.871821126246,15715.256927815768,M3483,8256.75114231597,8271.366035626448,0,0
78,CASH_IN,349.8250608331785,C504,1762.4804532718492,1412.6553924386708,M504,1773.2446656950374,2123.069726528216,0,0
61,PAYMENT,485.3573522782184,C1530,18531.82463524907,18046.46728297085,M1530,1595.3186569717336,2080.676009249952,0,0
40,CASH_OUT,30.791788468549857,C4500,1385.1912979184312,1354.3995094498814,M4500,123063.28213083632,123094.07391930486,0,0
43,PAYMENT,5074.424649952374,C5312,1053.6978487003178,0.0,M5312,12118.895519562238,17193.320169514613,1,0
6,CASH_OUT,8.530245299724193,C1860,5537.788748561719,5529.258503261995,M1860,6039.464645936243,6047.994891235967,0,0
79,PAYMENT,47.91482467820023,C5094,5496.11056882982,5448.19574415162,M5094,1358.3362477052397,1406.2510723834398,1,0
81,TRANSFER,98.9918694276331,C3054,824.089039854804,725.0971704271709,M3054,1739.5926555083506,1838.584524935984,0,0
39,PAYMENT,6.724978812542278,C3232,1817.9031529277484,1811.178174115206,M3232,1633.9466588808953,1640.6716376934376,0,0
90,CASH_OUT,46.050024160201154,C685,5965.876586999853,5919.826562839652,M685,13336.968217460311,13383.018241620512,0,0
40,CASH_OUT,76.3262268380087,C554,29989.34689519177,29913.02066835376,M554,2392.899745532285,2469.2259723702937,0,0
69,PAYMENT,2.1562246774133587,C2785,526.9409043237857,524.7846796463724,M2785,2742.773465870421,2744.9296905478345,0,0
36,DEBIT,466.3920433840351,C1479,33188.60805272218,32722.216009338143,M1479,1282.901942355426,1749.293985739461,0,0
6,CASH_OUT,125.5640842640875,C2017,6324.287050892568,6198.72296662848,M2017,468.2309715588657,593.7950558229531,0,0
30,CASH_OUT,0.2381730476422874,C2596,1633.9827637266042,1633.744590678962,M2596,2122.7702105610883,2123.0083836087306,0,0
51,TRANSFER,15.392940409089086,C863,388.53763175469055,373.1446913456015,M863,8761.947633069145,8777.340573478234,0,0
77,PAYMENT,6.740348543090828,C2376,15471.700472540246,15464.960123997154,M2376,588.0305835115876,594.7709320546784,0,0
22,TRANSFER,96.17659285203472,C1843,2184.835374213522,2088.658781361487,M1843,242.8500447992344,339.0266376512691,0,0
74,TRANSFER,146.03732273744913,C2074,4395.540381692036,4249.503058954587,M2074,39357.45267347807,39503.48999621552,0,0
70,TRANSFER,264.13978566671443,C3260,49.38893918758678,0.0,M3260,5341.990411873816,5606.13019754053,0,0
85,CASH_OUT,38.604503811660514,C3091,267.75823692995897,229.15373311829845,M3091,14817.782640576266,14856.387144387929,0,0
40,PAYMENT,52.96860813364604,C1233,3092.682555701906,3039.71394756826,M1233,6180.016527855729,6232.985135989375,0,0
35,PAYMENT,545.9564092147143,C769,104729.31462364156,104183.35821442684,M769,900.5965476077696,1446.5529568224838,0,0
96,DEBIT,102.67292127358348,C4290,5422.145032925207,5319.472111651623,M4290,262.009065288063,364.6819865616465,0,0
75,CASH_OUT,269.8955181027199,C3127,742.9976425188866,473.10212441616665,M3127,132.28244263807326,402.1779607407932,0,0
66,CASH_OUT,8.839708412576895,C3524,6592.432081806349,6583.592373393772,M3524,1593.5115185555985,1602.3512269681753,0,0
13,TRANSFER,73.02844994691355,C3805,7415.261051852662,7342.232601905748,M3805,849.3936249739752,922.4220749208888,0,0
16,CASH_IN,16.672430724447747,C3463,144.26436570366096,127.5919349792132,M3463,28205.072487283625,28221.744918008077,0,0
9,TRANSFER,168.86791125213043,C3280,10623.641596546711,10454.773685294582,M3280,4122.653078956479,4291.520990208609,0,0
71,TRANSFER,257.2033795459234,C169,679.3010805562776,422.0977010103542,M169,1435.7983617813925,1693.0017413273156,0,0
12,DEBIT,314.98332852714043,C290,1951.7126483287848,1636.7293198016444,M290,194.37444946400345,509.3577779911439,0,0
90,TRANSFER,8.620307172597151,C4075,11393.630233177084,11385.009926004486,M4075,982.677138056189,991.2974452287862,0,0
26,DEBIT,67.22321641339573,C4036,25935.25191302432,25868.02869661092,M4036,36249.950680647045,36317.17389706044,0,0
14,PAYMENT,1633.6616838149628,C5376,3348.331106414641,1714.669422599679,M5376,54.09266919349263,1687.7543530084554,1,0
55,TRANSFER,0.6631147247082031,C4906,54.64178254125865,53.97866781655045,M4906,1807.0599674861332,1807.7230822108415,0,0
21,CASH_OUT,5182.67716449437,C5332,808.8350429167004,0.0,M5332,4234.456987002241,9417.134151496612,1,0
55,TRANSFER,779.0931696561377,C3528,2568.946847738212,1789.8536780820743,M3528,252.9350848664276,1032.0282545225652,0,0
85,DEBIT,4.167125111534633,C5304,185.6772811594702,181.5101560479356,M5304,21006.591597557224,21010.75872266876,1,0
98,DEBIT,46.2469696664799,C1412,2675.330350943718,2629.083381277238,M1412,57.66394752102519,103.91091718750508,0,0
19,DEBIT,43942.118110896685,C1052,12326.6476383086,0.0,M1052,1250.300096253197,45192.41820714988,0,0
54,CASH_IN,11.10245174496054,C4872,6656.531671269328,6645.429219524368,M4872,11313.380803669908,11324.483255414869,0,0
38,DEBIT,107.62219165822134,C5203,163.6395899743774,56.01739831615606,M5203,1195.9893226233432,1303.6115142815645,1,0
78,CASH_IN,52.82238166583089,C4602,1506.0378302107276,1453.2154485448968,M4602,252.48770990595585,305.3100915717868,0,0
66,CASH_IN,524.1235912503931,C5100,704.7985284771139,180.6749372267208,M5100,11841.4114901114,12365.535081361792,1,0
12,TRANSFER,145.5047902204176,C1405,2057.4299928593714,1911.9252026389536,M1405,1921.9113871333827,2067.4161773538003,0,0
97,TRANSFER,217.69519732045453,C4217,13341.14905933598,13123.453862015524,M4217,111.45205048157892,329.14724780203346,0,0
13,CASH_IN,855.27608837291,C2404,7636.460453014556,6781.184364641646,M2404,22175.202103649783,23030.478192022696,0,0
98,TRANSFER,3.757309362999629,C1671,572.3017043909307,568.544395027931,M1671,11946.30052088249,11950.05783024549,0,0
87,DEBIT,149.14785841815615,C1309,47256.723123985874,47107.57526556772,M1309,9281.02033369091,9430.168192109068,0,0
68,CASH_IN,13.956214345734391,C2475,1324.4471375204737,1310.490923174739,M2475,224950.55067966305,224964.50689400875,0,0
12,DEBIT,87.64581405745007,C1838,277.0503454866839,189.40453142923383,M1838,5586.912357093935,5674.558171151385,0,0
78,PAYMENT,52.91915329252689,C2188,196.63508638158817,143.71593308906128,M2188,434.6441014621929,487.56325475471976,0,0
46,CASH_IN,95.96761762317068,C5245,3914.981770561276,3819.014152938105,M5245,334.3362693273618,430.3038869505325,1,0
57,PAYMENT,622.3179960473341,C4498,200.36129951512788,0.0,M4498,16954.92773504883,17577.245731096165,0,0
42,DEBIT,110.83572336431747,C2752,106706.64388967188,106595.80816630756,M2752,2811.393333633928,2922.229056998245,0,0
29,DEBIT,169.1773098324726,C1393,527.3807694768883,358.2034596444157,M1393,406.1106987386543,575.2880085711269,0,0
22,CASH_OUT,3746.906457468956,C4750,2659.8514112133694,0.0,M4750,15777.674096280592,19524.580553749547,0,0
91,PAYMENT,9.27259310723615,C3527,19367.569283854635,19358.2966907474,M3527,50106.34682972493,50115.61942283216,0,0
66,DEBIT,12.58207747937532,C317,3623.897343380173,3611.315265900798,M317,807.1784720992965,819.7605495786719,0,0
86,CASH_IN,496.8385981540433,C952,48093.99768532766,47597.15908717362,M952,44789.84663971081,45286.685237864855,0,0
54,PAYMENT,826.360285613016,C1248,2910.3342451287344,2083.9739595157184,M1248,653930.4495450523,654756.8098306652,0,0
95,CASH_OUT,25.69876604812669,C387,5646.948252093407,5621.249486045281,M387,1594735.6981696172,1594761.3969356653,0,0
17,TRANSFER,251.9375524749204,C815,2805.057349320796,2553.119796845876,M815,825.9596877181887,1077.8972401931092,0,0
3,DEBIT,7152.447279574989,C3421,1104.049018402672,0.0,M3421,975.9946015408556,8128.441881115845,0,0
92,DEBIT,496.5683797998401,C5155,22775.08478883744,22278.5164090376,M5155,467.321750278541,963.8901300783812,1,0
11,DEBIT,103.14602316678294,C5175,197393.09212951007,197289.9461063433,M5175,6407.527177081287,6510.67320024807,1,0
55,DEBIT,68.79257968886002,C41,8832.996861237047,8764.204281548187,M41,2620.888603763789,2689.6811834526493,0,0
22,TRANSFER,2942.03118111849,C4891,733.1332663033219,0.0,M4891,14294.072265051826,17236.103446170317,0,0
66,DEBIT,1828.828055545379,C5073,414.84487671809126,0.0,M5073,7586.389996443701,9415.21805198908,1,0
70,PAYMENT,95.31558645643597,C677,44032.15373402061,43936.83814756418,M677,225.625028002994,320.94061445943,0,0
48,DEBIT,277.3402988115297,C1648,3646.844899268792,3369.504600457262,M1648,3984.723398948956,4262.063697760485,0,0
46,TRANSFER,23.867806315225984,C2252,679.2657897907201,655.3979834754941,M2252,104.0857199413446,127.95352625657056,0,0
66,DEBIT,538.6381084345293,C2104,6531.855629110316,5993.217520675787,M2104,31933.616705357595,32472.25481379213,0,0
61,PAYMENT,117.91849363808632,C2089,997.8707867435572,879.9522931054709,M2089,203.20897624631408,321.1274698844004,0,0
28,PAYMENT,7.284464677966064,C4247,847.8808611299487,840.5963964519826,M4247,2043.895297085818,2051.179761763784,0,0
32,CASH_IN,59.62396341827374,C234,39.81250816288637,0.0,M234,21935.72548592093,21995.34944933921,0,0
51,CASH_IN,406.49785996888295,C2061,89.14698115746945,0.0,M2061,301.5782047787434,708.0760647476263,0,0
3,PAYMENT,546.1096196621556,C2629,7778.849203753427,7232.739584091271,M2629,150.06448629492584,696.1741059570815,0,0
52,CASH_OUT,11.965108077606574,C4281,1908.1264492569576,1896.161341179351,M4281,239.3899280559456,251.35503613355212,0,0
46,CASH_IN,543.3576460055157,C1929,103412.51032454296,102869.15267853744,M1929,607.0870941669402,1150.444740172456,0,0
20,PAYMENT,3.387399108099118,C1406,6086.72740548504,6083.340006376941,M1406,13735.32556134517,13738.71296045327,0,0
51,CASH_IN,1.15508688421636,C3647,1329.8641285259937,1328.709041641777,M3647,22643.73457959456,22644.88966647878,0,0
55,DEBIT,635.0508015546948,C4202,783.1650016472692,148.11420009257438,M4202,49.9287420630726,684.9795436177674,0,0
6,CASH_OUT,21.212122157096932,C2632,500.69085726081954,479.4787351037226,M2632,7986.845132114955,8008.057254272052,0,0
20,CASH_IN,621.2090026536404,C4691,624.8023823769832,3.5933797233428777,M4691,9438.558678099276,10059.767680752915,0,0
8,DEBIT,19.61408720359653,C2230,884.0578452368709,864.4437580332743,M2230,7035.617687504694,7055.231774708291,0,0
56,CASH_OUT,602.1073661362921,C777,4989.911176390931,4387.80381025464,M777,2829.879708785108,3431.9870749214,0,0
75,PAYMENT,639.9044097895744,C719,36273.70521750423,35633.80080771466,M719,9638.65779977261,10278.562209562186,0,0
2,PAYMENT,1113.5362655861345,C4879,13527.839938518948,12414.303672932812,M4879,2557.321964560181,3670.858230146316,0,0
31,CASH_IN,1745.6689226402152,C5268,7163.964236669964,5418.295314029749,M5268,1079.5923973828303,2825.2613200230458,1,0
34,PAYMENT,2066.498575389706,C5023,29.971534966193676,0.0,M5023,2846.1237112471235,4912.62228663683,1,0
83,CASH_OUT,7.270036872534812,C994,2222.476210402333,2215.206173529798,M994,156.973210637185,164.2432475097198,0,0
66,CASH_OUT,1338.7190890572383,C1610,2964.856014254164,1626.1369251969252,M1610,3538.106031241813,4876.825120299052,0,0
50,DEBIT,243.5422728100673,C5459,6536.906080999823,6293.363808189755,M5459,608.0304711079147,851.5727439179819,1,0
1,CASH_OUT,17.160708791948288,C1104,50261.36384421098,50244.20313541903,M1104,329.2412916500463,346.40200044199463,0,0
39,CASH_OUT,86.10265362796211,C3364,8569.56285131763,8483.460197689668,M3364,1984.16126689148,2070.263920519442,0,0
5,PAYMENT,62.83519083467404,C1635,2433.8931212769457,2371.057930442272,M1635,225074.42183419337,225137.25702502808,0,0
89,DEBIT,222.2886845697764,C4334,527.1196601583729,304.8309755885965,M4334,3847.7292042457366,4070.017888815513,0,0
31,DEBIT,858.685502236134,C3086,1516.8338617272632,658.1483594911292,M3086,6959.7684623058985,7818.453964542033,0,0
25,CASH_OUT,833.6049915541485,C1721,6854.781060413619,6021.176068859471,M1721,4495.417764468023,5329.022756022172,0,0
36,TRANSFER,219.18930694113297,C2352,6917.909061768311,6698.719754827178,M2352,351.72570125412744,570.9150081952604,0,0
54,TRANSFER,2787.7380465026768,C1377,77560.03341780989,74772.2953713072,M1377,10403.71198486596,13191.450031368637,0,0
44,CASH_IN,264.6275314214405,C1527,1903.7271448193635,1639.099613397923,M1527,8331.608877551944,8596.236408973384,0,0
36,DEBIT,109.73782331507545,C1498,9402.816123189245,9293.078299874169,M1498,4781.964132526226,4891.701955841302,0,0
31,TRANSFER,71.53182481619518,C3741,1182.2954997047736,1110.7636748885784,M3741,70083.650491921,70155.18231673719,0,0
48,TRANSFER,16.60197961513584,C1744,1920.4201970191064,1903.8182174039705,M1744,4686.802598854288,4703.404578469424,0,0
62,PAYMENT,51.33989979726778,C192,4883.337575486076,4831.997675688808,M192,30486.86706429651,30538.20696409378,0,0
98,CASH_IN,157.44126885480318,C3322,2844.822321492101,2687.3810526372977,M3322,4196.884335708199,4354.325604563002,0,0
26,PAYMENT,43.80008607098316,C98,3310.6920809209378,3266.8919948499547,M98,813.3633651817856,857.1634512527688,0,0
38,PAYMENT,459.21494336583606,C1906,1595.314648797522,1136.099705431686,M1906,3407.023419471564,3866.2383628374,0,0
44,DEBIT,313.4260565769605,C363,2833.714569442631,2520.2885128656703,M363,1559.6689596464853,1873.0950162234456,0,0
1,CASH_OUT,55.80665784424416,C1335,499.11056511058354,443.30390726633937,M1335,58.147189235178274,113.95384707942245,0,0
94,PAYMENT,273.46853436630505,C4847,82206.91325747223,81933.44472310593,M4847,6535.995954609098,6809.464488975403,0,0
32,DEBIT,80.5599715968618,C826,5298.402286483533,5217.842314886671,M826,29335.592065895653,29416.152037492517,0,0
71,CASH_IN,8.011344477851969,C4113,130.3535552010146,122.34221072316262,M4113,28036.444202605915,28044.45554708377,0,0
86,DEBIT,92.76267368802476,C4897,8027.051771484587,7934.289097796563,M4897,106199.7297604262,106292.49243411425,0,0
25,PAYMENT,111.15746602555816,C4168,1597.45894874423,1486.301482718672,M4168,65744.79577882228,65855.95324484784,0,0
89,PAYMENT,63.94841647936036,C789,943.67324408751,879.7248276081496,M789,14331.25453004744,14395.202946526802,0,0
71,CASH_IN,586.8016605826841,C3158,467.0454299794843,0.0,M3158,2446.4150195380143,3033.2166801206986,0,0
61,TRANSFER,2075.764641521109,C4291,10144.122456274634,8068.357814753524,M4291,345.50145536993494,2421.266096891044,0,0
92,PAYMENT,1405.4955458068405,C4887,759.4537511928361,0.0,M4887,86.50879129016441,1492.004337097005,0,0
84,CASH_OUT,93.21299137792631,C607,86.32738612904504,0.0,M607,4130.037750480785,4223.250741858711,0,0
2,CASH_OUT,65.73645302085536,C2567,1172.2925906572852,1106.55613763643,M2567,3622.058871300348,3687.7953243212023,0,0
26,CASH_OUT,268.5677652560136,C5488,115.36170724114,0.0,M5488,901.6132985732224,1170.181063829236,1,0
26,CASH_OUT,7.899334338040663,C5055,14838.853396003047,14830.954061665008,M5055,4132.04190280923,4139.941237147271,1,0
62,DEBIT,2450.9806698093803,C1016,246.8642634094544,0.0,M1016,20772.55721604337,23223.537885852747,0,0
50,CASH_OUT,772.5190616580448,C2673,37.90493188379008,0.0,M2673,438.6541509212669,1211.1732125793117,0,0
36,DEBIT,2.885513854767419,C1198,709.3413685540309,706.4558546992635,M1198,331.4615887515685,334.3471026063359,0,0
68,CASH_OUT,176.7058343521631,C1375,1925970.214313598,1925793.5084792457,M1375,14508.701608505187,14685.407442857351,0,0
30,TRANSFER,90.72484349938723,C1315,200.0830405413477,109.35819704196052,M1315,95.7352284618961,186.46007196128332,0,0
98,CASH_OUT,11.66315579501668,C1722,488.5355878607013,476.8724320656846,M1722,732.8701744920926,744.5333302871093,0,0
33,CASH_OUT,2264.376534486788,C4668,14063.277534121786,11798.900999634998,M4668,1956.0680650441277,4220.444599530915,0,0
73,PAYMENT,43338.32867877718,C4794,187.71467457304476,0.0,M4794,10953.827616629287,54292.15629540647,0,0
79,TRANSFER,52.47965779419509,C1986,3413.4215282121813,3360.941870417986,M1986,3493.57737328498,3546.0570310791745,0,0
47,PAYMENT,2531.4012077735715,C3494,43555.8392897631,41024.43808198953,M3494,7633.685060032763,10165.086267806337,0,0
69,DEBIT,110.14147916099354,C5327,2118.213050079491,2008.0715709184972,M5327,52.08204323537751,162.22352239637104,1,0
11,CASH_OUT,243.87292482111937,C1064,24563.87350882909,24320.00058400797,M1064,351.346019989723,595.2189448108423,0,0
25,DEBIT,316.2064787455768,C2619,160.054643998546,0.0,M2619,9.779581342471824,325.98606008804865,0,0
60,CASH_OUT,75.76341096950613,C1108,3634.0745182406113,3558.3111072711054,M1108,4552.038997871459,4627.802408840966,0,0
54,DEBIT,84.61420562493106,C4172,9739.706853902171,9655.09264827724,M4172,6473.151820664612,6557.766026289543,0,0
8,DEBIT,44.07703209493189,C1976,3406.5353872369947,3362.458355142063,M1976,4104.950570422401,4149.027602517333,0,0
62,CASH_OUT,78.34474050789252,C37,275.9798576928272,197.63511718493464,M37,3761.611255939521,3839.955996447413,0,0
98,DEBIT,144.97830825307673,C4228,9792.377288477075,9647.398980224,M4228,21727.87922043308,21872.85752868616,0,0
58,CASH_OUT,843.2845811964047,C4706,38425.39492407453,37582.11034287812,M4706,396.937536029632,1240.2221172260367,0,0
73,CASH_IN,59.92769239261308,C2484,271.77221532107444,211.84452292846132,M2484,551.7910272752752,611.7187196678882,0,0
98,TRANSFER,5.631320157995511,C5453,3579.7993599111314,3574.168039753136,M5453,323.6309269203878,329.2622470783833,1,0
99,TRANSFER,964.8797619468196,C589,25092.688755827672,24127.80899388085,M589,717.8022721325933,1682.682034079413,0,0
62,CASH_IN,1453.9518652326988,C1471,195.2254216369212,0.0,M1471,3692.6552555382527,5146.607120770952,0,0
47,PAYMENT,28.64339175181772,C1849,138242.52110174054,138213.8777099887,M1849,12.663682262108868,41.30707401392658,0,0
41,DEBIT,14.749004173918658,C3584,3728.645433854581,3713.8964296806616,M3584,220395.75623615543,220410.50524032937,0,0
11,CASH_OUT,302.6262789373903,C3730,972.9357633134316,670.3094843760414,M3730,7222.458481575211,7525.084760512602,0,0
40,CASH_IN,73.16573119688663,C92,402.6283101803702,329.4625789834836,M92,8400.432838958037,8473.598570154923,0,0
97,CASH_OUT,12.04200696750967,C201,2284.660861881616,2272.618854914106,M201,14177.580416290506,14189.622423258015,0,0
57,PAYMENT,29.290340735913457,C4205,2318.207607063722,2288.9172663278086,M4205,1170.4513747698193,1199.7417155057328,0,0
21,PAYMENT,552.6765201225392,C2753,32699.763802972146,32147.087282849607,M2753,3270.1519991139044,3822.828519236444,0,0
55,CASH_OUT,18.548433370137676,C1020,89.72750770129402,71.17907433115634,M1020,22226.584458942067,22245.13289231221,0,0
88,CASH_IN,2.8770293159688003,C3573,113.01264344476262,110.13561412879382,M3573,490.3717162679282,493.248745583897,0,0
42,PAYMENT,4809.833721186935,C446,346.3648231639853,0.0,M446,683.7164983827075,5493.550219569643,0,0
9,PAYMENT,292.64132591427995,C4954,303.1456342458582,10.504308331578272,M4954,1952.005678973405,2244.647004887685,0,0
10,TRANSFER,233.4377282719416,C3102,2519.030685647836,2285.5929573758945,M3102,2723.058366671361,2956.496094943303,0,0
83,DEBIT,171.51624490374948,C3419,3560.3552340991746,3388.8389891954253,M3419,12959.090681117648,13130.606926021395,0,0
69,PAYMENT,1204.8668854126336,C3239,14.26206809018432,0.0,M3239,3031.858275335286,4236.72516074792,0,0
88,CASH_IN,47.81580157687748,C5429,7143.748777970578,7095.9329763937,M5429,30581.216287736497,30629.032089313376,1,0
63,CASH_OUT,887.8371713685003,C156,313.0559888896159,0.0,M156,5095.427926814635,5983.265098183135,0,0
34,TRANSFER,1510.115373653146,C4995,651.8035243974558,0.0,M4995,143.40712062268582,1653.5224942758318,0,0
37,CASH_OUT,367.35687705279855,C3714,10566.43569708038,10199.078820027582,M3714,650.3095529525871,1017.6664300053856,0,0
41,CASH_OUT,2071.183427543047,C3080,2663.810236280235,592.6268087371882,M3080,34547.18282402772,36618.36625157076,0,0
49,DEBIT,4.093445031234959,C1694,710.6161449505887,706.5226999193537,M1694,1974.8869540853625,1978.9803991165973,0,0
45,PAYMENT,175.53965891631515,C5211,9155.462796293665,8979.92313737735,M5211,457.3160814822135,632.8557403985287,1,0
53,PAYMENT,8440.00472678812,C3449,1462.3781160206588,0.0,M3449,65318.22695713741,73758.23168392554,0,0
47,PAYMENT,1051.0256364494164,C64,6164.101937511493,5113.076301062077,M64,1493.7414941993975,2544.767130648814,0,0
78,TRANSFER,29.829286134854986,C2316,12895.621453006708,12865.792166871854,M2316,1081.8141700681158,1111.6434562029708,0,0
96,TRANSFER,17.233181660664712,C3891,3541.8508604304243,3524.61767876976,M3891,306.6589132298049,323.8920948904696,0,0
4,PAYMENT,2.8626198811228987,C1675,366.39695259760384,363.53433271648095,M1675,4910.7708024857575,4913.63342236688,0,0
2,CASH_IN,479.8447274594495,C3262,12257.173680773203,11777.328953313756,M3262,3795.363320024144,4275.208047483594,0,0
82,CASH_IN,6777.990486227827,C3341,3408.2003696700936,0.0,M3341,3588.329190670194,10366.31967689802,0,0
63,DEBIT,95.83110163228817,C379,1977.9564339395847,1882.1253323072965,M379,814.2149589640794,910.0460605963676,0,0
69,DEBIT,107.72978221638094,C506,2525.6377615015945,2417.907979285213,M506,4708.9582556853065,4816.688037901688,0,0
58,PAYMENT,212.81736168703733,C25,1351.473282535478,1138.6559208484407,M25,48381.029228600666,48593.84659028771,0,0
54,TRANSFER,65.84203791128822,C1243,1487.1367334687395,1421.2946955574514,M1243,32484.385567771908,32550.227605683194,0,0
64,CASH_IN,783.2246128279742,C5493,1187.31379179449,404.0891789665159,M5493,175578.67066362052,176361.8952764485,1,0
3,CASH_IN,0.6890630276946409,C3789,2144.5877189196794,2143.8986558919846,M3789,1017.8477482486996,1018.536811276394,0,0
58,DEBIT,4.198912095661193,C4948,20692.595383045835,20688.39647095017,M4948,105.81232580939908,110.01123790506026,0,0
36,PAYMENT,19.828759535964057,C4946,5342.153003002242,5322.324243466278,M4946,1223.0213547552344,1242.8501142911985,0,0
63,TRANSFER,3464.888788953632,C1823,1204.9039004856922,0.0,M1823,630.0962553225374,4094.985044276169,0,0
30,DEBIT,0.4614204520615725,C183,543.2399485058867,542.7785280538251,M183,9706.300693046438,9706.7621134985,0,0
38,CASH_OUT,83.38658624284189,C5554,47.25938479168578,0.0,M5554,8931.197634617532,9014.584220860374,1,0
53,DEBIT,11.149625053146112,C3981,47.10762715204586,35.95800209889975,M3981,1380.894229216897,1392.043854270043,0,0
98,CASH_IN,3.9501766089477,C1732,2960.536795988996,2956.586619380048,M1732,1314.284721945694,1318.2348985546416,0,0
22,DEBIT,790.9790609528126,C1432,2653.304514936995,1862.3254539841823,M1432,271.00184768096875,1061.9809086337814,0,0
88,PAYMENT,230.81164520417477,C3413,24824.84054243525,24594.02889723107,M3413,4646.670206922941,4877.481852127116,0,0
10,TRANSFER,38.152872246310864,C1174,5511.865067170926,5473.712194924615,M1174,581.4084795798575,619.5613518261683,0,0
16,CASH_OUT,610.8534443459579,C4530,2386.611515282643,1775.7580709366848,M4530,1590.7790721865183,2201.6325165324765,0,0
9,CASH_IN,35.15018353005297,C3939,6630.581646359441,6595.431462829388,M3939,200.56840976140737,235.71859329146037,0,0
94,DEBIT,3474.2695089312,C1944,36226.84992987064,32752.58042093944,M1944,1445.9278333193429,4920.197342250543,0,0
44,DEBIT,634.610946722146,C2311,921.8176181934724,287.20667147132644,M2311,12639.491729900416,13274.102676622564,0,0
41,CASH_OUT,31.98794296733561,C101,2077.4979383782543,2045.5099954109187,M101,104.78702851189188,136.7749714792275,0,0
68,CASH_IN,24.253006148305776,C2642,1124.4657680057169,1100.212761857411,M2642,1813.346031257008,1837.5990374053133,0,0
70,DEBIT,32.71123901760925,C2284,2911.432930205173,2878.7216911875635,M2284,8226.044133426847,8258.755372444457,0,0
64,DEBIT,27.470641338021743,C1934,497.4195395413721,469.9488982033503,M1934,15677.121476674962,15704.592118012984,0,0
67,PAYMENT,4.436821221457189,C3974,2098.6565537849106,2094.2197325634534,M3974,18.113870400881584,22.55069162233877,0,0
74,PAYMENT,778.9378173204617,C2241,18154.931255609197,17375.993438288733,M2241,4740.564702837523,5519.502520157985,0,0
11,TRANSFER,550.0359147962984,C4259,1180.820005266385,630.7840904700865,M4259,28.51101893444972,578.546933730748,0,0
55,PAYMENT,25323.59060884623,C3022,4153.747231392316,0.0,M3022,4563.908581290418,29887.499190136645,0,0
32,CASH_OUT,41.48193221228586,C4990,3858.794422730417,3817.3124905181303,M4990,4588.221895692801,4629.703827905087,0,0
65,TRANSFER,43.80152609050903,C4590,4575.350644076045,4531.549117985535,M4590,3205.131581213078,3248.933107303587,0,0
41,CASH_OUT,355.8743867365612,C5356,1862.0953231108756,1506.220936374314,M5356,43718.055739203446,44073.93012594001,1,0
74,PAYMENT,871.0429688393956,C2160,1380.270707941284,509.2277391018884,M2160,7988.156206036429,8859.199174875825,0,0
3,PAYMENT,229.2342149047507,C4721,532.2374288717707,303.00321396702,M4721,1270.2758501153492,1499.5100650200998,0,0
79,CASH_OUT,492.95870028689234,C1041,2166.996278383107,1674.0375780962147,M1041,52810.84616114209,53303.80486142899,0,0
9,PAYMENT,15.837197290214249,C5128,584.9316997425245,569.0945024523103,M5128,104.1086554653484,119.94585275556264,1,0
94,TRANSFER,92.92471733747452,C1013,237.41044618084825,144.48572884337375,M1013,116.47298123670468,209.3976985741792,0,0
64,DEBIT,105.27746583191067,C1000,1681.024671589806,1575.7472057578957,M1000,631.1429619815872,736.4204278134979,0,0
45,DEBIT,110.73071763495528,C3593,191.29415234844996,80.56343471349464,M3593,916.3335750861988,1027.064292721154,0,0
37,DEBIT,745.5952908696233,C1646,1047.976682715313,302.3813918456897,M1646,2633.9925248891477,3379.5878157587704,0,0
45,CASH_OUT,74.26022933356056,C931,8163.76043092987,8089.50020159631,M931,464.8560878700206,539.1163172035812,0,0
20,CASH_IN,527.7446412179447,C5408,2822.877148706804,2295.132507488859,M5408,15103.97123093624,15631.715872154184,1,0
45,CASH_IN,174.66064705771845,C821,6878.10142270794,6703.440775650222,M821,3563.6047431613183,3738.265390219037,0,0
40,CASH_IN,313.3414094766929,C1768,1922.6982137364207,1609.3568042597278,M1768,11204.344358130367,11517.68576760706,0,0
66,TRANSFER,764.8465642714418,C2829,21852.37731666648,21087.530752395032,M2829,794.4275041586416,1559.2740684300834,0,0
34,CASH_IN,330.9211301903279,C484,1242.066913628254,911.1457834379262,M484,121.23917222933476,452.1603024196627,0,0
8,TRANSFER,3986.987195407869,C1336,2457.2117982507216,0.0,M1336,28409.77869084506,32396.76588625293,0,0
15,CASH_IN,197.5742725317269,C2350,963.6894438333082,766.1151713015813,M2350,567.8396510182585,765.4139235499854,0,0
80,CASH_IN,537.9365523336251,C4621,66.9707319996107,0.0,M4621,16773.415846213673,17311.352398547297,0,0
69,CASH_IN,5.0697510845035865,C510,4895.642788048622,4890.573036964118,M510,4098.284714536517,4103.354465621021,0,0
11,CASH_IN,13.527233688059784,C5343,4400.198203227679,4386.670969539619,M5343,6380.351416714263,6393.878650402323,1,0
41,TRANSFER,99.69485913939246,C4710,2706.1585075608327,2606.46364842144,M4710,15849.23297336072,15948.927832500112,0,0
97,PAYMENT,253.1770265013988,C2435,6206.657289312809,5953.48026281141,M2435,154196.39611752552,154449.57314402692,0,0
42,DEBIT,93.23497252045306,C1613,50.474079982899966,0.0,M1613,1007.9261219712598,1101.161094491713,0,0
4,CASH_IN,54.89722648865877,C1124,2630.141568150526,2575.244341661867,M1124,899.4173824951871,954.314608983846,0,0
4,DEBIT,26.600515717287298,C5490,39.842503638055184,13.241987920767889,M5490,53577.6938204631,53604.29433618039,1,0
64,PAYMENT,8.049292331194284,C3755,324.0996954344649,316.0504031032706,M3755,147.34264385331255,155.39193618450685,0,0
33,PAYMENT,327.3651809249983,C1285,14121.524388210824,13794.159207285824,M1285,371.9111770010707,699.2763579260691,0,0
68,CASH_IN,71.31784943052165,C4635,3150.3925959333383,3079.0747465028167,M4635,6893.833639054021,6965.151488484543,0,0
39,TRANSFER,172.57514864906864,C2722,4372.038452757238,4199.463304108169,M2722,3867.152918867576,4039.728067516645,0,0
33,DEBIT,43.45661938781853,C23,710.5873784158199,667.1307590280014,M23,6484.6809724326895,6528.137591820508,0,0
34,CASH_OUT,1620.5491269821496,C1272,159.26416552138912,0.0,M1272,1485.4954180525997,3106.044545034749,0,0
36,PAYMENT,349.4807052456883,C4514,4694.847881676002,4345.3671764303135,M4514,3290.6660361432137,3640.146741388902,0,0
46,TRANSFER,7.963021225605993,C562,12297.962484277934,12289.999463052329,M562,244.57945253344624,252.54247375905223,0,0
67,CASH_OUT,12.415284587742942,C2016,29410.807939807124,29398.39265521938,M2016,984.9772447926242,997.3925293803673,0,0
82,PAYMENT,12.657900142239123,C2746,5750.3317148221895,5737.673814679951,M2746,2998.301527316982,3010.959427459222,0,0
39,CASH_OUT,303.0082839783171,C3582,48806.99676086338,48503.98847688507,M3582,62235.12029000971,62538.128573988026,0,0
51,TRANSFER,1613.4070080830718,C44,115201.43127635174,113588.02426826868,M44,22366.01706871973,23979.424076802803,0,0
99,TRANSFER,159.42191544186306,C1102,30.13354634184895,0.0,M1102,1000121.1181861204,1000280.5401015622,0,0
43,TRANSFER,1683.0806458806967,C549,215.23831924694824,0.0,M549,13649.13279033317,15332.213436213866,0,0
91,CASH_IN,10.01786609074744,C3756,128.48619436786402,118.46832827711656,M3756,8428.833125303165,8438.850991393912,0,0
90,PAYMENT,33.382053631593905,C3044,46334.56050879121,46301.17845515962,M3044,154193.43137855254,154226.81343218414,0,0
16,PAYMENT,2008.604785074572,C2541,24222.53764580988,22213.93286073531,M2541,2538.288082445907,4546.892867520479,0,0
12,DEBIT,189.7022622023223,C614,394.5584299528154,204.8561677504931,M614,976.1278712544042,1165.8301334567266,0,0
17,CASH_IN,1419.1070955804746,C982,3523.684327602534,2104.5772320220594,M982,19515.350487599368,20934.457583179843,0,0
22,DEBIT,154.15026544646,C5218,575.1794726579772,421.02920721151713,M5218,371551.6082494242,371705.75851487066,1,0
22,CASH_IN,383.1982856087568,C4986,178.89195066125356,0.0,M4986,3956.045817240863,4339.24410284962,0,0
69,DEBIT,2133.9211620057395,C1202,362.5139368394255,0.0,M1202,7195.437583304275,9329.358745310015,0,0
35,TRANSFER,50.56061487216714,C359,18209.41549847381,18158.85488360164,M359,141.76711062476042,192.3277254969276,0,0
72,PAYMENT,951.1803825974272,C830,7616.553021064421,6665.3726384669935,M830,4499.8593224892165,5451.039705086644,0,0
40,CASH_OUT,81.62156010856675,C4824,10585.60730297644,10503.985742867872,M4824,107.28902013056909,188.91058023913584,0,0
58,CASH_OUT,10883.423512384536,C2813,890.8394391228072,0.0,M2813,984.956196943466,11868.379709328,0,0
53,CASH_OUT,1609.352872737746,C1413,4841.063193954921,3231.710321217175,M1413,718.6685089996479,2328.0213817373938,0,0
63,TRANSFER,1205.4532500864807,C2738,3226.000548367312,2020.5472982808317,M2738,2321.1323589765398,3526.58560906302,0,0
47,PAYMENT,128.7250703075413,C4587,461.884442758436,333.1593724508947,M4587,15952.576373558748,16081.301443866289,0,0
35,CASH_IN,11.817835293813332,C2514,721.9433652357408,710.1255299419274,M2514,92.9658726273752,104.78370792118852,0,0
68,CASH_IN,10.816523950702049,C2489,1828.6628797681435,1817.8463558174408,M2489,12618.457797458444,12629.274321409144,0,0
12,TRANSFER,312.28139157546883,C3840,324.69458047941333,12.4131889039445,M3840,3268.6650601131,3580.946451688568,0,0
26,DEBIT,47.15607419963221,C4278,1710.7143635563048,1663.5582893566725,M4278,738.6074770859116,785.7635512855438,0,0
46,CASH_IN,543.2670936610489,C373,2526.641482057001,1983.3743883959523,M373,21156.314678210714,21699.581771871763,0,0
71,DEBIT,390.7670118232784,C2300,1685.3537633586134,1294.586751535335,M2300,2809.155410296285,3199.922422119564,0,0
91,TRANSFER,430.4934501938434,C2249,333.3057010038016,0.0,M2249,19888.24441197993,20318.737862173773,0,0
85,TRANSFER,127.73518331861962,C3794,3298.6354102833466,3170.900226964727,M3794,1170.9854874825526,1298.7206708011722,0,0
15,PAYMENT,1086.3249848773628,C2301,1635.1083959409686,548.7834110636059,M2301,207.8910505531761,1294.2160354305388,0,0
96,DEBIT,34.85526797109526,C2232,174.9117598963462,140.05649192525095,M2232,1268.999098597796,1303.8543665688912,0,0
39,DEBIT,705.3774352876316,C5000,623.5412094260928,0.0,M5000,1657.815019841384,2363.192455129016,1,0
60,DEBIT,27.63924410499581,C3084,8951.744652761643,8924.105408656647,M3084,4732.199861626092,4759.839105731087,0,0
28,TRANSFER,2341.7174847594274,C4373,1435.3037320209223,0.0,M4373,1562.6091489687608,3904.326633728189,0,0
60,PAYMENT,7.322064566652723,C1825,34934.238337857176,34926.916273290524,M1825,183.47197254180335,190.7940371084561,0,0
51,PAYMENT,165.56511335916326,C3793,121188.27805222396,121022.7129388648,M3793,3754.117366327023,3919.682479686186,0,0
25,DEBIT,13.676865131903504,C902,158.30956643026892,144.63270129836542,M902,3937.190358931651,3950.867224063554,0,0
77,PAYMENT,2834.633526996734,C4895,822.8834674115918,0.0,M4895,94.59236011389028,2929.225887110624,0,0
18,DEBIT,19.255147393038897,C1582,539.8498178987609,520.594670505722,M1582,43452.367100128766,43471.6222475218,0,0
72,CASH_IN,102.32448246719458,C2554,797.8849456928873,695.5604632256927,M2554,586.963104913112,689.2875873803066,0,0
83,CASH_IN,255.4944622511284,C2289,787.918418866478,532.4239566153497,M2289,415.9265695816519,671.4210318327803,0,0
17,CASH_OUT,311.004505878218,C5515,101830.012449292,101519.0079434138,M5515,68650.4806073303,68961.48511320852,1,0
47,CASH_IN,326.6790282362577,C935,8336.606436376762,8009.927408140504,M935,1535.5795680543392,1862.2585962905969,0,0
72,CASH_IN,139.25287659811818,C1919,642.3797739150033,503.1268973168851,M1919,873.5254579334777,1012.778334531596,0,0
12,TRANSFER,769.3309504796962,C4171,8482.659304854258,7713.328354374562,M4171,12708.269057821492,13477.600008301188,0,0
34,TRANSFER,3678.890542407177,C1447,98.42138481621508,0.0,M1447,603.6992644728555,4282.5898068800325,0,0
8,CASH_OUT,1257.0053932539993,C1926,1127.0372900025377,0.0,M1926,2294.339245903172,3551.3446391571706,0,0
55,DEBIT,330.4137833526149,C1381,3829.27011004633,3498.856326693716,M1381,10923.41162207158,11253.825405424195,0,0
85,CASH_IN,177.82999104355815,C3816,353.92748754963463,176.09749650607648,M3816,18668.837883392272,18846.667874435832,0,0
51,CASH_OUT,7.16594568181875,C4063,1223.0904874017317,1215.924541719913,M4063,7775.130994515074,7782.296940196893,0,0
67,CASH_IN,1419.7391764549357,C4470,10083.236633204777,8663.497456749841,M4470,1218.0026683683884,2637.741844823324,0,0
22,TRANSFER,1112.3208298413945,C3519,2219.0095782515477,1106.6887484101528,M3519,518.1554110793443,1630.4762409207387,0,0
9,PAYMENT,603.6191382923705,C4238,350.23467662256235,0.0,M4238,1069.3954564388832,1673.0145947312535,0,0
59,CASH_OUT,162.08901288506848,C3197,8381.903445950386,8219.814433065318,M3197,106319.26866829318,106481.35768117826,0,0
93,PAYMENT,57.14266468817796,C2654,10891.701668348678,10834.5590036605,M2654,8527.20944894521,8584.352113633387,0,0
72,TRANSFER,4727.740704600457,C1130,11595.99501862414,6868.254314023683,M1130,2241.0193218006684,6968.760026401125,0,0
73,CASH_OUT,2003.4107298807096,C3424,1058.2158594904947,0.0,M3424,4479.310506585485,6482.721236466195,0,0
76,TRANSFER,29.981288412475887,C1101,8656.206628503716,8626.22534009124,M1101,123.05774906975994,153.0390374822358,0,0
22,PAYMENT,63.17120137445666,C4531,168929.7294961435,168866.55829476903,M4531,12895.716559088156,12958.887760462612,0,0
72,CASH_OUT,51.03357332074944,C5599,26.55199803704429,0.0,M5599,483.842015370035,534.8755886907845,1,0
32,TRANSFER,477.2075879239886,C3792,2314.50036322193,1837.2927752979413,M3792,560.1658395348417,1037.3734274588303,0,0
76,DEBIT,2.2481187834850083,C4030,8953.186136139575,8950.93801735609,M4030,1331.768598373892,1334.0167171573771,0,0
86,TRANSFER,378.1236960613613,C2707,5496.422555953243,5118.298859891882,M2707,1138.4173585203373,1516.5410545816983,0,0
1,PAYMENT,670.8504834068376,C3076,311.2547355749383,0.0,M3076,101.10842518681842,771.958908593656,0,0
48,CASH_OUT,116.09736249341177,C86,47543.73988554138,47427.642523047965,M86,64321.06064562703,64437.15800812044,0,0
48,DEBIT,8.942407556809943,C3871,1146.0315405850438,1137.0891330282338,M3871,250.97590729199192,259.91831484880186,0,0
23,PAYMENT,23.178545590438585,C4637,6019.727497814704,5996.548952224266,M4637,3308.723667546244,3331.9022131366823,0,0
68,PAYMENT,195.22143266712663,C1831,12122.454008476014,11927.232575808886,M1831,25287.22965944969,25482.45109211682,0,0
58,PAYMENT,600.2276567289352,C4603,2330.2665994985005,1730.0389427695652,M4603,2526.547340703882,3126.774997432817,0,0
65,PAYMENT,208.0607336364215,C4054,697.6384338133383,489.5777001769168,M4054,1266.7114220109954,1474.7721556474169,0,0
8,CASH_IN,10.21369860520584,C2246,2122.2791946051825,2112.0654959999765,M2246,286.51885981205635,296.73255841726217,0,0
39,CASH_IN,218.59768586707867,C3388,11551.648855190304,11333.051169323226,M3388,632.2230359912558,850.8207218583344,0,0
63,CASH_OUT,12.437606814650524,C438,5964.8541713137965,5952.416564499146,M438,384.7065576168046,397.1441644314551,0,0
12,PAYMENT,41.53774251192811,C1802,97.65895308766218,56.12121057573408,M1802,3507.869353849901,3549.407096361829,0,0
29,CASH_OUT,7387.931991990233,C2900,1198.185552840361,0.0,M2900,3112.275794616892,10500.207786607123,0,0
49,PAYMENT,70.34829064084234,C3731,860.3668834421678,790.0185928013254,M3731,315.0193210652964,385.3676117061387,0,0
30,PAYMENT,383.7180472198618,C3918,706.0569506091282,322.3389033892664,M3918,5645.21179887964,6028.929846099501,0,0
4,DEBIT,13.810919517748886,C3943,447.8869442855938,434.07602476784496,M3943,2909.541841962984,2923.3527614807326,0,0
71,TRANSFER,29.951680893343006,C672,502.4703060160736,472.51862512273055,M672,199283.20305387655,199313.15473476992,0,0
29,PAYMENT,79.96499471101546,C102,368.9315176568103,288.96652294579485,M102,1464.1127458480908,1544.077740559106,0,0
8,TRANSFER,1028.689467865826,C2885,62095.19172764691,61066.50225978108,M2885,80.76281948410524,1109.452287349931,0,0
94,TRANSFER,2292.6484310821643,C2816,11260.548256867414,8967.89982578525,M2816,3094.0337120487084,5386.682143130873,0,0
50,PAYMENT,186.76506723267727,C1069,3090.124947112913,2903.359879880236,M1069,2180.946388311923,2367.7114555446,0,0
21,DEBIT,457.855260543221,C920,15810.640944787903,15352.785684244682,M920,7637.27811508716,8095.133375630381,0,0
7,CASH_OUT,1020.2941335922716,C5420,2024.2703257117253,1003.9761921194538,M5420,308.67962746512245,1328.973761057394,1,0
90,TRANSFER,44.40243810520522,C567,1929.7468518424448,1885.3444137372396,M567,1480.627335278643,1525.029773383848,0,0
14,CASH_IN,220.0988598963352,C3101,4487.854876810004,4267.756016913669,M3101,682.0939767494219,902.1928366457572,0,0
79,DEBIT,35.87539022115919,C949,6436.496797428429,6400.62140720727,M949,203.7142032092809,239.5895934304401,0,0
7,TRANSFER,257.1515538024335,C1269,385.815418098136,128.66386429570252,M1269,24958.871496885095,25216.02305068753,0,0
89,PAYMENT,482.6375321745039,C4867,8763.83578669889,8281.198254524386,M4867,17164.155766259828,17646.79329843433,0,0
13,TRANSFER,198.78387646961517,C4114,9968.109203923295,9769.32532745368,M4114,3931.1443381343593,4129.928214603974,0,0
2,CASH_IN,586.8428794425673,C1402,17477.103496180644,16890.260616738076,M1402,917.1962696080608,1504.039149050628,0,0
25,CASH_OUT,22.426236254525914,C1280,15874.099079387412,15851.672843132888,M1280,28489.772941736228,28512.199177990755,0,0
56,CASH_IN,63.46018608171415,C2215,23035.679106955165,22972.218920873453,M2215,3818.166125484014,3881.626311565728,0,0
58,CASH_OUT,108.56070026091982,C4519,12464.257159928986,12355.696459668066,M4519,5282.938516568715,5391.499216829635,0,0
3,DEBIT,3.011178308638269,C3949,810.0424287302503,807.0312504216121,M3949,14786.620850045432,14789.63202835407,0,0
75,PAYMENT,3.405419289459758,C4282,4782.379026456099,4778.973607166639,M4282,1707.803847680561,1711.2092669700207,0,0
53,PAYMENT,575.1542658206648,C4156,5759.021355203076,5183.867089382412,M4156,1515.2762791495204,2090.430544970185,0,0
23,CASH_IN,70.93570902657027,C5472,9278.024084100109,9207.08837507354,M5472,14066.402661754471,14137.33837078104,1,0
77,DEBIT,710.7047943674175,C3108,2571.3300064697337,1860.6252121023165,M3108,21771.111232277108,22481.816026644527,0,0
82,CASH_OUT,0.7476739502778997,C2063,6769.263672053592,6768.515998103314,M2063,760.0174034880231,760.765077438301,0,0
60,DEBIT,42.56568082894974,C2762,139.6989239667539,97.13324313780416,M2762,3514.24743270907,3556.8131135380195,0,0
67,CASH_OUT,192.3992974117868,C903,108.95569087964424,0.0,M903,448.1428334146756,640.5421308264624,0,0
64,CASH_OUT,1498.0196753468117,C3069,540.2782795175355,0.0,M3069,531.5347321983954,2029.554407545207,0,0
11,DEBIT,371.757843070535,C3350,1463.1219465700246,1091.3641034994896,M3350,227.589557971078,599.347401041613,0,0
15,CASH_OUT,664.8588907732207,C1251,1401.8766383323905,737.0177475591698,M1251,36461.19509273355,37126.05398350677,0,0
75,PAYMENT,166.79773106044715,C2045,951.9616905047689,785.1639594443217,M2045,1143.3314198790883,1310.1291509395355,0,0
92,CASH_OUT,794.8629301273147,C1717,16555.20699380629,15760.344063678976,M1717,4556.717471452901,5351.580401580216,0,0
82,CASH_IN,37.9122303142877,C5099,44.58373480376934,6.671504489481634,M5099,1340.0212818134576,1377.9335121277452,1,0
27,PAYMENT,21.52723593149215,C3217,394.6922218384312,373.1649859069391,M3217,378.7415768030124,400.2688127345045,0,0
65,PAYMENT,3318.797909492708,C3545,17764.398984605647,14445.601075112938,M3545,6576.064061310553,9894.861970803262,0,0
30,DEBIT,503.1957242262,C3327,4637.592888472277,4134.397164246077,M3327,4523.813465482733,5027.009189708932,0,0
74,DEBIT,58.69266025016636,C4696,22613.31357505534,22554.62091480517,M4696,24308.438601508773,24367.13126175894,0,0
73,PAYMENT,53.1480639136226,C2190,1646.255898733776,1593.1078348201536,M2190,2084.4077826319767,2137.5558465455997,0,0
12,DEBIT,89.53022520500903,C1657,2572.94593566966,2483.41571046465,M1657,22647.73732228594,22737.26754749095,0,0
97,TRANSFER,80.00409640108577,C350,23534.248242549376,23454.24414614829,M350,1708.9377175147088,1788.9418139157945,0,0
74,TRANSFER,117.40363825853224,C812,87.3025220046406,0.0,M812,1275.476875225226,1392.8805134837585,0,0
11,PAYMENT,12.700544359827433,C3282,3937.2855145883823,3924.584970228555,M3282,6070.651479124947,6083.352023484775,0,0
88,CASH_IN,107.05247103493076,C1655,61213.77889886346,61106.72642782854,M1655,108.83878720973678,215.89125824466757,0,0
91,PAYMENT,264.183420986477,C3610,28487.69016187572,28223.506740889243,M3610,69297.52117391705,69561.70459490352,0,0
25,CASH_OUT,459.7459297812833,C1549,36365.30646981606,35905.56054003478,M1549,13507.753730515396,13967.49966029668,0,0
79,CASH_IN,169.60643177828288,C4684,4211.421444816191,4041.815013037908,M4684,402.60188428151713,572.2083160598,0,0
2,TRANSFER,90.12613050119036,C1078,9419.123964255052,9328.99783375386,M1078,832.3278527431087,922.453983244299,0,0
26,CASH_IN,3.4909175542419373,C1506,15499.951213266131,15496.460295711891,M1506,3803.091460426762,3806.582377981004,0,0
37,TRANSFER,53.89184169454296,C597,2059.899573804291,2006.007732109748,M597,384.5174579182495,438.4092996127925,0,0
8,CASH_IN,10.742561179790558,C2636,10619.99492343831,10609.25236225852,M2636,87.02158816072148,97.76414934051203,0,0
25,PAYMENT,79.76899084038097,C2459,1968.1380917853996,1888.3691009450183,M2459,11513.061877269942,11592.830868110324,0,0
87,DEBIT,83.29553822061698,C4687,427.2471247505185,343.95158652990153,M4687,623.1703404937622,706.4658787143792,0,0
19,CASH_IN,318.0929211931401,C3423,7722.574604954912,7404.481683761773,M3423,7713.428241746812,8031.521162939952,0,0
49,TRANSFER,14.906688360566546,C3782,139.2230568843757,124.31636852380912,M3782,13811.21421386729,13826.120902227856,0,0
92,CASH_OUT,5.162530292685132,C1031,394.87088302491895,389.7083527322338,M1031,7851.3621501717,7856.524680464385,0,0
20,PAYMENT,114.9596350201832,C3302,2314.9451139005514,2199.985478880368,M3302,3277.7294871894333,3392.6891222096165,0,0
30,TRANSFER,128.79025401336798,C3288,711.2062108403194,582.4159568269514,M3288,8589.249572072578,8718.039826085946,0,0
55,PAYMENT,115.90966768240123,C2579,45369.90970126619,45254.00003358378,M2579,39737.79251713555,39853.70218481796,0,0
96,TRANSFER,2049.3213492520917,C1833,8740.207379637051,6690.88603038496,M1833,253.36737516687649,2302.688724418968,0,0
75,DEBIT,24209.959557283983,C647,37.08543790174156,0.0,M647,425.8849031083607,24635.84446039234,0,0
16,DEBIT,1292.5495501600735,C2536,3437.454373807292,2144.904823647218,M2536,959.955205165822,2252.5047553258955,0,0
86,TRANSFER,1587.6961400223606,C136,23065.67237642421,21477.976236401853,M136,2090.900372545524,3678.596512567884,0,0
93,TRANSFER,1039.4304649422252,C5374,2487.3990937544963,1447.9686288122712,M5374,210671.06881042733,211710.49927536957,1,0
80,PAYMENT,79.6948236238391,C2225,11301.446083265211,11221.751259641374,M2225,140071.9628948361,140151.65771845993,0,0
96,PAYMENT,212.53084180217155,C596,7553.131210835432,7340.600369033261,M596,5130.315175527087,5342.846017329259,0,0
18,PAYMENT,23.419748581591648,C3724,409336.9799085509,409313.5601599693,M3724,17901.122705334412,17924.542453916005,0,0
98,CASH_OUT,1710.9829866542225,C1811,32.213777721125695,0.0,M1811,1201.059893743981,2912.042880398204,0,0
21,DEBIT,3071.5833225207025,C348,2140.615657421481,0.0,M348,5136.705334778659,8208.288657299361,0,0
33,CASH_IN,6.546453312421213,C303,149.05011831613592,142.5036650037147,M303,29535.202246809888,29541.74870012231,0,0
90,DEBIT,399.2368657423958,C979,8993.946948470973,8594.710082728578,M979,17583.26836078845,17982.505226530848,0,0
33,DEBIT,589.4437950189374,C5380,93.96875637977232,0.0,M5380,34186.6326884646,34776.076483483535,1,0
6,CASH_IN,20.363269322633577,C1207,81.88472484161916,61.52145551898558,M1207,1289.151565894805,1309.5148352174383,0,0
12,CASH_IN,224.59991000738384,C2332,1867.756318832758,1643.1564088253742,M2332,1643.4972298104242,1868.097139817808,0,0
73,DEBIT,1.2263023820770949,C2861,1602.9001361532248,1601.6738337711477,M2861,78.50508759340163,79.73138997547872,0,0
26,CASH_OUT,355.68848790332845,C4254,5297.470494676822,4941.782006773494,M4254,955.055969436888,1310.7444573402165,0,0
13,TRANSFER,786.5807638952975,C2490,9521.756724901425,8735.175961006125,M2490,15663.113883284226,16449.694647179524,0,0
8,DEBIT,4.36123673673744,C3561,1066.9319305169186,1062.570693780181,M3561,1525.239316756204,1529.6005534929416,0,0
60,CASH_OUT,1138.683451849059,C752,12525.38018361679,11386.69673176773,M752,3941.8075228363737,5080.490974685433,0,0
49,DEBIT,17.902766217777607,C3575,5024.295101921222,5006.392335703445,M3575,7380.3654791084,7398.268245326178,0,0
38,DEBIT,984.5318606615962,C4909,21162.40051858619,20177.868657924595,M4909,270.5847678186557,1255.1166284802518,0,0
28,CASH_OUT,644.4779075298527,C3292,20160.986647186684,19516.50873965683,M3292,1613.4430918402504,2257.920999370104,0,0
66,TRANSFER,1306.7944904150868,C397,34.079510565736776,0.0,M397,794.4225421538487,2101.217032568936,0,0
35,CASH_IN,3329.183238693601,C2368,8734.985871541858,5405.8026328482565,M2368,915.193765079474,4244.377003773076,0,0
20,CASH_IN,94.73543192453644,C4422,8734.46683768114,8639.731405756604,M4422,1124.8153600087428,1219.5507919332792,0,0
95,PAYMENT,554.4753507696748,C805,7147.537597285847,6593.062246516171,M805,6688.695152674193,7243.170503443868,0,0
96,PAYMENT,1424.1727834843834,C5295,3523.358427439185,2099.185643954802,M5295,12857.82243780294,14281.995221287323,1,0
36,DEBIT,7.346260680800029,C3438,262.8289445137395,255.48268383293947,M3438,37.04521186157108,44.39147254237111,0,0
49,DEBIT,11.140493048066377,C4718,6779.723864877298,6768.583371829232,M4718,64932.579213197045,64943.71970624511,0,0
3,TRANSFER,16.925302439855926,C3298,128833.4710860448,128816.54578360496,M3298,3459.4951260793314,3476.420428519187,0,0
60,PAYMENT,3535.460315502272,C2780,63568.05327969031,60032.59296418804,M2780,255.89286368235028,3791.353179184622,0,0
19,CASH_OUT,42.183980252835376,C2303,616.4518787517335,574.2678984988981,M2303,7294.238116828453,7336.422097081288,0,0
3,CASH_OUT,278.0693908535324,C5077,221867.52268364507,221589.45329279156,M5077,375.00205159358046,653.0714424471129,1,0
46,PAYMENT,32.2566755839904,C5418,1503.2762052281969,1471.0195296442062,M5418,1475.9011141445635,1508.157789728554,1,0
68,PAYMENT,18.11847584120832,C3456,3378.872317576303,3360.7538417350947,M3456,48504.89387271852,48523.01234855973,0,0
10,PAYMENT,142.96955968304218,C5305,11934.525921223025,11791.556361539982,M5305,180829.28218886035,180972.25174854335,1,0
25,CASH_OUT,166.2108939845179,C5317,31664.774616217503,31498.563722232982,M5317,3205.790878757952,3372.0017727424697,1,0
27,CASH_OUT,2.329565479096362,C4472,314.71679132464806,312.3872258455517,M4472,27121.657897432862,27123.98746291196,0,0
29,CASH_IN,326.86289466388905,C4227,2814.8810172101,2488.01812254621,M4227,3027.169853426554,3354.032748090443,0,0
35,PAYMENT,101.53499399331189,C3058,7191.364734996298,7089.829741002985,M3058,14405.139143640192,14506.674137633505,0,0
38,DEBIT,81.60151119379347,C3532,16863.824431387344,16782.22292019355,M3532,191.2197623915888,272.82127358538224,0,0
3,CASH_IN,14.715929878305255,C835,48989.95289664352,48975.23696676521,M835,1210.0045757287485,1224.7205056070536,0,0
72,PAYMENT,6614.72634418936,C4262,1534.6218231767127,0.0,M4262,1645.0865050923187,8259.81284928168,0,0
51,CASH_IN,265.6756479321107,C4212,1640.5273779591564,1374.8517300270455,M4212,1118.540902291237,1384.2165502233477,0,0
62,CASH_IN,54.96442974384422,C184,3144.6950281114014,3089.730598367557,M184,1960.8590294668527,2015.8234592106971,0,0
41,DEBIT,119.41802559844632,C1686,376.991106865559,257.5730812671127,M1686,9665.107355148792,9784.525380747238,0,0
72,PAYMENT,419.11993479449455,C5404,2697.572456298077,2278.452521503583,M5404,1478.3490335678446,1897.4689683623392,1,0
88,TRANSFER,18.374369059257884,C869,105.69736189995234,87.32299284069445,M869,19656.816835264457,19675.191204323717,0,0
16,CASH_OUT,1028.4659274939509,C4536,17680.662388678356,16652.196461184405,M4536,260.65805913657533,1289.123986630526,0,0
92,CASH_OUT,192.97154111301916,C701,100542.07855466729,100349.10701355428,M701,2593.9045014367853,2786.8760425498044,0,0
68,TRANSFER,0.9945143350373948,C3769,189.3107137244319,188.3161993893945,M3769,1633.0315015070855,1634.026015842123,0,0
55,DEBIT,138306.06335502915,C4734,1595.5286468189422,0.0,M4734,1626.9364698884517,139932.9998249176,0,0
9,TRANSFER,32.520167905723575,C4120,19518.53343704452,19486.01326913879,M4120,3993.305768781799,4025.825936687522,0,0
23,DEBIT,40.82425288326671,C601,3028.4738433427574,2987.649590459491,M601,1355136.2248256372,1355177.0490785204,0,0
15,CASH_OUT,1328.443861097883,C729,5802.101537869353,4473.65767677147,M729,2052235.7210957203,2053564.1649568183,0,0
1,PAYMENT,944.4342844399972,C3933,9739.87576904419,8795.441484604193,M3933,378.5795685859692,1323.0138530259665,0,0
45,PAYMENT,1642.7807922727914,C5140,240.6568187436358,0.0,M5140,914.2930221341852,2557.0738144069765,1,0
85,CASH_OUT,542.8309321158033,C3249,3212.873393023677,2670.0424609078736,M3249,377.3703443453324,920.2012764611356,0,0
84,CASH_OUT,43.24250058995958,C4242,142.51585524051563,99.27335465055606,M4242,60.06288016145088,103.30538075141048,0,0
89,TRANSFER,437.7311200883117,C5358,65.30705250356144,0.0,M5358,881.6226229275126,1319.3537430158244,1,0
45,CASH_OUT,258.9703552251152,C419,421.0965701155172,162.12621489040197,M419,63.47162129330086,322.4419765184161,0,0
1,PAYMENT,989.598982436336,C4568,33492.762149214155,32503.16316677782,M4568,273.1452223663213,1262.7442048026574,0,0
4,CASH_IN,22903.331051879755,C3751,2709.4821218635348,0.0,M3751,4124.659588482818,27027.99064036257,0,0
82,TRANSFER,47.93079238835164,C2591,319.97777168655193,272.0469792982003,M2591,1514.080546621621,1562.0113390099723,0,0
58,DEBIT,49.95746932069641,C2721,6851.067255826578,6801.109786505882,M2721,10.965767985592729,60.92323730628914,0,0
92,PAYMENT,107.75702917117272,C2823,1451.531237003658,1343.7742078324854,M2823,177.59335327200736,285.3503824431801,0,0
42,CASH_OUT,1399.8784491431527,C4190,1297.5232075932106,0.0,M4190,43427.58592673724,44827.46437588039,0,0
27,CASH_OUT,35.23682294786708,C1168,2557.7372317598106,2522.5004088119435,M1168,4514.986654745264,4550.223477693131,0,0
35,CASH_IN,23.84382698112582,C4725,53207.67553241358,53183.83170543246,M4725,2886.5136486727747,2910.357475653901,0,0
64,TRANSFER,680.4445477868528,C4328,18730.896467293744,18050.45191950689,M4328,476.20184497226586,1156.6463927591187,0,0
16,TRANSFER,9.161835679827034,C3964,9773.037321923042,9763.875486243216,M3964,1479.826547656378,1488.9883833362048,0,0
89,CASH_IN,87.84330566184524,C2295,15049.418012313392,14961.574706651549,M2295,1100.766842324217,1188.610147986062,0,0
67,DEBIT,2.1732801949011984,C4751,8801.285828522034,8799.112548327132,M4751,2799.6593068367024,2801.8325870316035,0,0
33,PAYMENT,16.83366070546431,C2002,8566.613442063071,8549.779781357607,M2002,1072.357452404921,1089.1911131103857,0,0
35,TRANSFER,244.5261746622684,C117,38740.076550935526,38495.550376273255,M117,44493.75413216783,44738.2803068301,0,0
63,DEBIT,173.50913048988977,C3025,69696.86418057489,69523.355050085,M3025,21854.118626177555,22027.627756667443,0,0
16,TRANSFER,336.5817199725338,C634,2064.886677283174,1728.30495731064,M634,4119.669581577382,4456.251301549915,0,0
79,PAYMENT,486.1450949170677,C3392,35039.47366300401,34553.328568086945,M3392,271.63792877691577,757.7830236939835,0,0
22,CASH_IN,247.99021233253677,C3892,44830.12259436359,44582.13238203105,M3892,1032.3826013236628,1280.3728136561997,0,0
64,CASH_IN,93.67792751837796,C2173,2178.1275164606127,2084.449588942234,M2173,28798.441650322788,28892.119577841164,0,0
96,TRANSFER,2194.8691790494786,C5567,202.05603194060672,0.0,M5567,3602.1667300826302,5797.035909132109,1,0
8,PAYMENT,16.237932879154652,C4133,4731.975261676263,4715.737328797108,M4133,78720.52510839874,78736.7630412779,0,0
38,TRANSFER,638.040954768418,C3435,278.9555957482444,0.0,M3435,69.94258970260037,707.9835444710184,0,0
28,TRANSFER,1119.0939610431376,C1824,183.77373446418005,0.0,M1824,14507.35584898657,15626.449810029708,0,0
6,CASH_IN,14.58682516195278,C4660,341.8851875883226,327.2983624263698,M4660,331.3454337480188,345.93225890997155,0,0
72,TRANSFER,28.50113315933271,C4381,168.7202781929406,140.2191450336079,M4381,3025.416592555087,3053.91772571442,0,0
29,TRANSFER,808.3942768634994,C4692,598.1573378312635,0.0,M4692,44403.39915843715,45211.79343530065,0,0
69,CASH_IN,513.480220479056,C1093,273.5318084924657,0.0,M1093,998.904877623924,1512.38509810298,0,0
62,PAYMENT,375.7980299523191,C1627,2176.954174878694,1801.1561449263754,M1627,212.87047160021,588.668501552529,0,0
4,DEBIT,11.57285463320262,C3275,6427.176908580983,6415.60405394778,M3275,2158.6454745834485,2170.218329216651,0,0
18,PAYMENT,697.3410946928847,C967,85.62028960958635,0.0,M967,22625.69401235192,23323.035107044805,0,0
77,CASH_OUT,75.87445042428476,C4231,40289.20543708668,40213.3309866624,M4231,4719.44752985076,4795.321980275045,0,0
49,DEBIT,493.66526893099206,C2439,713.9175519374246,220.25228300643252,M2439,30391.07336510505,30884.738634036043,0,0
38,TRANSFER,1.9080810581142755,C1165,4298.33049484662,4296.422413788506,M1165,20002.60053207737,20004.508613135484,0,0
70,TRANSFER,396.0921569512299,C3123,1034.1754877055566,638.0833307543267,M3123,3790.481602454061,4186.573759405291,0,0
46,CASH_OUT,62.43277062976418,C3401,3399.1978296260777,3336.7650589963137,M3401,17745.68677888273,17808.119549512492,0,0
73,TRANSFER,38.41392490126748,C2683,3256.414405988237,3218.0004810869696,M2683,867.5437407160206,905.957665617288,0,0
40,TRANSFER,185.4572861445031,C2147,46.56404455485118,0.0,M2147,1604.6816110224452,1790.1388971669485,0,0
48,CASH_IN,3.881301911385902,C5247,422.6504373004677,418.7691353890818,M5247,1526.739905190436,1530.621207101822,1,0
4,PAYMENT,63.58150156851296,C3073,19560.28554279989,19496.704041231384,M3073,19523.47389019917,19587.05539176768,0,0
14,PAYMENT,870.6100853787063,C147,4346.948190321749,3476.3381049430427,M147,154.42391574555364,1025.03400112426,0,0
67,TRANSFER,7872.012413655263,C5013,22674.90437645268,14802.891962797416,M5013,3302.170036938964,11174.182450594228,1,0
43,DEBIT,271.2780398337116,C4358,5460.676465892485,5189.398426058773,M4358,3532.3200672861462,3803.598107119858,0,0
45,DEBIT,9.456662655583582,C2052,3773.603988058848,3764.147325403265,M2052,21914.160813903145,21923.617476558728,0,0
45,PAYMENT,471.396577098684,C4257,7402.925943200374,6931.529366101689,M4257,848.7406853248298,1320.1372624235137,0,0
98,TRANSFER,1556.3570523738515,C4889,113387.99515810392,111831.63810573008,M4889,473.72212307819655,2030.079175452048,0,0
76,CASH_OUT,58.76921206190236,C743,8003.002009012591,7944.232796950689,M743,53371.14352818435,53429.912740246255,0,0
20,CASH_OUT,558.8494619932063,C3563,4863.3820216633385,4304.532559670132,M3563,3801.360362280425,4360.209824273631,0,0
38,TRANSFER,162.26679309776853,C4911,281.7094287955637,119.4426356977952,M4911,43.79565925555263,206.0624523533212,0,0
93,PAYMENT,1232.9656841981432,C1576,177.25443184073254,0.0,M1576,1456.955649497801,2689.921333695944,0,0
95,TRANSFER,19.36224256762252,C3675,150.80356770566058,131.44132513803805,M3675,9305.842414935812,9325.204657503436,0,0
52,CASH_IN,24.71312234957262,C213,79495.98045720244,79471.26733485288,M213,14747.572920635404,14772.286042984975,0,0
89,CASH_IN,61.69797036571349,C3089,5265.285645025119,5203.587674659406,M3089,743.9033451568315,805.601315522545,0,0
5,CASH_IN,17.08781470024734,C4662,7736.0033050105885,7718.915490310341,M4662,9370.035959587563,9387.123774287811,0,0
62,CASH_IN,63.98692797474843,C2133,31734.54406934396,31670.55714136921,M2133,377.25751925067465,441.2444472254231,0,0
80,CASH_IN,65.20995104100919,C254,119.7321134453172,54.522162404308006,M254,3666.173944906722,3731.383895947732,0,0
16,PAYMENT,1186.33791343051,C2850,725.4973579392356,0.0,M2850,24304.361228161342,25490.699141591853,0,0
34,CASH_IN,11.702104383970688,C3303,1241.071217250914,1229.3691128669434,M3303,22003.1389827424,22014.84108712637,0,0
80,TRANSFER,8.678095334531408,C4208,670.1996350025338,661.5215396680023,M4208,45674.41932557477,45683.0974209093,0,0
43,TRANSFER,24.66746897074864,C4175,473.6506867903425,448.98321781959385,M4175,5845.852145976333,5870.519614947082,0,0
24,CASH_OUT,42.83213844396002,C3162,3017.206016114318,2974.373877670358,M3162,53658.94467411843,53701.77681256239,0,0
72,CASH_IN,105.12827298304728,C1360,2164.96730721472,2059.8390342316725,M1360,4423.749350692566,4528.877623675613,0,0
79,CASH_OUT,14.042570899293516,C5103,1279.5599972465532,1265.5174263472595,M5103,16109.04419225762,16123.086763156913,1,0
63,PAYMENT,4834.834099426148,C3881,325.0429331588936,0.0,M3881,7302.41444682825,12137.2485462544,0,0
26,CASH_IN,5.491889672900026,C3415,10227.249074963756,10221.757185290857,M3415,5232.035390344053,5237.527280016953,0,0
5,TRANSFER,687.3567361317237,C2931,48195.35426225207,47507.99752612034,M2931,7788.196469767104,8475.553205898828,0,0
33,DEBIT,351.59036153913206,C2307,17142.37265245092,16790.782290911786,M2307,519.6022529256803,871.1926144648123,0,0
90,CASH_OUT,385.17744664177127,C4407,78.49126625123495,0.0,M4407,3068.355474334124,3453.532920975895,0,0
54,CASH_OUT,11.907665185557564,C4144,44452.9458712702,44441.038206084646,M4144,19106.128051222004,19118.03571640756,0,0
98,DEBIT,9.136497135947671,C3174,2987.8792313252866,2978.742734189339,M3174,16029.904407922602,16039.04090505855,0,0
58,TRANSFER,63.0382268268179,C3014,17394.07777811704,17331.03955129022,M3014,50.36603964142239,113.40426646824028,0,0
66,CASH_IN,2.778403511607105,C4379,1422.481559920842,1419.703156409235,M4379,37.81629882795188,40.59470233955898,0,0
49,CASH_OUT,2.58046703646314,C1286,888.7756886438555,886.1952216073923,M1286,3252.736355748073,3255.3168227845367,0,0
79,PAYMENT,7331.90873091585,C1651,1594.1366556443113,0.0,M1651,293.22059967041906,7625.129330586269,0,0
94,CASH_IN,5.547315853217317,C5210,622.8617235855936,617.3144077323763,M5210,35629.96144062575,35635.50875647897,1,0
32,PAYMENT,8490.044225839205,C2022,3310.725769048766,0.0,M2022,8492.664825337322,16982.709051176527,0,0
63,CASH_IN,15.87173213649264,C2700,302.18360922111947,286.3118770846268,M2700,346.9780206256192,362.8497527621119,0,0
48,CASH_IN,480.1684450486279,C486,7259.475653063463,6779.307208014835,M486,2666.059383545078,3146.227828593706,0,0
53,CASH_IN,3.5816411904925465,C1778,55930.62552763156,55927.04388644106,M1778,92.8922790319896,96.47392022248216,0,0
74,PAYMENT,61.09628382448104,C813,384.4093258627291,323.31304203824806,M813,1624.3675975301412,1685.4638813546223,0,0
40,CASH_OUT,236.3841768166642,C4836,96.64745477259022,0.0,M4836,178.56322991957637,414.94740673624057,0,0
96,DEBIT,15.943464486184398,C5201,3909.307542066851,3893.3640775806666,M5201,6972.523911434391,6988.467375920575,1,0
15,CASH_IN,16.524130676524532,C3633,1099.9786490990944,1083.45451842257,M3633,659.502168834701,676.0262995112256,0,0
9,CASH_IN,51.95935143214724,C1084,19130.73143723226,19078.77208580012,M1084,5548.968113821686,5600.927465253832,0,0
75,PAYMENT,1125.9343047202158,C4315,198.1782956566127,0.0,M4315,13892.810275143658,15018.744579863876,0,0
82,CASH_IN,800.014347910051,C271,6088.162740003028,5288.148392092978,M271,34632.85643676953,35432.87078467958,0,0
24,CASH_IN,136.51865405998836,C4471,3335.1129079245843,3198.594253864596,M4471,357.53038989854866,494.049043958537,0,0
27,PAYMENT,51.8803071482295,C1162,638.2519627944096,586.3716556461801,M1162,717.9376542887784,769.8179614370079,0,0
46,DEBIT,76.04083736091259,C3499,80.67944286196379,4.638605501051202,M3499,9716.239069529627,9792.27990689054,0,0
18,CASH_OUT,115.93682541440585,C5560,4761.624177467312,4645.687352052906,M5560,358557.8399937978,358673.77681921225,1,0
78,PAYMENT,17.427214547092497,C2836,241.17707005023843,223.74985550314597,M2836,3142.4634129392525,3159.890627486345,0,0
35,TRANSFER,63.42197332831661,C3335,167.43641559868752,104.01444227037092,M3335,32613.9983522928,32677.42032562112,0,0
67,PAYMENT,121.05589159219105,C4645,3022.960393717539,2901.904502125348,M4645,18737.550258993087,18858.60615058528,0,0
8,CASH_OUT,5662.5962117258,C4862,10228.15401984199,4565.55780811619,M4862,1866.196988714107,7528.793200439906,0,0
23,CASH_OUT,145.02914433109012,C2152,9023.63510649382,8878.605962162728,M2152,1394.3452122053568,1539.3743565364468,0,0
35,CASH_OUT,18.624802200868974,C4167,705.193266852832,686.568464651963,M4167,341.24609592674403,359.87089812761303,0,0
21,CASH_IN,6312.835206872582,C2357,174.18031504196605,0.0,M2357,2904.6791957203923,9217.514402592971,0,0
14,CASH_OUT,105.3314401024068,C3216,724.3127584204166,618.9813183180098,M3216,25935.55674124512,26040.888181347527,0,0
46,DEBIT,4.941361821211597,C2009,2816.878458993942,2811.9370971727303,M2009,2594.574198257802,2599.515560079013,0,0
17,CASH_OUT,3423.2553584128477,C5446,31626.831888989756,28203.576530576905,M5446,1783.0794494612412,5206.334807874088,1,0
13,CASH_IN,6.767029408088741,C4087,7313.175198167807,7306.408168759718,M4087,6194.116272914753,6200.883302322842,0,0
21,DEBIT,202.32229837122483,C3507,10591.46821779881,10389.145919427589,M3507,23843.793441973223,24046.11574034445,0,0
99,CASH_IN,80.46241224317012,C2630,518.4569864783895,437.9945742352194,M2630,18560.489706590703,18640.95211883388,0,0
61,DEBIT,1.6127393098416067,C3307,914.8137847744237,913.201045464582,M3307,1006.6723842224596,1008.2851235323012,0,0
83,TRANSFER,105.41289618104516,C1817,87459.6788794259,87354.26598324486,M1817,5375.079179465701,5480.492075646745,0,0
48,PAYMENT,8.221931004429875,C5262,36939.38980300596,36931.167872001526,M5262,4129.756155764048,4137.978086768479,1,0
96,PAYMENT,649.4261058296022,C5224,2511.275283722004,1861.849177892402,M5224,2401.37139881099,3050.797504640592,1,0
93,CASH_OUT,901.5250333098668,C3547,1835.8125210109304,934.2874877010636,M3547,70799.32985166763,71700.8548849775,0,0
31,TRANSFER,23.961702967296944,C2665,995.8371359877184,971.8754330204216,M2665,38.50433315662154,62.466036123918485,0,0
8,CASH_OUT,1851.4290383418595,C946,538.9727307849107,0.0,M946,32818.549569109964,34669.97860745182,0,0
97,DEBIT,15.807327378989012,C4871,76.05293706869509,60.24560968970607,M4871,18.19662686446324,34.003954243452256,0,0
55,CASH_IN,0.804497460735976,C2436,353.6236873653303,352.8191899045943,M2436,826.9684151230965,827.7729125838325,0,0
29,PAYMENT,1722.771194823183,C3721,1732.7308587766383,9.959663953455449,M3721,377.1637860339845,2099.9349808571674,0,0
50,DEBIT,24.82916700572921,C3743,1354.187582216564,1329.358415210835,M3743,2184.812557863671,2209.6417248694,0,0
8,PAYMENT,1197.3828886477845,C992,39865.491196102674,38668.10830745489,M992,99.66129110835644,1297.0441797561407,0,0
92,PAYMENT,20.92481510257543,C1365,1107.799804323148,1086.8749892205726,M1365,1248.7428146363648,1269.66762973894,0,0
82,PAYMENT,644.4068002632404,C4300,10009.249056949386,9364.842256686145,M4300,7408.656310797793,8053.063111061033,0,0
78,PAYMENT,3631.4296359389086,C1145,33.38216764719875,0.0,M1145,10697.864862904653,14329.29449884356,0,0
10,TRANSFER,35212.40867048945,C3048,198.86605831689027,0.0,M3048,4571.255145557689,39783.66381604714,0,0
25,PAYMENT,172.47266361623772,C5307,1065.0775731579065,892.6049095416688,M5307,4228.501717772372,4400.97438138861,1,0
63,DEBIT,149.90526124683063,C4474,315258.6169193063,315108.71165805944,M4474,346.0226626012705,495.9279238481012,0,0
4,PAYMENT,238.76325863286928,C1872,13827.343858918488,13588.58060028562,M1872,7595.00451016348,7833.76776879635,0,0
74,CASH_OUT,10.32884195701116,C1532,517.5475490307243,507.2187070737132,M1532,27332.86477446832,27343.19361642533,0,0
19,CASH_IN,2747.469757516846,C722,540.3990505345357,0.0,M722,1252.666094383842,4000.135851900688,0,0
47,DEBIT,3.8285048703082816,C2153,14709.670629083805,14705.842124213495,M2153,3144.9128733079087,3148.741378178217,0,0
16,TRANSFER,76.96322900328104,C741,1368.3345730957926,1291.3713440925117,M741,11118.267363633291,11195.230592636572,0,0
51,CASH_OUT,750.8215298336926,C3641,1372.3778921859862,621.5563623522936,M3641,12088.924201063734,12839.745730897426,0,0
56,TRANSFER,1991.5878742369464,C3709,15199.070999328367,13207.48312509142,M3709,58469.40694617808,60460.99482041502,0,0
22,CASH_OUT,391.58008825324345,C3347,1976.1673770819723,1584.587288828729,M3347,30715.57031686492,31107.15040511816,0,0
73,DEBIT,467.70136685922415,C1254,1230.2427267212877,762.5413598620632,M1254,687.8639771905778,1155.565344049802,0,0
52,TRANSFER,165.5592624563483,C2745,21905.855535505925,21740.29627304958,M2745,30.60886757236869,196.168130028717,0,0
75,CASH_IN,357.8693049575096,C8,20212.3048248453,19854.435519887797,M8,16840.975674350007,17198.844979307516,0,0
26,TRANSFER,59.30038111772438,C934,31212.63165559314,31153.33127447541,M934,6178.042066813406,6237.34244793113,0,0
96,TRANSFER,113.32685054903811,C2647,4908.611346792673,4795.284496243636,M2647,46.95072540198469,160.2775759510228,0,0
72,PAYMENT,35.7403888982474,C1208,829.8943512534249,794.1539623551776,M1208,3361.453472158685,3397.1938610569327,0,0
98,DEBIT,171.06082935979074,C3187,4803.702167852647,4632.641338492856,M3187,66723.09918757918,66894.16001693897,0,0
76,PAYMENT,100.14453177338292,C4069,21346.78806575044,21246.64353397705,M4069,7168.548612662564,7268.693144435947,0,0
78,DEBIT,450.0679975505635,C3041,402.0635650472663,0.0,M3041,76467.26852103119,76917.33651858175,0,0
33,TRANSFER,572.8628227525153,C3333,89.5823609408603,0.0,M3333,112.31912672059448,685.1819494731097,0,0
40,CASH_IN,702.588472634922,C3629,1716.6348228256345,1014.0463501907124,M3629,46.78479447957061,749.3732671144926,0,0
16,CASH_IN,17.452702882917368,C1629,1033.587691672005,1016.1349887890876,M1629,836.7982038992093,854.2509067821267,0,0
90,DEBIT,347.5887053314416,C3605,887.000235480638,539.4115301491966,M3605,15735.37640956306,16082.9651148945,0,0
50,DEBIT,50.11261585064643,C543,1486.1052748712966,1435.99265902065,M543,2695.823836777762,2745.9364526284085,0,0
29,PAYMENT,52.58951352408492,C1337,7322.528596035288,7269.939082511203,M1337,6048.814472574325,6101.40398609841,0,0
48,PAYMENT,344.38269203113657,C4848,1945.750677640315,1601.3679856091785,M4848,33090.64488135664,33435.02757338777,0,0
66,CASH_IN,491.314042171554,C2318,4180.010802016186,3688.696759844632,M2318,32903.38706044812,33394.70110261967,0,0
94,CASH_OUT,93.64396177014656,C938,9488.823077486146,9395.179115716,M938,703.1663114697553,796.8102732399019,0,0
92,DEBIT,328.4546156998147,C428,1276.470060413926,948.0154447141116,M428,2415.4506818406617,2743.905297540477,0,0
3,PAYMENT,804.5508810376889,C2483,1396.75090720639,592.2000261687012,M2483,264.5911219402386,1069.1420029779274,0,0
67,PAYMENT,4.726117374912591,C332,15228.925767058196,15224.199649683283,M332,72932.25573832876,72936.98185570368,0,0
79,CASH_IN,172.93874057738932,C4032,1208.1900246340092,1035.25128405662,M4032,867.3421932256297,1040.280933803019,0,0
24,DEBIT,126.109179780871,C371,6173.559672846298,6047.450493065427,M371,1418.503578836138,1544.612758617009,0,0
3,CASH_OUT,591.7396544686538,C1022,236.13734106995776,0.0,M1022,601.7960731738586,1193.5357276425125,0,0
41,PAYMENT,2031.1773919559,C996,1709.1083476010913,0.0,M996,41009.27029916081,43040.44769111671,0,0
36,PAYMENT,54.14043131615659,C582,5204.74324139618,5150.602810080023,M582,8135.4542848770525,8189.594716193209,0,0
58,CASH_OUT,1793.402211327957,C4842,285849.8462342564,284056.4440229284,M4842,1199.776701046282,2993.178912374239,0,0
55,TRANSFER,43.81841294035321,C800,1106.8891876856835,1063.0707747453305,M800,44.19407250310447,88.01248544345768,0,0
3,TRANSFER,458.3657890074903,C3050,1154.688185393737,696.3223963862467,M3050,1770.169338335426,2228.535127342916,0,0
21,TRANSFER,226.5885459494177,C5239,12836.809011104548,12610.22046515513,M5239,16349.578207937886,16576.166753887304,1,0
39,TRANSFER,183.72261733064676,C3649,6110.6004583330405,5926.877841002393,M3649,1585.8332826667004,1769.555899997347,0,0
14,CASH_OUT,81.62352014124306,C3136,24001.045067803487,23919.421547662245,M3136,108179.97488000047,108261.59840014172,0,0
28,TRANSFER,15.65833766931365,C3362,153180.1080396245,153164.44970195516,M3362,2231.838456549529,2247.4967942188428,0,0
45,PAYMENT,44.75965473065815,C4221,5833.165793727182,5788.406138996524,M4221,3158.3588832653554,3203.1185379960134,0,0
95,TRANSFER,280.8470130435697,C5518,36.91302193586764,0.0,M5518,77.37768330344946,358.2246963470192,1,0
83,DEBIT,100.44110719508971,C5306,10980.082081129973,10879.640973934884,M5306,11153.491825447523,11253.932932642612,1,0
22,TRANSFER,15.461602820820945,C2067,2089.927759371387,2074.4661565505658,M2067,4028.6794978985176,4044.1411007193383,0,0
91,TRANSFER,7.114773219538024,C4406,8334.0085549771,8326.89378175756,M4406,11513.996999016836,11521.111772236374,0,0
42,CASH_OUT,68.1016277672586,C408,29.842235651487098,0.0,M408,56347.877025028654,56415.97865279592,0,0
96,DEBIT,18.71272751878403,C3878,2428.842675857927,2410.129948339143,M3878,7898.612562831543,7917.325290350327,0,0
49,CASH_OUT,79.76586967036327,C3674,6994.778605873383,6915.01273620302,M3674,2405.0309868572167,2484.79685652758,0,0
76,PAYMENT,706.1775669511574,C3632,23839.966205155484,23133.788638204325,M3632,423.5172959294159,1129.6948628805733,0,0
72,CASH_IN,52.139679696615225,C5469,7593.873972194493,7541.734292497877,M5469,1118.7127455720793,1170.8524252686946,1,0
99,CASH_IN,29.56072246427226,C2681,805.0047282475822,775.4440057833099,M2681,593.0361225436616,622.5968450079338,0,0
90,PAYMENT,19.01230911989476,C2312,54759.76241085048,54740.75010173059,M2312,1777.3132003209485,1796.3255094408432,0,0
38,DEBIT,188.71380829941668,C666,950.3164617111918,761.6026534117751,M666,584.7279740807578,773.4417823801745,0,0
25,PAYMENT,131.8469497619816,C4808,2048.745338855216,1916.8983890932336,M4808,4716.612385986908,4848.459335748889,0,0
46,CASH_IN,939.5533822114178,C1807,2411.4311625545524,1471.8777803431346,M1807,809.6787912602464,1749.2321734716645,0,0
54,DEBIT,145.0301976969059,C4533,149653.03976768872,149508.00956999182,M4533,11281.54614393993,11426.576341636835,0,0
61,TRANSFER,3972.091326949775,C2392,19626.941099576878,15654.849772627098,M2392,7795.645035798203,11767.73636274798,0,0
11,TRANSFER,235.06370366670853,C4318,1822.165320556512,1587.1016168898032,M4318,1939.962059043163,2175.025762709872,0,0
12,CASH_OUT,2226.1263155889146,C3539,2456.5265333921698,230.40021780325517,M3539,1927.3357745582216,4153.462090147136,0,0
10,DEBIT,63.3837829241652,C5187,39866.84044901645,39803.45666609229,M5187,79.21099881987668,142.59478174404188,1,0
95,CASH_OUT,952.126243325773,C3293,2132.3074310953034,1180.1811877695304,M3293,686.1647873392942,1638.2910306650672,0,0
94,DEBIT,28.83008410290789,C4193,1909.2794442896995,1880.4493601867916,M4193,5814.153367579338,5842.983451682246,0,0
44,CASH_IN,15.582200580502002,C2338,25066.02088432157,25050.438683741064,M2338,3865.162806947008,3880.745007527511,0,0
28,DEBIT,70.04777601054849,C3166,156.6315486694069,86.58377265885841,M3166,359.7877861785566,429.8355621891051,0,0
53,CASH_IN,14169.307685138056,C1146,3597.567457401847,0.0,M1146,4534.057526447955,18703.36521158601,0,0
20,CASH_IN,836.7052568341556,C1400,1361.8912581332718,525.1860012991161,M1400,10151.85710232035,10988.562359154505,0,0
90,TRANSFER,7.513407143853659,C1214,7040.053118151533,7032.53971100768,M1214,2845.642534371388,2853.155941515242,0,0
36,CASH_OUT,1944.346926591007,C5167,922.8713058156848,0.0,M5167,138088.9031728734,140033.2500994644,1,0
93,PAYMENT,83.03660263867889,C4690,16088.374331912,16005.33772927332,M4690,1944.5148469097005,2027.5514495483797,0,0
73,DEBIT,352.51647889532967,C2455,2286.927635925208,1934.4111570298776,M2455,9576.251052555652,9928.767531450982,0,0
8,TRANSFER,79.38044692941541,C2790,2034.500587091261,1955.1201401618453,M2790,25313.35115108767,25392.73159801709,0,0
41,CASH_OUT,274.89344425971285,C4107,257.30126273747544,0.0,M4107,1146.303651188506,1421.197095448219,0,0
7,PAYMENT,7305.161762736625,C4642,52308.43798729465,45003.27622455802,M4642,3114.068223724515,10419.22998646114,0,0
22,CASH_IN,58.24439917616095,C1107,2619.4193588369576,2561.1749596607965,M1107,579.8086118711373,638.0530110472982,0,0
24,TRANSFER,13.83452031188638,C4089,12703.692810536955,12689.85829022507,M4089,1364.9283152284577,1378.762835540344,0,0
32,TRANSFER,278.080703950461,C4396,12980.47818849062,12702.39748454016,M4396,1164.432112661924,1442.512816612385,0,0
26,CASH_IN,999.6253924545072,C1050,271577.4161070615,270577.790714607,M1050,6583.556514718035,7583.181907172542,0,0
14,CASH_OUT,10.296843565824364,C1712,800.9016991785807,790.6048556127563,M1712,339.33351262689325,349.6303561927176,0,0
65,PAYMENT,1.6928556071737637,C3490,8348.815227022858,8347.122371415684,M3490,3041.614566347211,3043.307421954385,0,0
47,CASH_IN,884.7641381541321,C3614,2656.9781246047373,1772.2139864506053,M3614,6945.23656926635,7830.000707420482,0,0
64,TRANSFER,2184.984256293835,C3858,3301.799846470953,1116.8155901771183,M3858,1949.5070051241491,4134.491261417985,0,0
44,DEBIT,193.7946917251696,C181,942.8862624763808,749.0915707512111,M181,350.6860417315293,544.4807334566989,0,0
29,DEBIT,69.58281680764925,C3772,37576.92493104097,37507.342114233325,M3772,1021.4477684119688,1091.0305852196182,0,0
53,CASH_IN,824.7561891160409,C453,596.4032497098307,0.0,M453,4725.734798828073,5550.490987944114,0,0
75,DEBIT,40.07619539246326,C5258,1952.3158782701903,1912.239682877727,M5258,9596.992151269407,9637.068346661872,1,0
49,PAYMENT,2979.3082226854167,C28,28491.06060143216,25511.752378746743,M28,713.8714950138732,3693.17971769929,0,0
36,TRANSFER,412.69479369583104,C3922,1182.2024583252555,769.5076646294247,M3922,8092.874190277988,8505.568983973819,0,0
42,CASH_OUT,119.24342470402976,C638,1147.2172949685996,1027.9738702645698,M638,653.1472282477116,772.3906529517413,0,0
73,DEBIT,43.52371816835046,C3872,79116.66420651138,79073.14048834304,M3872,216.97661154407055,260.50032971242103,0,0
53,PAYMENT,18.22168275998419,C1255,4750.340792393185,4732.119109633201,M1255,725.921695265976,744.1433780259603,0,0
60,CASH_IN,4972.13423687818,C4445,466729.02482039615,461756.890583518,M4445,14727.722535367997,19699.85677224617,0,0
95,CASH_OUT,18.13093171196471,C895,10887.573766969284,10869.44283525732,M895,726.4981385833365,744.6290702953013,0,0
12,CASH_OUT,10.907112949392117,C2954,1205.7539852358057,1194.8468722864136,M2954,11317.718734432086,11328.625847381478,0,0
46,CASH_IN,1448.9135235437388,C4293,705.430022321215,0.0,M4293,260.4823670170996,1709.3958905608383,0,0
9,DEBIT,134.67014180430974,C1229,6607.618661524358,6472.948519720048,M1229,76.93022586604746,211.6003676703572,0,0
75,PAYMENT,23.34915215118949,C2381,1214.3183800539362,1190.9692279027468,M2381,22823.26181952217,22846.61097167336,0,0
92,DEBIT,220.84048879320773,C2706,27822.03517249658,27601.19468370337,M2706,604.8788902200523,825.7193790132601,0,0
16,TRANSFER,29.04941871771868,C2557,5689.375453857715,5660.326035139997,M2557,201.4616438754456,230.51106259316427,0,0
29,DEBIT,438.4860722420048,C2211,6376.264257278115,5937.778185036111,M2211,7006.827951042852,7445.314023284856,0,0
96,DEBIT,584.1134645229664,C592,16.099915030288162,0.0,M592,225.0036960019116,809.117160524878,0,0
6,CASH_OUT,1343.738609633643,C4798,389.270360743964,0.0,M4798,9742.395111840462,11086.133721474103,0,0
21,PAYMENT,1194.172628217933,C4097,11806.837653302604,10612.66502508467,M4097,8366.09877223158,9560.271400449514,0,0
24,DEBIT,239.4786655595955,C3245,22697.216067902027,22457.73740234243,M3245,79229.34923413259,79468.82789969219,0,0
45,CASH_IN,201.1668917861227,C3828,185.56919138948533,0.0,M3828,4261.266371783929,4462.433263570051,0,0
92,CASH_OUT,5785.194492934673,C3833,19064.538546011278,13279.344053076602,M3833,20366.53409408371,26151.72858701838,0,0
1,PAYMENT,414.5305420772122,C698,19931.65782895234,19517.12728687513,M698,674.0336216378086,1088.5641637150206,0,0
50,TRANSFER,348.3113483784429,C2424,436.1856359918041,87.87428761336116,M2424,360.1263940391072,708.4377424175501,0,0
60,CASH_OUT,176.61122004998452,C5244,1066.112307935753,889.5010878857686,M5244,1346.2455261009973,1522.8567461509815,1,0
82,CASH_OUT,211.2718362097912,C1967,162.92843745422994,0.0,M1967,4922.420861332747,5133.692697542539,0,0
65,TRANSFER,9.89237874448602,C838,9646.95286947048,9637.060490725991,M838,11358.94843448876,11368.840813233246,0,0
47,TRANSFER,61.68140658262588,C4920,720.1832047372441,658.5017981546182,M4920,23135.41734822922,23197.098754811846,0,0
80,CASH_OUT,425.1434507508145,C5302,18900.822402573733,18475.67895182292,M5302,3098.681640602511,3523.8250913533257,1,0
51,TRANSFER,363.0111692641471,C3240,81933.173884282,81570.16271501785,M3240,65581.77292152846,65944.78409079261,0,0
48,CASH_OUT,13.504413054581391,C129,20.634347770005785,7.129934715424389,M129,13287.26200766617,13300.76642072075,0,0
24,TRANSFER,4.099161810369026,C4161,33044.05353474633,33039.95437293596,M4161,237.11527212860472,241.2144339389737,0,0
88,CASH_IN,19.896918880096838,C1182,9313.246569670164,9293.349650790067,M1182,37355.306339210685,37375.20325809078,0,0
56,PAYMENT,158.60882196523758,C5391,3571.9026501497383,3413.293828184501,M5391,2649.952836014977,2808.5616579802145,1,0
82,CASH_OUT,2094.0108026921744,C3646,272.8605374091998,0.0,M3646,8537.872392956666,10631.88319564884,0,0
56,CASH_OUT,33.77540213342658,C1003,3932.023138649225,3898.2477365157984,M1003,3487.157391161321,3520.932793294748,0,0
36,CASH_IN,27.192504297954383,C2834,1530.0278613788057,1502.8353570808513,M2834,2997.6304093801527,3024.822913678107,0,0
89,CASH_OUT,343.2852574205135,C5249,456895.9093290736,456552.62407165306,M5249,667.3865179698872,1010.6717753904009,1,0
90,CASH_IN,1650.2012451487426,C2239,223.0025913551438,0.0,M2239,1547.3546978096165,3197.555942958359,0,0
48,CASH_OUT,204.23540141881577,C3346,664.0183187247878,459.7829173059721,M3346,630.3606532066452,834.596054625461,0,0
85,PAYMENT,879.9998007059181,C2976,243.17276551091192,0.0,M2976,59827.360931589945,60707.36073229586,0,0
24,CASH_IN,11.384721486130845,C1087,2814.4152262635657,2803.030504777435,M1087,94.5792229790832,105.96394446521406,0,0
44,TRANSFER,508.2072686998572,C3479,9212.918968461674,8704.711699761818,M3479,35.1147687173117,543.3220374171689,0,0
78,PAYMENT,414.14264938688615,C2362,21415.101595701504,21000.95894631462,M2362,16141.754872332209,16555.897521719096,0,0
45,CASH_IN,1486.4331747438953,C5102,26394.1533761178,24907.720201373904,M5102,4142.251886635208,5628.685061379103,1,0
47,CASH_OUT,3690.365092792206,C1557,5991.7475722744575,2301.382479482252,M1557,12372.030588512804,16062.39568130501,0,0
50,DEBIT,77.71569255043899,C909,27310.520847700867,27232.80515515043,M909,409.2226018747903,486.9382944252292,0,0
36,PAYMENT,122.66229243881786,C2107,1512.877548729639,1390.2152562908216,M2107,706.0460987008773,828.7083911396952,0,0
16,CASH_IN,85.29880217110743,C1374,13894.739942469754,13809.441140298646,M1374,20521.54580151912,20606.844603690228,0,0
15,CASH_OUT,6.259864378855038,C5277,10172.27321654212,10166.013352163263,M5277,889.9725703744568,896.2324347533118,1,0
38,CASH_IN,29.527155813654343,C2821,332.31903161463583,302.7918758009815,M2821,33469.9401027275,33499.46725854115,0,0
32,TRANSFER,880.8039306510584,C538,457.0105121685685,0.0,M538,120.12669275294088,1000.9306234039992,0,0
49,PAYMENT,882.706051287574,C4485,54352.42385953456,53469.71780824698,M4485,297345.136464519,298227.8425158066,0,0
84,PAYMENT,6930.261168654636,C182,6665.050922196477,0.0,M182,13737.709030049717,20667.97019870435,0,0
91,DEBIT,175.2674872321236,C539,31931.0982110668,31755.830723834675,M539,2728.776256772719,2904.0437440048427,0,0
82,TRANSFER,249.29894796936264,C915,257.29522828534255,7.996280315979931,M915,13115.840622934722,13365.139570904084,0,0
8,DEBIT,13557.559974026995,C2025,361.8571750280452,0.0,M2025,569.3054830171752,14126.865457044172,0,0
5,PAYMENT,615.9588842394763,C923,5070.620145772497,4454.661261533021,M923,6773.333699576105,7389.292583815581,0,0
99,TRANSFER,482.938836876645,C2703,891.6456374258983,408.7068005492533,M2703,3852.127978834658,4335.066815711302,0,0
20,DEBIT,3044.773016995372,C2192,191.8599774610139,0.0,M2192,7329.761763409003,10374.534780404374,0,0
49,DEBIT,7578.51732946435,C1638,86.90460154311633,0.0,M1638,4532.059098578358,12110.576428042708,0,0
41,TRANSFER,2135.784086426116,C2272,4748.794732288006,2613.0106458618907,M2272,936.5717839804094,3072.355870406525,0,0
19,TRANSFER,425.1896723949452,C2474,464.0134513799193,38.823778984974126,M2474,9980.165620383905,10405.35529277885,0,0
73,TRANSFER,831.0126525469201,C1508,1196.1446119208872,365.1319593739671,M1508,100.21084566460772,931.2234982115278,0,0
1,CASH_OUT,4.712271352161044,C4395,917.5616424248136,912.8493710726528,M4395,2690.695841790221,2695.4081131423823,0,0
18,CASH_IN,7121.406773284957,C4110,887.0292252094113,0.0,M4110,9377.685020118872,16499.09179340383,0,0
89,PAYMENT,16.53977003652052,C5566,1915.0017519382504,1898.4619819017296,M5566,536.4646493588164,553.0044193953369,1,0
95,PAYMENT,105.38382724040028,C1091,711.7411052366288,606.3572779962285,M1091,5199.961632885287,5305.345460125687,0,0
29,PAYMENT,94.60914550822926,C4701,1236.5361122221698,1141.9269667139406,M4701,1041.3256548336187,1135.934800341848,0,0
46,CASH_IN,6379.376924414166,C3082,13882.406972338253,7503.030047924087,M3082,1804.9982517158408,8184.375176130006,0,0
61,DEBIT,144.11348244462286,C615,403.6874151451269,259.5739327005041,M615,14544.850242536671,14688.963724981297,0,0
16,CASH_IN,423.70505367434816,C625,2445.271439010843,2021.566385336495,M625,6621.852042874156,7045.557096548504,0,0
35,DEBIT,107.9072246373029,C5288,19.49925138569382,0.0,M5288,1177.700697780983,1285.6079224182863,1,0
25,DEBIT,711.894088209506,C4523,169.67919360415826,0.0,M4523,347.8574024053827,1059.7514906148886,0,0
94,PAYMENT,39.60350945463051,C2122,5615.872167746975,5576.268658292344,M2122,1379.088392255493,1418.6919017101236,0,0
8,PAYMENT,94.23956686116604,C5438,775.8786732851067,681.6391064239407,M5438,3579.9071667775465,3674.1467336387127,1,0
76,PAYMENT,18.09118363086364,C3597,1602.188426133356,1584.0972425024922,M3597,1161.182899694943,1179.2740833258067,0,0
5,DEBIT,22.522791580056214,C5243,26087.426212336195,26064.903420756134,M5243,24049.73540198712,24072.258193567177,1,0
78,TRANSFER,107.91552317554722,C1884,1105.534153878761,997.6186307032136,M1884,384.55780236940046,492.47332554494767,0,0
61,DEBIT,211.3923776581036,C680,1888.0294075747595,1676.6370299166556,M680,661.1086651655855,872.5010428236892,0,0
58,DEBIT,5840.7138598428455,C441,2626.871626628394,0.0,M441,890.502163168004,6731.216023010849,0,0
50,CASH_OUT,8.492128330149482,C5379,1040.4212440732688,1031.9291157431194,M5379,448.85461486591146,457.3467431960609,1,0
81,CASH_IN,625.480042655188,C1424,7586.052137604715,6960.572094949527,M1424,724.4045976179357,1349.8846402731238,0,0
78,DEBIT,183.29231764503797,C1799,18799.728467805533,18616.43615016049,M1799,168827.00129189674,169010.29360954178,0,0
47,DEBIT,61.74301011239553,C2247,6145.261770318127,6083.518760205731,M2247,4161.84353102364,4223.586541136036,0,0
75,CASH_OUT,14639.069141970444,C4426,1738.2603210148743,0.0,M4426,4259.889081439271,18898.958223409714,0,0
29,DEBIT,70.62194486168728,C1316,2574.33490799868,2503.7129631369926,M1316,10371.09023806274,10441.712182924426,0,0
93,CASH_IN,124.12221344502012,C1924,42782.62452985087,42658.50231640584,M1924,36596.82031692878,36720.9425303738,0,0
84,TRANSFER,12.233623033740724,C2030,288672.7059115157,288660.47228848195,M2030,11613.448961993492,11625.682585027233,0,0
46,CASH_IN,32.87817366833637,C2344,2863.532285595332,2830.6541119269955,M2344,35340.14593484985,35373.024108518184,0,0
51,PAYMENT,301.1798822079245,C1979,5249.948884702878,4948.769002494953,M1979,11555.208586223896,11856.388468431822,0,0
59,PAYMENT,282.978778579284,C4542,2091.308189749759,1808.3294111704752,M4542,7579.061706212263,7862.040484791547,0,0
33,TRANSFER,436.1254776448164,C2254,275.2221942612473,0.0,M2254,1319.7106547563574,1755.8361324011737,0,0
57,PAYMENT,15787.015412257617,C4969,16295.01924592516,508.0038336675443,M4969,532.4227530603556,16319.438165317972,0,0
29,PAYMENT,1614.227444126587,C4076,1576.3611366691566,0.0,M4076,4685.944149114775,6300.171593241363,0,0
72,TRANSFER,13.51711563611014,C3250,6080.886851726807,6067.369736090697,M3250,6567.536963058944,6581.054078695054,0,0
95,DEBIT,2.963350450468698,C4264,36251.34093208861,36248.37758163815,M4264,694.1922670559588,697.1556175064276,0,0
29,CASH_IN,11.37033127129153,C5410,158.1951125697686,146.8247812984771,M5410,9370.859676675069,9382.23000794636,1,0
53,CASH_OUT,200.43272717211508,C3786,1802.4715864968184,1602.038859324703,M3786,2129.400095264745,2329.83282243686,0,0
85,DEBIT,41.31362308385147,C1389,5857.231112243769,5815.917489159917,M1389,34327.455473374386,34368.76909645824,0,0
13,DEBIT,10.25073722069632,C2634,1092.7453726936192,1082.494635472923,M2634,1519.1302181392678,1529.380955359964,0,0
82,CASH_IN,268.28824678938867,C5492,9200.551053631429,8932.262806842038,M5492,3684.832670234579,3953.120917023968,1,0
30,PAYMENT,88.41405393137158,C1632,2502.731816905181,2414.3177629738093,M1632,12084.597281576342,12173.011335507714,0,0
64,DEBIT,326.0230284868708,C5364,1084.8371772367193,758.8141487498485,M5364,189723.98232467275,190050.0053531596,1,0
23,CASH_OUT,4675.796583652375,C3234,83025.53146901303,78349.73488536065,M3234,48476.35053910567,53152.14712275804,0,0
92,TRANSFER,603.9433477182498,C5501,2108.7957599573574,1504.8524122391077,M5501,369.7645754042903,973.70792312254,1,0
54,CASH_OUT,4437.753184348906,C834,4270.09578234723,0.0,M834,1440.344292266982,5878.097476615888,0,0
43,CASH_IN,383.99605219385296,C1594,2481.563200483888,2097.567148290035,M1594,654.5156118977542,1038.5116640916071,0,0
50,CASH_IN,456.68656587049134,C5246,18512.9716859932,18056.285120122702,M5246,4181.331458590174,4638.018024460665,1,0
80,TRANSFER,50.50446083629016,C1767,66178.97592320378,66128.47146236748,M1767,680.8982625044147,731.4027233407048,0,0
33,CASH_OUT,77.02682865113547,C1387,1649.644633843492,1572.6178051923564,M1387,5360.489750027168,5437.516578678304,0,0
30,DEBIT,1571.220200624928,C2867,673.4675682977127,0.0,M2867,32340.163768152823,33911.38396877775,0,0
59,DEBIT,19.17799908032135,C4344,4314.991239612527,4295.813240532206,M4344,48290.33460278733,48309.512601867646,0,0
97,PAYMENT,423.4405902314285,C2081,3334.020367086917,2910.5797768554885,M2081,23918.221935620928,24341.66252585236,0,0
1,PAYMENT,0.4310280589861049,C2165,115.6482387124107,115.2172106534246,M2165,1274.5880754409825,1275.0191034999684,0,0
34,TRANSFER,41.06369835229864,C4543,3851.028741607796,3809.965043255497,M4543,181.48387387782788,222.5475722301265,0,0
87,CASH_IN,120.9225879779077,C3493,25948.023559466423,25827.100971488515,M3493,3827.367005787605,3948.289593765513,0,0
4,PAYMENT,91.35452249854204,C4811,27393.46578838969,27302.11126589115,M4811,12892.547063972555,12983.901586471098,0,0
69,DEBIT,17824.219990066173,C4294,15867.063839069264,0.0,M4294,162195.34287259163,180019.5628626578,0,0
1,PAYMENT,185.90780323033349,C819,1347.258877411894,1161.3510741815603,M819,1086.875299530279,1272.7831027606128,0,0
62,CASH_OUT,392.6182099390468,C5117,2532.372170445689,2139.753960506642,M5117,15533.256375462674,15925.87458540172,1,0
7,TRANSFER,171.31980851360404,C416,16779.25656151572,16607.936753002115,M416,6982.718706294028,7154.038514807632,0,0
66,PAYMENT,923.5018337216712,C2565,61155.40641874564,60231.90458502397,M2565,1225.5524000255266,2149.054233747198,0,0
35,DEBIT,143.3540335391585,C2607,15189.792708256417,15046.438674717258,M2607,1066.871804365211,1210.2258379043694,0,0
41,DEBIT,4.857821277076496,C4046,7499.784448388745,7494.926627111668,M4046,16259.341422243218,16264.199243520296,0,0
13,DEBIT,4101.645819722412,C1708,6030.443071866343,1928.7972521439303,M1708,3517.6110616835217,7619.256881405934,0,0
39,CASH_OUT,2021.8645083380663,C2213,5887.488704438983,3865.624196100917,M2213,220.09206001095367,2241.95656834902,0,0
8,CASH_IN,216.8044106806831,C3458,7381.686200607891,7164.881789927208,M3458,224.0538088369154,440.8582195175985,0,0
22,CASH_OUT,216.3794875844019,C1289,7625.809590179791,7409.43010259539,M1289,10447.64300447294,10664.02249205734,0,0
62,DEBIT,121.26007776869092,C2530,15760.038929629098,15638.778851860408,M2530,1044.2238171827184,1165.4838949514094,0,0
22,DEBIT,193.15126779878815,C494,46052.28033749082,45859.12906969203,M494,609.3355565896638,802.4868243884521,0,0
10,TRANSFER,43.303726954389816,C2940,227.65708679154332,184.35335983715356,M2940,267.2622875866875,310.56601454107727,0,0
28,TRANSFER,2259.4244293633265,C2183,4248.970119700904,1989.545690337577,M2183,63514.75198365157,65774.1764130149,0,0
27,CASH_IN,33.85366740314784,C2705,31928.98243188668,31895.12876448353,M2705,19893.83666660744,19927.69033401059,0,0
91,CASH_OUT,314.175734361312,C1459,2562.613545106013,2248.437810744701,M1459,1092.3871112326838,1406.5628455939957,0,0
72,CASH_OUT,222.320705182154,C2324,3551.149103495598,3328.828398313444,M2324,2743.773106732013,2966.093811914167,0,0
97,DEBIT,444.9953662814526,C2563,43.702774928334186,0.0,M2563,3490.18288201663,3935.1782482980834,0,0
38,DEBIT,117.59870958349238,C1178,1743.8510293630998,1626.2523197796074,M1178,406.0764239814941,523.6751335649865,0,0
96,CASH_IN,56.92316473574783,C5486,93959.31981481162,93902.39665007588,M5486,369.4140209311252,426.337185666873,1,0
47,TRANSFER,491.8579426998131,C1253,3191.375390565294,2699.517447865481,M1253,1752.4770327877086,2244.3349754875217,0,0
34,TRANSFER,56735.22623214186,C1367,3474.6264993992468,0.0,M1367,3012.273421857377,59747.49965399924,0,0
99,TRANSFER,26.155737848386643,C4108,5499.603950142035,5473.448212293648,M4108,1241.6361380371222,1267.791875885509,0,0
12,CASH_OUT,161.20492052134418,C542,8797.368684078394,8636.16376355705,M542,652.6426381294682,813.8475586508124,0,0
59,PAYMENT,49.00088735927184,C3884,3104.154121851003,3055.153234491731,M3884,2007.753799052973,2056.7546864122446,0,0
45,CASH_IN,40.0275268278799,C3492,2537.679431053769,2497.651904225889,M3492,6407.114225507632,6447.141752335512,0,0
36,CASH_OUT,84.15258419213917,C2842,7167.213979674779,7083.061395482639,M2842,7949.684527647919,8033.837111840058,0,0
28,DEBIT,71.77281269372226,C4664,820.8392602023073,749.066447508585,M4664,83.53014335956595,155.3029560532882,0,0
67,CASH_IN,361.06030676592974,C1720,1674.0345887237154,1312.9742819577857,M1720,6456.946193099342,6818.006499865272,0,0
40,CASH_OUT,29.584669707738318,C5470,2579.255641534729,2549.670971826991,M5470,10606.61863813709,10636.203307844828,1,0
99,CASH_IN,164.1706390489652,C461,54432.288882404406,54268.11824335544,M461,727.641066891908,891.8117059408733,0,0
94,CASH_IN,272.4882872801901,C3276,26764.656588114056,26492.168300833862,M3276,13913.272561501271,14185.76084878146,0,0
60,CASH_IN,87.68011140728966,C3005,2716.8865405708093,2629.20642916352,M3005,18527.315273278324,18614.99538468561,0,0
21,DEBIT,161.18453337853816,C4440,748.6581391734517,587.4736057949135,M4440,1010.5608868368594,1171.7454202153976,0,0
29,CASH_OUT,16.249151754116358,C2194,159.5555557528997,143.30640399878334,M2194,569.3610451218331,585.6101968759494,0,0
59,PAYMENT,150.1910333916885,C5565,3232.224850321931,3082.0338169302427,M5565,37737.82439458794,37888.015427979626,1,0
13,PAYMENT,17.424243211599123,C5279,104.35449326703488,86.93025005543576,M5279,1221.981540871764,1239.405784083363,1,0
52,DEBIT,2372.016031101426,C1854,30.11149466861747,0.0,M1854,1460.4073864841248,3832.423417585551,0,0
98,CASH_OUT,396.0198812300874,C2938,3011.752823116334,2615.7329418862478,M2938,18764.899408623773,19160.91928985386,0,0
64,CASH_OUT,244.7530138718739,C5474,5097.336311974478,4852.583298102604,M5474,111.01349808094436,355.7665119528183,1,0
26,CASH_OUT,51.63787376747258,C2004,6495.629829309179,6443.991955541706,M2004,1962.7630015860084,2014.400875353481,0,0
31,PAYMENT,25.72505196243374,C2154,1734.275560710803,1708.5505087483689,M2154,10724.459518539466,10750.1845705019,0,0
33,DEBIT,267.72799893606765,C128,1105.644100586135,837.9161016500673,M128,642.5282723771411,910.2562713132088,0,0
1,PAYMENT,413.6136951542664,C798,105210.73387383262,104797.12017867836,M798,1796.6617690765652,2210.2754642308314,0,0
88,CASH_OUT,27.315144314654507,C2414,637.2140853264563,609.8989410118018,M2414,427.0923700156986,454.40751433035314,0,0
67,CASH_OUT,208.45727846418336,C905,44019.27038481199,43810.8131063478,M905,4776.367616909707,4984.82489537389,0,0
24,PAYMENT,4734.760285193873,C11,5648.9139836561135,914.1536984622408,M11,614981.4107724591,619716.171057653,0,0
85,DEBIT,692.0606827927816,C718,40533.766025727135,39841.70534293435,M718,246.96312021995183,939.0238030127334,0,0
87,PAYMENT,84.99905719320951,C2123,96.5377703986244,11.53871320541488,M2123,7952.134908852856,8037.133966046065,0,0
17,DEBIT,440.6098641849005,C3842,1744.9682853884508,1304.3584212035505,M3842,1727.3439887590368,2167.9538529439374,0,0
40,PAYMENT,23.711647830451877,C2692,1208.9188276161792,1185.2071797857272,M2692,879.2836973868768,902.9953452173288,0,0
99,PAYMENT,502.64559832183545,C2935,91.54614369775358,0.0,M2935,203.6105377754596,706.2561360972951,0,0
44,CASH_OUT,635.4506485654307,C1047,27708.296922727663,27072.846274162235,M1047,6250.810014752888,6886.260663318319,0,0
83,CASH_OUT,9766.334749991463,C4065,285.18643418793624,0.0,M4065,1500.0812554607946,11266.41600545226,0,0
81,PAYMENT,6.987234077840533,C67,3828.147288762944,3821.160054685104,M67,909.9541537574918,916.9413878353324,0,0
20,CASH_IN,49.09094881447862,C1832,973.0938001339792,924.0028513195005,M1832,6370.806188001423,6419.897136815902,0,0
53,PAYMENT,296.9053635392633,C810,7875.03299553209,7578.127631992827,M810,862.5830775427875,1159.4884410820507,0,0
14,TRANSFER,82.06995118953286,C3550,366.7077619764,284.6378107868672,M3550,6288.301730336209,6370.371681525742,0,0
54,TRANSFER,1311.2272267918888,C4689,4545.635826078746,3234.4085992868568,M4689,1990.6728483835568,3301.9000751754456,0,0
55,DEBIT,142.9178812605802,C893,47677.57648358712,47534.65860232653,M893,3613.529942211555,3756.447823472135,0,0
99,CASH_OUT,88.28464582030146,C4147,14.291470247044073,0.0,M4147,578.7315854933097,667.0162313136111,0,0
50,PAYMENT,356.1157390108004,C5019,269.4910986080208,0.0,M5019,9914.054191377363,10270.169930388163,1,0
66,DEBIT,1495.4797789929175,C3904,1379.9002151533484,0.0,M3904,1482.1628441833975,2977.6426231763157,0,0
46,CASH_IN,71.55779590198922,C1921,1181.0582142749938,1109.5004183730043,M1921,23266.050626408185,23337.60842231017,0,0
21,PAYMENT,941.3721685105876,C46,1052.5053587925122,111.1331902819245,M46,705.0827253242862,1646.454893834874,0,0
82,CASH_OUT,1261.5236530787204,C3811,3262.9643082440857,2001.4406551653651,M3811,628.7127848982898,1890.2364379770104,0,0
64,CASH_IN,5749.205355044974,C5447,1985.002547845584,0.0,M5447,8901.631620210948,14650.836975255925,1,0
17,DEBIT,4.165479189820818,C605,1496.2878916678123,1492.1224124779917,M605,315.12536983064155,319.2908490204624,0,0
15,CASH_IN,12.029898984789993,C2117,32210.02888804415,32197.99898905936,M2117,12088.891515202611,12100.921414187404,0,0
89,PAYMENT,11.013621658155715,C276,890.8105833254536,879.796961667298,M276,597.652052623393,608.6656742815487,0,0
45,TRANSFER,4753.561523749018,C4389,553.4620625356248,0.0,M4389,24936.479004975878,29690.04052872489,0,0
64,CASH_OUT,6.434104058993027,C586,2012.3405294177896,2005.9064253587967,M586,11911.445436968235,11917.87954102723,0,0
73,DEBIT,134.12226401256166,C2020,32368.567314775337,32234.445050762773,M2020,1387.6421757528626,1521.7644397654242,0,0
91,PAYMENT,583.9367194689314,C2943,174748.29505520372,174164.35833573478,M2943,3763.5940935599306,4347.530813028862,0,0
32,TRANSFER,420.41635023488817,C1792,473.6485922554422,53.23224202055405,M1792,1026.1580851264473,1446.5744353613354,0,0
78,CASH_OUT,663.1342623301487,C1945,358.45435415878507,0.0,M1945,71785.11300048408,72448.24726281423,0,0
1,DEBIT,2677.691200583773,C2171,115753.22510338528,113075.53390280152,M2171,50.39678262337943,2728.0879832071523,0,0
90,PAYMENT,4035.513854385559,C400,5736.890023384431,1701.3761689988714,M400,3872.8077896225286,7908.321644008088,0,0
78,DEBIT,409.372581990252,C1097,92.98385230162197,0.0,M1097,1499.974283046923,1909.346865037175,0,0
8,DEBIT,954.7479905366508,C63,1142.8102328605028,188.06224232385196,M63,14660.866878526484,15615.614869063134,0,0
74,CASH_OUT,30.69681311264854,C2979,66844.02679970615,66813.3299865935,M2979,160.3726145620031,191.06942767465165,0,0
99,CASH_OUT,2.79805454652472,C376,2117.40817408832,2114.6101195417946,M376,3849.263361336392,3852.061415882916,0,0
47,DEBIT,302.2058388122334,C845,2735.745587588613,2433.5397487763794,M845,2713.1825888701183,3015.388427682352,0,0
79,CASH_IN,42.29824138591428,C2907,340.8002043084497,298.5019629225354,M2907,3308.7420308318806,3351.040272217795,0,0
46,TRANSFER,29.576360642580543,C2981,1111.7872636169736,1082.210902974393,M2981,5663.882954379326,5693.459315021907,0,0
80,CASH_OUT,657.73814537375,C3264,34.318836559980454,0.0,M3264,597.9578362724658,1255.6959816462158,0,0
93,CASH_IN,18.38149855204565,C3893,51516.08344758728,51497.70194903524,M3893,5914.679496969386,5933.060995521431,0,0
62,TRANSFER,1484.1216237523518,C595,157.30008323838112,0.0,M595,572.2658955292804,2056.387519281632,0,0
35,DEBIT,73.68946545944603,C1910,32110.702540973565,32037.01307551412,M1910,4471.360508995831,4545.049974455277,0,0
81,DEBIT,472.5628463073509,C1418,7695.99657365765,7223.433727350299,M1418,1010.7465798230842,1483.309426130435,0,0
67,CASH_OUT,15.304243714123144,C2599,3228.331771833193,3213.02752811907,M2599,536.5271857497355,551.8314294638586,0,0
33,CASH_OUT,635.7690807616914,C3705,6193.909088952099,5558.1400081904085,M3705,180.4528516898672,816.2219324515586,0,0
93,CASH_IN,302.86590777251735,C3464,2458.800324307484,2155.9344165349667,M3464,48494.2901432946,48797.15605106712,0,0
33,DEBIT,4.587595313996025,C795,4829.962280148593,4825.374684834597,M795,2695.1459909371256,2699.733586251122,0,0
12,PAYMENT,939.6733962177966,C2645,9172.285907623404,8232.612511405607,M2645,340.1401067795885,1279.813502997385,0,0
41,PAYMENT,16.55275740819845,C3698,424.9919327505047,408.4391753423063,M3698,13892.286611096875,13908.839368505074,0,0
28,CASH_IN,296.86439604377387,C179,207497.8265397985,207200.96214375476,M179,1291.1734351359748,1588.0378311797488,0,0
75,CASH_OUT,48.68898516868684,C5120,16199.639930572184,16150.950945403498,M5120,3659.6052546367455,3708.294239805432,1,0
42,DEBIT,419.19386664878806,C2391,481.68636009854185,62.4924934497538,M2391,7809.272424575581,8228.46629122437,0,0
58,PAYMENT,43.136787336562605,C2505,3611.0209165744186,3567.884129237856,M2505,9363.654681988026,9406.79146932459,0,0
15,CASH_OUT,117.26866686280708,C5003,1243.2925460559536,1126.0238791931465,M5003,31913.09443380569,32030.3631006685,1,0
82,CASH_OUT,63.22283714175161,C1701,9021.371418637424,8958.148581495674,M1701,7626.392212211167,7689.6150493529185,0,0
2,TRANSFER,18.40550925607049,C4118,3988.668463251493,3970.2629539954223,M4118,8359.016080243206,8377.421589499276,0,0
2,TRANSFER,86.91795732438626,C19,1984.6912793829677,1897.7733220585808,M19,14045.090899880412,14132.008857204795,0,0
36,TRANSFER,248.586699952204,C4884,7987.261777636417,7738.675077684213,M4884,7509.27979907464,7757.866499026844,0,0
28,DEBIT,253.3258387195565,C4138,411.41002078509,158.08418206553347,M4138,3167.4909322103936,3420.81677092995,0,0
87,TRANSFER,315.73505157665414,C2793,14.933174874652472,0.0,M2793,812.1115407204861,1127.8465922971402,0,0
6,CASH_OUT,42.76638215756813,C4613,59069.42497735988,59026.65859520231,M4613,1103.387352633708,1146.1537347912763,0,0
92,TRANSFER,473.2724056523494,C2408,6042.094577064909,5568.822171412559,M2408,1220.5572211657343,1693.8296268180836,0,0
39,TRANSFER,130.88158797207612,C215,185.36401625810203,54.48242828602591,M215,454.0178433098163,584.8994312818925,0,0
63,CASH_IN,55.69353117761761,C1333,469.5676162880172,413.8740851103996,M1333,8503.130941985335,8558.824473162953,0,0
9,CASH_IN,1158.6620226062444,C1725,44.33751888244949,0.0,M1725,1495.564460924314,2654.2264835305587,0,0
74,PAYMENT,40.71561772923408,C1820,489.9760440662024,449.2604263369683,M1820,3826.689380716474,3867.4049984457074,0,0
1,PAYMENT,799.0858270589639,C1325,572.9158811270884,0.0,M1325,1134.8109019660037,1933.8967290249675,0,0
34,TRANSFER,6.515060258827867,C1908,14907.70824315008,14901.193182891251,M1908,2197.988669677881,2204.5037299367086,0,0
6,CASH_IN,643.0381948953544,C4955,4554.338560619935,3911.300365724581,M4955,8598.713204413125,9241.75139930848,0,0
76,CASH_IN,9.692120279989092,C617,37.8534469709602,28.16132669097111,M617,19924.004588035616,19933.696708315605,0,0
94,PAYMENT,36.890997787928846,C4354,6453.65941379656,6416.768416008632,M4354,4144.180691185337,4181.071688973266,0,0
24,TRANSFER,729.9695972352823,C4693,8048.487059512193,7318.517462276911,M4693,29320.636734586304,30050.606331821586,0,0
54,DEBIT,3.1489257395546586,C839,1070.1843704607356,1067.035444721181,M839,1476.9796688235842,1480.128594563139,0,0
38,TRANSFER,17.02479816687514,C1331,27465.22693184421,27448.202133677336,M1331,297.49539165639004,314.5201898232652,0,0
33,TRANSFER,364.42949758231225,C2556,8572.181956859895,8207.752459277583,M2556,688.6328239688853,1053.0623215511976,0,0
61,PAYMENT,2.718657707075836,C3538,107730.63654322996,107727.91788552288,M3538,11631.181636536388,11633.900294243464,0,0
73,DEBIT,8563.317842811048,C3932,807.144700107194,0.0,M3932,652.5998130934759,9215.917655904525,0,0
28,CASH_OUT,7.230036489883584,C3650,77891.71110735743,77884.48107086755,M3650,2875.1301415941207,2882.3601780840045,0,0
97,CASH_IN,90.6614442591877,C4614,388.5820711200852,297.92062686089747,M4614,3128.723609145171,3219.3850534043586,0,0
28,DEBIT,1190.4705821378448,C3710,4590.312535247058,3399.841953109213,M3710,13687.515177514832,14877.985759652676,0,0
79,DEBIT,235.83507803773767,C2830,273.1952571947195,37.360179156981815,M2830,25614.164147846623,25849.99922588436,0,0
25,CASH_IN,104.78648957181302,C4176,243.55880412238864,138.77231455057563,M4176,86.23539840462651,191.02188797643956,0,0
37,CASH_OUT,2.8098845957511425,C2176,2584.8804019579875,2582.0705173622364,M2176,1684.4193471713593,1687.2292317671104,0,0
83,PAYMENT,98.86691991508992,C6,22004.70980776714,21905.84288785205,M6,328.29297280818025,427.15989272327016,0,0
44,CASH_OUT,245.9727739589944,C2125,350.0538338605437,104.08105990154934,M2125,38292.21947770292,38538.19225166192,0,0
86,TRANSFER,82.8065030408434,C1603,5985.305967802528,5902.499464761685,M1603,994.6963898903982,1077.5028929312416,0,0
60,PAYMENT,133.6364945946989,C415,6969.56392265606,6835.927428061361,M415,493.3269553608295,626.9634499555284,0,0
8,TRANSFER,269.09844264412686,C4459,1140.1151891248671,871.0167464807403,M4459,1273.8857162784784,1542.9841589226053,0,0
59,CASH_OUT,162.96966493214757,C4762,10891.281179834345,10728.311514902196,M4762,289.4888642873925,452.4585292195401,0,0
79,DEBIT,67.10920205463786,C3697,293.36076272270884,226.25156066807097,M3697,46.23007933992335,113.3392813945612,0,0
83,CASH_IN,1.4733730900970703,C1343,127.59191215175788,126.1185390616608,M1343,543.4821067657639,544.955479855861,0,0
56,CASH_IN,350.0349419790144,C3715,405.8955088668626,55.86056688784822,M3715,5622.296920671828,5972.331862650843,0,0
45,DEBIT,639.7110372701143,C1751,510.8676493801722,0.0,M1751,870.5903152054509,1510.3013524755652,0,0
36,TRANSFER,37.55870699834842,C3248,2620.741142836709,2583.182435838361,M3248,3703.647218748872,3741.2059257472206,0,0
53,CASH_OUT,3699.9002711944336,C4153,461.6135008364748,0.0,M4153,162738.78181540075,166438.6820865952,0,0
80,TRANSFER,34.598346330157355,C894,28056.641021260428,28022.04267493027,M894,1277781.965184261,1277816.5635305915,0,0
27,PAYMENT,16.07107162423947,C4814,4168.89684382827,4152.825772204031,M4814,823.923157289971,839.9942289142105,0,0
32,TRANSFER,20.6043127545022,C207,2278.240807402744,2257.6364946482418,M207,82570.00502315455,82590.60933590904,0,0
33,TRANSFER,0.7974040535162372,C3031,40802.75399726172,40801.95659320821,M3031,4514.671694057494,4515.469098111011,0,0
38,PAYMENT,74.90444599078396,C308,50093.81546666255,50018.91102067177,M308,129783.0466632569,129857.95110924768,0,0
69,CASH_OUT,15.743128003266376,C4489,22591.347487110485,22575.60435910722,M4489,16664.157071057478,16679.900199060743,0,0
62,CASH_IN,97.79811068303736,C5169,4886.013959796786,4788.215849113749,M5169,421.6508910314998,519.4490017145372,1,0
27,DEBIT,11.496080237344591,C5263,157.550731993612,146.05465175626742,M5263,6876.538650253421,6888.0347304907655,1,0
28,TRANSFER,187.22976823874387,C2684,82957.46544556004,82770.2356773213,M2684,1636.927831796339,1824.1576000350829,0,0
76,CASH_OUT,34.71242247375717,C3325,228.23165955478373,193.51923708102655,M3325,325.08017695796235,359.7925994317195,0,0
36,PAYMENT,174.531230207498,C4853,2768.0570813185705,2593.5258511110724,M4853,4569.691138290957,4744.222368498455,0,0
23,CASH_OUT,997.03394121852,C4978,1838.25449877656,841.2205575580402,M4978,3626.14035811912,4623.174299337639,0,0
41,PAYMENT,1862.0413803501408,C2469,935.4571918366812,0.0,M2469,18490.565643215275,20352.60702356541,0,0
14,TRANSFER,928.286999201794,C1847,6745.420973747637,5817.133974545843,M1847,11497.042057620609,12425.329056822402,0,0
89,DEBIT,576.9990677862208,C2251,14.079832749581694,0.0,M2251,57628.19264558384,58205.19171337006,0,0
56,CASH_OUT,324.71217863178344,C4240,661.4787011601485,336.76652252836504,M4240,2601.9606725847616,2926.672851216545,0,0
43,CASH_IN,320.0206164165306,C2340,263.5746891448546,0.0,M2340,2109.9856402563687,2430.0062566729,0,0
52,TRANSFER,4342.437421169193,C4937,1640.8245492252795,0.0,M4937,919.7574503763268,5262.19487154552,0,0
54,CASH_OUT,6049.875010502053,C5260,3106.450299010382,0.0,M5260,435.89047066230216,6485.765481164355,1,0
10,TRANSFER,145.1492809110136,C1559,16536.92099663874,16391.771715727726,M1559,2063.722566648601,2208.8718475596147,0,0
4,CASH_OUT,12.846661022725916,C4236,5066.238492659698,5053.391831636972,M4236,8880.667258168436,8893.513919191162,0,0
5,CASH_IN,9051.472052991228,C1737,30224.530895656717,21173.058842665487,M1737,581475.5612302065,590527.0332831978,0,0
76,CASH_IN,1161.1282569532789,C5091,4205.862622502627,3044.7343655493487,M5091,53191.8888058288,54353.01706278208,1,0
44,TRANSFER,62.69749422446992,C1414,3135.9435992664644,3073.2461050419943,M1414,3364.925989655779,3427.6234838802493,0,0
36,CASH_IN,49.117444514369176,C1025,26781.31394534763,26732.19650083326,M1025,3967.62635741809,4016.74380193246,0,0
13,CASH_IN,176.00037991119436,C1875,16119.13534775272,15943.134967841526,M1875,2216.0130911961883,2392.0134711073824,0,0
63,PAYMENT,3953.278606119084,C4695,18.96039751969714,0.0,M4695,566.0808500819877,4519.359456201071,0,0
71,CASH_OUT,36.0324306922116,C2451,236.3132405712473,200.2808098790357,M2451,297.10432672477475,333.1367574169864,0,0
99,PAYMENT,67.45346143478642,C295,15502.4967169555,15435.043255520714,M295,6232.747874676838,6300.201336111625,0,0
21,CASH_IN,66.33959427664266,C581,339.8748284538622,273.53523417721954,M581,1474.197968277344,1540.5375625539866,0,0
11,CASH_OUT,227.4362076338325,C1112,3583.534376284952,3356.0981686511195,M1112,873.2300825244001,1100.6662901582326,0,0
13,TRANSFER,2395.5722179101635,C3556,7121.7352202026495,4726.1630022924855,M3556,253.90817856159617,2649.48039647176,0,0
14,CASH_OUT,34.69926947489922,C1132,4990.075952096338,4955.376682621439,M1132,4417.702560032825,4452.401829507725,0,0
42,PAYMENT,123.39528525205272,C4374,6765.900652381522,6642.50536712947,M4374,3579.403423200309,3702.798708452362,0,0
14,CASH_IN,67.92955874771492,C641,84.3101644241823,16.380605676467383,M641,32405.359164271216,32473.28872301893,0,0
62,CASH_IN,403.1753876165556,C188,1274654.835856734,1274251.6604691176,M188,909.9013537040202,1313.0767413205758,0,0
5,DEBIT,284.5447050016725,C4945,50.99732321876594,0.0,M4945,836.8244697055455,1121.369174707218,0,0
97,CASH_OUT,146.05626658315492,C1770,768.9860434512524,622.9297768680974,M1770,2716.8922368593253,2862.94850344248,0,0
30,CASH_OUT,429.7597336529775,C604,5860.370268152188,5430.610534499211,M604,1096.1226489807716,1525.882382633749,0,0
98,TRANSFER,116.41893569558732,C1683,7318.468352080677,7202.049416385089,M1683,4509.984120459142,4626.40305615473,0,0
83,CASH_IN,105.3087721463636,C5109,282.1815694199749,176.8727972736113,M5109,4729.117214208889,4834.4259863552525,1,0
39,DEBIT,440.4263192349813,C3566,3493.777783090674,3053.3514638556926,M3566,11042.099844654553,11482.526163889534,0,0
36,DEBIT,281.82309640361274,C2949,387.7072426232117,105.88414621959896,M2949,445.1298470729389,726.9529434765516,0,0
41,CASH_OUT,7691.098893246087,C2946,3187.729220335544,0.0,M2946,589.9973898142639,8281.096283060351,0,0
56,CASH_IN,2760.777545470689,C5424,19775.42526834017,17014.64772286948,M5424,279.4533219671584,3040.230867437848,1,0
16,DEBIT,265.58083545055774,C465,1600.7401350091247,1335.159299558567,M465,3780.872268602021,4046.453104052579,0,0
2,DEBIT,215.58469491823556,C2189,155.7762112640149,0.0,M2189,26.04777272010039,241.63246763833592,0,0
10,CASH_IN,108.11767431749956,C4849,1892.7603161773973,1784.642641859898,M4849,18822.567766523352,18930.68544084085,0,0
26,CASH_OUT,1484.2360608957638,C3221,26705.099647455376,25220.86358655961,M3221,8228.922960043537,9713.159020939302,0,0
36,DEBIT,447.4594451614409,C2102,4353.404334450385,3905.944889288945,M2102,5022.181619442769,5469.64106460421,0,0
82,CASH_IN,560.3255284712753,C4846,15424.250271483876,14863.924743012602,M4846,4471.576358407711,5031.901886878986,0,0
19,CASH_IN,82.2777232386186,C3843,534.6787243956849,452.4010011570663,M3843,6569.946179901391,6652.2239031400095,0,0
59,CASH_IN,133.25979616189235,C337,2253.842383757867,2120.582587595975,M337,8056.667711479392,8189.927507641284,0,0
32,DEBIT,100.4939392956004,C5540,1151.469804696677,1050.975865401077,M5540,8137.369681831005,8237.863621126606,1,0
60,DEBIT,29.44263622462811,C286,306.10536808279136,276.6627318581632,M286,1374.8403699111705,1404.2830061357986,0,0
38,PAYMENT,26.810552402594467,C4286,1267.908582695669,1241.0980302930743,M4286,2808.959575277116,2835.77012767971,0,0
19,DEBIT,201.22014603914127,C4461,914.4057520140004,713.1856059748592,M4461,5434.765393937933,5635.985539977075,0,0
66,CASH_IN,26.450523537334124,C3960,4239.072655785986,4212.622132248652,M3960,3333.317595698559,3359.768119235893,0,0
35,PAYMENT,74.38494051791658,C138,24592.988019467768,24518.60307894985,M138,16810.622208150857,16885.007148668774,0,0
93,CASH_IN,496.45081665896697,C4365,781.5413228104425,285.0905061514755,M4365,107170.9309386746,107667.38175533355,0,0
30,CASH_OUT,485.5137248285082,C3000,62157.64210458764,61672.12837975913,M3000,159.72263837595403,645.2363632044622,0,0
90,PAYMENT,894.855481773273,C4178,11873.222584987336,10978.367103214065,M4178,188.3427754994096,1083.198257272683,0,0
40,CASH_IN,30.96175941895999,C4473,323.5404493408967,292.5786899219367,M4473,8336.444757892403,8367.406517311363,0,0
76,DEBIT,3.2405918219269605,C5530,3747.980036166888,3744.7394443449607,M5530,698.6643151049781,701.904906926905,1,0
86,CASH_OUT,306.71752211357926,C3994,4652.462115490344,4345.744593376765,M3994,28182.06376716414,28488.78128927772,0,0
69,DEBIT,94.81439201949678,C626,1121.9550504782624,1027.1406584587655,M626,1349.6083057510407,1444.4226977705375,0,0
70,CASH_IN,18610.82694374488,C1005,146.0668569573655,0.0,M1005,331.6555065572517,18942.482450302126,0,0
7,CASH_IN,76.41070083339183,C3919,3013.419922869087,2937.009222035695,M3919,4393.157990293608,4469.568691127,0,0
51,TRANSFER,2.1356586252426477,C4439,3995.451656825658,3993.315998200416,M4439,299.519671465875,301.6553300911176,0,0
66,DEBIT,30.2522468560238,C1040,662.7945877576151,632.5423409015913,M1040,987.051327931557,1017.3035747875808,0,0
41,TRANSFER,227.78194910409547,C322,9497.190520178596,9269.4085710745,M322,45881.23027477587,46109.01222387997,0,0
31,DEBIT,27.045125256593053,C4538,2889.2241512769024,2862.1790260203093,M4538,88338.44280638926,88365.48793164585,0,0
17,CASH_OUT,890.0112937892712,C2757,14640.535817862528,13750.524524073257,M2757,46556.99866580731,47447.00995959658,0,0
46,CASH_OUT,120.56866582504156,C1984,5170.475615157233,5049.906949332191,M1984,2760.958153753192,2881.5268195782337,0,0
92,CASH_OUT,102.18031103343714,C5129,4740.957752690895,4638.777441657458,M5129,5347.504805057663,5449.6851160911,1,0
52,CASH_OUT,69.47041166375703,C4005,4946.161368336118,4876.690956672362,M4005,5512.710290469894,5582.180702133651,0,0
22,DEBIT,406.2470992082524,C2582,2669.2803431276784,2263.0332439194262,M2582,11397.590696436384,11803.837795644637,0,0
44,CASH_IN,92.01664646553364,C4140,15145.205956214471,15053.18930974894,M4140,17471.058375779452,17563.075022244986,0,0
24,PAYMENT,96.4330539222706,C3906,2966.3205949740754,2869.887541051805,M3906,2119.836101493805,2216.269155416076,0,0
46,CASH_IN,156.5383253532198,C2942,1083.5975398014748,927.059214448255,M2942,14173.472571769977,14330.010897123197,0,0
79,CASH_IN,9.208271374572234,C2717,304.0269245000192,294.818653125447,M2717,65.39086736291868,74.59913873749092,0,0
64,PAYMENT,98.26812411220382,C1061,14710.554532137445,14612.286408025238,M1061,5800.394683560651,5898.662807672855,0,0
31,PAYMENT,1718.7757157236138,C2257,4247.069190696578,2528.293474972964,M2257,93416.92767359351,95135.70338931716,0,0
77,PAYMENT,17.461600606590846,C4018,76677.52853345411,76660.06693284752,M4018,306.0826493275661,323.54424993415694,0,0
42,PAYMENT,868.236630555431,C917,3668.2006377072657,2799.9640071518347,M917,9126.315546457949,9994.55217701338,0,0
40,DEBIT,143.239469882641,C993,687.4551448779786,544.2156749953376,M993,1641.5798874087818,1784.8193572914229,0,0
18,PAYMENT,95.98640671879495,C2881,2311.9888166569685,2216.002409938173,M2881,308.0098609735293,403.9962676923243,0,0
82,CASH_IN,2475.804020816594,C2578,24959.019206344463,22483.215185527868,M2578,119.06345447529765,2594.8674752918914,0,0
56,PAYMENT,67.08474847330197,C878,33840.048150652496,33772.96340217919,M878,199.450077149317,266.534825622619,0,0
47,CASH_IN,3.981065460783304,C507,2666.212046699208,2662.230981238424,M507,26636.82336366317,26640.80442912396,0,0
18,CASH_IN,43.856867576015446,C1618,602.2045642948626,558.3476967188471,M1618,3619.549052113616,3663.405919689631,0,0
63,CASH_OUT,1497.954221348247,C492,1089.9164682230232,0.0,M492,73.47075357897828,1571.424974927225,0,0
51,PAYMENT,242.73591825880436,C3866,298.27970037095696,55.54378211215263,M3866,28173.230522634694,28415.966440893502,0,0
45,TRANSFER,44.76300960986314,C1046,1633.07280955381,1588.309799943947,M1046,234734.3410653188,234779.10407492865,0,0
49,PAYMENT,33.64035254318485,C1297,2386.776762283955,2353.1364097407704,M1297,1611.4301360815932,1645.070488624778,0,0
23,CASH_OUT,1247.344141401293,C2288,1530.7330776519518,283.38893625065884,M2288,2516.188586546615,3763.532727947908,0,0
98,CASH_IN,507.5237049833308,C1461,3514.5630930324915,3007.0393880491606,M1461,810.6417053992149,1318.1654103825456,0,0
78,CASH_IN,4814.743968876404,C2127,1249.4648479825369,0.0,M2127,4486.661754720761,9301.405723597163,0,0
85,DEBIT,57.02684386356258,C4807,86.2677272875673,29.240883424004718,M4807,54.86777298150677,111.89461684506936,0,0
9,CASH_IN,155.13147307278982,C54,20647.4592156847,20492.32774261191,M54,617.5368944300158,772.6683675028056,0,0
60,PAYMENT,465.9927848939659,C2096,1267.372846701123,801.3800618071572,M2096,9937.16398057074,10403.156765464706,0,0
30,CASH_OUT,95.14109613713056,C2594,12501.110359794257,12405.969263657124,M2594,18107.080211733755,18202.221307870885,0,0
70,CASH_OUT,9446.888458505497,C3053,3351.49561330038,0.0,M3053,8242.217339370225,17689.105797875724,0,0
26,CASH_OUT,108.82068619684053,C2410,11825.268674948482,11716.44798875164,M2410,115.41851634596152,224.23920254280205,0,0
26,PAYMENT,696.4921081995788,C1556,102531.53791922532,101835.04581102576,M1556,880.3561650977624,1576.8482732973412,0,0
43,PAYMENT,476.18061402405647,C4833,24.561606471335068,0.0,M4833,6969.147179395158,7445.327793419214,0,0
52,TRANSFER,208.5520014437633,C3445,2401.0562498607887,2192.5042484170253,M3445,5386.638761561456,5595.190763005219,0,0
64,PAYMENT,2424.226475323578,C3016,282634.37125602784,280210.1447807043,M3016,4965.9000330478975,7390.126508371475,0,0
74,TRANSFER,272.88712211585727,C4631,4098.275646356307,3825.38852424045,M4631,371.6935795636201,644.5807016794774,0,0
88,CASH_OUT,181.37469490558533,C2206,4783.707110315091,4602.332415409506,M2206,441.995397159345,623.3700920649303,0,0
16,CASH_IN,2928.3726303271187,C2688,8700.260586800432,5771.887956473313,M2688,1512.6908797581598,4441.063510085279,0,0
88,DEBIT,2803.94918684852,C16,362.17254924019255,0.0,M16,26199.22855942558,29003.1777462741,0,0
20,PAYMENT,326.19165594297186,C1940,1631.5290486552808,1305.3373927123089,M1940,44399.85582489507,44726.047480838046,0,0
48,CASH_IN,233.3195853353624,C5085,2042.6791063601495,1809.3595210247872,M5085,397.32147492247407,630.6410602578364,1,0
22,DEBIT,7.72715448810221,C5361,938.2703193151706,930.5431648270684,M5361,6876.152437442196,6883.879591930298,1,0
40,PAYMENT,30.39492902550925,C1727,10634.523028133222,10604.128099107713,M1727,1491.4846041958065,1521.8795332213158,0,0
72,PAYMENT,82.72575039829097,C3599,18150.642567870447,18067.91681747216,M3599,167.95979613704918,250.68554653534017,0,0
84,CASH_OUT,16.79313966013431,C309,225.0179104023954,208.2247707422611,M309,356.24059843478875,373.0337380949231,0,0
93,PAYMENT,204.38369632958427,C1319,867.1909504507423,662.807254121158,M1319,220.4143995395472,424.7980958691315,0,0
91,CASH_OUT,11986.860061512603,C2844,14402.022424116703,2415.1623626040982,M2844,1823.0154230280384,13809.875484540644,0,0
4,CASH_OUT,7461.567157898583,C5366,11235.154512800578,3773.5873549019952,M5366,26506.46056823907,33968.027726137654,1,0
83,DEBIT,168.80672359988213,C2809,215562.4078084772,215393.6010848773,M2809,879.4106023604568,1048.217325960339,0,0
18,CASH_IN,35.02376476799247,C1324,56.78780548408006,21.764040716087592,M1324,1126.7489621211898,1161.7727268891822,0,0
76,CASH_IN,95.13417698103062,C3903,3575.9429781808826,3480.808801199852,M3903,133.9848720325805,229.11904901361112,0,0
93,PAYMENT,5.680832937856868,C4398,39578.77454863386,39573.093715696006,M4398,45225.66977481332,45231.35060775117,0,0
61,CASH_IN,1237.2892440922026,C321,921.6876193113746,0.0,M321,3562.1231212827747,4799.4123653749775,0,0
21,TRANSFER,21.41852538461896,C2718,1972.057325258938,1950.6387998743191,M2718,11813.909321840474,11835.327847225091,0,0
24,CASH_OUT,1310.31717283167,C585,39.648421896219766,0.0,M585,353271.67085722,354581.98803005164,0,0
90,DEBIT,496.9268230718647,C4251,562.3008503004934,65.37402722862873,M4251,143256.84165540387,143753.76847847574,0,0
86,CASH_OUT,365.4408015547851,C5489,888.5399740493457,523.0991724945607,M5489,2556.633115222356,2922.0739167771408,1,0
57,CASH_IN,1070.5462579423047,C3029,6668.500992485827,5597.954734543522,M3029,327.1186694087113,1397.664927351016,0,0
79,TRANSFER,83.61997927608724,C3213,755.6150075467008,671.9950282706136,M3213,9687.90064579594,9771.520625072026,0,0
53,DEBIT,651.6122996810025,C5427,315.2806817227568,0.0,M5427,816.7522304166826,1468.364530097685,1,0
91,TRANSFER,390.5064345937138,C862,4090.769769254076,3700.263334660362,M862,206.9129478665807,597.4193824602945,0,0
36,CASH_OUT,42.71276098699517,C2371,882.4451127173653,839.7323517303702,M2371,29.13667697024446,71.84943795723962,0,0
7,CASH_IN,16.291585405457933,C331,1347.6106192387797,1331.3190338333216,M331,784.9145145941219,801.2060999995798,0,0
60,TRANSFER,89.64050755661712,C1812,23427.006150353936,23337.36564279732,M1812,264.08237565712903,353.7228832137462,0,0
41,TRANSFER,2.914494832990422,C1261,251.63981380065883,248.7253189676684,M1261,8306.48599792218,8309.40049275517,0,0
89,TRANSFER,31.74227583963333,C4080,1131.4785956530786,1099.736319813445,M4080,11151.727475025442,11183.469750865075,0,0
25,TRANSFER,41.84704016441901,C2862,6898.949444258051,6857.102404093632,M2862,9499.666425669491,9541.513465833912,0,0
55,DEBIT,122.29782956482748,C2238,75548.65315777688,75426.35532821206,M2238,112.06323661158474,234.3610661764122,0,0
33,CASH_OUT,799.9162165010027,C3155,336.5051691886308,0.0,M3155,2876.67709186527,3676.593308366273,0,0
16,DEBIT,6331.56591058358,C3104,1954537.486343086,1948205.9204325024,M3104,12227.725268749007,18559.29117933259,0,0
48,CASH_OUT,233.06853385713933,C3476,372.345812475995,139.27727861885566,M3476,355.2193524730961,588.2878863302354,0,0
63,CASH_IN,972.4121998817628,C1665,29.95906473324916,0.0,M1665,1991.6146880213653,2964.026887903128,0,0
85,CASH_IN,7936.650704133958,C4878,2856.226078508228,0.0,M4878,101.95001073074867,8038.600714864707,0,0
7,TRANSFER,13.825390445195945,C2382,2695.7444061165315,2681.919015671336,M2382,422.9199498187669,436.7453402639628,0,0
11,PAYMENT,16.927777308888295,C4892,2793.517572471281,2776.5897951623924,M4892,2119.1206479553543,2136.0484252642427,0,0
21,TRANSFER,40.6499066367488,C913,81129.68881083437,81089.03890419762,M913,95.4337686320783,136.0836752688271,0,0
31,DEBIT,51.51267338561401,C3995,751.4571118511044,699.9444384654904,M3995,2856.9069829461487,2908.419656331763,0,0
30,CASH_IN,850.2918798205036,C3944,14763.76668431762,13913.474804497118,M3944,313.4826252414772,1163.7745050619808,0,0
58,CASH_IN,26.404380754035987,C1905,22684.811469893582,22658.407089139542,M1905,6263.437397124976,6289.841777879012,0,0
71,PAYMENT,16.482617620166025,C5253,1271.8772696699616,1255.3946520497957,M5253,63.14156079393305,79.62417841409908,1,0
58,TRANSFER,8958.864643992976,C5043,35859.410880201474,26900.546236208495,M5043,6181.164158836388,15140.028802829363,1,0
16,CASH_OUT,394.586227148082,C423,34807.48600869624,34412.89978154816,M423,140549.76242707326,140944.34865422134,0,0
40,TRANSFER,1.428255074239876,C1024,3546.4503843607417,3545.0221292865017,M1024,1046.8897544335389,1048.3180095077787,0,0
33,CASH_IN,41.28182035800575,C1607,247548.04157398088,247506.75975362287,M1607,24880.53659079786,24921.818411155866,0,0
3,CASH_OUT,253.3301297606148,C256,9544.011813333402,9290.681683572788,M256,2653.426159886936,2906.7562896475506,0,0
43,TRANSFER,64.36942771172127,C4375,361.5656582941789,297.1962305824576,M4375,6791.3163985665415,6855.685826278263,0,0
78,TRANSFER,1362.4848946990192,C929,19965.76763282593,18603.28273812691,M929,917.4591660098212,2279.9440607088404,0,0
4,TRANSFER,427.56816666674206,C900,17647.720802336356,17220.152635669616,M900,5352.279224609079,5779.847391275822,0,0
52,CASH_IN,630.1407227815039,C445,215925.79279200165,215295.65206922012,M445,3489.954577278369,4120.095300059873,0,0
27,DEBIT,13.225843670833926,C1195,10652.523363985118,10639.297520314283,M1195,6642.3605251734325,6655.586368844267,0,0
88,TRANSFER,388.35090042971433,C4901,1605.6022880032745,1217.25138757356,M4901,182.5248494631502,570.8757498928645,0,0
93,CASH_OUT,316.8253022726309,C2077,6544.639283129994,6227.813980857362,M2077,28.58259257262269,345.4078948452536,0,0
55,PAYMENT,35.549492413423586,C1169,476.7157088944215,441.1662164809979,M1169,409.7973696402071,445.3468620536307,0,0
98,CASH_IN,178.54373685396746,C2334,8032.020785749542,7853.477048895574,M2334,1354.7987793054322,1533.3425161593996,0,0
11,CASH_OUT,107.70995580326792,C3470,733.442945882118,625.7329900788501,M3470,13401.836262932811,13509.54621873608,0,0
76,PAYMENT,12.34762309640679,C4187,18176.59567023525,18164.24804713884,M4187,86183.79886283442,86196.14648593082,0,0
1,CASH_OUT,9.45742301056354,C2195,5322.744821717591,5313.287398707027,M2195,686817.7727798189,686827.2302028295,0,0
83,DEBIT,1079.394567545381,C5362,23752.99243243865,22673.59786489327,M5362,19053.79091942092,20133.1854869663,1,0
88,CASH_OUT,97.15787637317143,C3578,2201.066508873074,2103.9086324999025,M3578,32548.3886279567,32645.546504329872,0,0
11,CASH_OUT,4448.781554835461,C2672,35.679463932198054,0.0,M2672,6953.884422395037,11402.6659772305,0,0
47,CASH_IN,1341.9925434881109,C3253,3228.9134416751585,1886.920898187048,M3253,9024.249813663697,10366.242357151808,0,0
17,PAYMENT,53.050655743110106,C3032,3023.215503373141,2970.164847630031,M3032,131885.59102864406,131938.64168438717,0,0
2,DEBIT,45.860496704208224,C2661,21930.605000193984,21884.744503489776,M2661,81128.60746193891,81174.46795864312,0,0
39,TRANSFER,392.4632351883332,C3074,39.69665555508001,0.0,M3074,1189.8683293629194,1582.3315645512523,0,0
98,PAYMENT,84.80678403754412,C2281,31027.98835948416,30943.18157544661,M2281,8711.868613005065,8796.675397042609,0,0
70,CASH_OUT,4.912117259723024,C3848,105330.4085142918,105325.49639703208,M3848,6777.409567822426,6782.321685082149,0,0
67,TRANSFER,6416.757580506095,C4482,102.9986799357152,0.0,M4482,164.7118165947757,6581.469397100871,0,0
7,DEBIT,26.95137530821573,C3205,359.66093871604977,332.709563407834,M3205,9387.732873576197,9414.68424888441,0,0
78,TRANSFER,58.15019383280499,C1326,614.0839501541877,555.9337563213827,M1326,174300.68164694528,174358.8318407781,0,0
55,CASH_IN,813.9846322818341,C3021,989.9763917906292,175.9917595087952,M3021,517.6286065954529,1331.6132388772871,0,0
65,DEBIT,539.2259325940436,C4418,12708.577100779969,12169.351168185924,M4418,24730.396938885715,25269.62287147976,0,0
5,CASH_OUT,166.2512341739714,C1188,22.477557701865084,0.0,M1188,20.19603091641411,186.4472650903855,0,0
5,DEBIT,2037.375316173902,C3819,424.2172364922698,0.0,M3819,16248.908055332537,18286.28337150644,0,0
37,PAYMENT,298.6415261933598,C2447,2841.2813054202143,2542.6397792268544,M2447,4499.541884702333,4798.183410895693,0,0
94,DEBIT,27.172196128823213,C2380,35342.50278750964,35315.33059138082,M2380,520.4053023195166,547.5774984483398,0,0
31,CASH_IN,28.523516066669227,C2674,27781.158290483163,27752.63477441649,M2674,5232.548691656072,5261.072207722741,0,0
2,TRANSFER,284.51262455191073,C1396,3438.177935129536,3153.665310577625,M1396,49030.90670969564,49315.41933424755,0,0
25,TRANSFER,72.19866878448232,C985,20020.0026608304,19947.80399204592,M985,43360.54695177769,43432.74562056217,0,0
11,CASH_OUT,339.48352794240657,C3807,350.65855383600547,11.1750258935989,M3807,26315.46423063285,26654.947758575257,0,0
1,PAYMENT,424.37547957244016,C4905,87.09834754024502,0.0,M4905,4612.473643483969,5036.849123056409,0,0
56,CASH_IN,136.59859798388166,C2070,3586.7552232044973,3450.156625220616,M2070,4518.800160590846,4655.398758574727,0,0
51,PAYMENT,57.63906460281351,C3808,12060.0322357224,12002.393171119587,M3808,341.5593573722571,399.1984219750706,0,0
10,CASH_OUT,2838.778043809797,C5507,269.7697214915566,0.0,M5507,158.89819446836933,2997.6762382781662,1,0
89,CASH_OUT,271.7882902871671,C1551,218.8401484744697,0.0,M1551,940.7038304180736,1212.4921207052407,0,0
12,TRANSFER,203.114097030161,C2534,242.46998370307608,39.35588667291509,M2534,1350.2730275079537,1553.387124538115,0,0
9,CASH_IN,7.82507237324491,C479,7493.109860905323,7485.284788532078,M479,1246.862025901534,1254.687098274779,0,0
92,CASH_IN,163.3252764445866,C765,4557.157674715247,4393.83239827066,M765,83835.458322567,83998.7835990116,0,0
71,CASH_IN,609.694375600139,C1464,1066.6587714032298,456.9643958030909,M1464,4905.46643216065,5515.160807760789,0,0
67,CASH_IN,104.96346977876422,C3522,88122.52752972605,88017.56405994728,M3522,10171.822910610646,10276.78638038941,0,0
76,TRANSFER,45.862482370612405,C511,3559.237669581758,3513.3751872111457,M511,249.28335078623888,295.14583315685127,0,0
35,CASH_OUT,451.76224922222207,C2449,453684.66632349056,453232.9040742684,M2449,391.7068057746726,843.4690549968947,0,0
72,CASH_IN,238.1137699074472,C4003,429.558629057091,191.44485914964383,M4003,966.8015221420304,1204.9152920494776,0,0
8,DEBIT,94.2093911594455,C452,1098.955361384449,1004.7459702250034,M452,101273.49196245332,101367.70135361276,0,0
57,CASH_IN,239.71946535138127,C4253,1623.5500251126973,1383.830559761316,M4253,4375.850749636325,4615.570214987707,0,0
93,DEBIT,552.9007550982565,C2329,334.3543704265449,0.0,M2329,4550.202628913042,5103.103384011298,0,0
59,CASH_IN,5326.148429078255,C4250,743.1938588924398,0.0,M4250,4062.185599554488,9388.334028632742,0,0
3,DEBIT,79.18285559719718,C2992,1262.8513342417327,1183.6684786445355,M2992,8325.851369457749,8405.034225054946,0,0
1,CASH_OUT,128.03945969017408,C2930,622.5905391402587,494.55107945008456,M2930,129.66188045434305,257.70134014451713,0,0
30,CASH_IN,176.9604772108624,C4747,3139.164917674497,2962.2044404636345,M4747,395.6118970890282,572.5723742998906,0,0
36,CASH_OUT,552.6827212049548,C5487,10775.075457451703,10222.392736246748,M5487,2405.859394580437,2958.542115785392,1,0
30,PAYMENT,598.1870152815707,C4988,23590.62058178012,22992.433566498545,M4988,308.3713639068093,906.55837918838,0,0
16,TRANSFER,2.7184198632459897,C3045,42462.36483930396,42459.64641944072,M3045,32734.208022402312,32736.92644226556,0,0
44,TRANSFER,82.81221640553622,C3696,39034.76957901923,38951.95736261369,M3696,36067.948986428215,36150.76120283375,0,0
75,PAYMENT,44.10942648654319,C4244,3737.3200077855777,3693.2105812990335,M4244,87289.5079476316,87333.61737411814,0,0
40,CASH_OUT,23.74758381403438,C5411,67842.69468110338,67818.94709728935,M5411,15211.714164400988,15235.461748215022,1,0
50,DEBIT,450.8760297634426,C5195,4857.5017510356165,4406.625721272174,M5195,478.4744378553145,929.3504676187572,1,0
77,TRANSFER,157.39596578655582,C1745,785.0509341878712,627.6549684013154,M1745,3306.135221038327,3463.5311868248828,0,0
83,PAYMENT,712.9437309479912,C5572,1959.716413583775,1246.772682635784,M5572,7991.645794547076,8704.589525495066,1,0
62,CASH_OUT,205.3834083336131,C2714,7108.457516746551,6903.074108412938,M2714,848.9858145604823,1054.3692228940954,0,0
42,CASH_IN,18.741919167500352,C1790,1020.1427508194556,1001.4008316519552,M1790,21832.06909486336,21850.81101403086,0,0
10,DEBIT,5652.635268691806,C1791,333.4396387919874,0.0,M1791,1522.3331982916725,7174.968466983479,0,0
25,DEBIT,141.13858807253203,C2640,2580.0403674003765,2438.9017793278445,M2640,86.16662475503158,227.3052128275636,0,0
73,DEBIT,47.23005212603791,C2677,1380.5152241683588,1333.285172042321,M2677,11979.129029227315,12026.359081353356,0,0
32,CASH_OUT,418.0021783609726,C712,6697.032100602057,6279.029922241084,M712,5910.786059135911,6328.788237496884,0,0
71,CASH_IN,26.668525885812198,C2988,285.31965303255765,258.65112714674547,M2988,12136.346979256385,12163.015505142195,0,0
75,CASH_OUT,4198.330893105945,C2890,16218.718522345038,12020.387629239092,M2890,126.16740262807994,4324.498295734024,0,0
93,CASH_OUT,15.128055368792245,C5476,2283.9600783115584,2268.8320229427663,M5476,22206.263395456408,22221.3914508252,1,0
68,CASH_IN,5.906278846926798,C2835,11214.702475925367,11208.796197078442,M2835,2256.9306542801623,2262.836933127089,0,0
1,CASH_IN,1578.6134244402433,C481,13782.17486544832,12203.561441008076,M481,24737.62071669864,26316.234141138884,0,0
74,CASH_IN,42.34736448216304,C3179,7791.294004475896,7748.946639993733,M3179,31774.57770773574,31816.925072217902,0,0
43,PAYMENT,572.3645913707825,C5316,77996.12655742471,77423.76196605392,M5316,638.6960250479038,1211.0606164186863,1,0
14,CASH_OUT,481.14524995985295,C1568,18465.407714847093,17984.26246488724,M1568,8538.313466335188,9019.45871629504,0,0
10,CASH_OUT,721.9945928224328,C2156,2594.050214509788,1872.0556216873547,M2156,5467.466769234844,6189.461362057276,0,0
96,TRANSFER,2106.81701599262,C208,12001.864789206444,9895.047773213826,M208,4152.663537877504,6259.480553870124,0,0
55,TRANSFER,82.00716352923803,C2741,6534.505342358474,6452.498178829236,M2741,1379.4575206953248,1461.464684224563,0,0
49,DEBIT,1048.11806618486,C5127,1142.1230313837132,94.00496519885314,M5127,197.9118381378956,1246.0299043227556,1,0
98,CASH_OUT,329.0182289558682,C2011,27877.485471105705,27548.46724214984,M2011,32204.519895385936,32533.538124341805,0,0
82,DEBIT,1653.608489859172,C1845,191.58339299563053,0.0,M1845,50975.8321152042,52629.44060506337,0,0
55,DEBIT,274.9675155672182,C5347,13292.40932799011,13017.441812422892,M5347,2038.926420725724,2313.893936292942,1,0
8,CASH_OUT,75.18822591933304,C5233,577.759117812585,502.570891893252,M5233,1062.0522026252854,1137.2404285446185,1,0
68,DEBIT,2.8877788644393214,C5308,682.0000831814066,679.1123043169673,M5308,37534.20871844736,37537.0964973118,1,0
61,TRANSFER,632.8334553621393,C1909,102.58311046664646,0.0,M1909,14256.342775435096,14889.176230797237,0,0
73,TRANSFER,29.490861417065464,C3366,295.07560769293764,265.5847462758722,M3366,19732.411213782165,19761.902075199232,0,0
92,DEBIT,243.39008896798987,C747,3665.077325050557,3421.687236082568,M747,553.9118698061907,797.3019587741805,0,0
46,DEBIT,134.57359096224226,C4977,21242.264222934136,21107.69063197189,M4977,2201.804973810174,2336.378564772416,0,0
94,TRANSFER,115.71070593104912,C1330,70.02301693678618,0.0,M1330,14380.422298977086,14496.133004908135,0,0
66,CASH_OUT,65.84771834678808,C3317,234.1601379788132,168.31241963202513,M3317,2605.522812782711,2671.370531129499,0,0
29,CASH_IN,638.7886146246437,C1186,21832.45935093373,21193.670736309083,M1186,14674.99021154658,15313.778826171225,0,0
8,CASH_IN,296.74112385473705,C344,47671.67641063071,47374.93528677597,M344,716.8282996434168,1013.5694234981538,0,0
97,TRANSFER,150.3703082764783,C1998,28067.55548971761,27917.18518144114,M1998,33.66708910296483,184.03739737944315,0,0
69,PAYMENT,53.42776715748938,C3734,119.65936389152434,66.23159673403495,M3734,505526.2841837497,505579.7119509072,0,0
21,PAYMENT,12.819235458273882,C2443,1693.868299943173,1681.0490644848992,M2443,28422.68429252477,28435.503527983044,0,0
90,CASH_IN,50.51192979909885,C930,5075.869295193673,5025.357365394574,M930,6772.734326674774,6823.246256473873,0,0
77,CASH_IN,134.9381438546047,C5573,63407.83859366171,63272.90044980711,M5573,1126.084972882228,1261.023116736833,1,0
56,TRANSFER,1187.925812469748,C3908,12591.315780441511,11403.389967971763,M3908,698.5719032787506,1886.4977157484984,0,0
14,CASH_IN,6.843126606018816,C2991,8585.396999252323,8578.553872646304,M2991,49265.31625564355,49272.15938224957,0,0
70,TRANSFER,79.38049369811407,C3841,847.4517583331028,768.0712646349888,M3841,5761.73750217713,5841.117995875245,0,0
86,CASH_IN,6.824766847518744,C2775,86.79682355110975,79.97205670359101,M2775,20839.44846985469,20846.27323670221,0,0
94,CASH_IN,1220.1709833586483,C5387,132.99396325072595,0.0,M5387,15098.599789278103,16318.770772636752,1,0
97,CASH_IN,57.18927775148939,C2689,1083.819023695673,1026.6297459441837,M2689,2525.568882555772,2582.758160307261,0,0
9,CASH_OUT,363.60655569208245,C294,3493.22436226113,3129.6178065690474,M294,223.08092413672983,586.6874798288122,0,0
81,PAYMENT,540.6149945479805,C4989,2042.688180488976,1502.0731859409957,M4989,53535.02861156858,54075.64360611656,0,0
48,PAYMENT,779.6130664986586,C2335,4447.930615823217,3668.317549324558,M2335,1441.5080611556434,2221.1211276543017,0,0
44,PAYMENT,1859.7888097675368,C4234,27494.718474754085,25634.92966498655,M4234,28.838048562284765,1888.6268583298213,0,0
32,TRANSFER,1755.1278649045505,C5054,26167.39773140664,24412.269866502087,M5054,988.100998991517,2743.228863896067,1,0
69,CASH_IN,32.10994597408555,C522,35591.84477592595,35559.73482995186,M522,463583.23878907657,463615.34873505065,0,0
47,DEBIT,2427.086154546893,C141,261.76834266562963,0.0,M141,733.5068576178817,3160.5930121647743,0,0
87,PAYMENT,4246.481288667189,C1866,3296.726444826137,0.0,M1866,27414.516854913418,31660.998143580608,0,0
14,TRANSFER,2366.433816434212,C728,2542.820676402229,176.38685996801723,M728,2126.841062751383,4493.274879185595,0,0
19,PAYMENT,16.2253836206195,C1323,33810.47187978398,33794.24649616336,M1323,767.8499710222737,784.0753546428932,0,0
87,CASH_IN,647.0260006727665,C90,738.6172976816988,91.59129700893232,M90,967.7414373640592,1614.7674380368258,0,0
4,TRANSFER,141.86556975409644,C160,52.38034592077241,0.0,M160,824.1538069093181,966.0193766634144,0,0
17,TRANSFER,42.60764023897641,C879,135206.7466364112,135164.13899617223,M879,8657.328621931822,8699.936262170799,0,0
55,DEBIT,6494.073326105139,C238,1670.292342675588,0.0,M238,13291.13618967722,19785.20951578236,0,0
62,DEBIT,123.002034126512,C5141,131.13680978550795,8.134775658995949,M5141,1738.8657959895625,1861.8678301160744,1,0
41,TRANSFER,48.61036556388191,C5074,654.9796854096171,606.3693198457352,M5074,16333.621053388197,16382.231418952078,1,0
87,CASH_IN,206.3450996922526,C1575,3379.998959751762,3173.653860059509,M1575,5273.690183613324,5480.035283305577,0,0
27,DEBIT,21.683583298665138,C5346,2855.1679087501084,2833.484325451443,M5346,21464.112860856665,21485.79644415533,1,0
15,DEBIT,3319.7861471300707,C1600,2973.143378540914,0.0,M1600,5994.787550491539,9314.57369762161,0,0
92,TRANSFER,15.746356307678932,C3516,172504.0746925448,172488.32833623711,M3516,2596.2197719711144,2611.9661282787933,0,0
72,TRANSFER,12.086908412982044,C2792,25.46853450885731,13.381626095875266,M2792,72849.17537599998,72861.26228441297,0,0
53,PAYMENT,17.172637539464972,C4491,5889.477210979259,5872.304573439795,M4491,4515.953812234734,4533.126449774199,0,0
45,CASH_IN,8.783364620183763,C3019,458.8137308493588,450.030366229175,M3019,12276.735573196356,12285.51893781654,0,0
27,TRANSFER,67.84736391422899,C1918,1951.7632705742576,1883.915906660029,M1918,3723.027639590719,3790.875003504948,0,0
6,PAYMENT,36.026459397607425,C2019,725.0092179603419,688.9827585627345,M2019,14566.72012761176,14602.74658700937,0,0
75,TRANSFER,111.27093427827444,C2290,443.5310901825048,332.2601559042303,M2290,182935.259215393,183046.53014967125,0,0
56,CASH_OUT,52.53062390020918,C4068,1475.778821822205,1423.2481979219958,M4068,17224.58028513186,17277.110909032068,0,0
89,TRANSFER,38.42918303337812,C4397,1941.656157645229,1903.226974611851,M4397,2840.825712788815,2879.254895822193,0,0
57,TRANSFER,3783.020874151649,C417,1975.5260544648104,0.0,M417,9832.857911967198,13615.878786118848,0,0
15,PAYMENT,29.53250452840731,C4062,7464.200567812939,7434.668063284532,M4062,5269.649689803657,5299.182194332064,0,0
75,CASH_IN,1759.8339957607984,C2961,31341.42293151328,29581.588935752483,M2961,1303.484027367837,3063.318023128635,0,0
23,TRANSFER,1554.485444472584,C2218,1007.0991869671984,0.0,M2218,68192.40193822853,69746.88738270111,0,0
53,CASH_IN,26.21132552478047,C3688,4226.83738113875,4200.62605561397,M3688,21155.18132420789,21181.39264973267,0,0
31,CASH_IN,11.089281447891718,C1180,1185.050590834985,1173.9613093870937,M1180,25713.381943727847,25724.471225175737,0,0
60,PAYMENT,10.91295732597164,C5556,273.6272065530901,262.71424922711844,M5556,1871.438403651658,1882.3513609776296,1,0
77,DEBIT,0.144596479830051,C154,1308.9381431881566,1308.7935467083266,M154,90.20436599784014,90.3489624776702,0,0
59,CASH_OUT,60.44618939035268,C4019,95161.5655406682,95101.11935127784,M4019,67506.02801687045,67566.4742062608,0,0
35,PAYMENT,58.528573631780695,C644,57096.81128557367,57038.28271194189,M644,1868.41154922862,1926.9401228604004,0,0
3,CASH_IN,10.89713646967537,C4169,1692.8756709372374,1681.978534467562,M4169,11644.133880982405,11655.03101745208,0,0
21,CASH_IN,9.30054983927064,C716,2249.61956493972,2240.319015100449,M716,1735.6328354769053,1744.933385316176,0,0
20,TRANSFER,3530.414374356662,C2095,5387.0824824127785,1856.6681080561168,M2095,928.0844238735056,4458.498798230167,0,0
68,CASH_IN,110.8365896076098,C4435,26472.79716701383,26361.96057740622,M4435,185.3463409640596,296.18293057166943,0,0
4,PAYMENT,69.24173716421967,C2691,6905.392742442572,6836.151005278352,M2691,9137.788760075868,9207.030497240088,0,0
92,PAYMENT,2099.924863908392,C223,1158.6459040253585,0.0,M223,201831.0567194922,203930.98158340057,0,0
22,CASH_OUT,2135.074597398853,C3010,1278.932632796199,0.0,M3010,7280.917716198684,9415.992313597537,0,0
32,TRANSFER,317.4726862340521,C393,38355.20531346456,38037.73262723051,M393,235.1050510958507,552.5777373299028,0,0
12,DEBIT,56.45341559814772,C3242,7459.877423042241,7403.424007444094,M3242,33024.92948251583,33081.382898113974,0,0
62,PAYMENT,65.59912184072763,C5202,14610.856349667663,14545.257227826938,M5202,1455.174053629214,1520.7731754699414,1,0
12,DEBIT,151.63481959604414,C560,546.5393218569599,394.9045022609157,M560,6221.5913885136415,6373.226208109686,0,0
65,CASH_OUT,78.97587262822536,C2298,2871.218742436753,2792.242869808528,M2298,137611.92327150973,137690.89914413795,0,0
98,CASH_OUT,21.00211031562611,C5324,763.8031411263445,742.8010308107184,M5324,1564.8323174777374,1585.8344277933636,1,0
9,PAYMENT,85.2297429622138,C5007,168.29731603683425,83.06757307462044,M5007,38026.02215136372,38111.251894325935,1,0
8,CASH_IN,7.336439922895241,C4311,16884.362324246817,16877.02588432392,M4311,317.55915338778374,324.895593310679,0,0
73,CASH_OUT,566.6842505987997,C2276,34918.62474654974,34351.94049595094,M2276,2842.6148410512747,3409.2990916500744,0,0
60,PAYMENT,667.5016057847934,C3931,5393.35695971731,4725.855353932517,M3931,19871.137965486985,20538.63957127178,0,0
8,CASH_OUT,28.410447984901293,C3244,54.0716828210142,25.661234836112907,M3244,1147.6507304194777,1176.061178404379,0,0
51,DEBIT,54.71388613142437,C5084,339730.5617265084,339675.8478403769,M5084,32698.870210378976,32753.5840965104,1,0
98,PAYMENT,798.3294626056024,C855,5193.291968926986,4394.962506321383,M855,4567.709289790585,5366.038752396187,0,0
92,CASH_OUT,221.2585483044065,C755,109419.80978077636,109198.55123247196,M755,4360.60832681761,4581.866875122017,0,0
68,CASH_OUT,342.1127753305509,C4510,224506.9754279518,224164.8626526213,M4510,8393.383222639299,8735.49599796985,0,0
39,CASH_IN,179.49419611531084,C636,199.0902031117312,19.59600699642033,M636,5578.240089777233,5757.734285892544,0,0
62,TRANSFER,116.12229610112334,C5047,2863.490794371891,2747.3684982707678,M5047,1037.9083858203662,1154.0306819214895,1,0
13,CASH_OUT,30.622812719351096,C1076,13906.387716121631,13875.764903402282,M1076,539.92597231985,570.5487850392011,0,0
48,TRANSFER,96.25197301220706,C405,1982.6768445567875,1886.4248715445804,M405,17762.835499906767,17859.087472918975,0,0
96,DEBIT,801.3604898598982,C3489,56731.23754145965,55929.87705159975,M3489,3070.79307411653,3872.153563976429,0,0
77,PAYMENT,137.54077828172314,C3591,207.8171557936276,70.27637751190443,M3591,37123.96443033986,37261.50520862158,0,0
19,TRANSFER,1951.306792445121,C4852,2592.9649796574977,641.6581872123768,M4852,3198.550507563631,5149.857300008752,0,0
63,CASH_OUT,59.36539331543073,C4557,19023.936155424537,18964.570762109102,M4557,1745.349901681545,1804.7152949969757,0,0
22,TRANSFER,60.51966884757693,C2866,31899.40947970338,31838.8898108558,M2866,1719.8798438023307,1780.3995126499076,0,0
47,CASH_IN,296.49728225466896,C1190,131.06648286071854,0.0,M1190,58698.8555888983,58995.35287115297,0,0
55,TRANSFER,7311.201609483721,C3583,1998.8731739010327,0.0,M3583,3201.4482595584723,10512.649869042194,0,0
33,DEBIT,1883.514201992252,C545,6615.266758101455,4731.7525561092025,M545,18482.070777036744,20365.584979029,0,0
83,CASH_OUT,480.5671902570248,C2966,3330.935457718753,2850.3682674617285,M2966,13.16789443892462,493.7350846959494,0,0
66,DEBIT,955.5409314296588,C173,260.9064001624784,0.0,M173,17.80655031232029,973.3474817419792,0,0
26,DEBIT,53.11671040497952,C3916,8065.059681810752,8011.942971405773,M3916,4027.942721908869,4081.059432313848,0,0
83,PAYMENT,5.907998632063986,C4617,6.21397719393316,0.3059785618691739,M4617,62.04705169062084,67.95505032268483,0,0
84,CASH_OUT,28.91387560619777,C763,3869.6199729403447,3840.7060973341463,M763,2677.494297390694,2706.408172996892,0,0
80,DEBIT,13.195199316284103,C1917,1624.4030779168816,1611.2078786005975,M1917,1660.661595372258,1673.856794688542,0,0
3,DEBIT,690.5167486645059,C4858,120.6176600939098,0.0,M4858,34035.336195300115,34725.85294396462,0,0
28,TRANSFER,339.15995176308775,C5004,806.704556335737,467.5446045726493,M5004,234.28530532234944,573.4452570854371,1,0
92,CASH_OUT,276.5549747503276,C5095,5150.826836733369,4874.271861983042,M5095,4157.748036631513,4434.30301138184,1,0
96,PAYMENT,23.168086126243377,C4198,20804.854012378124,20781.68592625188,M4198,220196.69949085516,220219.86757698137,0,0
36,PAYMENT,8.274819239134542,C3684,35248.30227050378,35240.02745126464,M3684,33623.67144942167,33631.94626866081,0,0
8,CASH_OUT,684.9014937946748,C5257,13523.733722457437,12838.832228662764,M5257,6966.97231549457,7651.8738092892445,1,0
70,PAYMENT,381.6590849840621,C1662,55870.951419680285,55489.29233469622,M1662,14598.402532571676,14980.061617555735,0,0
72,CASH_OUT,3009.2392555433894,C306,19521.22655603537,16511.98730049198,M306,427840.5694533373,430849.8087088807,0,0
13,PAYMENT,82.62705426187655,C1215,12535.852851300824,12453.225797038947,M1215,4101.414306738518,4184.041361000394,0,0
47,CASH_IN,5932.726121857239,C4275,23265.16738816218,17332.44126630494,M4275,2625.085722103847,8557.811843961086,0,0
21,PAYMENT,240.30135079166456,C4086,14734.009707681167,14493.708356889503,M4086,479.5854614417922,719.8868122334568,0,0
34,PAYMENT,5584.288306872731,C81,7653.391442333482,2069.103135460751,M81,669.9497791830861,6254.238086055817,0,0
63,TRANSFER,19.85951025647697,C939,14125.06113384296,14105.201623586485,M939,150.83931975627658,170.69883001275355,0,0
99,TRANSFER,344.1534402394371,C1853,191.2320414292953,0.0,M1853,1161.8802464560204,1506.0336866954574,0,0
74,PAYMENT,2074.6093639225965,C4001,184.28406031541377,0.0,M4001,2941.344704646671,5015.954068569267,0,0
37,TRANSFER,6.552056607101556,C4102,2339.273909816612,2332.7218532095103,M4102,1490.288899455296,1496.8409560623977,0,0
97,PAYMENT,54.23922139545494,C250,4668.00037689877,4613.7611555033145,M250,1186.7761147211086,1241.0153361165635,0,0
22,CASH_OUT,186.01497839543916,C5370,2529776.783216045,2529590.76823765,M5370,386.1851699242839,572.200148319723,1,0
58,CASH_IN,829.6120999866483,C1787,195152.4486746394,194322.8365746528,M1787,105.6697801391977,935.281880125846,0,0
4,PAYMENT,43.530614903115634,C3034,128.00056432377266,84.46994942065703,M3034,442.2539475469278,485.7845624500434,0,0
71,CASH_IN,48.74531363463613,C5036,32445.53520600283,32396.789892368197,M5036,19720.278887833218,19769.02420146785,1,0
3,DEBIT,31.71617701984019,C5593,606.347917378402,574.6317403585618,M5593,51512.03032817494,51543.74650519478,1,0
58,CASH_IN,1417.547769214394,C4881,41308.52523995874,39890.97747074434,M4881,41310.44574837283,42727.99351758722,0,0
84,PAYMENT,58.83507393425669,C4098,4674.790761819515,4615.955687885258,M4098,11022.460410099367,11081.295484033624,0,0
61,CASH_IN,2273.687785272203,C714,1930.2885932500967,0.0,M714,1252.5097609912864,3526.1975462634896,0,0
51,CASH_OUT,2883.576929897877,C3788,31404.365894537896,28520.788964640014,M3788,347.6008225809579,3231.177752478835,0,0
80,TRANSFER,184.34093179144375,C2348,182.82492261117488,0.0,M2348,3267.410192869663,3451.751124661107,0,0
4,TRANSFER,292.57666214423824,C2934,86.97633388204152,0.0,M2934,69408.4598410507,69701.03650319495,0,0
59,TRANSFER,3733.896919596097,C1731,26.06965537145512,0.0,M1731,6101.304252024981,9835.201171621078,0,0
57,TRANSFER,1383.4527392778764,C4663,86950.99776650005,85567.54502722216,M4663,5921.771774207894,7305.22451348577,0,0
79,PAYMENT,116.88678630608774,C5221,3836.578638452942,3719.691852146854,M5221,4964.992736752146,5081.879523058234,1,0
84,TRANSFER,1593.7505220554294,C3652,23.10795868129488,0.0,M3652,6420.855218602086,8014.6057406575155,0,0
25,DEBIT,6.787392774001924,C4781,8209.92338100273,8203.135988228729,M4781,29585.73046532959,29592.51785810359,0,0
96,DEBIT,37.083805459723,C1752,7.496882013082156,0.0,M1752,34784.77319256574,34821.85699802547,0,0
82,TRANSFER,591.2972172407515,C3864,14740.571460245104,14149.274243004353,M3864,1304.414282144304,1895.7114993850555,0,0
43,CASH_OUT,1.3701949109907543,C2345,1005.7263680204394,1004.3561731094486,M2345,1092.4365038489111,1093.8066987599018,0,0
15,TRANSFER,39.22025898979736,C2,55.36856841882241,16.148309429025055,M2,318.66526815195255,357.8855271417499,0,0
52,CASH_OUT,16.814806797138,C1282,202.6883806327621,185.8735738356241,M1282,4545.032298964869,4561.847105762007,0,0
7,CASH_OUT,269.64507632549214,C283,212071.75114468567,211802.10606836024,M283,15515.767542246247,15785.41261857174,0,0
2,CASH_IN,5134.22839459282,C5498,10757.731079594543,5623.502685001723,M5498,488.0562909160744,5622.284685508895,1,0
26,CASH_IN,390.0435374505415,C2120,19625.52821312089,19235.484675670352,M2120,433.1437301289224,823.1872675794639,0,0
9,TRANSFER,266.3986477369037,C5541,455.5363478523257,189.13770011542204,M5541,495.2741392437303,761.6727869806339,1,0
7,TRANSFER,216.99992382686253,C2601,135981.86466771024,135764.86474388337,M2601,82.78921498566953,299.7891388125321,0,0
84,CASH_OUT,30.24605827329203,C4823,8157.601712398676,8127.355654125384,M4823,11608.68382817425,11638.929886447542,0,0
52,PAYMENT,571.0712077658026,C0,469.1004535148735,0.0,M0,472.84489220531816,1043.9160999711207,0,0
92,TRANSFER,1498.1526082007697,C1348,1072.2070554821903,0.0,M1348,16770.42401832028,18268.576626521048,0,0
37,DEBIT,85.20838659727116,C200,55451.509507281815,55366.30112068454,M200,2097.463549721422,2182.671936318693,0,0
56,TRANSFER,251.18611691293327,C4931,2480.9876622713323,2229.801545358399,M4931,874.437472718862,1125.6235896317953,0,0
75,CASH_IN,15.627620972696338,C1014,29407.948071808554,29392.320450835858,M1014,27094.611109581667,27110.238730554363,0,0
36,PAYMENT,54.663085178275175,C4476,336.5497571858812,281.886672007606,M4476,988.0012657803592,1042.6643509586345,0,0
88,CASH_OUT,1609.1023351670956,C3147,15662.0849132637,14052.982578096606,M3147,3249.8440667278146,4858.94640189491,0,0
21,CASH_IN,2750.1171188532053,C2302,1983.4515926797528,0.0,M2302,5738.457382513353,8488.574501366558,0,0
70,CASH_IN,102.44357699628632,C2139,469.8456972884013,367.402120292115,M2139,3960.158475851129,4062.602052847416,0,0
70,TRANSFER,292.4930654858387,C4497,1379.935361104379,1087.44229561854,M4497,9040.469440606455,9332.962506092294,0,0
79,TRANSFER,47.42084803776134,C2105,20917.707707912657,20870.286859874897,M2105,1318.2713340066616,1365.692182044423,0,0
10,CASH_OUT,881.9452144353851,C4166,4164.887469657853,3282.942255222468,M4166,2178.426372036833,3060.3715864722185,0,0
29,TRANSFER,341.40495541044595,C1624,28989.80617291282,28648.40121750237,M1624,117.55707086270333,458.96202627314926,0,0
59,CASH_IN,76.32196627232078,C5251,75619.59585161247,75543.27388534014,M5251,23187.835346219574,23264.15731249189,1,0
14,PAYMENT,5079.210463067985,C3434,834.5277179222287,0.0,M3434,7497.971844066829,12577.182307134815,0,0
1,TRANSFER,2164.984466017114,C1512,969.6630890973512,0.0,M1512,10233.733146413007,12398.717612430122,0,0
80,TRANSFER,473.0888894152076,C4726,6629.98900436152,6156.900114946312,M4726,7201.357426951922,7674.44631636713,0,0
37,PAYMENT,6.9129147750843805,C2336,5211.10748788367,5204.194573108585,M2336,12033.097164896328,12040.010079671412,0,0
96,CASH_IN,13384.82146011156,C5270,4213.106864356474,0.0,M5270,12473.071587516944,25857.893047628502,1,0
52,DEBIT,510.9011015414948,C210,7219.053196162296,6708.152094620802,M210,148748.97785099896,149259.87895254046,0,0
67,PAYMENT,206.1543821942482,C4400,2307.802935647237,2101.6485534529893,M4400,6289.368727746353,6495.523109940601,0,0
35,DEBIT,213.71273650253968,C4601,1155.9806056320465,942.2678691295066,M4601,672.9170929280741,886.6298294306138,0,0
41,TRANSFER,14.261008082950177,C2759,4007.810400518263,3993.549392435313,M2759,11153.22180282729,11167.48281091024,0,0
71,CASH_IN,293.4276936419076,C5557,2257.343048889619,1963.9153552477112,M5557,16471.730208390683,16765.15790203259,1,0
40,DEBIT,69.99255675655081,C3549,1668.7843238512082,1598.7917670946574,M3549,41143.626831330446,41213.619388087,0,0
62,TRANSFER,5317.475222407402,C4522,4663.641941005885,0.0,M4522,1179566.6321577036,1184884.107380111,0,0
87,PAYMENT,73.91413318378603,C3370,7087.1477753474055,7013.233642163619,M3370,171.1088939495764,245.0230271333625,0,0
57,DEBIT,2135.563824920108,C1166,8335.603910931735,6200.040086011628,M1166,4699.8216811364255,6835.385506056533,0,0
96,CASH_OUT,42.19465806595395,C4199,6897.037457142639,6854.842799076685,M4199,49987.801405242,50029.99606330795,0,0
96,PAYMENT,448.1305669908705,C5122,25380.781811981506,24932.651244990637,M5122,4115.839003826943,4563.969570817813,1,0
67,DEBIT,246.0173391749865,C5273,2089.6828446098207,1843.665505434834,M5273,185.0026779328486,431.0200171078351,1,0
35,CASH_IN,9071.588461179528,C1089,532.1356479628978,0.0,M1089,90.56045710719825,9162.148918286726,0,0
52,DEBIT,887.2750056735381,C998,338.6153007818881,0.0,M998,1799.790071768665,2687.065077442203,0,0
75,DEBIT,74.91455985620122,C4837,4262.512899962087,4187.598340105886,M4837,360.3152765040269,435.22983636022815,0,0
25,CASH_IN,13.957837569667374,C1647,2525.396501977319,2511.438664407652,M1647,49080.2563872607,49094.214224830364,0,0
68,TRANSFER,388.3909393129208,C456,730.3409147229961,341.9499754100753,M456,202.98067637987756,591.3716156927983,0,0
11,TRANSFER,60.79030771535337,C1971,40.04755911156019,0.0,M1971,2727.909685193944,2788.699992909297,0,0
41,CASH_OUT,123.40421850033476,C4493,18323.69868688243,18200.294468382097,M4493,195387.12236131312,195510.52657981345,0,0
34,DEBIT,12879.299938151946,C885,118.84891817717568,0.0,M885,24355.412313989797,37234.71225214174,0,0
13,CASH_OUT,85.53438918690051,C1616,1121.8594229415626,1036.325033754662,M1616,3896.054872058788,3981.589261245688,0,0
20,CASH_IN,569.6681046946752,C5458,5140.4962152178805,4570.828110523205,M5458,1353.703660618395,1923.3717653130695,1,0
19,DEBIT,4469.221176177466,C2053,28100.374014777997,23631.152838600527,M2053,6465.559544339129,10934.780720516595,0,0
68,CASH_IN,238.5275219841554,C4417,1517.115563113641,1278.5880411294856,M4417,8763.532722226544,9002.0602442107,0,0
25,PAYMENT,2485.0668742367834,C629,357.45898256371544,0.0,M629,21547.59415085716,24032.66102509394,0,0
15,TRANSFER,683.0557805894111,C3254,97544.40715597542,96861.35137538602,M3254,533.9082963479414,1216.9640769373525,0,0
57,PAYMENT,44.83381197606823,C3085,28616.498957409407,28571.66514543334,M3085,5803.81467910631,5848.648491082378,0,0
66,PAYMENT,4.255024850866308,C3966,454363.4686137807,454359.2135889298,M3966,35918.20322581079,35922.45825066165,0,0
11,PAYMENT,92.9260414537378,C1236,48068.62808047304,47975.7020390193,M1236,23604.879034386624,23697.80507584036,0,0
5,TRANSFER,89.17343337058313,C3181,5454.634767697971,5365.461334327388,M3181,1467.5831432789632,1556.7565766495463,0,0
82,CASH_IN,294.2224794826351,C2898,3450.902165953508,3156.6796864708726,M2898,15428.311291327209,15722.533770809843,0,0
34,TRANSFER,519.2052902603156,C523,14620.649232391084,14101.443942130769,M523,269.67462032089617,788.8799105812118,0,0
67,DEBIT,7888.397201252549,C5591,12709.113988836822,4820.716787584272,M5591,2992.333507468202,10880.730708720752,1,0
73,PAYMENT,3328.3470402184903,C818,1443.1382813082384,0.0,M818,1079.3463918212638,4407.693432039754,0,0
74,CASH_OUT,27.58528853870967,C4540,38.22347192641532,10.638183387705652,M4540,13794.24002133018,13821.825309868893,0,0
31,CASH_OUT,152.88206022436748,C4276,1820.6492659576445,1667.767205733277,M4276,61490.243523319616,61643.12558354398,0,0
27,CASH_OUT,253.8767999626984,C1455,262.46585405860344,8.589054095905084,M1455,1693.1266158310796,1947.003415793778,0,0
38,CASH_IN,1374.3480303010606,C18,766.1894830611706,0.0,M18,1622.830644577953,2997.1786748790137,0,0
78,PAYMENT,74.31829507062113,C5112,572.2280669615201,497.9097718908989,M5112,19833.23458855956,19907.55288363018,1,0
17,TRANSFER,396.4025049052917,C2779,2310.594850076984,1914.1923451716923,M2779,15701.344463154124,16097.746968059417,0,0
6,TRANSFER,293.100234460072,C178,582.897534089538,289.79729962946607,M178,977.0925457333984,1270.1927801934703,0,0
34,DEBIT,244.59713741639536,C3955,26337.17589560104,26092.578758184645,M3955,897.0966064789238,1141.6937438953191,0,0
2,CASH_OUT,110.72111594959831,C1268,390.9973374654467,280.2762215158484,M1268,8067.20544024565,8177.926556195248,0,0
43,CASH_IN,11.356136781154763,C2913,448.3955342351021,437.0393974539473,M2913,30059.24818070028,30070.604317481437,0,0
65,CASH_OUT,14.58489639493366,C2237,3875.0468365162615,3860.461940121328,M2237,811.5945835158764,826.1794799108101,0,0
4,DEBIT,10.900194451767206,C74,486.1107270859419,475.2105326341747,M74,4962.583962376617,4973.484156828384,0,0
87,DEBIT,175.00872851214717,C735,16469.852124998775,16294.843396486627,M735,1885.3310608004613,2060.3397893126084,0,0
50,CASH_IN,2427.607850557526,C3472,48026.15444614543,45598.546595587904,M3472,391.784452225919,2819.392302783445,0,0
69,PAYMENT,336.4266254176136,C3142,18065.3157565551,17728.889131137486,M3142,58894.89700608671,59231.32363150432,0,0
75,DEBIT,1238.7154863484543,C3028,953.3822259850187,0.0,M3028,3189.512594660911,4428.228081009365,0,0
77,CASH_OUT,140.67069341251792,C1762,1553.8515549451804,1413.1808615326624,M1762,1025.3213500617262,1165.9920434742442,0,0
54,CASH_IN,71.31120758229713,C2620,628.3253921540565,557.0141845717594,M2620,885.4412107259706,956.7524183082676,0,0
55,TRANSFER,934.0992052878684,C3978,15626.506954587823,14692.407749299957,M3978,365.342695008655,1299.4419002965235,0,0
6,DEBIT,210.70906499092567,C3768,7112.3979046403465,6901.6888396494205,M3768,4354.889329510435,4565.598394501361,0,0
43,CASH_IN,2.0365143595799107,C5049,5351.150112744199,5349.113598384619,M5049,7271.239557401324,7273.276071760904,1,0
79,PAYMENT,2158.47943485941,C1734,40426.624657576765,38268.14522271736,M1734,1586.7717759632512,3745.251210822661,0,0
15,CASH_IN,15.199736326889369,C1942,2002.3772652212012,1987.177528894312,M1942,7952.893317494111,7968.093053821,0,0
51,TRANSFER,5.79707175983546,C4775,2591.274602294276,2585.4775305344406,M4775,3989.6412294906336,3995.438301250469,0,0
21,DEBIT,455.72674943191066,C4292,2016.8907892373657,1561.164039805455,M4292,352.1506772596497,807.8774266915603,0,0
17,CASH_OUT,165.2733671127076,C1840,298.3970688473419,133.12370173463432,M1840,58.50139099391367,223.77475810662128,0,0
51,CASH_IN,165.72516742881265,C5067,1007.4451581888108,841.7199907599983,M5067,7217.949193030856,7383.674360459669,1,0
32,TRANSFER,74.4498205315635,C168,28323.36825403125,28248.91843349969,M168,1348.555465196331,1423.0052857278945,0,0
81,CASH_OUT,80.42174344199657,C942,14779.909624973596,14699.4878815316,M942,25.622753318262948,106.04449676025952,0,0
61,PAYMENT,84.47690350209868,C3153,419.0092262923874,334.5323227902888,M3153,7673.974896330498,7758.451799832597,0,0
62,TRANSFER,11.266753408168826,C1702,1955.5968098427045,1944.330056434536,M1702,1821.129748399381,1832.3965018075496,0,0
33,CASH_OUT,14.612893378481898,C4201,89.28583888048233,74.67294550200043,M4201,2502.895922194069,2517.508815572551,0,0
62,TRANSFER,1236.4334185508503,C5126,7794.592825509641,6558.159406958791,M5126,39912.58952251437,41149.02294106522,1,0
52,CASH_OUT,354.72294114291583,C4828,4143.025681876851,3788.302740733936,M4828,3049.1887265708897,3403.9116677138054,0,0
79,DEBIT,313.6586579357524,C4232,21588.630932894408,21274.97227495865,M4232,11885.561554029844,12199.220211965596,0,0
35,CASH_OUT,1037.3820054405262,C2075,4793.795359022158,3756.413353581632,M2075,2159.735504472057,3197.117509912583,0,0
44,PAYMENT,1014.1475752626952,C4049,12550.39384050389,11536.246265241194,M4049,4872.148749418437,5886.296324681132,0,0
91,PAYMENT,2809.611578945993,C3396,15584.536767032188,12774.925188086194,M3396,650.3931353651109,3460.004714311104,0,0
82,CASH_IN,14.552680736911896,C95,87.22361155398889,72.670930817077,M95,31963.97284498383,31978.525525720743,0,0
27,CASH_IN,32.56325212970071,C4524,66599.08553657621,66566.52228444652,M4524,14.861537541422209,47.42478967112292,0,0
81,PAYMENT,68.70408214384975,C2824,3986.809036426974,3918.104954283124,M2824,644.7410033073429,713.4450854511927,0,0
29,CASH_OUT,62.52665663591302,C1850,672.4872288435682,609.9605722076552,M1850,93183.17786467,93245.7045213059,0,0
59,CASH_IN,15.17206669287037,C5182,837.5600957769686,822.3880290840983,M5182,1110.175820062649,1125.3478867555198,1,0
96,CASH_OUT,54.57473073101091,C265,2234.277913701409,2179.7031829703983,M265,30528.76748606528,30583.34221679629,0,0
37,DEBIT,26.49121604983874,C2191,81186.1368043343,81159.64558828446,M2191,1515.441336990938,1541.9325530407768,0,0
43,TRANSFER,322.739342181772,C4347,923.1956530320052,600.4563108502334,M4347,5141.999355437206,5464.738697618978,0,0
20,DEBIT,108.92776136512704,C2614,405.4417657414088,296.5140043762817,M2614,1420.4951749989796,1529.4229363641066,0,0
22,PAYMENT,1719.2993246247336,C2519,14848.000668451248,13128.701343826517,M2519,14865.33276629207,16584.632090916803,0,0
74,TRANSFER,216.36864568672397,C3639,1801.63414736146,1585.2655016747362,M3639,837482.1503226523,837698.5189683391,0,0
37,CASH_OUT,177.0084064830666,C3064,2071.895606741817,1894.8872002587505,M3064,2155.5221700738,2332.530576556867,0,0
54,CASH_IN,46.38592598862223,C4804,1340.0054706106946,1293.6195446220725,M4804,25281.558571818445,25327.944497807068,0,0
39,PAYMENT,25.65202310070612,C4825,55635.28279876626,55609.63077566555,M4825,113.34848151065007,139.00050461135618,0,0
51,CASH_IN,17.597480720350223,C4507,456.3872090848087,438.7897283644584,M4507,14261.346332740775,14278.943813461126,0,0
65,CASH_IN,901.4027983641262,C4429,3143.146045275394,2241.743246911268,M4429,5541.3627137383055,6442.765512102432,0,0
11,TRANSFER,8.599297990005022,C4053,126.33767816376135,117.73838017375633,M4053,1336.1871822735031,1344.786480263508,0,0
36,CASH_OUT,7.598923915497927,C1242,154762.53451815798,154754.93559424247,M1242,350.46250089306625,358.0614248085642,0,0
5,CASH_IN,193.07336109310043,C1690,2169.536039915381,1976.462678822281,M1690,9706.189276417554,9899.262637510654,0,0
26,TRANSFER,187.15858705352412,C2330,1603.2956435748545,1416.1370565213304,M2330,142178.07849787155,142365.2370849251,0,0
87,DEBIT,73.52691074565945,C2789,6883.109760163167,6809.582849417508,M2789,99.5251259589102,173.05203670456964,0,0
43,TRANSFER,168.46400389197262,C3895,12978.115897308566,12809.651893416592,M3895,37496.23521873437,37664.69922262635,0,0
15,PAYMENT,1.6209319917676237,C3855,3244.1609064850504,3242.539974493283,M3855,3907.5772015645994,3909.198133556366,0,0
28,DEBIT,16.67464360270984,C3517,86.55775976705327,69.88311616434343,M3517,289.3802488401792,306.05489244288907,0,0
47,CASH_IN,211.21227946198584,C4155,67.6562301753877,0.0,M4155,347.4698439555324,558.6821234175183,0,0
23,CASH_IN,97.80564008012904,C1789,36.41011737485447,0.0,M1789,1401.5737175518695,1499.3793576319986,0,0
80,CASH_IN,399.70779511530975,C34,19993.833349346027,19594.125554230715,M34,1834.746952055537,2234.454747170847,0,0
79,CASH_IN,292.8398826363279,C870,122.5120203860982,0.0,M870,10313.716955174375,10606.556837810704,0,0
83,CASH_OUT,860.8087229863007,C1120,151.4740601259539,0.0,M1120,1685.7616351268048,2546.5703581131056,0,0
55,CASH_IN,59.71191910700809,C4943,26328.27811633009,26268.56619722308,M4943,17403.36012617166,17463.07204527867,0,0
23,CASH_IN,48.24575159985573,C4569,58953.82010648502,58905.57435488517,M4569,7094.025003691942,7142.270755291798,0,0
1,CASH_OUT,409.1750969967217,C1246,3406.1534639164224,2996.978366919701,M1246,424.36266669652815,833.5377636932499,0,0
82,TRANSFER,17.93336266759474,C591,45641.41958664958,45623.48622398199,M591,4923.246840418661,4941.180203086256,0,0
88,PAYMENT,2067.7049413695418,C883,2281.0392916711635,213.33435030162173,M883,2309.952784677986,4377.657726047528,0,0
42,CASH_IN,4.925135494034733,C2415,1541.5244368150495,1536.5993013210148,M2415,1319.5687371193028,1324.4938726133375,0,0
29,DEBIT,9534.142670706908,C4764,1441.4974918831072,0.0,M4764,621.4205957575913,10155.563266464498,0,0
72,PAYMENT,3155.3244378560507,C4535,1538.2252411809282,0.0,M4535,2368.4176406037,5523.742078459751,0,0
60,CASH_OUT,616.0210983077953,C52,5247.615873427796,4631.594775120001,M52,548.2130000005078,1164.2340983083031,0,0
3,CASH_IN,1129.4806993799873,C217,4872.7799015550745,3743.299202175087,M217,175.9978835842807,1305.478582964268,0,0
8,CASH_IN,1928.872357595088,C1366,11117.433995573798,9188.56163797871,M1366,245.78947333016905,2174.6618309252567,0,0
75,DEBIT,66.02758949790548,C2353,2174.397261458624,2108.3696719607187,M2353,3082.61195782749,3148.639547325396,0,0
95,PAYMENT,1222.2593498420442,C4319,536.5399209531633,0.0,M4319,2600.437565541996,3822.69691538404,0,0
95,CASH_OUT,190.14320821566756,C2623,45420.38085915812,45230.23765094245,M2623,211.82141294659772,401.9646211622653,0,0
68,DEBIT,379.3789619072232,C4551,20086.09347199337,19706.714510086145,M4551,9426.09291924146,9805.471881148684,0,0
72,PAYMENT,820.6357669810261,C1957,3643.210579309965,2822.5748123289386,M1957,3884.754532024729,4705.390299005755,0,0
40,PAYMENT,214.84344591591883,C1105,2269.381487107895,2054.538041191976,M1105,1744.406324590017,1959.249770505936,0,0
9,CASH_IN,162.83692343689762,C2409,38368.74125583662,38205.904332399725,M2409,383.5676261728375,546.4045496097351,0,0
55,TRANSFER,817.6105576587203,C4940,386.97692478725855,0.0,M4940,142688.57963034374,143506.19018800245,0,0
83,CASH_OUT,1790.4907870718887,C5320,2059.9530466366577,269.46225956476906,M5320,9825.025199683769,11615.515986755658,1,0
22,PAYMENT,362.3423947340205,C4014,7744.419109080021,7382.076714346001,M4014,95.6272445298738,457.9696392638943,0,0
98,PAYMENT,49.56466841233286,C1870,91.23576655554952,41.67109814321668,M1870,256.8034792649012,306.36814767723405,0,0
45,CASH_OUT,1272.003391653937,C1590,30835.81968687673,29563.816295222798,M1590,19200.418744042,20472.42213569593,0,0
33,TRANSFER,192.96145840843707,C1999,1126.0615168383003,933.1000584298632,M1999,106433.7292021268,106626.69066053524,0,0
48,DEBIT,598.1712731642609,C3131,4376.956244948112,3778.784971783851,M3131,1098.6818948519356,1696.8531680161964,0,0
70,CASH_OUT,127.019988022487,C3039,7340.483071253759,7213.463083231271,M3039,4538.48726925223,4665.507257274718,0,0
92,CASH_IN,2782.3504037275134,C2265,1287.587275820427,0.0,M2265,4251.555223428613,7033.905627156127,0,0
64,DEBIT,15.694670123566816,C3200,3491.6404057714262,3475.9457356478592,M3200,4639.5120913821165,4655.206761505683,0,0
37,TRANSFER,25.382613340409414,C1593,1431.0107548076394,1405.62814146723,M1593,3265.334722831773,3290.717336172183,0,0
44,CASH_OUT,18.357842516563487,C2181,14607.88243826366,14589.524595747098,M2181,12702.676704204756,12721.03454672132,0,0
9,CASH_IN,4307.938645756638,C3043,2728.5055993699743,0.0,M3043,28649.047913132294,32956.98655888893,0,0
90,DEBIT,19.221639185371856,C5166,1002.2747911833396,983.0531519979676,M5166,362.1375080146306,381.35914720000255,1,0
32,TRANSFER,15.397089031350973,C2478,1991.2964819985173,1975.8993929671665,M2478,1014.8067430064388,1030.2038320377897,0,0
16,TRANSFER,538.1787986696609,C499,215.69844778826644,0.0,M499,8724.358200419329,9262.536999088989,0,0
44,DEBIT,1595.7615778878132,C2219,23.41502470736586,0.0,M2219,873.3268271736205,2469.0884050614336,0,0
36,TRANSFER,188.8461579848901,C307,4605.194215798943,4416.348057814053,M307,25580.741355823782,25769.58751380868,0,0
35,TRANSFER,82.34643155442899,C1699,3751.02501893996,3668.678587385531,M1699,150.17947147611565,232.52590303054464,0,0
36,PAYMENT,166.54543012478211,C68,2132.3311362702125,1965.7857061454304,M68,16493.617111521024,16660.162541645805,0,0
26,CASH_OUT,295.8739185403168,C1260,54354.97826646733,54059.104347927016,M1260,73034.69093246177,73330.56485100208,0,0
16,CASH_OUT,93.2396234601814,C5177,1214.291571453898,1121.0519479937168,M5177,1457.1201035602635,1550.3597270204448,1,0
13,DEBIT,283.1386678796565,C5037,2932.978268257005,2649.839600377348,M5037,2770.408845335795,3053.5475132154515,1,0
48,DEBIT,707.7981141317726,C3552,424.2826654462861,0.0,M3552,707.2892559828847,1415.0873701146577,0,0
17,CASH_IN,4355.970163046712,C5035,1502.6034641443762,0.0,M5035,1569.052361601411,5925.022524648122,1,0
49,PAYMENT,941.9412032942328,C4066,10435.737890936798,9493.796687642563,M4066,577.5257287900108,1519.4669320842436,0,0
18,DEBIT,3887.6202697770536,C2373,1655.2520905867705,0.0,M2373,22414.814310166526,26302.43457994358,0,0
3,DEBIT,92.69993519101148,C3143,38919.52301905155,38826.82308386054,M3143,6740.0037490693285,6832.70368426034,0,0
78,PAYMENT,173.91904048033234,C3977,11113.766522881342,10939.84748240101,M3977,1974.0607304109487,2147.979770891281,0,0
75,TRANSFER,176.69449313251357,C1864,6451.493200145941,6274.798707013428,M1864,319.33012824463805,496.0246213771516,0,0
57,TRANSFER,415.7065689082722,C1533,2157.116175191632,1741.4096062833594,M1533,2688.066392892116,3103.772961800388,0,0
40,CASH_IN,214.71211819537956,C1250,6349.2928167854325,6134.580698590053,M1250,1201.2681163999998,1415.9802345953794,0,0
69,DEBIT,15.089694968798778,C4619,78812.66913370954,78797.57943874074,M4619,12629.353595792722,12644.44329076152,0,0
3,CASH_IN,37.2796701621236,C965,2164.2922340790665,2127.012563916943,M965,977.6665862795448,1014.9462564416684,0,0
56,CASH_OUT,392.4094859999074,C2917,13371.07118819309,12978.661702193182,M2917,1049.3013029577685,1441.710788957676,0,0
62,DEBIT,469.89985801219984,C824,2447.418766722165,1977.5189087099648,M824,505.5988429750964,975.4987009872964,0,0
81,CASH_IN,104.66307578543528,C4583,7246.986582185448,7142.323506400013,M4583,3973.339588635176,4078.002664420612,0,0
46,DEBIT,145.21155711815518,C4277,53941.67581497799,53796.46425785984,M4277,285.52437579179417,430.7359329099494,0,0
7,CASH_IN,123.91824084941504,C4898,12016.013865522616,11892.0956246732,M4898,85.48131667150642,209.39955752092143,0,0
23,CASH_OUT,478.5507511384285,C3854,36202.89147114316,35724.34072000473,M3854,2834.9339145727886,3313.484665711217,0,0
62,TRANSFER,162.85813035267813,C176,2671.067931064313,2508.209800711635,M176,415.0840248879763,577.9421552406544,0,0
95,DEBIT,133.9190327623131,C829,29774.076964580745,29640.15793181843,M829,23127.350827423445,23261.26986018576,0,0
43,TRANSFER,65.41943564517013,C1661,9164.539624272904,9099.120188627734,M1661,997.3782262224108,1062.797661867581,0,0
62,DEBIT,5200.268270625499,C199,6621.356584850042,1421.088314224543,M199,922.4722685195288,6122.740539145028,0,0
55,TRANSFER,80.27730311368748,C5325,23128.28944504466,23048.012141930973,M5325,20180.88366144664,20261.160964560324,1,0
35,PAYMENT,264.09776800175456,C118,1307.8965333323888,1043.7987653306343,M118,196.45991563546383,460.5576836372184,0,0
75,CASH_IN,327.3227159924147,C1085,4321.827252827254,3994.504536834839,M1085,46647.71604191476,46975.038757907176,0,0
90,CASH_IN,28.211598249681277,C572,7955.722883964616,7927.511285714934,M572,406.0668884203183,434.2784866699996,0,0
90,DEBIT,15.762935964382978,C476,381.186806345385,365.423870381002,M476,6705.383887537771,6721.146823502155,0,0
60,CASH_IN,91.94362786334143,C4078,462.0330806480213,370.0894527846799,M4078,5370.5599487517575,5462.503576615099,0,0
46,CASH_OUT,23.666895465024965,C367,14522.22795522602,14498.561059760994,M367,111443.674234587,111467.341130052,0,0
18,CASH_IN,59.23998115170477,C5529,97.91952257040744,38.67954141870267,M5529,643.1254324513789,702.3654136030837,1,0
27,TRANSFER,32.95450898310479,C3753,11769.954259910952,11736.999750927847,M3753,8782.755839552088,8815.710348535193,0,0
95,DEBIT,31.21818220526937,C2906,936.506586302194,905.2884040969244,M2906,2511.8171596004886,2543.035341805758,0,0
59,TRANSFER,262.16756773210375,C170,2736.977649017542,2474.810081285438,M170,1348.3385671939618,1610.5061349260654,0,0
68,CASH_OUT,122.21650691723973,C2356,5217.518165988962,5095.3016590717225,M2356,10958.492511887103,11080.709018804344,0,0
11,DEBIT,93.03082713832208,C1714,1224.0862490356242,1131.055421897302,M1714,1789.5499288295744,1882.5807559678965,0,0
89,CASH_IN,289.0791715619372,C1922,107265.25152020108,106976.17234863911,M1922,7292.556771520557,7581.635943082494,0,0
86,PAYMENT,52.91667431832722,C3095,17456.791045009722,17403.874370691396,M3095,4979.292770594049,5032.209444912376,0,0
22,CASH_IN,13.73914632486198,C2552,258.3510061217784,244.61185979691643,M2552,2096.604844916594,2110.3439912414565,0,0
62,PAYMENT,74.77875363011586,C3570,2873.1727107687952,2798.3939571386795,M3570,21110.75194314636,21185.530696776477,0,0
8,CASH_OUT,132.95878767583483,C2369,5326.040847612613,5193.082059936778,M2369,3667.549568958501,3800.508356634336,0,0
66,CASH_OUT,52.89608681261921,C4674,31.32881989167736,0.0,M4674,5614.0246628308205,5666.92074964344,0,0
60,DEBIT,160.37606123490264,C3690,2035.2268977667584,1874.850836531856,M3690,30672.29041765109,30832.66647888599,0,0
32,TRANSFER,53.0164113698193,C1558,5625.401062317825,5572.384650948005,M1558,3823.1077444349207,3876.12415580474,0,0
9,TRANSFER,119.11081184940711,C618,372.8016380660708,253.69082621666365,M618,611.3665841666996,730.4773960161067,0,0
96,PAYMENT,6554.510037563695,C4944,864.9883476713243,0.0,M4944,2271.3903193244028,8825.900356888098,0,0
65,PAYMENT,544.6867907937406,C3667,2593.269804813396,2048.583014019655,M3667,398.6867936744264,943.3735844681668,0,0
58,DEBIT,201.0828860573736,C2038,313.7097392949637,112.62685323759018,M2038,623.6148590233328,824.6977450807063,0,0
38,TRANSFER,22.028379197183117,C5598,21592.90068430584,21570.872305108656,M5598,518.9424878805959,540.970867077779,1,0
30,CASH_IN,98.10761741236465,C467,4505.705242674353,4407.5976252619885,M467,2687.644631940758,2785.7522493531224,0,0
92,CASH_OUT,3.61812733392324,C1470,1864.4641688628367,1860.846041528914,M1470,86.25744093368897,89.87556826761221,0,0
8,TRANSFER,164.27071382335964,C3975,415.8408903606071,251.57017653724745,M3975,27383.289143050173,27547.559856873533,0,0
5,TRANSFER,22.73680897449857,C1175,216515.03353287568,216492.2967239012,M1175,13741.532745730656,13764.269554705152,0,0
49,TRANSFER,752.0479934744653,C3066,244.818559879845,0.0,M3066,7041.325186600219,7793.373180074685,0,0
53,DEBIT,253.6941977677432,C3861,1338.981761130913,1085.2875633631695,M3861,2480.601971552677,2734.29616932042,0,0
59,CASH_OUT,5087.175999287363,C3747,9994.895349065124,4907.719349777761,M3747,5473.542919707035,10560.718918994398,0,0
70,DEBIT,3.8523496444274334,C3365,3831.6191606462608,3827.7668110018335,M3365,31240.784449791296,31244.636799435724,0,0
6,DEBIT,22.782551850456613,C997,20896.71008304927,20873.927531198813,M997,223.87931653098423,246.66186838144085,0,0
24,DEBIT,499.5101939423599,C1026,197.3695241360591,0.0,M1026,168.1523756886528,667.6625696310127,0,0
56,CASH_OUT,321.53501544086714,C951,714.1269950204997,392.5919795796326,M951,2400.5581759686143,2722.0931914094813,0,0
19,CASH_OUT,565.3736303495031,C3880,39650.88765892667,39085.51402857717,M3880,466.4767585560456,1031.8503889055487,0,0
95,PAYMENT,735.0577922404747,C5517,304.05095335295607,0.0,M5517,134.32178445604114,869.3795766965159,1,0
25,CASH_OUT,58.66830709865276,C1728,9559.922185700185,9501.25387860153,M1728,661.2560290429168,719.9243361415696,0,0
37,CASH_OUT,489.6605162730546,C1063,2031.593503122996,1541.9329868499412,M1063,8487.206888879202,8976.867405152256,0,0
93,CASH_IN,1850.1654767099956,C3656,1250.2147560964015,0.0,M3656,8806.819147668195,10656.98462437819,0,0
59,PAYMENT,770.8696009954385,C4667,1223.646955289698,452.7773542942596,M4667,143.06925324594445,913.938854241383,0,0
35,PAYMENT,105.31562325651257,C1103,2308.95268597592,2203.637062719408,M1103,12608.557093768612,12713.872717025126,0,0
48,PAYMENT,715.470864811645,C4834,56977.154988717884,56261.68412390624,M4834,347.3000718166321,1062.770936628277,0,0
12,TRANSFER,33.513433383651986,C4653,361.96568987900633,328.45225649535433,M4653,560.8175831014698,594.3310164851218,0,0
92,CASH_IN,8.203678923500823,C3457,367803.33248954767,367795.1288106242,M3457,523.2009172122073,531.4045961357081,0,0
85,DEBIT,699.454828130384,C2322,2281.6804984035634,1582.2256702731793,M2322,11817.694368117302,12517.149196247685,0,0
32,TRANSFER,91.82892801711306,C5296,18047.82515580481,17955.9962277877,M5296,16462.529011901945,16554.357939919057,1,0
39,PAYMENT,106.25156200141296,C270,1832.3361442447576,1726.0845822433446,M270,13256.382671978788,13362.6342339802,0,0
2,TRANSFER,520.5051872680154,C5183,373.6815694838381,0.0,M5183,728.6388067639348,1249.14399403195,1,0
51,CASH_OUT,6380.9319279044485,C1037,959.2748692348472,0.0,M1037,2891.739362639636,9272.671290544084,0,0
49,DEBIT,1116.4791483861943,C3558,55206.31167930392,54089.83253091773,M3558,271.6672208450157,1388.1463692312102,0,0
50,CASH_OUT,90.27939594080802,C660,1283.1906883120778,1192.9112923712698,M660,255.38124481509465,345.66064075590265,0,0
15,DEBIT,4536.074923580674,C3378,124.12654244915768,0.0,M3378,34455.364626583614,38991.43955016429,0,0
74,PAYMENT,36.91312606364698,C974,105.16221074285566,68.24908467920869,M974,5185.351337269837,5222.264463333484,0,0
68,TRANSFER,249.39309641547325,C1191,8143.40897850969,7894.015882094217,M1191,778.6274735278039,1028.0205699432772,0,0
10,CASH_IN,127.25749953406188,C2413,141.28774810707745,14.030248573015555,M2413,1413.7329679002837,1540.9904674343454,0,0
99,CASH_IN,4451.900446522827,C3685,3621.634668224904,0.0,M3685,215799.98859110716,220251.88903763,0,0
5,DEBIT,29.13047910059401,C120,980.2274383759924,951.0969592753984,M120,669.3190494994495,698.4495286000435,0,0
1,CASH_OUT,261.35852964295765,C3529,949.9129000264828,688.5543703835251,M3529,1810.267780387568,2071.626310030526,0,0
84,CASH_OUT,808.2702103475874,C4456,14653.123421747296,13844.853211399708,M4456,430.78698523072,1239.0571955783075,0,0
7,DEBIT,322.5142971730941,C4204,2520.264914065586,2197.7506168924915,M4204,2599.915471636304,2922.429768809398,0,0
30,TRANSFER,59.86608865223749,C3092,7219.545367402025,7159.679278749787,M3092,5046.749985816449,5106.616074468687,0,0
78,TRANSFER,5.928892957122573,C4301,6927.732350133254,6921.803457176131,M4301,141.4746177657312,147.40351072285378,0,0
40,CASH_OUT,359.206942221947,C5531,4720.1123587166185,4360.905416494672,M5531,1026.9623960446584,1386.169338266605,1,0
66,PAYMENT,151.42398752016305,C3640,872.1051267925664,720.6811392724032,M3640,5288.1814916879885,5439.605479208151,0,0
3,CASH_IN,105.59395361964886,C2506,2377.2426185512736,2271.648664931625,M2506,970.2524994567746,1075.8464530764234,0,0
60,TRANSFER,206.3352829837783,C3083,6753.968478185639,6547.63319520186,M3083,98.28088250913616,304.6161654929145,0,0
15,CASH_IN,19.779308162579717,C448,6605.069331253105,6585.290023090525,M448,1212.5144492153086,1232.2937573778884,0,0
29,DEBIT,85.91990845172795,C1287,135.9822857425802,50.06237729085224,M1287,645.8566211114426,731.7765295631705,0,0
21,CASH_OUT,351.84800638264454,C5164,7147.879220337842,6796.031213955197,M5164,184.15732279570653,536.0053291783511,1,0
43,CASH_IN,15458.8677928517,C4733,10644.4119440313,0.0,M4733,1187.3219122505357,16646.189705102235,0,0
39,CASH_OUT,7.819818247270221,C5563,2892.5884070314264,2884.768588784156,M5563,118332.96425991796,118340.78407816523,1,0
57,CASH_IN,8.009656927868127,C3546,1446.8750871036916,1438.8654301758236,M3546,15740.69190131355,15748.70155824142,0,0
31,TRANSFER,119.08050982975954,C1796,990.9167666689738,871.8362568392142,M1796,1023.4494460299107,1142.5299558596705,0,0
87,CASH_OUT,236.3165606009627,C3767,11977.41096296234,11741.094402361376,M3767,1737.6000190265595,1973.9165796275224,0,0
22,DEBIT,1230.9790876607042,C4639,3097.863189225434,1866.8841015647297,M4639,4889.938588735157,6120.917676395861,0,0
50,DEBIT,25.89989623466663,C3049,2143.561822899637,2117.66192666497,M3049,31495.735221525807,31521.635117760477,0,0
76,DEBIT,420.4552092705577,C3012,421.4367479228947,0.9815386523370648,M3012,2207.30365719836,2627.758866468917,0,0
21,DEBIT,38.06519513068685,C5,257.00889298450335,218.9436978538165,M5,521.8314522893342,559.896647420021,0,0
54,CASH_IN,101.2716789387563,C4392,1759.8383585530355,1658.566679614279,M4392,1237.0008397419736,1338.27251868073,0,0
62,TRANSFER,1.3936891314885775,C477,7783.242183054805,7781.848493923316,M477,3713.02087622168,3714.4145653531687,0,0
93,DEBIT,6754.6585438564025,C2990,849.0144674383212,0.0,M2990,899.8229364822296,7654.481480338632,0,0
60,TRANSFER,567.4922751581845,C1589,13105.5742414391,12538.081966280915,M1589,7845.702435360953,8413.194710519138,0,0
3,DEBIT,37.51717187467102,C2113,40.64910651730796,3.131934642636942,M2113,50642.367685487705,50679.884857362376,0,0
64,CASH_IN,80.92818338008799,C5029,1440.1792117924713,1359.2510284123832,M5029,61.21428126055356,142.14246464064155,1,0
28,CASH_IN,60.9475586969053,C5059,152.6978586399377,91.7502999430324,M5059,2198.2691263422025,2259.216685039108,1,0
9,TRANSFER,371.4845146820722,C3442,3899.351683510996,3527.867168828924,M3442,78777.16035654955,79148.64487123162,0,0
7,CASH_IN,11.950024393090809,C2398,46619.40651710075,46607.456492707664,M2398,15189.2091535136,15201.15917790669,0,0
69,CASH_OUT,47.70540086168748,C4925,2655.4764215663613,2607.771020704674,M4925,1909.410186242027,1957.1155871037145,0,0
11,CASH_OUT,1104.5101159357205,C4546,6527.061412485906,5422.551296550186,M4546,15587.051158835564,16691.561274771284,0,0
49,PAYMENT,564.9177342447153,C784,751.3413918556444,186.423657610929,M784,1568.450313120857,2133.368047365572,0,0
2,DEBIT,3.676339691958698,C230,1464.4716605475862,1460.7953208556276,M230,93571.49102567078,93575.16736536274,0,0
49,DEBIT,61.11623522128888,C1303,59.89318087839207,0.0,M1303,5792.230163022828,5853.346398244116,0,0
51,CASH_OUT,4.565003052593984,C5432,5286.26843776106,5281.703434708466,M5432,1009.3200569406968,1013.8850599932908,1,0
84,CASH_OUT,485.7685935196845,C882,6437.842522067411,5952.073928547727,M882,24224.2034929351,24709.972086454785,0,0
71,DEBIT,301.4093986623566,C4252,7301.251626283913,6999.842227621556,M4252,3951.151488799626,4252.560887461983,0,0
75,PAYMENT,111.0473248266246,C1098,3896.017828050103,3784.970503223479,M1098,4316.956528550537,4428.003853377161,0,0
41,CASH_IN,23.99961450433392,C1981,5194.67738667902,5170.677772174686,M1981,26260.38968653469,26284.389301039024,0,0
17,PAYMENT,142.87534320989607,C401,2106.3031976437583,1963.4278544338624,M401,645.5546368138544,788.4299800237504,0,0
78,DEBIT,28.60320683720537,C1232,1102.9835283640132,1074.3803215268078,M1232,3930.571051364832,3959.174258202037,0,0
50,PAYMENT,188.8705893668821,C2098,5778.63114543898,5589.760556072098,M2098,25225.39993097928,25414.270520346163,0,0
50,CASH_OUT,1964.1571210679635,C4243,456.9979200189236,0.0,M4243,4466.584415524075,6430.741536592038,0,0
1,CASH_OUT,73.57160530441614,C2400,20427.630814151795,20354.05920884738,M2400,2205.7485539576346,2279.3201592620508,0,0
17,TRANSFER,63.704508001715446,C3387,4793.016989843836,4729.312481842121,M3387,499.4433572798132,563.1478652815287,0,0
69,CASH_IN,26.937570755471004,C3780,437.1058987879533,410.1683280324823,M3780,1304.0072087507046,1330.9447795061756,0,0
51,PAYMENT,267.22761700427355,C40,8825.67055505697,8558.442938052696,M40,9876.624631095445,10143.852248099718,0,0
72,CASH_IN,58.6598013556838,C3530,2328.4589423300886,2269.799140974405,M3530,534.1047399079182,592.764541263602,0,0
87,CASH_IN,1134.6913514808796,C4423,691.8142755424329,0.0,M4423,695.3652415665682,1830.056593047448,0,0
46,CASH_IN,205.2426854763985,C5375,9101.60113821544,8896.358452739043,M5375,24614.626700496912,24819.86938597331,1,0
67,CASH_OUT,343.5692809676873,C1403,8392.320616738638,8048.75133577095,M1403,88547.74930459209,88891.31858555977,0,0
52,PAYMENT,1266.1398466451883,C866,525.7921230249568,0.0,M866,4722.067954775827,5988.207801421016,0,0
8,CASH_OUT,2817.193454430392,C4216,259.8474248244026,0.0,M4216,4575.301293009289,7392.494747439681,0,0
73,PAYMENT,1517.7352997099106,C251,936.4299852236868,0.0,M251,696.6849109099703,2214.420210619881,0,0
26,DEBIT,208.38594167008097,C570,50069.90670627398,49861.5207646039,M570,2758.4511779174486,2966.8371195875297,0,0
62,TRANSFER,112.0666519555156,C509,227.95966795922328,115.89301600370769,M509,4196.436651196644,4308.503303152159,0,0
19,CASH_IN,33.247335625365274,C3589,7675.214094786989,7641.966759161624,M3589,8473.07076907469,8506.318104700054,0,0
64,CASH_OUT,55.14465778635319,C2267,21062.029626346204,21006.88496855985,M2267,296.0328122333372,351.1774700196904,0,0
85,TRANSFER,3355.051857865662,C4376,4687.455023348518,1332.403165482856,M4376,2882.3565584274056,6237.408416293068,0,0
51,DEBIT,5208.371108115977,C2796,1195.4466158791245,0.0,M2796,211424.82633224488,216633.19744036085,0,0
36,TRANSFER,780.3291901037178,C2480,10926.884638520718,10146.555448417,M2480,699.2379144764994,1479.5671045802171,0,0
51,CASH_OUT,356.03982216703616,C3420,6288.2496158317135,5932.209793664677,M3420,227653.08055523012,228009.1203773972,0,0
71,CASH_IN,235.36589035307293,C5068,5864.063377593376,5628.697487240303,M5068,825.9742893842973,1061.3401797373704,1,0
33,TRANSFER,52.03226217789928,C3851,384.8118531555621,332.77959097766285,M3851,796.5275236774248,848.5597858553241,0,0
35,CASH_OUT,2384.7313063411298,C3666,4351.165820210911,1966.4345138697813,M3666,711.8179298653671,3096.549236206497,0,0
33,DEBIT,50.13952319697804,C4284,4870.603428243828,4820.4639050468495,M4284,3286.447511372358,3336.587034569336,0,0
42,PAYMENT,49.36156207489999,C3229,121511.38397942924,121462.02241735432,M3229,110.9798889216843,160.34145099658429,0,0
32,TRANSFER,15.07926337886163,C908,572.0722370510475,556.9929736721859,M908,3235.8036734409725,3250.882936819834,0,0
17,CASH_OUT,3908.782593100299,C4818,4893.224127723486,984.4415346231868,M4818,14338.183103489073,18246.965696589374,0,0
76,CASH_IN,1043.221096570585,C3386,24.149719403049183,0.0,M3386,60152.4912087168,61195.71230528738,0,0
55,TRANSFER,2009.3499758338053,C4081,600.4050978663637,0.0,M4081,5063.055491322478,7072.405467156283,0,0
27,PAYMENT,17.10978685461871,C197,12046.167924908626,12029.058138054008,M197,1250.8136448579626,1267.9234317125813,0,0
83,DEBIT,267.0352504120004,C2679,701.6185650171634,434.583314605163,M2679,171.283227051713,438.3184774637134,0,0
5,CASH_IN,1.7789304867057112,C1119,12447.118155887758,12445.339225401052,M1119,17941.293076852668,17943.072007339375,0,0
11,DEBIT,485.9978460454316,C3798,11952.695901021309,11466.698054975875,M3798,2646.2224183641792,3132.220264409611,0,0
12,CASH_IN,1576.4369604836882,C1213,1499.2004942818496,0.0,M1213,4161.955986031341,5738.3929465150295,0,0
3,CASH_IN,6.670648256177904,C3266,2367.8902572965144,2361.2196090403363,M3266,656.1288459243718,662.7994941805497,0,0
6,CASH_IN,19.030229653675068,C457,16867.683678611684,16848.653448958008,M457,3433.8744736056688,3452.904703259344,0,0
58,TRANSFER,98.4271334565766,C2088,1007.8435145673462,909.4163811107696,M2088,1870.008534594809,1968.4356680513856,0,0
99,DEBIT,21.60924841461702,C2973,3404.838742017568,3383.229493602951,M2973,612.9202329782878,634.5294813929048,0,0
19,TRANSFER,149.6835403439288,C260,12196.056582074209,12046.37304173028,M260,781.5317817879113,931.21532213184,0,0
92,CASH_OUT,2082.604523202217,C1769,2440.202152443534,357.597629241317,M1769,20145.640891134943,22228.24541433716,0,0
37,TRANSFER,334.1569893549872,C811,2536.388908579366,2202.231919224379,M811,6549.734437812426,6883.891427167413,0,0
42,CASH_OUT,404.90109430034494,C3899,3944.32778379505,3539.426689494705,M3899,21035.593210510477,21440.494304810814,0,0
3,PAYMENT,3628.7512445503103,C807,738.6019764799458,0.0,M807,2269.9639094442914,5898.715153994602,0,0
3,DEBIT,235.48122108550663,C1939,2480.495512314164,2245.0142912286574,M1939,5874.866621501318,6110.347842586825,0,0
4,CASH_IN,199.68365379637768,C2989,905.9564288133698,706.2727750169921,M2989,641.789512637069,841.4731664334467,0,0
8,PAYMENT,1044.512217148832,C5088,604782.7028052305,603738.1905880817,M5088,99.91715960824408,1144.429376757076,1,0
4,PAYMENT,3424.12529944547,C2968,2495.2468307390486,0.0,M2968,2806.65323252711,6230.77853197258,0,0
50,CASH_OUT,4044.066112036588,C4009,77765.97933757558,73721.913225539,M4009,3001.463394552308,7045.529506588895,0,0
84,PAYMENT,157.8293407386106,C984,2160.26528872508,2002.4359479864693,M984,2421.576690386364,2579.4060311249746,0,0
49,CASH_IN,43.59740733508179,C3148,14818.377805663193,14774.78039832811,M3148,5096.264774972119,5139.862182307201,0,0
69,CASH_IN,1127.560389449529,C884,2087.719382839126,960.1589933895968,M884,233.6297577231794,1361.1901471727083,0,0
36,PAYMENT,91.41223503476073,C590,461418.74583338335,461327.3335983486,M590,10123.08381757508,10214.49605260984,0,0
73,CASH_IN,531.1226442297645,C1509,1318.843869556471,787.7212253267064,M1509,25507.87834227823,26039.000986507992,0,0
67,TRANSFER,50.28193480875945,C2832,7923.770081063157,7873.488146254397,M2832,84103.30076378646,84153.58269859523,0,0
9,CASH_OUT,32.36700908105174,C149,5418.751483416889,5386.384474335837,M149,727.5525673010385,759.9195763820902,0,0
85,CASH_OUT,28.4774404399292,C3320,795.6776972563221,767.2002568163929,M3320,13173.792081885978,13202.269522325909,0,0
85,TRANSFER,97.31016648291612,C3180,8890.248300415129,8792.938133932214,M3180,5845.661073503846,5942.971239986762,0,0
42,TRANSFER,10.100604064474982,C1156,7763.470486897479,7753.369882833003,M1156,4426.384753062254,4436.4853571267295,0,0
62,CASH_OUT,9.678819140141856,C5010,26156.47946195685,26146.800642816703,M5010,4229.211028227405,4238.889847367547,1,0
60,TRANSFER,42.01764603931971,C3965,35069.51706423445,35027.49941819513,M3965,9.01085386211494,51.02849990143464,0,0
88,CASH_IN,1058.471999010346,C5495,2522.3423885047696,1463.8703894944235,M5495,10153.14114774872,11211.613146759066,1,0
52,CASH_IN,58.77466748060228,C158,5696.956972674747,5638.182305194145,M158,1800.9339472498557,1859.7086147304576,0,0
4,TRANSFER,1526.0329851256677,C2690,10274.274491631297,8748.241506505627,M2690,132212.59670915516,133738.62969428083,0,0
87,PAYMENT,395.3691371008775,C2342,80149.2552816508,79753.88614454992,M2342,1339.770293207992,1735.1394303088694,0,0
87,TRANSFER,14.385535058145576,C426,791.3034470053325,776.9179119471869,M426,42511.64918206734,42526.03471712548,0,0
99,DEBIT,846.9112304700002,C3450,12700.06241138548,11853.15118091548,M3450,242.99334815306645,1089.9045786230668,0,0
5,DEBIT,18.71908851842869,C4428,7218.245831962064,7199.526743443635,M4428,4528.653296132042,4547.372384650471,0,0
15,CASH_IN,894.2372279021072,C3211,3929.0200859917113,3034.782858089604,M3211,1348.4689216970269,2242.706149599134,0,0
69,CASH_OUT,75.25586430575737,C4673,230804.88438257697,230729.6285182712,M4673,533.1519679581717,608.4078322639291,0,0
28,TRANSFER,442.1729060172966,C1291,783.4087305599829,341.2358245426863,M1291,91.7698270141893,533.9427330314859,0,0
22,CASH_IN,275.201226273168,C339,2187.4286037244747,1912.227377451307,M339,629.1927050337605,904.3939313069284,0,0
70,CASH_IN,4152.092981112709,C3071,16557.717417183227,12405.624436070517,M3071,14465.132911781582,18617.22589289429,0,0
13,CASH_IN,810.620359994295,C5485,610.668467163779,0.0,M5485,4275.995134396374,5086.615494390669,1,0
93,PAYMENT,2.4163512180911058,C1933,14161.218896085436,14158.802544867343,M1933,574.0650058113642,576.4813570294554,0,0
76,DEBIT,140.01873537198676,C3498,854.7339084699121,714.7151730979253,M3498,3704.9703590394506,3844.989094411437,0,0
23,CASH_OUT,70.83371703437383,C2888,541.9668606987872,471.13314366441335,M2888,117.52219239264431,188.35590942701816,0,0
33,TRANSFER,19.08142817053952,C334,14774.32554959828,14755.244121427742,M334,338.9287895741963,358.0102177447358,0,0
23,CASH_IN,117.58426199554285,C4455,17677.677667447817,17560.093405452273,M4455,11874.43381318198,11992.018075177522,0,0
92,PAYMENT,3.590166073932249,C3865,1257.4927270058754,1253.902560931943,M3865,718.9220330310316,722.5121991049638,0,0
57,CASH_OUT,24.29742632963213,C177,2679.457534530569,2655.1601082009365,M177,392.8832213008589,417.180647630491,0,0
58,PAYMENT,364.9133161985287,C576,1278.640309949987,913.7269937514584,M576,9650.487551959286,10015.400868157814,0,0
54,CASH_IN,7794.457918129101,C1278,178.1807474171291,0.0,M1278,9577.308015157569,17371.765933286668,0,0
7,PAYMENT,17.632305458180042,C964,26681.443302731703,26663.81099727352,M964,176313.22578622244,176330.85809168062,0,0
65,DEBIT,7.52766683630153,C4145,139.00998324622933,131.4823164099278,M4145,197.78909525206697,205.3167620883685,0,0
32,TRANSFER,12.662002103945529,C4541,1920.1077675848976,1907.4457654809523,M4541,599.3765479515545,612.0385500555,0,0
89,CASH_OUT,83.35558870050559,C2273,1439.5973181721552,1356.2417294716497,M2273,3758.8810829094105,3842.236671609916,0,0
98,TRANSFER,62.06595316255687,C2103,42.568308397107614,0.0,M2103,869.7377252948834,931.8036784574402,0,0
4,CASH_OUT,2118.527389712418,C1433,4208.141620618254,2089.614230905836,M1433,11959.536066158818,14078.063455871235,0,0
1,CASH_OUT,190.1045328102688,C3368,80.71074601138287,0.0,M3368,20395.7202834937,20585.82481630397,0,0
5,PAYMENT,503.7869360426315,C1071,15777.738696770784,15273.951760728152,M1071,3624.9654586302495,4128.752394672881,0,0
87,PAYMENT,28.45349522496258,C1452,5251.820339388509,5223.366844163546,M1452,10528.454988451704,10556.908483676669,0,0
9,CASH_OUT,357.741081083588,C5524,1331.937450534513,974.196369450925,M5524,3048.623716733395,3406.364797816984,1,0
73,DEBIT,1520.213062246086,C761,2175.6796164039365,655.4665541578504,M761,4239.070805252326,5759.283867498412,0,0
75,PAYMENT,1515.9683359774904,C3042,2984.371385349821,1468.4030493723308,M3042,283.85690721051566,1799.825243188006,0,0
1,TRANSFER,623.721416815296,C5209,5499.273459438659,4875.552042623363,M5209,6084.188044123809,6707.909460939105,1,0
48,TRANSFER,746.2011680312447,C2341,16556.116098006685,15809.91492997544,M2341,2006.2674029066184,2752.468570937863,0,0
25,CASH_OUT,169.76027795264193,C3297,26315.3214791328,26145.561201180157,M3297,62250.14599829744,62419.90627625008,0,0
48,DEBIT,143.68519799798264,C2261,30208.05830929637,30064.37311129839,M2261,1554.226907884007,1697.9121058819896,0,0
56,PAYMENT,1030.3106401440768,C3554,33236.794172754104,32206.483532610026,M3554,5876.454540140599,6906.765180284676,0,0
65,PAYMENT,529.9115775230775,C3716,4834.019465936543,4304.107888413465,M3716,7794.007255396105,8323.918832919182,0,0
36,CASH_OUT,66.52635259443322,C3934,1298.2307306593057,1231.7043780648723,M3934,3305.7402181236366,3372.26657071807,0,0
37,CASH_IN,166.29813963174,C2914,40421.77018778791,40255.47204815617,M2914,3172.018753441566,3338.316893073306,0,0
78,PAYMENT,17.55494284821098,C2613,25823.38831485484,25805.833372006626,M2613,3591.4768000852355,3609.0317429334464,0,0
10,CASH_OUT,1878.237225603066,C4548,4455.612875355401,2577.3756497523354,M4548,4329.836276797947,6208.073502401013,0,0
66,TRANSFER,257.29121575740214,C3359,3079.1871947362915,2821.8959789788896,M3359,335.3429507678382,592.6341665252403,0,0
47,CASH_OUT,13.44723678484307,C2527,4082.024661552495,4068.577424767652,M2527,881.9804445989101,895.4276813837532,0,0
52,PAYMENT,30.82138317763129,C2807,84025.98183290836,83995.16044973073,M2807,4772.9631291871765,4803.784512364808,0,0
22,CASH_IN,64.42118931663578,C4248,11418.72561969206,11354.304430375423,M4248,5375.870329350255,5440.291518666891,0,0
97,CASH_OUT,599.9378653769179,C3564,2182.429170786036,1582.4913054091182,M3564,6234.431248476902,6834.36911385382,0,0
45,DEBIT,950.191427333936,C3874,22624.36475025174,21674.173322917806,M3874,633.9165361173052,1584.1079634512412,0,0
94,PAYMENT,10.136090703715094,C3351,18622.954210983982,18612.818120280263,M3351,195.8740496334014,206.0101403371165,0,0
95,CASH_IN,8.084596840752228,C2963,163.1138207767624,155.02922393601017,M2963,8667.378089500104,8675.462686340856,0,0
20,PAYMENT,478.4157520324688,C2187,7725.823977345737,7247.408225313268,M2187,24740.4214596578,25218.837211690272,0,0
88,TRANSFER,56.02587771771559,C3853,40138.401761872425,40082.37588415471,M3853,17821.614792406184,17877.6406701239,0,0
50,CASH_OUT,128.7875975689069,C4044,79004.4230914922,78875.63549392328,M4044,91083.22635980866,91212.01395737757,0,0
27,CASH_IN,567.2129530272175,C4287,5749.155878530478,5181.94292550326,M4287,2678.1670739517017,3245.380026978919,0,0
32,TRANSFER,360.7431773248312,C2848,10827.032038282068,10466.288860957236,M2848,2430.098443892484,2790.841621217315,0,0
52,PAYMENT,1860.9301525122648,C1183,249.2776191652921,0.0,M1183,4668.2496968491205,6529.179849361385,0,0
13,TRANSFER,86.39081893821506,C4116,17277.75278019524,17191.361961257022,M4116,9126.648054633575,9213.038873571792,0,0
61,CASH_IN,6.058550305176333,C918,3644.505947940271,3638.447397635095,M918,750.7228529876969,756.7814032928733,0,0
30,TRANSFER,248.41839064031063,C2372,28.41744629862772,0.0,M2372,252.3453119365189,500.7637025768296,0,0
21,CASH_OUT,19.135723749838476,C2606,3433.3742952065136,3414.238571456675,M2606,604.4973407909963,623.6330645408348,0,0
54,TRANSFER,1977.1223249363684,C5348,1529.934712004066,0.0,M5348,47.47976181975617,2024.602086756125,1,0
52,CASH_OUT,29.92044569825212,C2740,6896.561796827897,6866.641351129644,M2740,366.99065940180975,396.9111051000619,0,0
13,PAYMENT,371.888891472316,C767,7739.804698523507,7367.915807051191,M767,1590.1846874319044,1962.0735789042203,0,0
42,DEBIT,3.150300539453487,C2467,1059.0384800524168,1055.8881795129637,M2467,3783.577546709914,3786.727847249367,0,0
48,CASH_OUT,363.1476740387648,C1572,120672.679174212,120309.53150017324,M1572,1033.717798965362,1396.865473004127,0,0
98,CASH_IN,17.273722493937345,C2635,7187.312379163762,7170.038656669824,M2635,2347.343913191377,2364.6176356853143,0,0
68,CASH_IN,85.75677447825923,C1171,1975.821009384372,1890.064234906113,M1171,2444.5303209107865,2530.2870953890456,0,0
50,DEBIT,68.83869321390019,C4520,2027.253092015092,1958.414398801192,M4520,5304.250765030442,5373.089458244343,0,0
27,CASH_IN,16.583632282611877,C3979,2063.89154017929,2047.3079078966784,M3979,2270.49316376296,2287.076796045572,0,0
57,PAYMENT,45.17563318755842,C3078,96353.117814925,96307.94218173744,M3078,226.70184877932945,271.87748196688784,0,0
56,PAYMENT,174.45854719973823,C963,969.2642466370426,794.8056994373044,M963,4422.469200377531,4596.927747577269,0,0
15,PAYMENT,61.88889806871748,C4594,731.3485190591925,669.4596209904751,M4594,96.67080784965567,158.55970591837317,0,0
30,DEBIT,38.26628323699943,C778,596.5977583270491,558.3314750900496,M778,66486.69501188333,66524.96129512033,0,0
74,TRANSFER,123.69876542830112,C5360,141.7657039968542,18.066938568553084,M5360,15214.99055164075,15338.689317069053,1,0
41,CASH_IN,12797.731055121812,C3247,193.0018218633312,0.0,M3247,19183.464057510348,31981.19511263216,0,0
75,CASH_IN,874.9733297186317,C2571,1992.7714869316328,1117.798157213001,M2571,1835.0989805748268,2710.0723102934585,0,0
18,CASH_IN,137.85574520384486,C4136,3214.5829867875286,3076.727241583684,M4136,9578.42342998412,9716.279175187963,0,0
73,TRANSFER,81.61148952057248,C4576,1955.858105028076,1874.2466155075035,M4576,29008.999062884093,29090.610552404665,0,0
36,CASH_OUT,1372.9026734742613,C2482,414.1096412824292,0.0,M2482,39674.93055541475,41047.83322888901,0,0
13,DEBIT,497.677208447345,C167,16801.012533828496,16303.335325381153,M167,2711.224450940648,3208.9016593879924,0,0
38,CASH_OUT,47.03806456824207,C4040,287914.0402814791,287867.0022169108,M4040,405.8136593965805,452.85172396482255,0,0
49,CASH_OUT,8.711649886025034,C3555,554.7804743332101,546.0688244471851,M3555,21001.192770824917,21009.904420710936,0,0
12,DEBIT,2213.3533195977147,C738,26815.07469734285,24601.721377745136,M738,23610.185527404232,25823.538847001942,0,0
6,DEBIT,1026.4404557607288,C708,1418.3901153604174,391.94965959968863,M708,492.53176318131887,1518.9722189420477,0,0
6,PAYMENT,186.32414734247212,C2657,3631.050254809821,3444.726107467349,M2657,262877.614828823,263063.9389761655,0,0
7,CASH_OUT,1909.3342535860304,C4197,963.8802459489772,0.0,M4197,2812.7605670514235,4722.094820637454,0,0
45,DEBIT,1384.7408252848988,C1972,90665.46700928846,89280.72618400356,M1972,5518.17871680455,6902.919542089449,0,0
44,DEBIT,645.0773546382724,C80,2778.685715710798,2133.608361072525,M80,84.84926324933242,729.9266178876048,0,0
77,DEBIT,10.560179518986413,C3773,738.1387820447484,727.578602525762,M3773,50780.388664131206,50790.94884365019,0,0
73,DEBIT,433.25030397436535,C5430,4196.859807954744,3763.6095039803786,M5430,587.4405323447786,1020.690836319144,1,0
45,PAYMENT,51.0145704998657,C3604,98110.46084473204,98059.44627423216,M3604,163580.2613191023,163631.27588960217,0,0
45,CASH_IN,82.81457799140345,C1318,1191.0682079354008,1108.253629943997,M1318,6120.704352888952,6203.518930880356,0,0
21,TRANSFER,27.35292819273774,C327,746.3618415310947,719.0089133383569,M327,85.54100986553648,112.89393805827422,0,0
46,PAYMENT,609.9319556845788,C1212,5435.790416057826,4825.858460373248,M1212,5892.131228290667,6502.063183975246,0,0
50,DEBIT,854.9023688227497,C1930,72.6465701064994,0.0,M1930,17146.339340172235,18001.241708994985,0,0
95,TRANSFER,115.9858509880532,C5436,47724.72620298805,47608.74035199999,M5436,271.01926961120444,387.0051205992576,1,0
2,CASH_IN,77.56041939173677,C3655,2847.937959153568,2770.3775397618315,M3655,35362.67924914275,35440.23966853449,0,0
37,DEBIT,23.673855710142472,C1439,111330.30833418763,111306.6344784775,M1439,962.7513543096732,986.4252100198156,0,0
11,CASH_IN,1321.0947513434412,C1977,11638.123958262484,10317.029206919044,M1977,34713.724908205724,36034.81965954917,0,0
28,PAYMENT,17.877370632986064,C4106,1890.6192577627744,1872.7418871297884,M4106,18215.89565596747,18233.77302660045,0,0
14,CASH_OUT,241.28626661789437,C84,592710.7864991124,592469.5002324944,M84,2623.989333711128,2865.2756003290224,0,0
54,CASH_IN,4.584214364904678,C2078,275.8532744454311,271.26906008052646,M2078,392.3853769101492,396.96959127505386,0,0
28,DEBIT,115.86967910750056,C172,195.6650507302909,79.79537162279034,M172,25.21002513161901,141.07970423911956,0,0
32,CASH_IN,824.9897291167151,C236,1408.1114705446394,583.1217414279242,M236,4174.71695140782,4999.706680524535,0,0
84,PAYMENT,157.06779995354896,C2174,23423.599795773043,23266.531995819496,M2174,56880.98934026166,57038.057140215205,0,0
68,PAYMENT,3.866113192612717,C4597,155.4821800998303,151.61606690721757,M4597,18778.56643899592,18782.43255218853,0,0
87,CASH_IN,63.82311498821773,C5496,566238.5255189461,566174.702403958,M5496,1030.2698870986153,1094.093002086833,1,0
78,PAYMENT,935.6686703739574,C2202,5494.9998355031685,4559.331165129212,M2202,3267.061486937262,4202.73015731122,0,0
30,DEBIT,228.25441526911425,C1420,5075.086625075271,4846.832209806156,M1420,63079.06378534385,63307.318200612965,0,0
68,PAYMENT,375.8781507066533,C3118,4673.931188474768,4298.053037768114,M3118,8705.079930730237,9080.95808143689,0,0
35,PAYMENT,41.81902735857883,C1116,21.274977273887348,0.0,M1116,36.62940455604208,78.44843191462091,0,0
30,DEBIT,378.64594698673415,C860,1369.3626829116502,990.716735924916,M860,1296.8823669984836,1675.5283139852177,0,0
18,CASH_OUT,884.2014162479935,C725,2000.9654247840515,1116.764008536058,M725,11725.31371662328,12609.515132871276,0,0
30,CASH_IN,3.7561005465957686,C349,64082.74116612063,64078.98506557403,M349,57300.55051394273,57304.30661448933,0,0
36,CASH_IN,331.3229070648813,C5484,20427.589997047424,20096.267089982543,M5484,1913.4634191084235,2244.786326173305,1,0
17,PAYMENT,122.82811345246918,C1467,86981.6950382451,86858.86692479263,M1467,43857.37483299897,43980.20294645144,0,0
1,CASH_IN,76.50603623406768,C5234,1559.8796891819666,1483.3736529478988,M5234,1447.9916649188892,1524.497701152957,1,0
19,TRANSFER,99.88029305735184,C2283,715.5839927347322,615.7036996773803,M2283,5837.826209350396,5937.706502407748,0,0
80,CASH_IN,3275.3396134003387,C5549,1900.7506068506784,0.0,M5549,3568.059305239909,6843.398918640248,1,0
35,PAYMENT,264.5243749661436,C5241,2672.456410947916,2407.9320359817725,M5241,85.99870500495872,350.52307997110233,1,0
25,DEBIT,6662.961192086045,C1264,716.3351204872556,0.0,M1264,1183.5475003782278,7846.508692464273,0,0
65,CASH_OUT,1456.7722167261788,C421,203.5393075001348,0.0,M421,9654.578338806728,11111.350555532905,0,0
65,CASH_OUT,93.61439638431004,C552,12854.96472551376,12761.35032912945,M552,624.73530185063,718.34969823494,0,0
97,CASH_OUT,170.03899956605534,C1345,256.83247417707497,86.79347461101963,M1345,1249.467634271712,1419.5066338377671,0,0
87,CASH_OUT,794.835343349786,C5321,101697.70997616804,100902.87463281826,M5321,66.27534251265347,861.1106858624394,1,0
50,CASH_OUT,20.425888100098398,C3758,7324.8024652951235,7304.376577195025,M3758,39.301552017837,59.72744011793539,0,0
86,PAYMENT,138.51578796122715,C978,716.3295829632149,577.8137950019877,M978,24061.86509150933,24200.38087947056,0,0
27,TRANSFER,177.72629725077226,C345,993.923035370505,816.1967381197327,M345,5746.238704541291,5923.965001792063,0,0
96,CASH_OUT,4.442467100707618,C2309,4191.127774012891,4186.685306912184,M2309,1231.667870672248,1236.1103377729555,0,0
35,CASH_IN,565.8826999400403,C2611,312.79355419637574,0.0,M2611,3990.116990476796,4555.9996904168365,0,0
10,TRANSFER,4.676930790711035,C1631,6056.842102619055,6052.165171828344,M1631,173.4017848765247,178.0787156672357,0,0
50,CASH_OUT,5.921519970917707,C836,357.4361578107196,351.5146378398019,M836,3236.594829347296,3242.516349318213,0,0
43,TRANSFER,250.0588484137664,C2660,1536.4776227752477,1286.4187743614814,M2660,119.36550616265522,369.4243545764216,0,0
15,PAYMENT,1.049439702442455,C427,138.51205161995284,137.4626119175104,M427,1319.5621468416875,1320.61158654413,0,0
32,TRANSFER,157.70123352486095,C3126,5096.364555105719,4938.663321580858,M3126,370.43418379784936,528.1354173227103,0,0
41,TRANSFER,1184.427165846245,C3664,23979.20122350107,22794.774057654824,M3664,12.100516437030665,1196.5276822832757,0,0
8,CASH_OUT,3628.563413268081,C2227,438.4017772173325,0.0,M2227,292556.0427445854,296184.60615785344,0,0
63,DEBIT,222.1876059426611,C2269,5357.435089141496,5135.247483198835,M2269,2288.7609669426006,2510.948572885261,0,0
9,CASH_IN,3994.729560017986,C1949,3386.741259848252,0.0,M1949,34255.59525579755,38250.32481581553,0,0
80,CASH_OUT,15.955548763904076,C4650,15166.96253281602,15151.006984052116,M4650,107342.2453085287,107358.2008572926,0,0
55,PAYMENT,34.77265854217546,C2528,3936.191919749272,3901.419261207097,M2528,92.18107117059616,126.95372971277165,0,0
83,CASH_OUT,19.37518813711552,C2664,6510.335549827031,6490.960361689916,M2664,17752.057977888948,17771.433166026065,0,0
33,CASH_OUT,21.87323903314278,C762,8494.041095794544,8472.167856761402,M762,371.8594466200705,393.7326856532133,0,0
76,CASH_OUT,11.369054901271346,C1983,599.3834283779833,588.0143734767119,M1983,679.1637349781721,690.5327898794435,0,0
46,TRANSFER,104.15167175374604,C2886,3846.2621750986577,3742.110503344912,M2886,450.9198996058573,555.0715713596034,0,0
18,CASH_IN,140.09463221319612,C2653,1421.812156394071,1281.717524180875,M2653,9567.833111739626,9707.927743952823,0,0
40,TRANSFER,58.897113863112,C1595,8980.879905042722,8921.982791179611,M1595,1726.3104283796029,1785.207542242715,0,0
71,DEBIT,5724.570673477882,C1561,1223.8776743659564,0.0,M1561,565.2620316844058,6289.832705162288,0,0
67,CASH_IN,10.89723932524846,C1889,1947.0815274228137,1936.1842880975653,M1889,743.9062414370089,754.8034807622574,0,0
10,CASH_OUT,31.865921625699485,C4792,1318.7059892593431,1286.8400676336437,M4792,53209.15910748564,53241.02502911134,0,0
33,CASH_OUT,11.560316086414916,C383,186874.417822314,186862.85750622756,M383,2944.0978406537843,2955.658156740199,0,0
40,CASH_OUT,289.57696812698777,C657,37194.23878243082,36904.66181430383,M657,4612.307673740901,4901.884641867889,0,0
87,CASH_IN,220.97590924317916,C1404,18963.064078041847,18742.08816879867,M1404,40650.691700760406,40871.667610003584,0,0
87,DEBIT,1409.8457139657294,C4218,532.0675937762202,0.0,M4218,3354.1895088074216,4764.035222773151,0,0
81,CASH_IN,193.14429224088903,C5435,1247.636980761854,1054.4926885209647,M5435,18445.014767548106,18638.15905978899,1,0
99,TRANSFER,228.28849865074773,C5510,609.5930074287107,381.30450877796295,M5510,1188.9263633383655,1417.2148619891134,1,0
55,CASH_IN,16805.59203457986,C1338,49436.24488638784,32630.65285180798,M1338,659.4242248944158,17465.016259474276,0,0
32,CASH_IN,13.16793913357424,C2876,4649.514603535502,4636.346664401927,M2876,772.2421866017833,785.4101257353575,0,0
89,DEBIT,8.942820724245502,C4632,4923.533945133005,4914.591124408759,M4632,2348.229171630446,2357.171992354692,0,0
86,CASH_IN,6104.6992905674,C5371,1604.958450460509,0.0,M5371,575.1402872896452,6679.839577857045,1,0
97,DEBIT,1495.1180686556704,C4757,11977.343030980795,10482.224962325125,M4757,8732.274247631154,10227.392316286823,0,0
7,CASH_OUT,198.42186654354543,C2887,3471.0453525842227,3272.623486040677,M2887,3817.654051015662,4016.075917559208,0,0
1,CASH_IN,29.41786062776638,C945,27890.2023974686,27860.78453684083,M945,3177.8113153917147,3207.229176019481,0,0
31,TRANSFER,9015.29285268576,C730,4481.471886086699,0.0,M730,387.8707827852556,9403.163635471015,0,0
15,CASH_OUT,5.339446910278404,C2297,856.3816416028342,851.0421946925558,M2297,1535.7161640134786,1541.055610923757,0,0
83,TRANSFER,78.78285515257342,C4099,21138.46166504678,21059.678809894205,M4099,578.1601717320725,656.943026884646,0,0
20,CASH_OUT,197.681703414508,C1298,26.182325239197763,0.0,M1298,9221.115286057951,9418.79698947246,0,0
86,CASH_IN,1402.904768800037,C4163,5431.066130786827,4028.1613619867903,M4163,9154.044060218808,10556.948829018846,0,0
50,DEBIT,20.918269614685855,C2027,3726.566024346184,3705.6477547314985,M2027,13419.750458487895,13440.668728102582,0,0
87,PAYMENT,556.4364417743024,C1438,38840.60371676904,38284.16727499473,M1438,93248.4141870813,93804.8506288556,0,0
92,PAYMENT,2734.8318328989058,C186,8972.084372702233,6237.252539803327,M186,7210.853843707698,9945.685676606605,0,0
76,CASH_IN,1429.544175669144,C2170,19261.25597681504,17831.7118011459,M2170,429.9465243349223,1859.4907000040664,0,0
79,DEBIT,38.24160313964645,C5383,6417.172884952088,6378.931281812442,M5383,1191.592334999775,1229.8339381394214,1,0
45,DEBIT,2.9641382092371025,C3112,826.9087375312304,823.9445993219932,M3112,626.12174603194,629.0858842411772,0,0
47,DEBIT,863.5237283082689,C3027,232.4799806865966,0.0,M3027,1680.504602832597,2544.0283311408657,0,0
66,TRANSFER,329.6868871296067,C430,1668.1900050306133,1338.5031179010066,M430,564.1125898748313,893.799477004438,0,0
98,PAYMENT,22588.32144700627,C1001,2586.15195327966,0.0,M1001,6739.814677300233,29328.136124306504,0,0
60,TRANSFER,1356.5111977678894,C5119,54.54457595790001,0.0,M5119,30299.42471676943,31655.93591453732,1,0
9,DEBIT,290.65010603800835,C4368,148657.77013698817,148367.12003095017,M4368,639.776999714492,930.4271057525004,0,0
63,CASH_IN,4345.428913143428,C5536,2683.331015647604,0.0,M5536,43567.7648447565,47913.19375789993,1,0
88,CASH_IN,481.14008189548525,C2595,530.7331650493597,49.59308315387449,M2595,7819.904527339455,8301.04460923494,0,0
32,CASH_IN,53.15911498704244,C4595,100228.4123764448,100175.25326145776,M4595,4855.451263949472,4908.610378936515,0,0
55,TRANSFER,1293.3994591422984,C599,48.77946925859314,0.0,M599,152.83123267932388,1446.2306918216225,0,0
67,CASH_IN,376.3267541197761,C4225,66.94543541762134,0.0,M4225,174.54991947991525,550.8766735996913,0,0
59,TRANSFER,11.376701250536572,C1002,4611.007970975104,4599.631269724568,M1002,15068.91380301294,15080.290504263476,0,0
92,PAYMENT,5.236603807831871,C3308,10047.64389076047,10042.407286952635,M3308,320.1674806059964,325.4040844138283,0,0
56,DEBIT,195.02085108501416,C705,1281.780295633568,1086.759444548554,M705,179.3478043564171,374.36865544143126,0,0
42,TRANSFER,41.13251807301853,C153,1523.4183928604405,1482.285874787422,M153,18101.71570191613,18142.84821998915,0,0
20,CASH_OUT,4.0367313309219535,C3367,1591.5100977845136,1587.4733664535916,M3367,2737.4759720694374,2741.5127034003594,0,0
23,PAYMENT,19.612543903776825,C162,481.39768929983273,461.7851453960559,M162,504.5539175133423,524.1664614171191,0,0
84,CASH_OUT,4.269673742140333,C1885,130612.20984609197,130607.94017234984,M1885,3616.148070537054,3620.417744279194,0,0
34,CASH_IN,0.3315610064771471,C927,3375.989346255061,3375.657785248584,M927,202.22545640661104,202.55701741308815,0,0
37,TRANSFER,1762.520464963519,C1742,82.23038255216858,0.0,M1742,5409.332287563188,7171.852752526707,0,0
54,DEBIT,7.784926765698434,C3497,1458.7502504471288,1450.9653236814304,M3497,206.3450862917536,214.13001305745203,0,0
21,CASH_OUT,1583.6395225634344,C3329,6168.489855734933,4584.850333171499,M3329,97952.67794284754,99536.31746541098,0,0
6,TRANSFER,24.801775460204464,C2580,1860.3118127184416,1835.5100372582367,M2580,9687.45705141402,9712.258826874226,0,0
99,TRANSFER,17.748096557578695,C140,4188.606772164221,4170.8586756066425,M140,47910.6780425616,47928.42613911918,0,0
17,DEBIT,92.78886603447634,C1584,4121.909798860274,4029.120932825798,M1584,287.1365126387251,379.9253786732014,0,0
25,DEBIT,7.816851598216432,C4094,13756.41751589265,13748.600664294434,M4094,14498.506934517374,14506.32378611559,0,0
87,CASH_OUT,72.90516281581246,C956,205.864671470436,132.9595086546235,M956,80368.08142001671,80440.98658283253,0,0
49,TRANSFER,918.197579949766,C727,8686.013020153005,7767.815440203239,M727,1800.4734070516697,2718.670987001436,0,0
32,DEBIT,4930.91083315353,C1970,491.1747770120156,0.0,M1970,9786.873089038854,14717.783922192384,0,0
77,CASH_OUT,31.26160110942689,C2791,3506.113515945068,3474.8519148356404,M2791,1550.5474081613368,1581.8090092707637,0,0
38,PAYMENT,61.72608078826085,C4800,50.37731637445885,0.0,M4800,5423.840152567977,5485.566233356239,0,0
81,TRANSFER,404.4414298990948,C1425,4268.315591793069,3863.874161893974,M1425,2744.659430991919,3149.1008608910142,0,0
28,DEBIT,26988.038571836427,C3818,998.9706455324408,0.0,M3818,14924.093557363229,41912.13212919966,0,0
38,DEBIT,3654.957479409293,C5261,3888.0844489406254,233.1269695313331,M5261,8226.036567141195,11880.994046550488,1,0
49,PAYMENT,1011.3186388263402,C4268,9903.342279680635,8892.023640854297,M4268,3674.8463640164136,4686.165002842754,0,0
66,CASH_OUT,59.49762295020023,C888,21737.834760585058,21678.33713763486,M888,11659.521569528317,11719.019192478518,0,0
54,DEBIT,4.629147914918128,C1361,232046.01502037072,232041.3858724558,M1361,7256.275188887755,7260.904336802673,0,0
11,CASH_IN,178.2038525494445,C3316,5282.025111369301,5103.821258819857,M3316,9739.61168130618,9917.815533855624,0,0
28,CASH_OUT,159.679713433664,C4997,140.93762710968988,0.0,M4997,9849.82529942625,10009.505012859914,0,0
86,CASH_OUT,138.07173211549815,C443,109.14470353542028,0.0,M443,3112.628617806191,3250.700349921689,0,0
4,CASH_OUT,1170.821472561655,C358,17696.065105515117,16525.24363295346,M358,470.85556161636777,1641.6770341780227,0,0
71,CASH_IN,22.215579588104145,C619,1858.5327527420616,1836.3171731539571,M619,685.9337593643521,708.1493389524562,0,0
82,TRANSFER,6.097923461902792,C2046,4599.800119766791,4593.702196304888,M2046,10930.0233234588,10936.121246920704,0,0
46,DEBIT,1298.243222889383,C4158,1479.684567864003,181.44134497461985,M4158,1574.5943236859655,2872.837546575349,0,0
5,CASH_IN,74.01768550545793,C3070,2980.714474738514,2906.6967892330563,M3070,85119.40264243865,85193.42032794411,0,0
30,PAYMENT,4.550762407269582,C1642,235.0721991826826,230.521436775413,M1642,1759.2416392910131,1763.792401698283,0,0
34,TRANSFER,467.0953239060485,C2236,13780.419982056215,13313.324658150166,M2236,27881.74986669572,28348.84519060177,0,0
26,CASH_OUT,191.44425548255623,C4421,2797.4488302970817,2606.0045748145253,M4421,1127.0680838661874,1318.5123393487436,0,0
35,DEBIT,13.29912069662394,C2462,250.4525641057328,237.1534434091089,M2462,1346.7352342289305,1360.0343549255545,0,0
87,TRANSFER,20.65529523955399,C4074,2065.435320719728,2044.780025480174,M4074,1632.461944614712,1653.117239854266,0,0
50,DEBIT,24.483484669403143,C1700,3844.902906509719,3820.419421840316,M1700,5987.388945691669,6011.872430361072,0,0
20,TRANSFER,200.3110939119477,C5104,440.0774154920815,239.7663215801337,M5104,2321.372313106266,2521.683407018214,1,0
4,CASH_IN,56.20447123232341,C2377,2163.0121156203427,2106.807644388019,M2377,322.5931167202921,378.79758795261546,0,0
60,TRANSFER,21.603253583858304,C450,330412.61438706605,330391.0111334822,M450,14690.164701979971,14711.767955563831,0,0
51,CASH_IN,220.16301217246152,C3580,949.5982975318258,729.4352853593642,M3580,847.5659435570567,1067.7289557295182,0,0
10,CASH_IN,110.86804719845892,C1465,603.0671084985423,492.1990613000834,M1465,1007.9349309785227,1118.8029781769817,0,0
67,PAYMENT,1660.2645827146823,C3478,26825.72047745147,25165.455894736784,M3478,2124.1096445493567,3784.3742272640393,0,0
74,DEBIT,353.26821708212736,C2429,16836.636999426588,16483.36878234446,M2429,3392.159963260192,3745.428180342319,0,0
89,PAYMENT,86.06286662502049,C2379,759.5143092043542,673.4514425793336,M2379,39852.46319673988,39938.5260633649,0,0
17,TRANSFER,1156.1362547808185,C241,1077.2421361099648,0.0,M241,720.4319784024675,1876.5682331832857,0,0
67,PAYMENT,4.425863021682729,C2572,20330.756144150844,20326.33028112916,M2572,4883.137110975461,4887.562973997144,0,0
51,TRANSFER,39.24851279175196,C548,8767.464915429284,8728.216402637532,M548,808406.8649027344,808446.1134155261,0,0
37,DEBIT,138.9815437464162,C1225,11263.145099303629,11124.16355555721,M1225,1602.1471656038536,1741.12870935027,0,0
24,PAYMENT,1670.295959029209,C541,28576.73522428044,26906.439265251232,M541,3945.710567639488,5616.006526668696,0,0
21,PAYMENT,2239.5692911778337,C1240,40062.94527496089,37823.37598378306,M1240,6016.879302655007,8256.448593832842,0,0
25,PAYMENT,11.91942355550072,C1517,10848.996259912308,10837.076836356808,M1517,1851.9962351330144,1863.9156586885156,0,0
51,PAYMENT,1427.357528945626,C3512,1039.9263642844369,0.0,M3512,124981.11739580325,126408.47492474888,0,0
95,TRANSFER,94.9645158309851,C375,2565.297096554558,2470.332580723573,M375,2545.043422018064,2640.007937849049,0,0
7,CASH_IN,892.4878189970991,C3122,3477.0894361897613,2584.601617192662,M3122,628.2232182793372,1520.7110372764364,0,0
17,CASH_OUT,116.5054993536,C333,3573.014272039377,3456.508772685777,M333,16245.049369083308,16361.554868436908,0,0
16,DEBIT,164.38579433824032,C489,982.6444267439856,818.2586324057454,M489,333.0826623941983,497.4684567324386,0,0
46,TRANSFER,134.82447317166856,C4462,4326.461800101527,4191.637326929858,M4462,2160.211247116323,2295.035720287992,0,0
64,DEBIT,5.535883187260939,C5148,389.4862012062258,383.9503180189649,M5148,2060.913198927235,2066.449082114496,1,0
4,CASH_OUT,35.53694991006084,C5223,9032.272574048651,8996.73562413859,M5223,2462.4833468420647,2498.020296752125,1,0
19,CASH_IN,10.121956813438125,C912,25695.857950275866,25685.73599346243,M912,150707.6952207904,150717.81717760384,0,0
96,TRANSFER,237.76944849805005,C2889,26423.000552129142,26185.231103631097,M2889,12612.660423866026,12850.429872364077,0,0
30,DEBIT,274.6375642473401,C2531,198371.16877889293,198096.5312146456,M2531,3122.8745924319974,3397.5121566793373,0,0
32,TRANSFER,313.8491282264624,C3273,9146.782724743647,8832.933596517185,M3273,52023.67710051018,52337.52622873664,0,0
23,CASH_IN,212.59154671551943,C520,2335.074837100942,2122.4832903854226,M520,1298.6782811811318,1511.2698278966511,0,0
15,PAYMENT,2033.587751854188,C970,5166.164833578861,3132.577081724674,M970,2906.3582267976967,4939.945978651885,0,0
64,CASH_IN,2266.668234654511,C3733,2423.573945014712,156.90571036020083,M3733,18424.841585481863,20691.509820136373,0,0
47,CASH_OUT,190.5806276071464,C5372,2617.6595858852825,2427.0789582781363,M5372,76138.59400644417,76329.17463405132,1,0
15,PAYMENT,281.305698165572,C3130,3386.7321766386267,3105.426478473055,M3130,7649.507948371496,7930.813646537068,0,0
57,DEBIT,142.24828976131016,C4527,1024.1296058418436,881.8813160805335,M4527,16030.371651822228,16172.619941583538,0,0
59,PAYMENT,80.01988411333751,C30,593.9975533586971,513.9776692453596,M30,140.74198306479258,220.7618671781301,0,0
47,DEBIT,21.423656234619983,C1327,28916.713810457823,28895.290154223207,M1327,5068.819920522749,5090.243576757369,0,0
33,PAYMENT,117.02709319218636,C518,35722.231291993565,35605.20419880138,M518,2264.139874182596,2381.166967374782,0,0
17,TRANSFER,1443.9851526812315,C1982,2448.3595040053906,1004.3743513241589,M1982,854.4564889650015,2298.441641646233,0,0
1,TRANSFER,236.1251055910418,C483,23365.028101454136,23128.902995863093,M483,4318.413281397326,4554.538386988367,0,0
8,CASH_IN,189.2002964061211,C2826,3555.487768315924,3366.2874719098027,M2826,37240.80614046367,37430.006436869786,0,0
97,TRANSFER,39.99259200302527,C868,65301.89269214502,65261.900100142,M868,101381.48274096871,101421.47533297174,0,0
1,CASH_IN,2186.087186892015,C2229,3636.0178629087154,1449.9306760167003,M2229,33651.117623817256,35837.20481070927,0,0
60,CASH_IN,6209.662684577779,C2736,19550.63235238705,13340.969667809271,M2736,4042.093563487976,10251.756248065754,0,0
68,DEBIT,967.6377642858038,C2639,629.9937820942897,0.0,M2639,626.887775090411,1594.5255393762147,0,0
62,DEBIT,2.9761722910780586,C131,3476.7776543955138,3473.801482104436,M131,6243.811542850996,6246.7877151420735,0,0
13,CASH_IN,249.8221680675709,C1307,10136.796587249084,9886.974419181512,M1307,1321.1466071900406,1570.9687752576117,0,0
76,CASH_OUT,75.63130983013745,C5171,123.3222949688076,47.69098513867014,M5171,293.8326802049673,369.4639900351048,1,0
79,CASH_IN,48.41519766142655,C5052,7164.630416789775,7116.2152191283485,M5052,115.3078211778556,163.72301883928213,1,0
28,TRANSFER,76.34936058391933,C351,508.599666167298,432.2503055833786,M351,230.89590535184124,307.2452659357606,0,0
98,PAYMENT,443.7789437501378,C245,35369.21481261582,34925.43586886568,M245,19802.15428956104,20245.93323331117,0,0
33,PAYMENT,1168.9782947544445,C4843,177.55152447348362,0.0,M4843,5924.779392248027,7093.757687002471,0,0
17,CASH_IN,38.3223680313912,C2987,4409.463004807692,4371.1406367763,M2987,235.33244288088133,273.6548109122725,0,0
29,CASH_IN,215.22201358305335,C3638,3548.90397922432,3333.6819656412663,M3638,9630.19781536002,9845.419828943071,0,0
6,CASH_IN,97.38382668413348,C770,635.695396705227,538.3115700210935,M770,2599.383123975604,2696.766950659737,0,0
26,PAYMENT,25.99021450106213,C5034,10808.589627103886,10782.599412602824,M5034,13464.382885246734,13490.373099747796,1,0
52,TRANSFER,11.241473467854954,C2696,51747.33101804616,51736.0895445783,M2696,6551.252248910953,6562.493722378808,0,0
93,CASH_IN,171.90638105190115,C646,38353.569369973695,38181.6629889218,M646,1604.0967387049627,1776.003119756864,0,0
12,CASH_IN,1729.6746916005263,C2203,17894.033910354414,16164.359218753889,M2203,38.97202194994522,1768.6467135504715,0,0
68,DEBIT,853.586056401443,C4060,84706.84554080719,83853.25948440575,M4060,15478.523524354234,16332.109580755678,0,0
90,PAYMENT,260.1222852601175,C1241,1166.190879527594,906.0685942674766,M1241,54.6356981159516,314.7579833760691,0,0
87,DEBIT,11.038098585422327,C4128,5460.897167223008,5449.859068637586,M4128,13237.441083947118,13248.47918253254,0,0
84,DEBIT,562.7575766833692,C5415,274.4889410413889,0.0,M5415,1203.5795661846616,1766.3371428680307,1,0
98,DEBIT,545.4686344141849,C4288,922.8968521679748,377.42821775379,M4288,29444.94675945649,29990.41539387068,0,0
34,TRANSFER,24.238033105301195,C3963,1409.6528312299204,1385.4147981246192,M3963,101.48295931295156,125.72099241825276,0,0
43,CASH_OUT,18.325244227458928,C5382,1028.9257954353384,1010.6005512078794,M5382,222829.81650618583,222848.1417504133,1,0
45,DEBIT,42.90167632353498,C1786,1887.031829455787,1844.130153132252,M1786,8048.661774496002,8091.563450819537,0,0
93,CASH_OUT,49.305479546931714,C1,1927.347631601014,1878.0421520540824,M1,403.6482601767899,452.9537397237216,0,0
45,DEBIT,657.6070951016256,C2402,114896.1043228127,114238.49722771106,M2402,1864.7344308920465,2522.341525993672,0,0
87,TRANSFER,314.1053874027499,C4685,2326.2398546390004,2012.1344672362509,M4685,640.7356032685877,954.8409906713376,0,0
90,DEBIT,496.85346025138085,C3145,600.2816951211785,103.42823486979762,M3145,6990.454348170045,7487.307808421426,0,0
9,CASH_OUT,96.8876211654376,C1427,7153.348921042709,7056.461299877271,M1427,2777.6014351078616,2874.489056273299,0,0
1,DEBIT,124.60892880248508,C3925,1608.5569807531965,1483.9480519507113,M3925,1480.1180423764629,1604.7269711789477,0,0
27,PAYMENT,102.91992242967478,C398,26539.364950331736,26436.44502790206,M398,12482.616510333868,12585.536432763543,0,0
32,CASH_IN,156.94718284038947,C3703,80.69006744126901,0.0,M3703,37737.73900850498,37894.68619134537,0,0
99,PAYMENT,1593.2547259989983,C603,24973.353375103423,23380.098649104424,M603,1004.3882261061574,2597.642952105156,0,0
81,CASH_OUT,917.5474986594324,C4041,230162.49881813463,229244.9513194752,M4041,69.61249052365264,987.1599891830851,0,0
67,DEBIT,647.7988403720631,C2466,295.65423851742656,0.0,M2466,6418.28584868325,7066.084689055313,0,0
27,TRANSFER,21.315527166646188,C1888,3056.228369007509,3034.912841840863,M1888,1658.1916273158763,1679.5071544825228,0,0
48,DEBIT,13.520867275825657,C4759,5657.46323857381,5643.942371297984,M4759,229.4727457443168,242.99361302014248,0,0
64,PAYMENT,428.531132842416,C4589,2009.98010159397,1581.4489687515538,M4589,2095.6315178477357,2524.162650690151,0,0
78,PAYMENT,206.8737577069465,C4643,98.07814429567314,0.0,M4643,2184.338253335028,2391.2120110419746,0,0
11,TRANSFER,0.6538370018942375,C5189,6758.232746018632,6757.578909016737,M5189,518.2530160567669,518.9068530586611,1,0
29,CASH_OUT,64.58258876495961,C503,5766.259259935461,5701.676671170501,M503,205389.7530502997,205454.3356390647,0,0
41,TRANSFER,377.6185442374427,C3338,83911.60496357562,83533.98641933818,M3338,30776.67341335867,31154.291957596117,0,0
15,CASH_IN,64.54945850186085,C1877,9824.920745462388,9760.371286960526,M1877,207.61197345025607,272.1614319521169,0,0
64,CASH_OUT,311.67005647045823,C5113,371.7448398542282,60.07478338376996,M5113,70249.41132215047,70561.08137862092,1,0
16,TRANSFER,5.331329511569416,C4119,4073.350112946688,4068.018783435119,M4119,697.0766452942722,702.4079748058416,0,0
18,PAYMENT,2257.8640872593687,C4598,6393.096276447026,4135.232189187657,M4598,2696.2714477868976,4954.135535046266,0,0
49,PAYMENT,71.30107497868046,C793,2718.1214451399915,2646.820370161311,M793,49.54408323382087,120.84515821250132,0,0
37,CASH_IN,31.78926301979908,C4873,477818.8277214107,477787.0384583909,M4873,1449.4630247672355,1481.252287787035,0,0
34,DEBIT,14.633507492440923,C4394,9820.267817350248,9805.634309857807,M4394,742.0209586072261,756.654466099667,0,0
29,PAYMENT,31.515362783280136,C578,2946.692886513683,2915.1775237304028,M578,3060.686136017985,3092.201498801265,0,0
8,CASH_OUT,29.720081600634067,C2818,628.5493953630105,598.8293137623764,M2818,199.1081432893689,228.828224890003,0,0
14,DEBIT,1507.996272812964,C2135,62507.956493632766,60999.960220819805,M2135,68094.292593766,69602.28886657897,0,0
47,CASH_IN,359.17042073811405,C394,3167.2653219663466,2808.0949012282326,M394,1366.5663834332518,1725.7368041713655,0,0
21,CASH_IN,237.7727001576264,C3988,3274.1429313989584,3036.370231241332,M3988,56.17919564145127,293.9518957990777,0,0
45,DEBIT,1533.389862411546,C1193,887.4293619647756,0.0,M1193,2820.4740991885774,4353.863961600124,0,0
12,DEBIT,508.5446323871115,C480,412.5187234612181,0.0,M480,715.023869102556,1223.5685014896676,0,0
66,TRANSFER,6205.865407253049,C1144,7410.216614620883,1204.351207367834,M1144,3578.534652431723,9784.400059684773,0,0
38,CASH_OUT,183.55829084638123,C4502,430.3596258817889,246.80133503540765,M4502,3356.708031581832,3540.266322428213,0,0
91,PAYMENT,1467.513575715014,C3353,2927.4274988717507,1459.9139231567367,M3353,262.5120256886796,1730.0256014036936,0,0
80,CASH_OUT,141.2980636790091,C2159,6809.641196629577,6668.343132950568,M2159,33466.0873823736,33607.385446052605,0,0
90,CASH_IN,123.6699725821925,C261,92061.13154554472,91937.46157296254,M261,3784.514007607412,3908.183980189605,0,0
3,PAYMENT,20.94152576902804,C4582,1644.0107443324732,1623.0692185634452,M4582,3512.078570898415,3533.020096667443,0,0
79,DEBIT,92.75562450897245,C5242,664.3481108817168,571.5924863727444,M5242,941.7505545510628,1034.5061790600353,1,0
23,TRANSFER,114.4100508660544,C1209,243.6988504425556,129.28879957650122,M1209,2376.211309478472,2490.6213603445262,0,0
61,CASH_OUT,15.90919015510581,C2915,1911.2379565124577,1895.328766357352,M2915,2879.0962072226075,2895.005397377713,0,0
25,CASH_IN,699.2174478264865,C3411,2504.483963401484,1805.2665155749971,M3411,11529.06010544201,12228.277553268495,0,0
71,DEBIT,31.239172650803788,C61,4469.399565548888,4438.160392898084,M61,3828.934543139652,3860.173715790456,0,0
95,CASH_OUT,14.161922340793348,C642,449.5555882462767,435.3936659054833,M642,5263.02544736611,5277.187369706903,0,0
8,CASH_OUT,156.06025413048354,C4351,3633.374785465056,3477.314531334572,M4351,341.3056997895844,497.3659539200679,0,0
1,CASH_OUT,384.4953611934154,C3285,3639.854862073531,3255.359500880116,M3285,56.576303370603405,441.0716645640188,0,0
53,PAYMENT,6.664489275100789,C3990,20487.792678302525,20481.128189027422,M3990,12987.876207673104,12994.540696948205,0,0
70,TRANSFER,60.33213806787924,C253,16823.82320322087,16763.49106515299,M253,24797.504786794903,24857.836924862782,0,0
50,DEBIT,85.74653820184623,C2502,7594.570537667552,7508.823999465706,M2502,1169.4401998347184,1255.1867380365647,0,0
73,CASH_IN,51.50067202854257,C47,609.2090249658135,557.7083529372709,M47,77.20096795403215,128.7016399825747,0,0
21,DEBIT,304.069762541547,C1009,325.06168027350486,20.99191773195787,M1009,33.35452283706659,337.4242853786136,0,0
18,TRANSFER,347.1547364037692,C5255,2632.176095333028,2285.0213589292584,M5255,13397.801426298094,13744.956162701865,1,0
86,CASH_IN,319.81276661500215,C4672,5802.658006404351,5482.845239789349,M4672,11984.203116346916,12304.015882961918,0,0
79,CASH_OUT,1649.5208843292082,C1826,512.0906931142775,0.0,M1826,3389.330461594767,5038.851345923975,0,0
36,CASH_OUT,31.895164535138747,C418,7757.862717377066,7725.967552841927,M418,585.1490641764227,617.0442287115615,0,0
88,DEBIT,31.588453833366305,C3525,875.5778892808809,843.9894354475146,M3525,26222.197979224165,26253.78643305753,0,0
24,DEBIT,6.582420975387183,C204,280.7127876269336,274.13036665154635,M204,17028.954302243095,17035.536723218484,0,0
92,TRANSFER,14.438417056022876,C3326,1316.1793033130434,1301.7408862570203,M3326,10950.097406694376,10964.535823750395,0,0
32,CASH_IN,9.336374883315742,C4797,79.26549713394608,69.92912225063034,M4797,133.03521051892582,142.37158540224158,0,0
87,CASH_OUT,318.1211958569125,C3612,198.34481963011336,0.0,M3612,1463.9623358127244,1782.0835316696368,0,0
39,PAYMENT,220.4839316271609,C2878,89491.30200136303,89270.81806973588,M2878,94.77960848838886,315.26354011554974,0,0
83,DEBIT,706.7977266059166,C624,91968.66195398945,91261.86422738351,M624,1808.256996456064,2515.0547230619804,0,0
27,PAYMENT,235.54080187373512,C661,1523.3009488197465,1287.7601469460112,M661,120634.09533561268,120869.63613748642,0,0
21,DEBIT,42308.265758147485,C4452,1092.2128076546708,0.0,M4452,18.537901539674465,42326.80365968716,0,0
85,TRANSFER,283.761758311933,C3473,29187.35724835666,28903.59549004473,M3473,69371.03295351716,69654.79471182909,0,0
72,TRANSFER,38.73066479740282,C1736,8552.13349922808,8513.402834430679,M1736,2382.238985191552,2420.969649988954,0,0
41,TRANSFER,60.02309888595536,C1774,4897.195820962413,4837.172722076457,M1774,66708.31813092335,66768.3412298093,0,0
59,DEBIT,731.9135376779737,C1772,1842.1376768239056,1110.224139145932,M1772,8672.56993769892,9404.483475376894,0,0
75,CASH_OUT,98.51478176601478,C1266,1303.9960707364771,1205.4812889704626,M1266,9856.039698216531,9954.554479982547,0,0
99,DEBIT,71.284895127943,C2798,627.8106780767654,556.5257829488223,M2798,15943.172242046938,16014.45713717488,0,0
28,PAYMENT,4.066256348527317,C3425,14056.703290533056,14052.637034184529,M3425,14697.29296040334,14701.359216751867,0,0
19,CASH_OUT,2069.677722795816,C4688,15161.568755272434,13091.891032476618,M4688,1082.274425073268,3151.952147869084,0,0
97,PAYMENT,69.96626776269665,C5259,71.40316826580712,1.4369005031104791,M5259,6492.273644824124,6562.2399125868205,1,0
19,CASH_OUT,10709.093418396124,C4444,395.938526717112,0.0,M4444,4233.920429878355,14943.01384827448,0,0
93,CASH_IN,197.41758977757308,C1754,2116.894470170607,1919.4768803930335,M1754,2277.8302728034696,2475.2478625810427,0,0
65,CASH_IN,215.14595225856445,C1649,6226.093229301428,6010.947277042864,M1649,36127.94068970056,36343.086641959126,0,0
66,CASH_OUT,2.4615684107276783,C3185,1542.6389102952523,1540.1773418845246,M3185,13422.32429797266,13424.785866383389,0,0
85,DEBIT,342.70014807821065,C1565,9199.42092002124,8856.720771943028,M1565,665.0554143916393,1007.75556246985,0,0
75,CASH_IN,4.61538416321916,C9,2954.113010066026,2949.497625902807,M9,2608.7226098295027,2613.3379939927217,0,0
36,DEBIT,123.74828295903885,C2733,16440.769722971494,16317.021440012457,M2733,15249.710339431766,15373.458622390805,0,0
69,CASH_IN,94.30482736937458,C354,2686.3863061345546,2592.08147876518,M354,740.3319490724016,834.6367764417762,0,0
97,TRANSFER,147.09176756319368,C4951,603.1348172732017,456.04304971000806,M4951,118.94290351499,266.0346710781837,0,0
13,TRANSFER,45.73414181781448,C1806,263807.1361452312,263761.40200341336,M1806,4517.105907351846,4562.840049169661,0,0
91,CASH_OUT,21046.45643532373,C4739,4886.564592295544,0.0,M4739,11868.924795890907,32915.38123121463,0,0
46,PAYMENT,3178.710190335244,C3592,196.96798403923125,0.0,M3592,4567.204558345805,7745.914748681049,0,0
51,CASH_OUT,89.81628274474934,C4559,1266.2153658650902,1176.399083120341,M4559,208.06783816308567,297.88412090783504,0,0
90,PAYMENT,69.70925289658335,C2008,5496.130419774781,5426.421166878198,M2008,3723.057643003319,3792.766895899902,0,0
23,TRANSFER,1712.8211914171843,C278,41138.46449843684,39425.64330701965,M278,5579.751535011358,7292.572726428542,0,0
9,DEBIT,160.42759092135935,C3572,7981.281325149826,7820.853734228467,M3572,32124.135459472884,32284.563050394245,0,0
6,CASH_OUT,192.8881330689016,C1151,4839.479951426863,4646.591818357961,M1151,503.9222148049834,696.810347873885,0,0
92,TRANSFER,25.1114527933694,C4903,1150.1900794640492,1125.0786266706798,M4903,15171.099873553296,15196.211326346664,0,0
49,CASH_OUT,311.2515002005843,C3568,14934.432107912611,14623.180607712027,M3568,107301.73727522812,107612.98877542868,0,0
8,PAYMENT,473.13791832525845,C2926,1123.3860940894683,650.2481757642099,M2926,1933.510107529504,2406.648025854762,0,0
38,CASH_OUT,459.6711980313526,C2751,81.20831834582772,0.0,M2751,108535.8616938586,108995.53289188996,0,0
42,CASH_IN,1593.9655378296502,C2110,976.1890604342824,0.0,M2110,7328.299252378507,8922.264790208157,0,0
74,CASH_OUT,242.24421749610008,C3186,7138.148850957471,6895.904633461371,M3186,9752.752684995923,9994.996902492025,0,0
33,CASH_OUT,13453.318181286311,C268,266.81033153602505,0.0,M268,10450.57924070482,23903.89742199113,0,0
92,CASH_OUT,63.07369694150388,C3096,1190.8286646451957,1127.7549677036918,M3096,3171.641467302345,3234.7151642438494,0,0
37,TRANSFER,46876.653589315945,C3711,15129.295626010511,0.0,M3711,599.371734448948,47476.025323764894,0,0
46,CASH_IN,178.00616399336184,C926,23026.99000445857,22848.98384046521,M926,2689.1847482771464,2867.1909122705083,0,0
3,PAYMENT,1758.2112174402523,C12,41795.07213541485,40036.8609179746,M12,2876.358721518565,4634.569938958817,0,0
50,TRANSFER,23.306100226680723,C4805,1461.279929647945,1437.9738294212643,M4805,67179.57759101545,67202.88369124212,0,0
18,TRANSFER,102.03196368249864,C989,850.2628308467188,748.2308671642202,M989,39525.01425472978,39627.04621841228,0,0
12,DEBIT,80.78475486835357,C5196,506.1669385625021,425.3821836941486,M5196,10521.152312686185,10601.937067554536,1,0
48,PAYMENT,1594.7624153272973,C1773,17808.967979608235,16214.205564280936,M1773,13086.54740793648,14681.30982326378,0,0
4,CASH_IN,1711.5721555270193,C899,1800.4015080630568,88.8293525360375,M899,727.1851096382037,2438.757265165223,0,0
98,CASH_IN,982.3800077193962,C3806,3041.627862618864,2059.247854899468,M3806,886.182939969056,1868.562947688452,0,0
93,CASH_IN,24.779416013837228,C1893,3430.705395548181,3405.925979534344,M1893,2558.378043505487,2583.157459519324,0,0
28,CASH_OUT,83.07287165613894,C4708,259762.9985357024,259679.92566404628,M4708,1564.8594800293306,1647.9323516854697,0,0
67,DEBIT,286.7719035910734,C3896,343.6337447036314,56.86184111255801,M3896,30136.539716057425,30423.3116196485,0,0
29,TRANSFER,19.56082044624188,C4913,1358.8616799407469,1339.300859494505,M4913,2880.372999872393,2899.933820318635,0,0
14,DEBIT,110.42311398571674,C5576,1746.8570158689274,1636.4339018832106,M5576,768.0300853720562,878.453199357773,1,0
81,DEBIT,367.5444145935106,C3440,959.8232422370596,592.2788276435491,M3440,180.1169339775652,547.6613485710758,0,0
20,DEBIT,374.72719298378,C1678,1062.4765209776112,687.7493279938312,M1678,3333.111019196577,3707.838212180357,0,0
81,PAYMENT,170.6537929756602,C3875,598.1339957093077,427.4802027336475,M3875,434.1596351013795,604.8134280770397,0,0
10,TRANSFER,59.62661099656818,C2162,14248.367852560832,14188.741241564265,M2162,869.3760060555836,929.0026170521518,0,0
60,DEBIT,132.10083036960597,C2134,2744.5483205715764,2612.4474902019706,M2134,15926.608124792543,16058.70895516215,0,0
76,CASH_OUT,22.77905561425936,C2148,272.8272852094881,250.04822959522872,M2148,55463.71167339737,55486.49072901162,0,0
46,TRANSFER,29.208099715862307,C3559,340738.5926609821,340709.3845612662,M3559,6879.547004913944,6908.755104629806,0,0
57,CASH_OUT,783.3397788868801,C736,913.5712661829602,130.2314872960801,M736,825.1234503399178,1608.463229226798,0,0
74,DEBIT,245.03953275580017,C4157,8846.1827560702,8601.1432233144,M4157,1625.9629999138826,1871.0025326696828,0,0
9,TRANSFER,2539.3774887059326,C4056,5722.8742983780285,3183.496809672096,M4056,38516.56005881567,41055.9375475216,0,0
32,DEBIT,318.82545037581605,C293,53.993815065813145,0.0,M293,13346.376474063953,13665.201924439769,0,0
52,PAYMENT,22.74313581419901,C630,410.7309148745002,387.9877790603012,M630,13534.886827900558,13557.629963714757,0,0
54,TRANSFER,127.23138706157468,C4283,1544.1949106708994,1416.9635236093247,M4283,3094.5897554846383,3221.821142546213,0,0
6,CASH_OUT,1.0120527698625057,C2185,6507.848104113824,6506.836051343961,M2185,2273.7600223423037,2274.7720751121656,0,0
48,TRANSFER,59.19658038757144,C2325,310249.396809186,310190.2002287984,M2325,1566.7547249194574,1625.9513053070289,0,0
8,PAYMENT,6.521242183605307,C3929,11721.587510164372,11715.066267980766,M3929,2096.4980130597405,2103.019255243346,0,0
28,PAYMENT,66.09706180075926,C1746,21116.48100642301,21050.383944622256,M1746,41008.44645380751,41074.54351560827,0,0
85,DEBIT,173.87982073305756,C2728,15391.17308701116,15217.293266278102,M2728,1049.8500574305092,1223.7298781635668,0,0
64,PAYMENT,54.30125897067121,C3900,528.3459509863625,474.0446920156913,M3900,3126.7940228739253,3181.0952818445967,0,0
45,TRANSFER,284.54899404361214,C2643,12769.539949916823,12484.99095587321,M2643,21169.319904100303,21453.86889814392,0,0
58,TRANSFER,78.01224553804911,C3139,1638.663643451606,1560.651397913557,M3139,5823.836643618756,5901.848889156805,0,0
80,DEBIT,62.20873509422224,C4348,116683.1379027524,116620.9291676582,M4348,11088.23326526421,11150.442000358433,0,0
65,TRANSFER,35.06274153271474,C105,2896.2778241683427,2861.215082635628,M105,1248.641964354838,1283.7047058875528,0,0
17,CASH_OUT,3666.378806490077,C1274,60553.72988556617,56887.35107907609,M1274,1130.2143881880288,4796.593194678106,0,0
3,TRANSFER,750.0157713681338,C2918,1512.5721967595134,762.5564253913797,M2918,17159.73162923926,17909.747400607394,0,0
19,TRANSFER,33.1414328948411,C5451,7173.973811760899,7140.832378866057,M5451,4098.575420853095,4131.7168537479365,1,0
81,CASH_OUT,4.339509636754928,C3835,886.8963688372049,882.55685920045,M3835,7901.129181670731,7905.468691307486,0,0
45,CASH_IN,515.0564705583018,C2985,11509.099711559087,10994.043241000783,M2985,19700.25697044685,20215.31344100516,0,0
2,TRANSFER,154.5542451442461,C3182,1510.9377965090357,1356.3835513647896,M3182,58.7210251094918,213.2752702537379,0,0
79,DEBIT,445.8506139833201,C861,10366.782960399329,9920.932346416008,M861,1502.6114765976245,1948.4620905809445,0,0
37,PAYMENT,305.39375284604984,C2129,168.5525879308436,0.0,M2129,11136.37418683289,11441.76793967894,0,0
61,CASH_IN,1.2432202887788988,C3888,1797.8173675438818,1796.5741472551028,M3888,862.4866904925419,863.7299107813208,0,0
19,PAYMENT,525.6800540896331,C5012,5076.156405109321,4550.476351019688,M5012,18831.12618049842,19356.806234588053,1,0
88,CASH_OUT,5.876911816920639,C5033,141.686095444189,135.80918362726834,M5033,47582.6749899437,47588.55190176062,1,0
87,DEBIT,383.7972028008774,C1244,58224.80482506928,57841.0076222684,M1244,3171.080830490915,3554.8780332917927,0,0
19,PAYMENT,88.825107067043,C2360,692.2501995446337,603.4250924775906,M2360,33399.86555295917,33488.690660026215,0,0
41,DEBIT,111.90225296854986,C1234,10361.246420112568,10249.344167144018,M1234,879.8530628928677,991.7553158614176,0,0
90,DEBIT,448.8680207199448,C3671,2106.977295265008,1658.109274545063,M3671,27097.45987125661,27546.32789197656,0,0
49,CASH_OUT,606.8232586171847,C2491,13291.40255936159,12684.579300744404,M2491,416.13302131056014,1022.9562799277448,0,0
5,CASH_IN,13343.977571450589,C1729,245.48829081737688,0.0,M1729,7419.341591863418,20763.31916331401,0,0
68,CASH_IN,466.9663498800162,C2423,2361.0829965490607,1894.1166466690445,M2423,15287.698187963177,15754.664537843191,0,0
65,CASH_IN,807.7573909528734,C3717,211.83986929932237,0.0,M3717,18044.320865492416,18852.07825644529,0,0
73,PAYMENT,675.5723711018188,C4213,562.5150413475279,0.0,M4213,13259.487210673517,13935.059581775336,0,0
62,CASH_OUT,827.1605844950543,C2574,748.171222323506,0.0,M2574,217414.13504600388,218241.2956304989,0,0
15,CASH_IN,3.468826430313096,C4466,2567.779087468139,2564.310261037826,M4466,63289.714914813856,63293.18374124417,0,0
17,TRANSFER,237.1390282805044,C3820,1453.045181410582,1215.9061531300777,M3820,1025.624023377392,1262.7630516578963,0,0
86,TRANSFER,106.55505634325226,C1566,1932.289093487098,1825.7340371438456,M1566,2532.342968458656,2638.898024801908,0,0
47,PAYMENT,16.38761512554089,C3363,207.03543884537984,190.64782371983893,M3363,73256.45344691162,73272.84106203716,0,0
31,CASH_OUT,1091.182852548637,C4024,1675.0675758659977,583.8847233173608,M4024,48.60445592381106,1139.7873084724476,0,0
46,CASH_IN,1741.3127491621967,C3611,1214.0777924138908,0.0,M3611,2041.691567476408,3783.004316638605,0,0
2,CASH_OUT,247.2689169203202,C3636,3497.8856800676185,3250.616763147298,M3636,1598.872169192157,1846.141086112477,0,0
49,TRANSFER,8.013998726006102,C588,111.395854271953,103.3818555459469,M588,396.77872852120527,404.79272724721136,0,0
74,CASH_IN,59.05698096219592,C880,1745.451027264573,1686.394046302377,M880,22480.954299606427,22540.011280568626,0,0
44,PAYMENT,9.317969388347386,C4312,758.7228399349956,749.4048705466482,M4312,443.7429762882699,453.0609456766173,0,0
81,TRANSFER,109.64543527788904,C3996,1488.5811549225473,1378.9357196446583,M3996,1214.2446800521143,1323.8901153300033,0,0
24,TRANSFER,53.27157324239264,C1493,87594.2882662482,87541.0166930058,M1493,4235.889684802547,4289.16125804494,0,0
15,CASH_OUT,165.2836524578874,C1139,7428.54001432217,7263.256361864283,M1139,4272.926829561424,4438.210482019311,0,0
88,PAYMENT,42.81160235435884,C1370,3758.098092354928,3715.286490000569,M1370,2242.7990455043314,2285.6106478586903,0,0
52,CASH_OUT,18.70050342688819,C2573,822.3751756993184,803.6746722724303,M2573,501.10864454384415,519.8091479707323,0,0
92,PAYMENT,863.0695908249659,C3100,6114.531316528429,5251.461725703462,M3100,2325.1306483574763,3188.200239182442,0,0
86,TRANSFER,84.68301313683892,C4366,7238.526079897678,7153.843066760839,M4366,1465.8900215833355,1550.5730347201747,0,0
44,PAYMENT,26.361895342847745,C2012,46397.21312432995,46370.85122898711,M2012,2169.8719614629304,2196.233856805778,0,0
51,DEBIT,310.68190898385353,C5331,88.74365738073261,0.0,M5331,1861.016975095212,2171.698884079065,1,0
8,CASH_OUT,1145.778691752736,C2485,806.8216598207313,0.0,M2485,3186.937300638791,4332.715992391527,0,0
51,PAYMENT,2842.540850423478,C1134,7324.201299418972,4481.660448995493,M1134,105937.17748550994,108779.71833593342,0,0
23,CASH_OUT,315.4147355021884,C1072,7056.258495413124,6740.843759910936,M1072,3861.2718163007344,4176.686551802923,0,0
13,TRANSFER,26.849541688633597,C2275,9756.717783826462,9729.868242137827,M2275,15436.60395946121,15463.453501149845,0,0
25,PAYMENT,168.42339695208818,C4554,15779.01159823217,15610.58820128008,M4554,2033.3602013286556,2201.783598280744,0,0
98,PAYMENT,6.398330893112635,C3400,1272.5648783505223,1266.1665474574097,M3400,1300.7461552903249,1307.1444861834375,0,0
91,PAYMENT,3.0236697852137664,C1835,34631.735611633725,34628.71194184851,M1835,22287.04851500517,22290.072184790388,0,0
74,CASH_OUT,21533.160864404686,C739,1148.8283958372442,0.0,M739,47236.054313245055,68769.21517764975,0,0
41,CASH_IN,301.3128223629815,C2132,4721.762947899482,4420.450125536501,M2132,75.09286823099018,376.40569059397166,0,0
36,PAYMENT,115.95037361494327,C259,19652.734604789177,19536.784231174235,M259,9105.345997404247,9221.296371019193,0,0
76,TRANSFER,151.04004845097882,C1723,2391.4075520578003,2240.3675036068216,M1723,1605.7146294856557,1756.7546779366344,0,0
15,DEBIT,196.53772374375836,C2339,59366.18428146584,59169.64655772208,M2339,13091.589979746945,13288.127703490702,0,0
61,DEBIT,10.434727076160204,C3482,3945.6088061885766,3935.1740791124166,M3482,1934.6786938300588,1945.113420906219,0,0
43,DEBIT,25.881550483116182,C2240,4463.019630732145,4437.1380802490285,M2240,159040.3077620664,159066.1893125495,0,0
94,CASH_OUT,461.3194028736508,C841,10983.521754008423,10522.202351134772,M841,9182.949916489875,9644.269319363526,0,0
59,CASH_OUT,105.931034346266,C1554,7691.282695410756,7585.35166106449,M1554,16875.725244368336,16981.656278714603,0,0
36,DEBIT,10.244908455301482,C2562,14462.959372877998,14452.714464422696,M2562,4295.798100223405,4306.043008678706,0,0
37,TRANSFER,355.78933591567187,C3138,21.80660318516321,0.0,M3138,610.060257557234,965.8495934729058,0,0
63,DEBIT,149.41305996201504,C4016,1304.638862457941,1155.225802495926,M4016,1037.834016644406,1187.247076606421,0,0
27,PAYMENT,103.4064192265382,C2497,14653.823852655778,14550.41743342924,M2497,619.354380559875,722.7607997864133,0,0
64,CASH_OUT,356.31059304940027,C360,151096.48877105946,150740.17817801007,M360,1437.1888280462267,1793.499421095627,0,0
57,CASH_IN,528.1201885794737,C1901,4626.466405257424,4098.346216677951,M1901,35970.28948207815,36498.40967065762,0,0
18,PAYMENT,179.35104220618578,C2431,1886.366862243796,1707.0158200376095,M2431,17014.03427130525,17193.385313511433,0,0
66,CASH_IN,228.5620531934005,C4563,7374.823009828627,7146.260956635226,M4563,1006.3315590050416,1234.893612198442,0,0
57,DEBIT,851.4803524334937,C4149,129167.90917010876,128316.42881767527,M4149,5245.168751980471,6096.649104413965,0,0
48,CASH_OUT,19.265219246381346,C2274,5766.754988931441,5747.48976968506,M2274,916.741965777626,936.0071850240072,0,0
73,CASH_IN,580.351942306859,C4996,7018.719470482623,6438.367528175763,M4996,1023.3187786361276,1603.6707209429867,0,0
36,CASH_IN,750.8888373733989,C1163,8368.09147869389,7617.202641320491,M1163,5514.216749332479,6265.105586705878,0,0
89,DEBIT,383.9750661725175,C187,241.1377508159248,0.0,M187,241.6877791141115,625.6628452866289,0,0
17,TRANSFER,54.7851471957348,C760,121706.24128762604,121651.4561404303,M760,1418.1834665367992,1472.968613732534,0,0
38,PAYMENT,349.09337602988603,C2590,2536.564779574109,2187.471403544223,M2590,705.1659781307279,1054.2593541606138,0,0
37,CASH_IN,122.27472128435473,C2422,17166.449624857374,17044.17490357302,M2422,5380.844986279294,5503.119707563649,0,0
11,CASH_OUT,421.5916625086769,C4090,3182.990175869928,2761.398513361251,M4090,72779.17613712211,73200.76779963079,0,0
94,CASH_IN,129.22546663120272,C4095,78403.50000922557,78274.27454259436,M4095,7600.153438301666,7729.378904932869,0,0
93,CASH_OUT,2.856860997259635,C1110,3865.2204041485006,3862.363543151241,M1110,2434.892521268692,2437.749382265951,0,0
62,TRANSFER,0.2218580329554496,C83,42771.06746105805,42770.845603025096,M83,493.9825741193966,494.204432152352,0,0
2,CASH_OUT,267.347390947873,C2713,2217.6576201944526,1950.31022924658,M2713,12636.055229951013,12903.402620898883,0,0
14,TRANSFER,214.37045594691145,C2126,19.08318443310659,0.0,M2126,804.4031649133934,1018.7736208603048,0,0
42,DEBIT,15.333916904631794,C3763,8307.782754022073,8292.448837117441,M3763,7461.1056142064435,7476.439531111076,0,0
32,PAYMENT,154.18198716633273,C2852,14377.555432099478,14223.373444933146,M2852,3685.2710287468585,3839.453015913192,0,0
67,CASH_IN,12.561692490309442,C3883,8502.094832151524,8489.533139661215,M3883,760.0197052962747,772.5813977865841,0,0
32,DEBIT,41.90845780511707,C2060,42341.5956731225,42299.68721531738,M2060,43930.52916684647,43972.43762465159,0,0
35,PAYMENT,3555.832562424392,C3485,310.1204287263,0.0,M3485,334.74321519730125,3890.575777621693,0,0
40,PAYMENT,18.14331096603248,C3661,187652.9953661474,187634.85205518137,M3661,16363.870747886443,16382.014058852476,0,0
6,DEBIT,4728.203517726625,C4983,2112.4684186639947,0.0,M4983,6994.476904166486,11722.68042189311,0,0
63,PAYMENT,167.4152777051653,C5328,96737.76174766912,96570.34646996396,M5328,1866.198129396858,2033.6134071020235,1,0
76,TRANSFER,2781.7870994756195,C2248,19721.60682213645,16939.819722660835,M2248,580.074925475404,3361.862024951024,0,0
68,CASH_OUT,1131.9869696197752,C324,802.7683755733137,0.0,M324,582000.5649165947,583132.5518862144,0,0
89,CASH_OUT,306.4525846159826,C1127,129.96345725707369,0.0,M1127,4680.727950583653,4987.180535199635,0,0
65,CASH_IN,4.810090971950401,C2146,6441.493059130187,6436.682968158237,M2146,5037.987247868689,5042.79733884064,0,0
93,CASH_OUT,220.2559921396365,C5024,996.0855172131936,775.8295250735572,M5024,485.0725518554349,705.3285439950714,1,0
21,TRANSFER,1788.8716798581474,C1894,20616.864518670816,18827.99283881267,M1894,178.21758938750386,1967.0892692456516,0,0
65,DEBIT,8901.733513460076,C4783,3303.732263076401,0.0,M4783,10091.93091174226,18993.664425202336,0,0
34,CASH_OUT,48.15369693905309,C4194,2207.8767386470927,2159.7230417080395,M4194,4631.30564640728,4679.459343346332,0,0
92,TRANSFER,7.806201754359875,C1892,12565.387494024124,12557.581292269764,M1892,1913.9671250521496,1921.7733268065097,0,0
55,PAYMENT,175.69455520094183,C4338,114.09210813998084,0.0,M4338,66415.3291250348,66591.02368023574,0,0
13,TRANSFER,53.22763287572409,C610,16803.55822126471,16750.330588388984,M610,88.74189171852859,141.96952459425268,0,0
15,CASH_OUT,2152.243768946319,C4289,162694.27970218853,160542.0359332422,M4289,2967.572991563683,5119.8167605100025,0,0
28,CASH_OUT,67.56932562984038,C2811,809.7066179787215,742.1372923488811,M2811,2943.983615527592,3011.552941157432,0,0
54,CASH_OUT,1407.0185237632504,C5401,11310.410566691133,9903.392042927882,M5401,7823.991717798687,9231.010241561937,1,0
92,TRANSFER,96.33513962948533,C3270,1246.82493153182,1150.4897919023344,M3270,817.6248277978196,913.959967427305,0,0
7,DEBIT,44.957333399512095,C4683,9827.282703590014,9782.3253701905,M4683,6239.474436477996,6284.4317698775085,0,0
66,DEBIT,125.83512563275168,C4746,20174.57148573061,20048.736360097857,M4746,2439.7741832783045,2565.6093089110564,0,0
38,TRANSFER,21.69799040538801,C1409,1690.529003809791,1668.831013404403,M1409,1094.903379443428,1116.601369848816,0,0
36,CASH_IN,318.5052950673261,C4994,1374.0542814802784,1055.5489864129522,M4994,2080.2642848781056,2398.769579945432,0,0
86,DEBIT,562.2683971608288,C171,1626.14503192567,1063.8766347648411,M171,4438.100836107984,5000.369233268812,0,0
32,CASH_OUT,206.30788695741103,C1619,12673.76828251984,12467.46039556243,M1619,547.749125127268,754.0570120846791,0,0
43,PAYMENT,387.64047623688185,C4209,11417.756019601677,11030.115543364796,M4209,45423.21087499153,45810.85135122841,0,0
99,CASH_IN,33.14497422967876,C797,107089.23684906884,107056.09187483916,M797,2881.467471778172,2914.6124460078504,0,0
69,CASH_OUT,25.767352619674988,C3349,17061.710959756183,17035.94360713651,M3349,462.90191516454473,488.6692677842197,0,0
31,CASH_IN,2168.6649254849995,C3015,26997.839680138783,24829.174754653784,M3015,40160.98257142492,42329.64749690992,0,0
44,TRANSFER,163.50652771948856,C4636,5940.111509071655,5776.604981352166,M4636,1522.7599219676197,1686.2664496871082,0,0
9,PAYMENT,8.196811017791227,C2758,1166.2466629916723,1158.049851973881,M2758,12675.218510603325,12683.415321621116,0,0
30,CASH_IN,694.9628901818087,C1615,16203.960845111664,15508.997954929857,M1615,10257.680418794516,10952.643308976323,0,0
88,TRANSFER,341.9224192492971,C3488,253.5933872432882,0.0,M3488,2804.501494154268,3146.423913403565,0,0
24,CASH_OUT,19.21848558600065,C2972,1572.671752653107,1553.4532670671065,M2972,64430.14103200896,64449.35951759497,0,0
93,CASH_IN,18.39487466314021,C76,12853.119353721926,12834.724479058788,M76,269353.49593033805,269371.8908050012,0,0
48,CASH_OUT,21.608149590547598,C1738,2041.570193177885,2019.9620435873371,M1738,380.5047244894208,402.1128740799684,0,0
44,DEBIT,100.07706592190544,C3315,424.9431217495029,324.86605582759745,M3315,1802.9989830547825,1903.076048976688,0,0
82,PAYMENT,319.3628912772256,C3001,1348.9103173645165,1029.547426087291,M3001,20010.34667711297,20329.7095683902,0,0
24,TRANSFER,368.7804689627104,C4012,589.8204290190928,221.0399600563824,M4012,39986.0390875759,40354.819556538605,0,0
81,DEBIT,32.320974510329535,C1295,1044.499624594831,1012.1786500845014,M1295,2053.1347317438986,2085.455706254228,0,0
95,CASH_OUT,189.88915021507717,C85,35752.12215670743,35562.23300649235,M85,2271.966735281071,2461.8558854961484,0,0
27,PAYMENT,2499.0963463058824,C3267,1365.3297857206958,0.0,M3267,7029.163798086441,9528.260144392323,0,0
87,CASH_OUT,90.27143562204424,C3144,28.99112273180899,0.0,M3144,64651.095449089466,64741.36688471151,0,0
14,PAYMENT,574.0454242414729,C961,8930.02033777175,8355.974913530277,M961,2688.628349149099,3262.673773390572,0,0
56,CASH_OUT,240.36625868861032,C1630,4098.71755452584,3858.351295837229,M1630,3105.615796911792,3345.982055600402,0,0
35,CASH_IN,248.2951621101763,C4956,982.5184582413644,734.223296131188,M4956,1247.913322461025,1496.208484571201,0,0
61,TRANSFER,31.39474932155417,C4504,1437.6763683971942,1406.28161907564,M4504,3622.2484471870425,3653.6431965085967,0,0
8,CASH_OUT,63.04492738156911,C2538,3216.9719634922594,3153.92703611069,M2538,80653.85451287904,80716.89944026062,0,0
17,TRANSFER,3.120681215398841,C1947,8957.216389596973,8954.095708381574,M1947,49728.456367823,49731.5770490384,0,0
56,CASH_IN,9.64497001457356,C3113,2759.840435675127,2750.195465660553,M3113,1195.617703012501,1205.2626730270742,0,0
53,PAYMENT,196.49366758271168,C887,6944.588373596739,6748.094706014027,M887,2144.6109398994136,2341.104607482125,0,0
99,TRANSFER,284.8222625665504,C4405,490.67777484269465,205.85551227614425,M4405,1595.888134513791,1880.7103970803416,0,0
13,PAYMENT,68.49549472549106,C4159,178338.96039302633,178270.46489830082,M4159,2381.535440175116,2450.0309349006066,0,0
46,CASH_OUT,72.04884510733719,C5080,35714.14879304881,35642.09994794147,M5080,24737.06057630096,24809.10942140829,1,0
3,CASH_IN,69.40726339652402,C43,640.1458179143616,570.7385545178375,M43,2161.3489252389086,2230.7561886354324,0,0
46,CASH_OUT,4.115455559831684,C4795,6944.11819561055,6940.002740050719,M4795,6835.410598915634,6839.526054475466,0,0
62,TRANSFER,26.350077392452366,C4700,23629.748506935703,23603.39842954325,M4700,356.7911395193756,383.141216911828,0,0
44,DEBIT,148.96931837327304,C232,1724.184863886841,1575.215545513568,M232,16541.765479699905,16690.73479807318,0,0
8,CASH_OUT,11.29357172322485,C1187,2572.534369226279,2561.240797503054,M1187,19301.67999204697,19312.9735637702,0,0
73,TRANSFER,775.9244845018206,C4971,15126.366402273645,14350.441917771825,M4971,3055.857996246889,3831.7824807487095,0,0
56,CASH_OUT,99.50928778593112,C2394,945.2375256449144,845.7282378589832,M2394,20777.77562382302,20877.284911608956,0,0
86,PAYMENT,150.21866989983522,C609,45100.18476072967,44949.96609082983,M609,162.90338198826475,313.1220518881,0,0
46,PAYMENT,4.953178025487582,C3941,88556.7459234256,88551.7927454001,M3941,66399.50999685784,66404.46317488333,0,0
68,CASH_OUT,136.1069296488836,C3455,311.1953730758276,175.088443426944,M3455,66572.87914711352,66708.9860767624,0,0
40,DEBIT,34670.816510472614,C5508,132.33545273447442,0.0,M5508,1358.275465105226,36029.09197557784,1,0
89,CASH_OUT,16.75041115416428,C99,3971.385375973108,3954.634964818944,M99,23427.44935350996,23444.199764664125,0,0
93,CASH_IN,788.7211581511837,C2057,4333.674824238993,3544.9536660878093,M2057,66406.15291049753,67194.87406864871,0,0
95,CASH_IN,166.71929996677585,C1578,3162.6401409210503,2995.9208409542744,M1578,15024.161384432278,15190.880684399051,0,0
76,PAYMENT,5.533341393258066,C3520,1432.5309746625112,1426.9976332692531,M3520,4094.145161219504,4099.678502612762,0,0
89,TRANSFER,348.12526132976024,C972,344.6267340635584,0.0,M972,201.39966658537384,549.5249279151341,0,0
70,DEBIT,17.764098742035255,C447,439.68443606544855,421.9203373234133,M447,3108.384462525184,3126.148561267219,0,0
21,TRANSFER,239.36689418862355,C5283,2317.188017815275,2077.821123626652,M5283,3112.810850371373,3352.1777445599964,1,0
40,PAYMENT,5.704946381224011,C3439,70397.94418229001,70392.23923590878,M3439,11671.47828066212,11677.183227043342,0,0
86,CASH_OUT,1727.7851611305075,C1978,10610.61574405377,8882.830582923263,M1978,15573.9231628007,17301.70832393121,0,0
74,DEBIT,415.2610766482437,C4370,2122.399886079679,1707.1388094314354,M4370,2461.9369357948144,2877.1980124430584,0,0
26,PAYMENT,1141.498539546869,C832,1247.019013647745,105.52047410087562,M832,821.1140651208872,1962.6126046677564,0,0
75,DEBIT,554.3430390519617,C1887,2259.8900005024097,1705.5469614504482,M1887,4361.557764572489,4915.90080362445,0,0
61,CASH_OUT,1439.0146535135589,C5132,228.347714782113,0.0,M5132,2778.4951510440496,4217.509804557609,1,0
84,PAYMENT,1.578683013982931,C4681,22076.193864640965,22074.61518162698,M4681,4794.520011142377,4796.098694156361,0,0
87,PAYMENT,83.45376040267149,C4020,3629.4233254378937,3545.9695650352223,M4020,157.62757407145958,241.08133447413107,0,0
58,CASH_IN,271.5940894923985,C389,482.8502923533592,211.25620286096063,M389,517.8245717423279,789.4186612347264,0,0
39,DEBIT,88.46221796755368,C4359,18.93478570808588,0.0,M4359,1942.356796489185,2030.8190144567384,0,0
38,CASH_IN,581.1823511783624,C1267,1451.5101737872042,870.3278226088418,M1267,7409.829931053467,7991.012282231829,0,0
58,TRANSFER,2610.1425798940986,C528,671.5942680435746,0.0,M528,3833.13807290376,6443.280652797858,0,0
25,TRANSFER,123.20959928477431,C2925,449.4484243965068,326.2388251117325,M2925,13840.33922962366,13963.548828908431,0,0
79,TRANSFER,93.9529202784466,C150,22287.51786047184,22193.56494019339,M150,2381.0136931188767,2474.9666133973237,0,0
10,TRANSFER,375.7130491482164,C2820,159819.59562566975,159443.88257652154,M2820,396.942162833469,772.6552119816854,0,0
10,CASH_IN,900.9271812181672,C5461,593.1769715276878,0.0,M5461,157.01492789934755,1057.942109117515,1,0
49,TRANSFER,120.86154835714257,C3202,65952.14334860226,65831.28180024511,M3202,3982.133377088783,4102.994925445925,0,0
96,PAYMENT,4626.311384276458,C4241,611666.5617837751,607040.2503994986,M4241,9098.366471357342,13724.6778556338,0,0
77,CASH_IN,961.1516619739484,C3051,548341.3060601497,547380.1543981758,M3051,16822.01610913579,17783.16777110974,0,0
44,TRANSFER,1221.9453358985852,C3110,13312.227201830028,12090.281865931443,M3110,271.0683085479834,1493.0136444465686,0,0
27,DEBIT,547.1117466840783,C191,1786.0611489806038,1238.9494022965257,M191,10112.158024510878,10659.269771194957,0,0
25,DEBIT,1.482086696485741,C3375,423.8179188003878,422.3358321039021,M3375,7447.622341108076,7449.104427804562,0,0
94,PAYMENT,708.023145754314,C5441,1799.3304628807282,1091.307317126414,M5441,2504.015361017299,3212.038506771613,1,0
84,TRANSFER,1343.1009812796035,C2546,982.7680164330752,0.0,M2546,23779.211005207217,25122.31198648682,0,0
3,PAYMENT,377.5997882833096,C1639,10936.244638303657,10558.644850020346,M1639,52969.67213908785,53347.27192737116,0,0
12,CASH_OUT,33.068252271718094,C4101,52.209019427999856,19.14076715628176,M4101,29482.56983133481,29515.638083606533,0,0
97,DEBIT,90.66540315960164,C227,378.33185826943225,287.6664551098306,M227,286.41389752213433,377.079300681736,0,0
18,CASH_OUT,140.69944751306997,C1442,1680.8043155905236,1540.1048680774536,M1442,344.7633652729314,485.4628127860014,0,0
46,CASH_IN,103.1016101908704,C1472,418.2699291300809,315.1683189392105,M1472,772.0546282491414,875.1562384400117,0,0
96,PAYMENT,875.5830770838244,C4565,276.65461087128625,0.0,M4565,6629.473636601322,7505.056713685147,0,0
37,TRANSFER,1.0985504984551162,C2068,15251.139035716931,15250.040485218477,M2068,165.86470510255313,166.96325560100826,0,0
47,TRANSFER,226.13516927515332,C4093,119.42062011290118,0.0,M4093,291.95577853000367,518.090947805157,0,0
8,CASH_OUT,1187.2912754019023,C3491,1995.2409085127128,807.9496331108105,M3491,61418.10508339812,62605.396358800026,0,0
41,DEBIT,105.62825068730464,C3634,3689.9968531368095,3584.368602449505,M3634,1369.6706414246385,1475.2988921119431,0,0
16,TRANSFER,42.6044749491585,C2928,5647.640889829796,5605.0364148806375,M2928,44759.80162970909,44802.40610465824,0,0
41,DEBIT,22.300160540496712,C4433,4607.204755450049,4584.904594909552,M4433,5612.7327557705485,5635.0329163110455,0,0
38,DEBIT,208.8505757360884,C4296,16.01399330630188,0.0,M4296,2742.6047101486665,2951.455285884755,0,0
48,TRANSFER,61.98969907236058,C335,77087.81763171994,77025.82793264757,M335,59.75287523861997,121.74257431098056,0,0
27,CASH_IN,486.821477749146,C1781,5054.6353947487005,4567.813916999555,M1781,10032.730897677024,10519.55237542617,0,0
7,CASH_IN,248.5831695656329,C4501,2342.5471429938248,2093.963973428192,M4501,4360.635518704549,4609.218688270182,0,0
15,PAYMENT,34.370374797666145,C3124,495.6059701164877,461.2355953188216,M3124,363.38615198016447,397.7565267778306,0,0
4,TRANSFER,91.47879526711546,C823,345.36845125751194,253.88965599039648,M823,46120.84448492757,46212.32328019469,0,0
99,DEBIT,111.24097742483686,C5300,865.3075096977512,754.0665322729144,M5300,1715.8849555593208,1827.1259329841575,1,0
72,TRANSFER,22.23747037750638,C3598,1612.5869421027269,1590.3494717252206,M3598,132958.82782654229,132981.06529691978,0,0
12,CASH_IN,113.8562569863845,C4658,58902.42067016146,58788.564413175074,M4658,1415.5220396841935,1529.378296670578,0,0
96,TRANSFER,15.26056600757259,C740,25252.5364733028,25237.27590729523,M740,367.1658542862066,382.4264202937792,0,0
26,TRANSFER,83.08355492859802,C3304,2095.586228822985,2012.502673894387,M3304,33468.20608064915,33551.28963557775,0,0
32,PAYMENT,2356.120479424751,C1349,4636.616059346231,2280.49557992148,M1349,326.6416181632752,2682.7620975880263,0,0
72,DEBIT,98.68625506915072,C2416,2898.297456473373,2799.6112014042224,M2416,9678.66243851628,9777.348693585433,0,0
3,DEBIT,1892.8340271453355,C2041,206.25087738301067,0.0,M2041,1762.2949133234315,3655.128940468767,0,0
38,PAYMENT,12.242740189452457,C4730,10716.103705153424,10703.860964963971,M4730,104.823182178466,117.06592236791846,0,0
63,CASH_OUT,164.77121976742347,C1953,41870.34585503896,41705.57463527153,M1953,6131.215550621997,6295.986770389421,0,0
22,PAYMENT,24.940363362633743,C5497,270.7319740746488,245.79161071201503,M5497,14349.995417545042,14374.935780907676,1,0
7,CASH_IN,7.151595108204085,C2704,2271.272542373111,2264.1209472649066,M2704,2219.28104081826,2226.432635926464,0,0
46,CASH_OUT,1508.9658027038245,C4303,522.6637167842914,0.0,M4303,28104.31336931737,29613.279172021197,0,0
61,DEBIT,296.5364180672969,C5344,437.4032879728253,140.86686990552835,M5344,773.6063258645357,1070.142743931833,1,0
25,CASH_OUT,9548.845497179344,C981,1897.2113431859248,0.0,M981,23504.25073855949,33053.096235738834,0,0
47,TRANSFER,1.7900119832782966,C1181,164.00500029615807,162.21498831287977,M1181,139032.9442720532,139034.73428403647,0,0
98,DEBIT,37.63360491373514,C3691,592083.6325967648,592045.9989918511,M3691,4975.0805457924425,5012.714150706178,0,0
90,TRANSFER,8319.337871173106,C2263,3154.7955462140208,0.0,M2263,1308.1701750809425,9627.508046254048,0,0
70,CASH_OUT,90.90298354012,C4567,7549.604157180679,7458.701173640559,M4567,18288.584957790143,18379.487941330262,0,0
49,CASH_IN,65.76932046894918,C4585,25337.46804455368,25271.69872408473,M4585,1374.5471160006616,1440.3164364696108,0,0
31,CASH_OUT,7.468759923638347,C2387,2255.7200360767024,2248.251276153064,M2387,276.7058972320856,284.17465715572393,0,0
20,PAYMENT,88.24113751058944,C2204,2087.621245502888,1999.3801079922985,M2204,1733.4986693270455,1821.7398068376351,0,0
95,TRANSFER,16.647191819540335,C4634,40800.59568403442,40783.94849221488,M4634,599.475925682976,616.1231175025164,0,0
21,CASH_OUT,287.08614507273114,C4917,2640.0369417308616,2352.9507966581305,M4917,1131.8335977770582,1418.9197428497894,0,0
37,CASH_IN,1049.2131606600433,C4885,61937.82946275711,60888.61630209706,M4885,13960.922846007885,15010.136006667928,0,0
9,TRANSFER,16.84938127293178,C2018,666.2365921517745,649.3872108788428,M2018,238022.9836821111,238039.83306338405,0,0
74,TRANSFER,21.931385945259805,C651,73.25503150666616,51.32364556140635,M651,871.2117843609865,893.1431703062462,0,0
26,DEBIT,155.94984975415062,C3503,7190.820427346733,7034.870577592582,M3503,21717.558829117606,21873.50867887176,0,0
98,CASH_IN,1850.419281502056,C4723,75336.07176107672,73485.65247957467,M4723,1851.0535534965784,3701.472834998634,0,0
99,CASH_IN,153.05483291026582,C4441,155.57723198965175,2.5223990793859343,M4441,1774.6273030215762,1927.682135931842,0,0
45,DEBIT,277.7223922425239,C2731,753.5294048683108,475.80701262578697,M2731,7204.290352745038,7482.012744987562,0,0
26,PAYMENT,358.7444982426139,C3060,662.4817340840938,303.7372358414799,M3060,14066.414655504954,14425.159153747569,0,0
14,TRANSFER,1601.7749026081262,C2603,18245.102478138448,16643.327575530322,M2603,5998.308085474885,7600.0829880830115,0,0
56,CASH_OUT,130.83334528982476,C2390,10774.534931455031,10643.701586165207,M2390,9782.88938555822,9913.722730848043,0,0
79,DEBIT,16.801700714957448,C2902,4317.660364604305,4300.858663889348,M2902,1904.3008158980383,1921.102516612996,0,0
97,CASH_IN,878.2345733127477,C3228,1002.9716394692476,124.73706615649984,M3228,218.68107842730987,1096.9156517400577,0,0
69,PAYMENT,245.84429474908228,C1747,16125.069514703368,15879.225219954284,M1747,18655.646676754044,18901.490971503128,0,0
29,CASH_OUT,29.12989557341168,C5450,122.20165757677664,93.07176200336497,M5450,2623.662986365687,2652.792881939099,1,0
98,CASH_IN,44.50455924569725,C3487,3673.13963499698,3628.635075751283,M3487,14051.832822571649,14096.337381817344,0,0
15,CASH_OUT,115.79051949310214,C35,1586.535814632272,1470.7452951391697,M35,3336.218942417061,3452.0094619101637,0,0
59,TRANSFER,34.68690041033583,C1421,43653.92639618358,43619.23949577325,M1421,65149.43083513646,65184.1177355468,0,0
61,TRANSFER,218.31341297830517,C355,61.49045690371513,0.0,M355,751.3831824980348,969.69659547634,0,0
14,CASH_OUT,314.29571063492466,C3645,166574.6108180702,166260.31510743528,M3645,512.5659484012913,826.861659036216,0,0
87,CASH_OUT,167.8299662870928,C3787,31238.115054232443,31070.28508794535,M3787,1954.9242302037817,2122.7541964908746,0,0
11,DEBIT,123.48832578135249,C1668,2061.9263092946258,1938.4379835132731,M1668,123.14237245767652,246.630698239029,0,0
34,CASH_OUT,129.2481397451722,C2772,712.8059128691369,583.5577731239647,M2772,41700.72237940918,41829.97051915435,0,0
96,PAYMENT,685.4690765063754,C5597,4915.978640645589,4230.509564139214,M5597,48.35666382272471,733.8257403291001,1,0
90,PAYMENT,6.719340970740025,C2727,1556.6610934140126,1549.941752443273,M2727,2155.7723935406343,2162.4917345113745,0,0
58,TRANSFER,124.30079998344516,C4203,61853.836467918125,61729.53566793468,M4203,16069.494670038905,16193.795470022347,0,0
42,CASH_IN,1499.2391639593336,C2477,38106.42174815091,36607.18258419158,M2477,19393.79221451948,20893.03137847881,0,0
93,CASH_IN,67661.42949850272,C4035,2415.90904516451,0.0,M4035,336.1267354612709,67997.55623396399,0,0
54,DEBIT,1300.773346660209,C5176,302358.0868903813,301057.3135437212,M5176,16979.018479925642,18279.79182658585,1,0
42,DEBIT,43.779957200708886,C1126,817.8677332230561,774.0877760223473,M1126,2120.4962811603787,2164.2762383610875,0,0
35,CASH_OUT,1198.9911559085388,C2581,45.20464977097476,0.0,M2581,381.523162951118,1580.514318859657,0,0
49,CASH_IN,1271.9789008569144,C2777,63689.55586512791,62417.57696427099,M2777,1875.6208877539093,3147.599788610824,0,0
79,TRANSFER,95.12801818932576,C4772,246.1710471289282,151.04302893960244,M4772,3444.083389643358,3539.211407832684,0,0
96,PAYMENT,174.13542430227432,C4596,1391.041066561633,1216.9056422593587,M4596,2299.222034372052,2473.357458674326,0,0
40,CASH_IN,58.71864155317112,C269,5050.225430845485,4991.506789292313,M269,1842.3388662872137,1901.057507840385,0,0
73,CASH_IN,18.027583639818285,C4813,11147.936123368603,11129.908539728784,M4813,1634.4241077279862,1652.4516913678044,0,0
67,CASH_IN,327.03350313924705,C3693,165.2741878997031,0.0,M3693,3581.9588358551546,3908.9923389944015,0,0
98,DEBIT,53.90762113249777,C2560,26631.35509661601,26577.44747548352,M2560,11211.541333184508,11265.448954317004,0,0
2,TRANSFER,10.802693237900222,C2845,1840.9229922669788,1830.1202990290783,M2845,3115.5759640147426,3126.378657252643,0,0
57,CASH_OUT,63.27943864125962,C635,321003.8209501604,320940.5415115191,M635,614.3941912835311,677.6736299247907,0,0
39,CASH_IN,110.01129371328292,C3190,689691.8529651702,689581.8416714569,M3190,1327.7850129246524,1437.7963066379352,0,0
9,CASH_OUT,1999.658451294987,C1021,191.3638557757007,0.0,M1021,18768.83921001875,20768.497661313737,0,0
12,CASH_IN,38.00484212332984,C5384,5.430438518391837,0.0,M5384,7162.457911880869,7200.462754004198,1,0
19,PAYMENT,289.9684947374533,C4671,175.9476458139111,0.0,M4671,3700.061745788149,3990.0302405256025,0,0
29,TRANSFER,110.1768584037298,C4174,4837.10693789792,4726.93007949419,M4174,167.75426393839703,277.93112234212686,0,0
47,DEBIT,421.1107458050323,C2235,3287.80157802758,2866.690832222548,M2235,19758.71020020372,20179.82094600875,0,0
21,PAYMENT,15374.052127570678,C2841,63844.76431093073,48470.71218336005,M2841,4381.674963903648,19755.727091474328,0,0
80,DEBIT,1316.571814804026,C298,11151.89925118418,9835.327436380154,M298,1114.624012287337,2431.1958270913638,0,0
42,TRANSFER,57.63434827230218,C31,1434.3576156505014,1376.7232673781994,M31,98.189846598043,155.82419487034517,0,0
70,PAYMENT,314.81110742022446,C3109,11171.135890862255,10856.32478344203,M3109,20723.18636811004,21037.99747553026,0,0
95,TRANSFER,1928.167582733312,C5491,14640.439165867132,12712.27158313382,M5491,3540.996055541023,5469.163638274335,1,0
81,PAYMENT,376.97311463775856,C566,13572.89890863451,13195.925793996752,M566,448247.0370044785,448624.0101191162,0,0
62,DEBIT,100.34308766361958,C606,581.4615349989383,481.1184473353187,M606,25765.032841375272,25865.37592903889,0,0
69,TRANSFER,241.4594715745834,C2437,5084.841060019541,4843.381588444958,M2437,748.4208427181702,989.8803142927536,0,0
89,CASH_IN,36.64856069626549,C2306,23377.73130745309,23341.082746756823,M2306,7064.070609008787,7100.719169705052,0,0
45,DEBIT,97.61035841885152,C3521,1095.2149911642769,997.6046327454252,M3521,1223.8001490765598,1321.4105074954114,0,0
77,TRANSFER,71.18174895821177,C1800,11543.54248394576,11472.36073498755,M1800,29903.831942498186,29975.013691456395,0,0
20,CASH_IN,1.3213874268834669,C2091,35573.52018203846,35572.19879461158,M2091,3156.200681787523,3157.5220692144067,0,0
10,TRANSFER,15.008015483838935,C2454,246.22167644446225,231.2136609606233,M2454,5223.193211152671,5238.20122663651,0,0
69,TRANSFER,63.33753759665176,C1399,3254.409334178169,3191.071796581518,M1399,31278.16176776945,31341.499305366106,0,0
28,DEBIT,448.71384820238535,C3330,17347.764651764395,16899.05080356201,M3330,9096.809294450311,9545.523142652695,0,0
41,CASH_IN,49.15177418581481,C4460,30035.74188978681,29986.590115600997,M4460,640.5619700139739,689.7137441997887,0,0
34,CASH_IN,1073.152705269205,C4058,467.2968958889279,0.0,M4058,3369.797819151589,4442.950524420794,0,0
45,CASH_OUT,857.6724846255834,C2592,7040.458379980406,6182.785895354822,M2592,211.2926698756042,1068.9651545011875,0,0
2,CASH_OUT,160.65707592099344,C2128,50561.539957588255,50400.88288166726,M2128,108.68566178177002,269.34273770276343,0,0
66,PAYMENT,1585.8399445429295,C2608,1054.3078714528956,0.0,M2608,789.3650851686364,2375.205029711566,0,0
58,CASH_OUT,317.19652340390263,C482,3655.710490690887,3338.513967286984,M482,6604.577765546097,6921.77428895,0,0
96,TRANSFER,98.32087806586924,C1369,3420.0375360445223,3321.716657978653,M1369,574.67230908689,672.9931871527592,0,0
11,PAYMENT,50.32494457196175,C4998,10281.37236399294,10231.047419420978,M4998,909.429717741333,959.7546623132948,0,0
6,CASH_OUT,3.3910415374383382,C4309,482.7276171949621,479.3365756575238,M4309,188.92080808453787,192.3118496219762,0,0
2,TRANSFER,1054.3698185792327,C2460,2421.4031565406594,1367.0333379614267,M2460,7621.890124620496,8676.25994319973,0,0
24,CASH_IN,975.932558971768,C304,19813.986909414056,18838.05435044229,M304,4889.985146339126,5865.917705310894,0,0
59,DEBIT,114.22710582591118,C1676,1859.948402670118,1745.7212968442068,M1676,13211.611504520262,13325.838610346174,0,0
80,CASH_IN,33.57842676310106,C717,3104.9059443083743,3071.327517545273,M717,1088.2265968390675,1121.8050236021688,0,0
86,PAYMENT,69.53027816667013,C2891,3844.9804707480776,3775.450192581408,M2891,1136.3913571974877,1205.9216353641575,0,0
55,PAYMENT,154.14847808045397,C2860,8387.385601360555,8233.237123280102,M2860,7.630356114373905,161.77883419482788,0,0
88,CASH_OUT,168.1696914131035,C4938,1109.5748279976754,941.405136584572,M4938,7179.182898918934,7347.352590332038,0,0
37,PAYMENT,1894.2611210279683,C1449,37481.99186502515,35587.73074399718,M1449,25324.0851082236,27218.34622925157,0,0
82,PAYMENT,89.59521579636937,C1606,548.641861831672,459.0466460353027,M1606,4186.231230698668,4275.826446495037,0,0
29,TRANSFER,174.59006748018717,C1871,6237.9411158738485,6063.351048393662,M1871,6972.381714374576,7146.971781854762,0,0
28,DEBIT,567.6999021625976,C3680,770.0208976965083,202.32099553391072,M3680,770.2998794744808,1337.9997816370785,0,0
93,PAYMENT,169.8529341098662,C495,142642.34592475192,142472.49299064206,M495,10962.702640222788,11132.555574332651,0,0
65,CASH_OUT,2563.215791749591,C2933,1287.0489789178096,0.0,M2933,4849.898695149944,7413.114486899534,0,0
32,CASH_OUT,7.001892064253663,C2452,367.7538681913582,360.75197612710457,M2452,586.308044141342,593.3099362055956,0,0
55,TRANSFER,1962.376058092313,C1492,12509.26768347288,10546.891625380566,M1492,874.3764850411517,2836.7525431334648,0,0
22,TRANSFER,804.2529079275802,C2912,1182.2964883144198,378.0435803868396,M2912,1545.695705388964,2349.948613316544,0,0
57,PAYMENT,524.1904270403617,C1456,4851.148634523577,4326.958207483215,M1456,1403.974277827694,1928.164704868056,0,0
9,PAYMENT,22.71648796605838,C4788,2560.9745847739887,2538.25809680793,M4788,8505.673934650267,8528.390422616325,0,0
21,PAYMENT,64.95909480130753,C3380,977.3409564521372,912.3818616508298,M3380,96983.70431247624,97048.66340727756,0,0
90,TRANSFER,252.0233083117185,C4713,1308.66306361726,1056.6397553055417,M4713,5658.16197967439,5910.185287986108,0,0
90,DEBIT,695.5546795535172,C514,5843.571105296993,5148.016425743475,M514,1547.4003676033124,2242.9550471568296,0,0
2,CASH_OUT,141.87651079220302,C2899,29905.49567573465,29763.619164942447,M2899,8206.305855991977,8348.18236678418,0,0
56,CASH_IN,219.5377079066168,C1757,10037.702196399188,9818.16448849257,M1757,1076.1450631550042,1295.682771061621,0,0
62,DEBIT,17.7399944806981,C3465,5999.877765293181,5982.137770812483,M3465,28457.048426706708,28474.788421187404,0,0
54,DEBIT,269.79370268520194,C4143,19705.360104583357,19435.56640189815,M4143,2287.963944153885,2557.757646839087,0,0
33,CASH_IN,76.80002607527621,C546,4286.073279384468,4209.273253309192,M546,26707.027932973804,26783.82795904908,0,0
17,TRANSFER,310.426147923284,C3809,148.01474410505008,0.0,M3809,22735.65631683419,23046.082464757477,0,0
20,CASH_OUT,21.59867200640617,C4402,77373.86480853445,77352.26613652804,M4402,1342.4184978670555,1364.017169873462,0,0
24,CASH_IN,23.30397536646401,C1913,5365.209701337951,5341.905725971486,M1913,5892.759586710919,5916.063562077384,0,0
56,TRANSFER,145.59480667058702,C4438,792.4776591292999,646.8828524587129,M4438,1702.688107111052,1848.282913781639,0,0
25,TRANSFER,20596.83588481406,C1633,2039.7650762575524,0.0,M1633,5404.127520622976,26000.96340543704,0,0
3,PAYMENT,127.19217341315012,C4307,3659.976350473988,3532.784177060837,M4307,49292.07906149748,49419.27123491062,0,0
49,CASH_IN,0.6089856165986143,C928,214393.81953849847,214393.21055288188,M928,314.64609715318613,315.25508276978474,0,0
8,CASH_OUT,536.902579974459,C746,2655.586713579628,2118.684133605169,M746,414.6797596526352,951.582339627094,0,0
82,TRANSFER,6.962447352714103,C4875,743.8116449558036,736.8491976030895,M4875,36501.23348712242,36508.19593447514,0,0
56,PAYMENT,76.42499897977002,C1664,1419.0438117310848,1342.6188127513149,M1664,46.14618126183553,122.57118024160556,0,0
69,CASH_IN,5963.129612979148,C4707,246.41000949724963,0.0,M4707,3448.528127722886,9411.657740702034,0,0
8,DEBIT,17.43735801115465,C2168,2838.292066417817,2820.854708406662,M2168,238.40694165789012,255.8442996690448,0,0
17,CASH_IN,120.39357110100975,C653,55.214458598517965,0.0,M653,7807.764169174714,7928.157740275724,0,0
84,CASH_IN,400.25828407068377,C4714,55337.32615522172,54937.06787115104,M4714,2275.6434875614445,2675.901771632128,0,0
51,CASH_OUT,15.713409489715032,C872,3676.092966251537,3660.3795567618217,M872,4547.052389093123,4562.765798582837,0,0
15,CASH_IN,197.97428780450232,C1907,1386.2377768151346,1188.2634890106322,M1907,370599.7165829247,370797.6908707292,0,0
93,TRANSFER,772.6173116362417,C5107,2335.2189513728117,1562.6016397365695,M5107,924.276319197838,1696.8936308340797,1,0
70,TRANSFER,56.03688673092977,C3175,86660.82319344857,86604.78630671764,M3175,33586.68069004924,33642.71757678017,0,0
19,PAYMENT,7.313051674132983,C1391,200.85280283677864,193.53975116264564,M1391,2448.846644793788,2456.1596964679206,0,0
60,PAYMENT,31.702512690000702,C21,28050.50640924911,28018.803896559108,M21,14347.783760780803,14379.486273470806,0,0
10,TRANSFER,31.60637329384515,C3898,4346.462639054648,4314.856265760803,M3898,11073.67978755288,11105.286160846725,0,0
3,PAYMENT,56.32952743877983,C3658,2824.073564381837,2767.744036943058,M3658,1431.7101497290157,1488.0396771677954,0,0
13,CASH_OUT,2773.948938702232,C983,198637.8212724676,195863.87233376532,M983,103.8783613093803,2877.827300011612,0,0
94,PAYMENT,184.42388632493183,C2085,1259.1131822631612,1074.6892959382294,M2085,4676.541708268493,4860.965594593425,0,0
67,DEBIT,53.24510314738472,C988,134.21294772788906,80.96784458050433,M988,10438.243482345788,10491.488585493173,0,0
55,CASH_OUT,107.07116231872584,C3251,6988.904254661529,6881.833092342803,M3251,88247.10455800271,88354.17572032144,0,0
45,CASH_OUT,19.93794769190064,C4784,45.50577089749415,25.56782320559352,M4784,58191.01212683919,58210.95007453109,0,0
22,CASH_OUT,49.94924006978065,C2892,133552.1891085764,133502.2398685066,M2892,15336.249454345543,15386.198694415323,0,0
66,DEBIT,277.00097477194305,C3223,20847.64035659208,20570.63938182014,M3223,396.952517187224,673.9534919591671,0,0
16,TRANSFER,29.676288793477777,C4323,5801.924397426597,5772.24810863312,M4323,215.0046471836454,244.6809359771232,0,0
27,PAYMENT,155.15794297942656,C758,669.6270239341901,514.4690809547635,M758,19717.53338091744,19872.691323896863,0,0
17,CASH_IN,199.45688367134844,C1923,30051.567268794657,29852.11038512331,M1923,3362.7083039696595,3562.165187641008,0,0
99,CASH_OUT,21.932072748435296,C2440,10734.89076823329,10712.958695484856,M2440,4017.82149479888,4039.7535675473146,0,0
54,TRANSFER,1798.4364595232148,C5058,1339.7857539975832,0.0,M5058,1046.3351123511318,2844.7715718743466,1,0
8,CASH_IN,20.36379058419994,C1043,7154.359313483713,7133.995522899513,M1043,56236.02403089567,56256.38782147987,0,0
19,TRANSFER,54.10985657800809,C3432,2496.9887725743206,2442.878915996313,M3432,189.83082094415664,243.94067752216472,0,0
88,PAYMENT,560.751393891108,C109,1741.944732931216,1181.1933390401075,M109,2544.172916133917,3104.924310025025,0,0
38,TRANSFER,71.02199200917217,C4851,26278.409930756112,26207.38793874694,M4851,1931.4801109895736,2002.5021029987456,0,0
5,PAYMENT,5.727659900788516,C4279,495.0048700491947,489.2772101484062,M4279,754.2524024819195,759.980062382708,0,0
84,CASH_IN,0.5308811312749726,C5228,1283.0997135067082,1282.5688323754332,M5228,1707.3635795940006,1707.8944607252756,1,0
15,DEBIT,36.18567522672784,C1158,1162.5244980728844,1126.3388228461563,M1158,2227.194544260706,2263.380219487434,0,0
80,PAYMENT,769.8754867351626,C1546,4750.263122542328,3980.3876358071657,M1546,5592.3827541529245,6362.258240888087,0,0
51,CASH_IN,442.21590436599394,C852,1180.7553962525035,738.5394918865097,M852,8677.299963039071,9119.515867405064,0,0
24,CASH_IN,928.7712426972768,C3093,325.75655352411155,0.0,M3093,2730.0506605691385,3658.821903266416,0,0
94,CASH_IN,691.223425535055,C5477,2709.7553085519557,2018.5318830169003,M5477,3676.7067578035935,4367.930183338649,1,0
60,TRANSFER,92.09416547264082,C1394,2055.538650714416,1963.444485241775,M1394,45.09751879992224,137.19168427256307,0,0
29,PAYMENT,1027.7410027137128,C1436,146.79627108856067,0.0,M1436,7139.833029023354,8167.574031737067,0,0
67,PAYMENT,37.78425335027059,C5041,7938.760650697446,7900.976397347175,M5041,22129.74361213376,22167.52786548403,1,0
46,TRANSFER,79.07384820521811,C5502,6210.547693771793,6131.473845566575,M5502,42.40808026977115,121.48192847498926,1,0
99,CASH_IN,29.32773026682653,C410,181.05616001890385,151.72842975207732,M410,17584.98375997306,17614.311490239885,0,0
33,TRANSFER,80.75501573711767,C3269,9733.735300330489,9652.980284593372,M3269,349387.28036124,349468.0353769771,0,0
85,PAYMENT,6001.608354631907,C2086,109318.20489267317,103316.59653804124,M2086,199.46250304527211,6201.070857677179,0,0
5,CASH_OUT,287.3284852759576,C663,1916.1118929232648,1628.7834076473073,M663,3016.3523359479773,3303.680821223935,0,0
94,DEBIT,145.29526150408128,C1161,566.6323825081843,421.337121004103,M1161,42935.2635448073,43080.55880631138,0,0
80,PAYMENT,135.79272072862872,C5421,11593.154221671784,11457.361500943156,M5421,47308.57741396898,47444.37013469761,1,0
51,CASH_IN,3728.975063118493,C4648,4929.443764291496,1200.468701173004,M4648,699.6602170198753,4428.635280138367,0,0
40,TRANSFER,3.571150880801603,C1994,10003.570578441251,9999.999427560451,M1994,1342.5307777856065,1346.101928666408,0,0
94,DEBIT,18.531115656002523,C4356,6922.816978508771,6904.285862852768,M4356,1407.324335413887,1425.8554510698896,0,0
25,DEBIT,19.502134246274096,C1912,19714.748531091314,19695.24639684504,M1912,10554.365766996423,10573.867901242696,0,0
89,CASH_IN,82.70954400310022,C673,325.7354239365822,243.025879933482,M673,31858.2635644451,31940.9731084482,0,0
17,CASH_OUT,171.08613901387582,C4659,1841.1753608423803,1670.0892218285044,M4659,4045.478492364849,4216.564631378725,0,0
85,PAYMENT,648.2254732509001,C1469,185.27338437256944,0.0,M1469,8923.434374636237,9571.659847887138,0,0
3,CASH_IN,13.176572629922038,C3225,467.1303230938947,453.9537504639727,M3225,3134.36759860098,3147.5441712309016,0,0
15,PAYMENT,949.0085111567024,C2010,121760.55165487586,120811.54314371916,M2010,605.833688521995,1554.8421996786974,0,0
90,CASH_IN,541.919154452519,C5197,635.0931786967371,93.17402424421812,M5197,306.00567241559725,847.9248268681163,1,0
8,CASH_IN,227.55969251977805,C2518,349.9302581966947,122.37056567691664,M2518,22529.57589903788,22757.13559155766,0,0
49,CASH_IN,450.7827222624612,C2099,1311.86805863236,861.0853363698986,M2099,1192.091939311248,1642.874661573709,0,0
66,PAYMENT,45.58002868154855,C1507,1304.6430866414591,1259.0630579599106,M1507,16022.428796500564,16068.008825182113,0,0
87,TRANSFER,120.17503966849024,C4962,5745.610303470602,5625.435263802112,M4962,38524.4497700145,38644.62480968299,0,0
81,TRANSFER,46.80880611340292,C3161,57532.8314728943,57486.0226667809,M3161,13855.965054803528,13902.77386091693,0,0
22,TRANSFER,318.8228004889244,C3778,118524.80734922022,118205.9845487313,M3778,4578.762691588829,4897.585492077753,0,0
94,CASH_IN,124.43812677466184,C1090,50608.38890942236,50483.9507826477,M1090,2267.029746816765,2391.467873591427,0,0
78,DEBIT,323.32442055294257,C3452,3594.2169930190857,3270.892572466143,M3452,144645.20650316536,144968.5309237183,0,0
91,CASH_IN,511.3409932919807,C4383,1152.4035683621469,641.0625750701662,M4383,317.7418040546975,829.0827973466783,0,0
49,DEBIT,96.92986510307696,C1092,3080.2740120422995,2983.344146939223,M1092,183796.07480200636,183893.0046671094,0,0
23,CASH_IN,1563.3701553165308,C3345,4327.168734720848,2763.798579404317,M3345,37.04353925004654,1600.4136945665773,0,0
21,PAYMENT,1121.7844002332893,C5352,199.60286907937976,0.0,M5352,9539.499410878823,10661.283811112116,1,0
3,DEBIT,1768.739223815572,C733,726.3303873279824,0.0,M733,4956.11356916013,6724.852792975702,0,0
64,PAYMENT,93.17292035752884,C3587,237840.90992229572,237747.73700193825,M3587,1001.4841788036656,1094.6570991611943,0,0
64,PAYMENT,615.2188357820263,C491,324.8488353049389,0.0,M491,605.0033942818993,1220.2222300639255,0,0
78,TRANSFER,1568.555116339472,C4025,16036.03407383498,14467.478957495508,M4025,2115.813314464646,3684.368430804118,0,0
93,DEBIT,819.0664743978771,C2695,13249.44431831066,12430.377843912784,M2695,530.7215852110213,1349.7880596088985,0,0
38,CASH_OUT,337.4133452974721,C3882,1041.6202485598417,704.2069032623693,M3882,3073.965199782785,3411.378545080257,0,0
1,PAYMENT,256.10646810694,C288,2281.6531108213594,2025.5466427144197,M288,7742.494846322043,7998.601314428983,0,0
59,CASH_IN,2105.399216114219,C4191,4225.626350759321,2120.227134645102,M4191,17309.896976360327,19415.296192474547,0,0
36,CASH_OUT,491.1569621199242,C5136,24717.5955632777,24226.438601157777,M5136,4319.53838547864,4810.695347598564,1,0
47,CASH_OUT,4055.929167790719,C3887,8080.787489081,4024.858321290281,M3887,2011.9296624251488,6067.858830215868,0,0
23,CASH_IN,30.799318182013863,C2543,955.7244402317586,924.9251220497448,M2543,9428.97588596534,9459.775204147356,0,0
96,TRANSFER,0.7565168304088355,C904,599.2131073920777,598.4565905616689,M904,1689.7218670071295,1690.4783838375386,0,0
51,TRANSFER,214.42336189183237,C202,14192.19676585264,13977.77340396081,M202,1540.752108558523,1755.1754704503555,0,0
87,PAYMENT,1596.3084507866718,C382,1102.6114527033865,0.0,M382,53302.91674943377,54899.22520022044,0,0
16,CASH_IN,1332.1785345732635,C3284,104607.82845329044,103275.6499187172,M3284,7297.501296517591,8629.679831090854,0,0
41,TRANSFER,85.64333955119076,C121,517.3996424218255,431.7563028706348,M121,1846.9907517955976,1932.6340913467889,0,0
67,PAYMENT,4.841035024630676,C688,84.53508877401778,79.69405374938711,M688,349.15794593356856,353.99898095819924,0,0
80,PAYMENT,381.6206123673069,C2687,7489.305998442839,7107.685386075532,M2687,2479.746720236052,2861.367332603359,0,0
60,CASH_IN,2.878017481574223,C2983,25038.630282238628,25035.75226475705,M2983,3503.8805757601144,3506.7585932416887,0,0
37,CASH_IN,570.6068130267795,C4160,1262.7559580818142,692.1491450550348,M4160,172375.00895284378,172945.61576587055,0,0
35,DEBIT,1.545575927970245,C3726,43885.95772905436,43884.41215312639,M3726,6236.588685714509,6238.134261642479,0,0
15,CASH_OUT,364.1758340379776,C163,250.90218344877047,0.0,M163,40.36487446823045,404.540708506208,0,0
26,PAYMENT,178.92006906628865,C1564,474.2788031041032,295.35873403781454,M1564,583.1950285785585,762.1150976448472,0,0
53,PAYMENT,16.338551583607437,C4011,34955.47041228181,34939.1318606982,M4011,1378.7827950722915,1395.1213466558988,0,0
45,TRANSFER,104.9606536049686,C5075,5187.579065619714,5082.618412014745,M5075,39309.646615053214,39414.60726865818,1,0
22,CASH_OUT,228.63619385179,C1839,2886.6148855007104,2657.9786916489206,M1839,2071.742817693329,2300.379011545119,0,0
76,CASH_IN,949.07212906388,C2083,2258.839217615412,1309.7670885515315,M2083,792.2154705163368,1741.287599580217,0,0
76,TRANSFER,259.2062070410458,C2558,2097.8664603910497,1838.660253350004,M2558,3239.007728625211,3498.2139356662565,0,0
51,CASH_OUT,3.625214091406733,C4070,23694.75595994337,23691.13074585196,M4070,369.1748968169785,372.8001109083852,0,0
75,CASH_IN,2.359146695930252,C3701,2671.23930346987,2668.88015677394,M3701,44.46309477200083,46.82224146793108,0,0
95,PAYMENT,597.4545986512829,C1380,5485.176076223668,4887.721477572385,M1380,92793.41951123306,93390.87410988436,0,0
56,CASH_IN,110.9438270542818,C5522,2518.9312492723197,2407.9874222180374,M5522,26785.90154063915,26896.845367693437,1,0
57,TRANSFER,2.797818518415839,C2212,11575.08830780463,11572.290489286212,M2212,4590.138859858643,4592.936678377058,0,0
96,TRANSFER,269.83705588278474,C1620,11613.579351357355,11343.74229547457,M1620,102736.39787526464,103006.23493114742,0,0
83,CASH_IN,1126.632447059666,C2066,107.23250190168704,0.0,M2066,21364.038160303648,22490.670607363318,0,0
94,PAYMENT,246.29398707979817,C4675,6290.764029135323,6044.470042055525,M4675,580.7876743091483,827.0816613889465,0,0
94,TRANSFER,676.9648626614137,C1410,18837.669566585515,18160.7047039241,M1410,676692.2661551383,677369.2310177997,0,0
96,CASH_OUT,19627.0817937374,C159,1839.501068009433,0.0,M159,7394.908490027354,27021.990283764757,0,0
59,PAYMENT,8.287387755067492,C4361,7578.889291950016,7570.601904194948,M4361,2181.47028499265,2189.757672747717,0,0
77,PAYMENT,1279.6643001199752,C2911,2227.276039433615,947.61173931364,M2911,1109.9337196907456,2389.598019810721,0,0
2,TRANSFER,441.31112226980974,C1882,25137.725348407355,24696.414226137545,M1882,7467.062243012478,7908.373365282287,0,0
11,DEBIT,78.84971140715527,C3241,7199.767440965016,7120.917729557861,M3241,22704.927233567367,22783.77694497452,0,0
56,CASH_OUT,192.24389762630207,C5250,533.7232810057977,341.47938337949563,M5250,3707.086163446931,3899.330061073233,1,0
39,TRANSFER,20.365312670833813,C4529,5798.870289245488,5778.5049765746535,M4529,15227.653385736348,15248.018698407182,0,0
99,TRANSFER,404.8790375900022,C2875,785.9177901239788,381.03875253397655,M2875,2830.991330502797,3235.8703680927997,0,0
51,TRANSFER,76.0548380522666,C155,17.9756106757723,0.0,M155,28245.998493761697,28322.053331813964,0,0
92,CASH_OUT,3.7519298411092974,C4185,544.5165346801401,540.7646048390309,M4185,2656.641516351298,2660.3934461924077,0,0
16,TRANSFER,7046.098964672715,C5561,16160.440620321528,9114.341655648812,M5561,13718.770976063155,20764.869940735876,1,0
56,PAYMENT,18.03576695811664,C240,2387.5349907750174,2369.4992238169007,M240,11740.067915347818,11758.103682305937,0,0
85,CASH_OUT,892.1149261094452,C4981,2688.247261549321,1796.132335439876,M4981,2586.1976176460744,3478.3125437555195,0,0
62,DEBIT,133.70230617588714,C4625,445.563342605852,311.8610364299648,M4625,484293.07758302375,484426.7798891997,0,0
