customer_id,full_name,account_age_days,kyc_status,pep_status,declared_monthly_income,device_id_count,unique_counterparties_30d,shared_ip_count,historical_avg_tx_amount,session_velocity_seconds,recent_failed_logins,risk_tier
C1573,Allison Hill,2614,Verified,False,9475.55,1,7,1,26.37,112,0,Low
C4935,Noah Rhodes,2240,Verified,False,2761.22,1,12,1,919.86,102,0,Low
C2908,Angie Henderson,908,Verified,False,1500.11,1,2,1,100.71,63,0,Low
C315,Daniel Wagner,1609,Verified,False,9289.85,2,6,1,480.41,117,0,Low
C4976,Cristian Santos,2430,Verified,False,1317.54,1,18,1,502.9,115,1,Low
C5082,Connie Lawrence,2070,Verified,False,2863.8,2,2,1,113.73,33,0,Low
C3961,Abigail Shaffer,3405,Verified,False,2023.43,2,6,2,156.09,116,0,Low
C1890,Gina Moore,535,Pending,False,1274.18,1,4,1,19.53,119,0,Low
C1932,Gabrielle Davis,1034,Verified,False,3907.53,2,9,1,10.11,106,0,Low
C3746,Ryan Munoz,3340,Verified,False,1575.89,1,10,1,174.24,114,0,Low
C2646,Monica Herrera,2491,Verified,False,1244.26,1,7,1,865.48,104,0,Low
C5290,Jamie Arnold,3184,Verified,False,2393.45,3,5,1,113.6,42,5,Low
C2927,Lisa Hensley,1038,Verified,False,1555.93,1,7,2,6.57,32,0,Low
C4297,Michele Williams,3490,Verified,False,1896.28,2,6,1,72.99,2,0,Low
C1541,Dylan Miller,1577,Pending,False,2473.18,2,7,1,70.45,33,0,Low
C1679,Brian Ramirez,2692,Verified,False,5152.04,1,23,1,87.3,89,0,Low
C1865,Holly Wood,1466,Verified,False,1791.57,1,2,1,32.05,107,1,Low
C1718,Derek Zuniga,2565,Verified,False,776.61,2,9,1,50.03,109,0,Low
C496,Lisa Jackson,3258,Verified,False,4718.24,2,3,2,15.73,38,0,Low
C1149,Carla Gray,194,Verified,False,1549.6,2,35,1,3249.53,78,0,High (Network Risk)
C999,Margaret Hawkins DDS,3426,Verified,False,4002.03,2,7,1,1826.99,77,0,Low
C3509,Patty Perez,1612,Verified,False,8530.66,1,2,1,35.22,76,0,Low
C2087,Ethan Adams,1943,Verified,False,2685.61,1,6,1,159.81,111,0,Low
C3294,Tommy Walter,132,Failed,False,1173.96,1,2,1,60.65,40,0,Medium (Compliance)
C3176,Matthew Foster,177,Verified,False,2255.3,1,4,1,117.21,36,0,Low
C4880,Judy Baker,3387,Verified,False,1299.0,2,12,1,269.69,95,0,Low
C3355,Justin Baker,3435,Pending,False,1243.48,2,21,5,197.61,84,0,High (Network Risk)
C5131,Stephanie Ross,2154,Pending,False,1916.25,3,57,1,647.87,74,0,High (Network Risk)
C1659,Zachary Hicks,2311,Verified,False,822.68,1,6,1,69.02,46,0,Low
C5525,Anthony Rodriguez,223,Verified,False,954.49,10,11,5,151.34,39,0,High (Network Risk)
C2047,Rebecca Henderson,2442,Verified,False,5496.0,1,14,1,3.64,86,0,Low
C5042,James Ferrell,2184,Verified,False,3212.4,10,44,5,188.69,112,5,High (Network Risk)
C633,Tricia Valencia,3379,Verified,False,3786.4,1,4,1,6.49,115,1,Low
C2034,Nathan Maldonado,2357,Verified,False,5701.06,2,24,1,22.25,51,0,Low
C1220,Debra Davidson,3207,Failed,False,445.96,2,3,1,999.45,82,0,Medium (Compliance)
C1270,Jeffrey Chavez,3579,Pending,False,2029.9,1,18,1,1017.94,77,0,Low
C4915,Sherri Baker,3421,Verified,False,12476.71,1,4,2,32.8,115,0,Low
C1373,Cassandra Gaines,2397,Verified,False,15159.67,2,4,1,1947.05,105,0,Low
C781,Elizabeth Fowler,3306,Verified,False,1396.72,1,5,1,440.13,41,0,Low
C3868,Brittany Farmer,2949,Verified,False,1138.65,1,3,1,305.06,90,0,Low
C850,Paula Moreno,595,Verified,False,353.39,1,10,20,26.01,103,0,High (Network Risk)
C1891,Fred Smith,2831,Verified,False,1811.3,1,19,1,2276.15,51,0,Low
C5040,Sherry Decker,1893,Verified,False,4864.01,3,1,2,443.62,61,5,Low
C5184,Anthony Humphrey,2634,Pending,False,6707.81,1,58,1,45.13,119,0,High (Network Risk)
C14,Angelica Tucker,2230,Verified,False,737.83,1,3,1,4.57,63,0,Low
C3849,Philip Cannon,395,Verified,False,2247.18,3,15,1,25.9,38,0,Low
C3052,John Pierce,2239,Verified,False,1600.55,1,23,1,187.94,117,0,Low
C768,Shane Henderson,1221,Verified,False,925.93,2,6,1,107.72,102,5,Low
C711,Joshua Blair,2902,Pending,False,1469.49,2,4,1,1400.49,35,0,Low
C3441,Eric Carney,2750,Verified,False,6289.09,1,2,1,29.88,71,0,Low
C4755,Jessica Holmes,3260,Verified,False,4378.97,1,35,1,235.27,97,0,High (Network Risk)
C475,Danny Morgan,3260,Verified,False,3872.43,1,21,1,714.06,36,1,Low
C877,Crystal Robinson,3148,Verified,False,10297.3,1,1,1,20.6,69,0,Low
C3369,Mark Perez,597,Verified,False,2418.28,1,12,1,371.27,2,0,Low
C4933,Shannon Jones,2052,Verified,False,2339.4,1,3,2,144.96,41,0,Low
C1463,Michael Lewis,1,Verified,False,4161.7,1,4,5,64.99,37,0,High (Network Risk)
C1881,Timothy Duncan,1148,Verified,False,993.67,2,2,1,5.51,80,10,Low
C5426,Richard Aguirre,3105,Verified,False,6203.56,1,1,1,293.59,48,5,Low
C3189,Brent Jordan,2473,Verified,False,4984.41,1,7,1,53.97,95,0,Low
C3407,John Daniel,862,Pending,False,3933.87,1,33,2,83.86,109,0,High (Network Risk)
C4856,Victoria Garcia,3016,Verified,False,1337.37,2,3,1,1214.16,2,0,Low
C876,Gerald Hensley,1921,Verified,False,5346.13,1,15,1,141.6,56,0,Low
C3915,Connor West,2837,Verified,True,15080.66,1,17,1,213.73,48,0,Medium (Compliance)
C2760,Donald Wright,3618,Verified,False,4602.6,3,13,1,2770.88,84,0,Low
C5149,Jessica Callahan,1753,Verified,False,1546.65,2,36,1,191.3,93,0,High (Network Risk)
C190,Amber Kidd,2724,Pending,False,15956.67,2,15,1,44.92,47,0,Low
C4677,Tracy House,1879,Verified,False,4220.57,2,31,1,993.75,60,0,High (Network Risk)
C4697,Carol Tucker,593,Pending,False,15381.16,1,2,20,164.9,52,0,High (Network Risk)
C1451,James Brown,2454,Verified,False,1039.52,1,13,5,68.64,100,0,High (Network Risk)
C3790,William Baker,3382,Verified,False,1389.2,1,24,1,38.63,61,1,Low
C2430,Jordan Henderson,3089,Verified,False,6076.65,2,3,1,96.59,86,1,Low
C5039,Whitney Peters,788,Pending,False,196.69,3,0,1,616.1,115,1,Low
C5419,Brittney Phillips,3208,Verified,False,18323.13,3,2,1,64.2,53,0,Low
C5194,Lauren Daniels,3014,Pending,False,9923.23,1,47,20,190.84,49,1,High (Network Risk)
C1296,Amy Silva,759,Verified,False,1391.37,2,11,1,42.08,62,1,Low
C561,Sarah Moore,41,Verified,False,9458.64,2,4,1,1256.73,89,0,Low
C1460,Angela Lopez,3306,Verified,False,2954.64,1,7,1,18.8,64,0,Low
C3824,Megan Young,859,Verified,False,2209.14,1,4,1,34.09,63,0,Low
C3159,Steve Sanchez,61,Verified,False,1057.89,1,6,1,55.17,107,0,Low
C2970,Lisa Barnes,404,Verified,False,7815.28,1,7,1,19.27,42,0,Low
C1259,Kelly Donovan,3599,Verified,False,5588.9,2,4,1,326.8,83,1,Low
C628,Mike Allen,2034,Verified,False,3720.12,1,14,2,412.47,79,0,Low
C146,Michael Evans,1460,Verified,False,894.6,1,22,1,390.96,67,0,Low
C4678,Paul Jones,2202,Pending,False,4724.88,1,2,1,416.68,63,1,Low
C264,Zachary Ferrell,884,Verified,False,7580.06,1,8,2,15.94,88,0,Low
C1066,Daniel Baker,2579,Verified,False,16349.72,2,2,1,218.35,108,0,Low
C1716,Shirley Suarez,163,Verified,False,2462.11,1,1,1,1172.06,36,10,Low
C1837,Christopher Bass,1070,Verified,False,1695.98,2,16,1,89.12,113,0,Low
C4386,Lisa Archer,1132,Verified,False,999.63,2,36,1,747.27,31,0,High (Network Risk)
C4863,Aimee Montoya,3463,Verified,False,3170.16,2,5,2,116.97,81,0,Low
C1966,Matthew Mcmillan,2373,Verified,False,6650.92,1,32,1,123.17,65,0,High (Network Risk)
C5060,Brian Rodriguez,50,Verified,False,20425.91,10,40,1,24.23,56,10,High (Network Risk)
C5192,Denise Jacobs,933,Verified,False,4777.46,1,6,1,72.56,102,10,Low
C640,Christina Walters,1166,Verified,False,10979.06,2,28,2,1017.7,77,0,Low
C5533,John Whitehead,2909,Failed,False,3360.5,1,3,1,57.04,49,0,Medium (Compliance)
C2051,Anna Henderson,215,Verified,False,5934.92,1,15,2,2548.73,109,0,Low
C1555,Aaron Wise,3250,Verified,False,1697.01,1,5,1,116.07,60,1,Low
C1740,Deborah Figueroa,1340,Pending,False,3821.11,2,4,2,1122.98,90,0,Low
C5392,Jessica Smith,1273,Failed,False,1066.18,1,4,5,150.73,42,0,High (Network Risk)
C5463,Stephen Mckee,3453,Verified,False,8688.06,2,1,1,4.62,37,0,Low
C58,Sandra Aguilar,514,Pending,False,24497.74,2,20,1,49.92,83,0,Low
C4919,Cameron Parker,1101,Verified,False,3466.17,1,8,1,50.25,35,0,Low
C1221,Rebecca Valencia,2002,Pending,False,1913.72,1,6,1,52.74,115,0,Low
C1550,Christine Wright,1114,Verified,False,142643.21,2,4,1,22.58,43,0,Low
C5337,Richard Henson,2192,Verified,False,9394.57,1,55,1,33.76,75,0,High (Network Risk)
C5205,Marc Moore,1070,Verified,False,13435.63,1,39,20,370.47,80,10,High (Network Risk)
C4947,Sharon Cherry,726,Verified,False,4435.7,1,5,5,7635.25,106,0,High (Network Risk)
C56,Sierra Johnson,3015,Pending,False,1069.01,1,15,2,201.61,45,0,Low
C842,Evelyn Galvan,3163,Verified,False,2416.22,2,9,1,87.87,113,0,Low
C2896,Sharon Cochran,2151,Verified,False,3245.42,1,6,1,3.64,52,1,Low
C3397,Richard Rodriguez,2715,Verified,False,2882.77,1,15,5,2891.05,116,0,High (Network Risk)
C3379,Shannon Walker,1522,Verified,False,998.32,1,4,1,733.86,77,0,Low
C4494,Julia Torres,2607,Verified,False,2903.2,1,2,1,74.8,54,0,Low
C1263,Crystal Johnson,1340,Verified,False,937.34,1,7,1,236.41,3,0,Low
C4987,Garrett Lin,1231,Verified,False,779.39,1,7,1,73.09,98,0,Low
C941,Diana May,2493,Verified,False,1357.35,10,6,1,25.42,104,0,Low
C1346,William Herrera,2498,Pending,False,2218.55,1,19,1,81.82,55,0,Low
C1874,Ashley Waller,3585,Verified,False,2370.57,1,11,1,537.72,69,0,Low
C5425,Victor Baker,208,Verified,False,2588.91,3,6,1,256.62,75,5,Low
C1534,Jeffrey Chandler,1643,Verified,False,17976.87,1,7,1,107.1,100,1,Low
C1974,Larry Dixon,1229,Verified,False,2595.95,1,7,2,394.46,92,0,Low
C1726,Kenneth Scott,821,Verified,False,464.41,2,11,1,91.51,37,0,Low
C3847,April Frost,1229,Verified,False,2070.93,2,7,1,958.41,34,0,Low
C5357,Michelle Harmon,1450,Verified,False,2237.3,1,6,20,30.76,78,0,High (Network Risk)
C809,Helen Jones,2926,Verified,False,296.84,1,2,20,86.5,102,0,High (Network Risk)
C2719,Erin Edwards,656,Verified,False,2806.39,1,4,1,488.33,68,1,Low
C3982,Michelle Evans,2987,Verified,False,1622.54,1,9,1,436.48,54,0,Low
C2904,Jason Powell,2414,Pending,False,2553.14,1,8,5,53.99,113,0,High (Network Risk)
C3766,Cameron Fisher,3606,Verified,False,3463.26,1,2,5,39.97,53,0,High (Network Risk)
C2559,Megan Orr,80,Verified,False,2387.63,2,4,1,320.22,94,1,Low
C4604,Elizabeth Kelley,3163,Verified,False,2430.26,1,3,1,1273.89,42,5,Low
C2874,Dustin Jordan,1608,Verified,False,1619.63,2,22,1,573.97,92,1,Low
C817,Mary Marshall,464,Verified,False,4758.96,1,9,2,25.2,71,0,Low
C3745,Daniel Kennedy,107,Verified,False,1810.97,1,10,1,54.07,111,0,Low
C4796,Rebecca Jackson,326,Verified,False,5113.7,1,7,1,29.1,81,0,Low
C783,Jose Schultz,127,Verified,False,902.09,1,4,1,1242.4,52,0,Low
C1876,Robert Potter,2110,Verified,True,1775.45,1,5,1,135.36,75,0,Medium (Compliance)
C449,Courtney Gonzalez,1384,Verified,False,4375.18,1,10,1,93.68,2,0,Low
C2945,David Alvarez,1820,Verified,False,878.96,2,6,1,223.88,4,5,High (ATO Risk)
C5511,Angel Perry,2756,Failed,False,1547.94,2,11,1,301.73,107,5,Medium (Compliance)
C2361,Cheyenne Horton,2593,Verified,False,4692.38,1,8,1,82.28,106,0,Low
C726,David Douglas Jr.,2437,Verified,True,1268.8,1,9,2,226.56,119,0,Medium (Compliance)
C3595,Patricia Rodriguez,1743,Verified,False,9056.84,2,9,1,172.63,77,0,Low
C4477,Christopher Rubio,3282,Verified,False,2767.08,1,4,1,1740.05,68,0,Low
C103,Amber Wright,2231,Verified,False,2011.67,1,5,1,156.47,61,0,Low
C4896,Joyce Solis,1564,Pending,False,4900.01,2,15,2,271.84,89,0,Low
C3393,Victoria Larson,2840,Verified,False,2927.9,1,31,1,57.63,78,0,High (Network Risk)
C2564,Stephanie Salazar,593,Verified,False,2830.0,2,15,1,58.78,46,0,Low
C2136,Kathy Rivas,3431,Verified,False,2262.99,1,0,2,296.26,112,0,Low
C707,Stephanie Manning,277,Verified,False,2357.55,2,4,1,37.8,80,10,Low
C4388,David Wright,1884,Verified,False,960.36,1,8,1,244.71,68,0,Low
C2986,Pamela Boyd,897,Verified,False,5222.83,1,3,1,103.56,70,0,Low
C195,Denise Jones,2782,Verified,False,1499.41,2,2,1,372.74,57,1,Low
C2278,Devon Flores,1834,Verified,False,7318.41,1,5,2,7.89,42,0,Low
C323,Brenda Hall,2819,Verified,False,1075.43,1,9,1,1294.52,36,0,Low
C5254,Michelle Brown,1016,Verified,False,8814.77,10,12,1,12.5,112,0,Low
C3602,Joshua Perry,2859,Verified,False,1270.99,1,5,1,2183.07,97,0,Low
C648,Jason Stein,2770,Verified,False,5721.09,1,5,1,166.5,111,0,Low
C2716,Melissa Gates,3001,Verified,False,1818.37,2,3,1,320.92,93,1,Low
C5199,Jamie Smith,2407,Verified,False,3277.7,3,11,1,138.85,1,0,Low
C2406,Paul Castaneda,2881,Verified,False,1516.12,1,10,1,167.54,111,1,Low
C2520,Jennifer Adkins,1563,Verified,False,1248.63,2,15,1,35.53,46,0,Low
C498,Lindsey Walker,2287,Verified,False,1910.96,1,8,2,377.99,76,0,Low
C840,Jeffrey Johnson,2604,Verified,False,5197.9,1,2,1,289.32,31,0,Low
C5002,Michael Powell,2780,Verified,False,5195.07,2,5,5,280.73,31,1,High (Network Risk)
C2638,John Anderson,1682,Pending,False,4676.11,1,14,2,1401.44,96,0,Low
C2080,Alyssa Long,2616,Pending,False,3460.71,2,1,1,18.16,72,0,Low
C3862,Alyssa Day,160,Verified,False,21492.6,1,6,5,167.84,54,0,High (Network Risk)
C2427,Joel Williams,408,Verified,False,1212.94,1,9,5,15.93,71,0,High (Network Risk)
C4483,Daniel Murphy,2691,Verified,False,2422.67,1,36,1,856.13,86,5,High (Network Risk)
C1385,Jamie Walton,70,Verified,False,236.42,1,4,1,445.02,103,0,Low
C3930,Darlene Miller,2413,Verified,False,4148.27,1,6,1,104.19,78,0,Low
C2062,Joshua Cooke,2632,Verified,False,1136.78,2,28,1,562.96,74,1,Low
C1685,Matthew Harrington,1903,Verified,False,2634.06,2,4,1,314.22,82,0,Low
C5227,Nicole Herring,2065,Pending,True,1327.89,3,17,5,16.0,42,0,High (Network Risk)
C4809,Alex Hernandez,534,Verified,False,2333.94,1,10,1,397.59,3,0,Low
C1205,Michael Elliott,1186,Verified,False,3169.6,1,6,1,41.15,57,0,Low
C412,Michael Wang,1879,Verified,False,1356.57,2,10,1,188.14,30,1,Low
C5078,Lawrence Adkins,2988,Verified,False,3743.64,1,6,20,608.42,92,0,High (Network Risk)
C4967,Robert Oconnell,950,Verified,False,1794.56,1,44,2,159.69,54,0,High (Network Risk)
C816,Alexander Collins,3275,Verified,False,1435.92,1,1,2,134.58,88,0,Low
C403,Tina Sanders,3546,Verified,False,5215.17,2,5,1,1251.82,112,0,Low
C4801,Angela Vaughn,2107,Verified,False,3409.8,2,6,1,193.54,31,0,Low
C5378,Ashley Barton,1698,Failed,False,486.7,10,6,5,100.83,68,5,High (Network Risk)
C4270,Lindsay Martinez,2886,Verified,False,1982.86,2,17,5,13.83,55,0,High (Network Risk)
C2184,Dr. Hannah Patterson,2865,Verified,False,1033.14,2,5,1,154.03,58,0,Low
C4249,Jonathan Peterson,2248,Verified,False,10249.61,1,10,1,423.58,117,0,Low
C4564,Samantha Garcia,2086,Verified,False,1321.26,1,8,1,1396.84,32,0,Low
C1281,Madison Poole,2411,Verified,False,1469.41,1,14,1,14.22,80,0,Low
C3328,Jessica Gross,2995,Verified,False,2871.26,1,6,1,291.05,63,0,Low
C1035,Debra Morton,1396,Pending,False,4499.06,1,9,1,417.27,38,0,Low
C1495,Karen Graham,1694,Verified,False,1403.45,1,6,2,78.7,50,5,Low
C4966,Debra Christian,2025,Verified,False,3207.52,1,3,1,1789.19,44,1,Low
C2205,Angelica Keith,2107,Verified,False,3588.3,1,26,1,42.19,76,1,Low
C593,John Bishop,718,Verified,False,542.45,1,4,1,2317.18,48,0,Low
C1895,Allen Rosales,1762,Pending,False,4349.98,2,5,1,182.81,92,0,Low
C1279,Daniel Salinas,2593,Verified,False,1671.24,1,3,1,471.49,45,0,Low
C466,Spencer Haynes,3443,Verified,False,883.39,2,10,1,80.64,35,0,Low
C1995,Adam Vaughan,60,Verified,False,16216.82,10,5,1,14.86,95,0,Low
C2421,Nathan Freeman,470,Verified,False,1171.43,2,24,1,127.16,94,0,Low
C2111,Melissa Brewer,1563,Verified,False,5801.61,1,11,1,391.89,51,0,Low
C556,Ricky Davis II,1275,Verified,False,4379.66,2,5,1,65.87,32,0,Low
C1644,Elizabeth Perkins,3029,Verified,False,539.02,2,3,1,97.45,66,5,Low
C71,Joseph Coleman,2011,Verified,False,1316.83,2,6,5,168.08,91,0,High (Network Risk)
C3708,Erin Warner,1647,Verified,False,933.32,1,11,5,15.21,35,1,High (Network Risk)
C3265,David Martinez,327,Verified,False,6696.82,1,7,1,96.91,43,0,Low
C4364,Bryan Herrera,130,Verified,False,5970.27,1,6,1,203.38,83,0,Low
C2014,Cathy Robinson,3068,Verified,False,13180.27,1,3,2,67.06,61,0,Low
C2585,Dr. William Warren,2077,Verified,False,1049.38,2,44,2,954.2,110,1,High (Network Risk)
C282,Brian Lee,3181,Verified,False,28111.0,1,6,2,208.43,41,5,Low
C4743,Christopher Smith,1660,Verified,False,6898.27,2,2,1,6.06,96,0,Low
C2305,Denise Mccann,759,Verified,False,14111.19,2,3,1,68.91,79,0,Low
C189,Melissa Martinez,2221,Verified,False,3204.81,1,5,2,52.41,54,0,Low
C1535,Katherine Salas,3432,Verified,False,2105.04,1,35,1,41.07,101,1,High (Network Risk)
C4760,Julie Alexander,415,Verified,False,1201.74,1,6,1,1488.27,51,1,Low
C1980,Anthony Everett,2242,Verified,False,9686.3,1,5,1,378.59,80,0,Low
C3088,Rodney Morales,1057,Verified,False,2455.76,2,14,1,83.83,70,0,Low
C5271,Mark Brown,2164,Pending,False,2485.06,1,39,1,73.3,111,0,High (Network Risk)
C237,Justin Torres,1883,Verified,False,8533.3,1,12,1,92.11,39,1,Low
C4100,Bailey Duran DDS,1273,Verified,False,6300.43,1,8,1,61.76,32,0,Low
C4950,Courtney Mills,1123,Verified,False,2294.01,1,3,1,52.12,4,0,Low
C4002,Jeremy Dalton,2079,Verified,False,3239.31,1,4,1,316.85,62,0,Low
C2712,Elizabeth Oliver DDS,1995,Verified,False,3748.51,10,2,1,6.71,119,0,Low
C3037,Theresa Clark,942,Verified,False,3026.69,1,6,2,323.25,64,0,Low
C2685,Matthew Moore,1144,Verified,False,9118.93,1,5,1,15.07,72,0,Low
C3844,Benjamin Smith,127,Verified,False,4781.15,2,4,1,319.62,58,0,Low
C2314,Kirk Carter,1320,Verified,False,2084.85,1,9,1,734.36,78,0,Low
C3702,Michael Warner,2684,Verified,False,10258.18,1,4,1,31.11,67,1,Low
C5048,Michael Bradshaw,2968,Verified,False,1551.17,2,5,1,49.59,34,1,Low
C301,Lori Guerrero,3495,Verified,False,2585.69,1,5,5,640.65,81,0,High (Network Risk)
C4141,Jessica Stephens,2184,Verified,False,2273.79,1,7,1,92.76,71,0,Low
C2994,Susan Serrano,327,Verified,False,1935.38,3,9,1,45.95,47,0,Low
C4682,Christopher Parker,361,Verified,False,2100.51,1,2,1,50.09,70,0,Low
C1821,Laura Roberts,2175,Verified,False,7448.86,1,10,1,5567.82,48,0,Low
C5363,Michael Lyons,667,Verified,True,3071.12,10,9,1,70.49,36,0,Medium (Compliance)
C2544,Kathryn Snyder,934,Verified,False,15867.86,1,10,1,317.33,42,0,Low
C3678,Andrew Reynolds,1404,Verified,False,1738.65,1,8,1,393.91,100,0,Low
C1869,David Davis,1368,Verified,False,1599.1,2,9,1,1550.78,56,0,Low
C2021,Sara Johnston,2295,Verified,False,792.85,3,5,1,2691.63,73,0,Low
C4860,Yvonne Chambers,1030,Verified,False,789.73,2,10,2,8.83,88,0,Low
C1379,Andrew Avila,2281,Verified,False,1351.36,2,18,5,1309.21,85,5,High (Network Risk)
C794,Matthew Moon,248,Verified,False,1297.27,1,4,1,183.2,76,0,Low
C29,Kevin Walters,2860,Verified,False,1636.19,1,5,1,31.78,57,0,Low
C1224,Brandon Bailey MD,3601,Verified,False,3382.54,1,12,5,644.28,55,0,High (Network Risk)
C1656,Shannon Rivera,476,Verified,False,1292.45,1,4,1,38.35,69,0,Low
C875,Donna Landry,2095,Verified,False,15165.77,1,4,1,1034.53,116,1,Low
C1462,Krista Gibson,3120,Verified,False,2622.55,1,10,1,83.79,64,0,Low
C364,Frank Cordova,2053,Verified,False,6511.33,2,5,2,746.35,2,0,Low
C2496,Jose Travis,3263,Verified,False,1212.28,1,19,2,451.71,58,0,Low
C757,Kimberly Gutierrez,2109,Pending,False,1968.4,2,5,1,24.25,54,0,Low
C3752,Isaiah Avila,157,Verified,False,3938.34,1,3,1,17.92,87,0,Low
C1587,Olivia Harris,304,Failed,False,4415.3,1,7,1,191.12,34,0,Medium (Compliance)
C145,Tanya Kim,2686,Pending,False,7040.15,2,10,1,71.59,57,10,Low
C3125,Barbara Dudley,1444,Verified,False,792.78,1,9,2,400.86,51,10,Low
C2294,Cynthia Moore,3171,Verified,True,40279.3,1,11,1,104.53,41,0,Medium (Compliance)
C4127,Kristen Davis,3374,Verified,False,14416.96,1,4,1,40.35,73,1,Low
C2438,Susan Murray MD,698,Verified,False,3648.46,1,18,1,249.53,47,0,Low
C1015,Kathleen Moran,2010,Verified,False,4114.54,1,1,2,6.61,48,0,Low
C5350,Denise Davenport,2541,Pending,False,3618.33,1,3,1,20.24,86,0,Low
C3377,Mrs. Kristen Reyes,1453,Pending,False,1120.64,1,7,1,31.34,59,0,Low
C2730,Katie Suarez,3219,Verified,False,748.45,1,4,1,4.08,93,0,Low
C975,Desiree Tyler,777,Pending,False,928.54,2,5,2,255.81,118,0,Low
C4960,Timothy Romero,1049,Verified,False,818.3,1,3,1,41.19,69,0,Low
C4886,Diane Evans,904,Verified,False,15765.18,1,6,1,211.27,114,1,Low
C2094,Yvonne Burns,666,Verified,False,1796.66,2,10,1,454.59,55,0,Low
C3115,Joshua Reed,2937,Verified,False,8828.61,2,4,2,993.47,75,0,Low
C3410,Kimberly Gibson,3019,Verified,False,2298.32,1,3,1,491.3,73,0,Low
C3594,Colin Terry,2337,Verified,False,2589.01,1,5,2,13.42,105,0,Low
C1339,Cynthia Rowe,738,Verified,False,2311.63,1,17,1,38.32,56,0,Low
C5527,Patrick Thornton,1199,Pending,False,1643.41,1,17,1,10.95,55,0,Low
C440,Jasmin Alvarado,439,Verified,False,16857.96,1,5,5,37.48,1,0,High (Network Risk)
C257,Veronica Simpson,3277,Verified,False,3344.8,2,11,1,1337.44,97,0,Low
C1133,Jonathan Lawrence,1881,Verified,True,11903.32,1,7,2,232.09,112,0,Medium (Compliance)
C5289,Shelly Alexander,73,Verified,False,3700.22,1,20,1,660.0,110,5,Low
C248,Joyce Bowen,3386,Verified,False,12123.43,1,8,1,20.01,2,0,Low
C2434,Matthew Moore,2783,Verified,False,3230.16,1,6,2,108.93,104,0,Low
C704,Wayne Morgan,2396,Verified,False,2249.67,1,26,2,363.59,54,0,Low
C1997,Marie Christian,1935,Verified,False,676.31,1,3,2,32.73,86,0,Low
C2222,Shannon James,277,Verified,False,6187.7,1,9,1,106.08,97,0,Low
C4109,Nathan Malone,3265,Failed,False,13668.42,1,22,1,612.79,104,1,Medium (Compliance)
C1275,Amanda Jones,319,Verified,False,7974.66,1,12,1,666.2,53,5,Low
C3728,Tammie Bright,3196,Verified,False,1926.62,1,4,1,327.95,30,0,Low
C1475,Jessica Garcia,301,Verified,False,6554.24,1,3,1,139.91,109,0,Low
C135,Shelia Wallace,1165,Pending,False,1022.55,2,2,2,174.98,64,0,Low
C1310,Stephanie Williams,3649,Verified,False,1074.18,1,24,1,27.79,97,0,Low
C3914,Elaine Brooks,127,Verified,False,1479.88,1,2,1,2485.88,99,0,Low
C1693,Joseph Knight,1539,Verified,False,1500.7,1,13,2,21.53,88,0,Low
C851,Carolyn Miller,3182,Verified,False,5334.72,2,2,1,1036.32,66,0,Low
C3953,Lisa Allen,13,Verified,False,6772.08,1,57,2,8.26,39,0,High (Network Risk)
C3804,Briana Murray,3017,Verified,False,1965.24,1,2,1,98.53,46,0,Low
C5455,David Smith,1055,Verified,False,14572.82,2,7,2,261.29,87,10,Low
C4861,Stephanie Byrd,584,Verified,False,1781.67,2,19,1,49.64,99,0,Low
C914,Jeremy Reed,3521,Verified,False,9557.67,2,4,1,15.55,74,0,Low
C4028,Margaret Coleman,1946,Verified,False,2061.33,1,11,1,43.03,84,0,Low
C3372,Ryan Gonzalez,1860,Verified,False,3013.69,10,5,1,101.88,69,5,Low
C3059,John Young,1370,Verified,False,3188.62,1,10,1,190.34,77,0,Low
C4039,Laura Haney,3251,Verified,False,6881.5,2,17,1,123.52,113,0,Low
C4936,William Barrett,2654,Verified,False,2434.89,1,5,1,178.72,60,0,Low
C2666,Keith Jennings,2614,Verified,False,555.7,2,24,1,244.3,110,0,Low
C3321,Amber Obrien,3176,Failed,False,6422.99,2,9,1,405.24,38,10,Medium (Compliance)
C5173,Tanner Mitchell DDS,1278,Verified,False,2959.63,2,58,1,74.16,1,0,High (Network Risk)
C5503,Heather Fields,2280,Failed,False,16991.4,1,3,1,246.82,107,0,Medium (Compliance)
C4415,Megan Le,384,Verified,False,816.3,1,4,1,25.41,77,0,Low
C4959,Sara Fuller,3466,Verified,False,2421.55,1,6,1,13.25,48,0,Low
C853,Maria Parker,1410,Verified,False,594.64,1,2,1,73.74,32,5,Low
C2624,Kevin Oconnor,189,Verified,False,3297.56,2,15,1,15641.15,2,0,Low
C1407,Edward Burgess,944,Verified,False,3302.03,1,6,1,145.43,4,0,Low
C2250,Carlos Ryan,1450,Verified,False,12112.12,1,2,2,523.35,56,0,Low
C5267,Kiara Mcintyre,230,Pending,False,4836.9,1,3,1,879.66,119,0,Low
C356,Dawn Summers,1274,Verified,False,1791.5,2,3,1,93.0,50,0,Low
C2100,Dr. Paul Morgan,1761,Verified,False,3255.87,1,15,1,1378.3,108,0,Low
C3954,Victor Taylor,929,Verified,False,7952.91,1,10,1,311.85,70,0,Low
C3286,Shannon Ramsey,2822,Verified,False,513.11,1,6,2,763.09,47,0,Low
C4104,Tracy Ballard,1321,Failed,False,5118.05,1,5,1,199.38,95,0,Medium (Compliance)
C4121,Richard Smith,3300,Verified,False,1457.01,1,6,2,216.8,105,0,Low
C1514,Jordan Chambers,465,Verified,False,2069.26,1,30,1,1258.88,50,0,Low
C3319,Lauren Carson,2856,Verified,False,3032.56,2,6,1,71.44,81,0,Low
C4237,Ashley Hall,1832,Verified,False,653.34,1,14,1,244.32,38,0,Low
C3775,Stephen Hoffman,2921,Pending,False,660.12,3,5,1,171.47,88,0,Low
C4829,Connie Brown,1172,Verified,False,5718.75,1,28,1,183.01,73,0,Low
C2584,Susan Turner,3023,Verified,False,1948.9,1,2,1,425.05,105,0,Low
C3193,Charles Shah,2152,Verified,False,2868.35,2,14,1,246.89,79,0,Low
C1696,Johnathan Davis,976,Verified,False,3734.78,2,4,1,136.04,52,0,Low
C493,Brandy Chavez,1556,Verified,False,859.73,1,43,1,1896.02,89,0,High (Network Risk)
C5542,Natalie Bautista,635,Verified,False,1416.08,1,12,2,272.09,64,10,Low
C1034,Patrick Moore,17,Verified,False,1216.58,1,1,1,58.54,70,0,Low
C4661,Brett Burns,1462,Verified,False,290.85,1,3,1,154.71,84,0,Low
C1761,Trevor Johnson,1929,Verified,False,2445.27,1,12,1,153.74,64,0,Low
C2747,Jeremy Sampson,2597,Verified,False,2529.02,1,12,1,66.59,50,0,Low
C3692,Ariana Jennings,2013,Verified,False,4791.17,1,11,1,77.85,43,0,Low
C342,Vanessa Howard,1045,Verified,False,4237.98,1,8,1,128.1,116,0,Low
C5582,Colton Martinez,3082,Failed,False,525.87,2,5,1,322.69,2,5,High (ATO Risk)
C2001,Jordan Bates,3610,Verified,False,537.52,1,17,1,27.78,104,0,Low
C378,Linda Smith,1055,Verified,False,1601.04,3,3,1,355.87,52,0,Low
C5174,Dana Martinez,2366,Pending,False,3671.31,1,7,1,111.12,94,10,Low
C3810,Andrea Hubbard,2708,Pending,False,1774.93,3,4,1,29.64,41,0,Low
C4819,Daniel Kane,125,Verified,False,1363.9,2,4,1,328.82,52,0,Low
C2522,Charles Lester,3197,Pending,False,11115.68,1,5,1,241.04,115,0,Low
C4088,Scott Thomas,2839,Verified,False,5291.56,1,4,1,357.49,112,1,Low
C1560,David Thompson,2522,Verified,False,6040.72,1,11,1,797.46,2,0,Low
C3967,Allison Smith,522,Verified,False,4216.45,2,2,2,2367.36,74,0,Low
C4096,Cynthia Morris,407,Pending,False,984.57,1,10,1,171.64,2,0,Low
C274,Anthony Harmon,2105,Verified,False,6195.28,2,4,1,101.07,107,0,Low
C1992,Nichole Alvarez,1534,Pending,False,37116.32,2,7,1,126.93,66,0,Low
C2234,Kayla Rodriguez,226,Verified,False,5471.55,1,6,1,89.62,109,0,Low
C4442,Theresa Williams,1461,Verified,False,2690.91,2,4,2,67.08,79,1,Low
C611,Sharon Boyd,442,Verified,False,641.35,2,19,5,156.49,56,0,High (Network Risk)
C3706,Victor Brown,912,Verified,False,1398.06,2,5,1,15.43,82,0,Low
C2549,James Parks,2126,Verified,False,5970.29,1,12,1,536.22,37,0,Low
C4273,Theodore Jones Jr.,1239,Verified,False,5689.57,1,13,1,260.55,76,0,Low
C4505,Ana Hill,231,Verified,False,1060.32,1,5,1,1487.0,37,0,Low
C4330,Kimberly Nguyen,2558,Verified,False,4823.89,1,2,1,42.05,59,0,Low
C2910,Kerry Chavez DDS,25,Verified,False,1134.0,1,3,1,1320.02,93,1,Low
C5454,Michael Farrell,1379,Verified,False,7076.15,3,53,20,634.31,60,1,High (Network Risk)
C370,Patricia Le,276,Verified,False,5474.77,1,10,1,36.82,119,0,Low
C5154,Jesse Perez,733,Verified,False,7935.98,1,8,1,29.69,45,0,Low
C2450,Jesse Perry,2990,Verified,False,1823.62,1,4,1,253.19,110,0,Low
C5335,Jeffery Ortega,2912,Verified,False,6159.6,2,33,1,366.8,67,5,High (Network Risk)
C1715,Christian Leblanc,2158,Verified,False,3343.05,1,3,1,499.43,88,0,Low
C621,Ronald Davis,1415,Verified,False,4433.49,1,8,1,59.65,62,0,Low
C5388,Parker Cain,1314,Verified,False,3180.16,1,11,20,5596.37,74,0,High (Network Risk)
C5287,Laurie Hoffman,1555,Pending,False,1255.87,1,2,5,28.47,119,5,High (Network Risk)
C1388,Bryan Gomez,2024,Verified,False,4131.37,1,4,1,883.39,47,5,Low
C3765,Nicole Parrish,307,Verified,False,4688.68,1,5,1,11.31,38,0,Low
C3565,Tracy Burke,1466,Verified,False,987.98,1,14,1,47.35,79,0,Low
C4154,Kenneth Lewis,2874,Verified,False,5276.41,1,5,1,577.9,81,0,Low
C5152,Courtney Rodriguez,1705,Verified,False,5006.44,1,53,5,2109.72,109,5,High (Network Risk)
C5551,Holly Farmer,309,Verified,False,1516.01,2,2,1,823.37,119,0,Low
C3207,Renee Bruce,1595,Verified,False,3885.28,1,4,1,120.17,82,1,Low
C3907,Sabrina Austin,2087,Failed,False,1611.83,10,2,1,27.19,113,0,Medium (Compliance)
C2508,Allison Hickman,2348,Verified,False,5359.98,1,13,1,1035.25,38,0,Low
C239,Debra White,2773,Verified,False,1227.63,1,14,1,117.68,92,0,Low
C2397,Ellen Morgan,603,Verified,False,11195.66,2,7,1,1349.68,77,0,Low
C2245,Sergio Knight,456,Verified,False,10619.88,1,5,2,856.99,65,0,Low
C4,Charles Schultz,2016,Verified,False,6750.27,1,13,1,339.77,106,5,Low
C3170,Paul Lewis,1105,Verified,False,20937.05,1,12,1,45.61,95,0,Low
C20,Glen Wood,3547,Verified,False,12433.79,3,3,1,49.94,36,0,Low
C5193,Paula Bradley,3609,Verified,True,7609.01,1,3,1,380.86,114,5,Medium (Compliance)
C804,Anthony Moore,2026,Verified,False,14227.38,1,13,1,196.32,74,0,Low
C328,Megan Nelson,1628,Verified,False,2633.43,1,9,1,2641.83,78,0,Low
C497,Karla Ramos,1865,Verified,False,1714.63,1,12,1,393.5,46,0,Low
C4560,Paul Wilson,2112,Verified,False,7945.4,1,3,1,346.99,60,0,Low
C2941,Douglas Gregory,3359,Verified,False,2672.63,2,4,1,1618.55,94,0,Low
C4865,Mr. Andrew Foster,3153,Verified,False,7493.82,3,10,1,60.94,1,0,Low
C4488,Aimee Turner,28,Verified,False,1379.21,2,4,1,347.81,65,0,Low
C4057,Chad Scott,3284,Verified,False,1542.74,1,2,2,44.24,75,0,Low
C1588,Adam Burgess,840,Verified,False,692.95,1,4,5,613.14,112,1,High (Network Risk)
C5434,James Padilla,1245,Verified,False,980.44,1,6,1,1717.12,38,5,Low
C1081,Sandra Drake,1714,Verified,False,4202.88,1,28,1,213.6,109,0,Low
C4515,Scott Williams,3074,Verified,False,727.99,1,3,2,12.78,58,0,Low
C4859,Thomas Atkins,3380,Verified,False,1107.98,1,7,1,733.93,53,0,Low
C3935,Laura Mckinney,1185,Pending,False,1338.36,1,37,1,1553.52,86,0,High (Network Risk)
C53,Brian Smith,2287,Verified,False,1982.65,2,3,1,52.83,69,0,Low
C5349,Robert Montgomery,2948,Verified,False,3254.91,2,12,1,59.15,54,0,Low
C3622,Tamara Davis,3596,Verified,False,21167.61,2,4,1,701.12,49,0,Low
C2464,Dana Chapman,2903,Verified,False,6597.25,1,10,1,40.37,50,0,Low
C2270,Jennifer Collins,3509,Verified,False,1653.35,2,47,1,30.31,50,0,High (Network Risk)
C3137,Gary Jackson,2118,Verified,False,3047.41,1,13,1,41.85,82,0,Low
C772,Ashley Hicks,259,Pending,False,1740.83,1,8,1,82.48,71,5,Low
C243,Hannah Luna,2371,Verified,False,7222.01,1,3,20,495.5,36,0,High (Network Risk)
C3917,Robin Young,2512,Pending,False,5231.54,1,6,1,205.05,51,0,Low
C108,Craig Morrison,2079,Verified,False,1732.93,1,4,1,677.19,113,0,Low
C4302,Mary Thompson,871,Verified,False,4382.22,2,2,1,382.23,103,1,Low
C973,Kathleen Webster,401,Verified,False,4693.08,1,1,1,1227.79,118,0,Low
C2959,Joann Glass,240,Verified,False,3147.86,2,3,1,781.49,92,0,Low
C2944,Madison Weber,1601,Verified,False,4409.84,1,7,2,30.72,119,0,Low
C2354,Lori Hernandez,1645,Verified,False,5312.04,2,18,1,96.34,3,0,Low
C1793,Jeremy Turner,439,Verified,False,25087.24,2,4,2,1102.31,30,0,Low
C5309,Anthony Romero,1466,Pending,False,9878.71,1,8,1,297.72,79,10,Low
C1946,Jesse Brown,197,Verified,False,1139.47,2,1,1,73.63,30,0,Low
C2978,Angela Lin,957,Verified,False,3832.06,2,3,5,92.29,42,1,High (Network Risk)
C3505,Lisa Hunter,1799,Verified,False,25041.7,1,1,1,595.69,39,0,Low
C1284,Julian Conner,830,Verified,False,4292.67,2,44,1,93.03,34,0,High (Network Risk)
C4720,Joanna Pacheco,966,Verified,False,18859.06,2,8,1,885.35,112,5,Low
C5014,Erica Alvarez,227,Failed,False,41033.67,1,8,1,117.86,44,0,Medium (Compliance)
C3783,Antonio Garcia,1278,Pending,False,1177.37,1,11,1,1492.63,108,1,Low
C5274,Gwendolyn Klein,3319,Pending,False,2780.49,1,56,20,920.01,4,0,High (Network Risk)
C4552,Carrie Wright,2288,Verified,False,3206.91,1,5,1,67.54,31,0,Low
C1842,Jeffrey Mills,541,Verified,False,809.24,3,3,5,504.66,60,0,High (Network Risk)
C1453,Jake Campbell,1700,Verified,False,11975.19,2,36,2,20.05,36,0,High (Network Risk)
C284,George Harper,3361,Verified,False,4206.48,2,2,1,170.46,58,0,Low
C4812,Maria Jones,2069,Verified,False,571.12,1,20,1,150.9,57,0,Low
C1592,Michael Mitchell,1888,Verified,False,4117.81,1,6,1,12.02,34,0,Low
C1017,Mary Escobar,2457,Verified,False,1355.77,1,10,1,10.8,55,0,Low
C1302,Felicia Aguilar,3423,Verified,False,2913.79,1,2,1,913.56,40,0,Low
C3777,Gregory Ponce,2443,Verified,False,246.6,2,58,1,142.5,30,1,High (Network Risk)
C310,Jenna Larson,2437,Verified,False,2476.91,1,5,5,189.57,86,0,High (Network Risk)
C411,Emily Bennett,2517,Verified,False,6920.34,1,4,1,96.41,2,0,Low
C3243,Robin Santiago,2990,Verified,False,1956.08,1,11,1,993.08,92,0,Low
C3097,Nancy Jennings,1662,Verified,False,504.34,2,4,5,15.72,91,0,High (Network Risk)
C3495,Maria Henderson,397,Verified,False,2813.39,1,10,1,528.57,105,0,Low
C1100,Jack White,2583,Verified,False,2436.17,1,2,1,2890.15,83,0,Low
C4728,Travis Tucker,1749,Verified,False,14307.98,1,8,1,44.56,68,0,Low
C3201,Chad Jones,977,Verified,False,4636.01,1,4,1,34.83,61,0,Low
C3003,Ashley Wise,2376,Verified,False,2367.07,1,3,1,265.78,4,0,Low
C3313,Sophia Johnson,2787,Failed,False,895.94,1,3,1,394.68,52,0,Medium (Compliance)
C1733,Ralph Anderson,626,Verified,False,2850.36,1,15,1,21.72,47,0,Low
C454,Christopher Guerra,2899,Pending,False,20675.68,1,5,1,86.98,72,0,Low
C5281,Rhonda Martin,1944,Pending,False,4359.15,10,6,1,1449.92,87,0,Low
C2763,Jason Rhodes,3272,Verified,False,5751.88,2,10,1,2624.42,87,0,Low
C3867,Jeremy Mitchell,2898,Verified,False,251.22,2,18,1,116.38,95,0,Low
C5186,Joann Ferguson,3443,Failed,False,7457.98,3,3,5,181.14,57,1,High (Network Risk)
C2859,Robert Harrison,3178,Failed,False,3273.93,2,8,1,240.04,2,1,Medium (Compliance)
C3870,Holly Valentine,1900,Verified,False,3051.24,2,3,1,2.28,41,0,Low
C4941,Mrs. Diane Reyes,1418,Verified,False,3544.09,1,6,1,48.03,93,0,Low
C3543,Tracy Montoya,1944,Verified,False,3644.44,1,17,1,137.82,112,0,Low
C1317,Brenda Wright,1026,Verified,False,2302.42,1,1,2,5002.44,105,0,Low
C4223,Shelly Spencer,1383,Verified,False,1817.46,2,3,1,280.74,40,0,Low
C5475,Ryan Rosales,3295,Pending,False,732.9,3,38,1,1325.77,91,0,High (Network Risk)
C5170,Phillip Nelson,2837,Verified,False,2059.89,2,10,1,111.77,105,0,Low
C1563,Brittany Kim,133,Verified,False,9064.04,2,19,1,291.49,61,0,Low
C668,Courtney Hayes,983,Verified,False,1705.62,2,1,5,35.15,80,0,High (Network Risk)
C2840,Alexander Brown,2201,Verified,False,6610.58,1,22,1,16.11,73,0,Low
C3215,Cynthia Vang,2334,Verified,False,1021.29,2,11,1,27.11,72,0,Low
C4200,Alfred Galvan,105,Verified,False,769.18,1,6,1,75.81,89,0,Low
C4921,Marie Moody,2049,Verified,False,1940.73,2,2,1,127.0,53,1,Low
C4367,Dustin Gallegos,2281,Verified,False,7517.51,1,4,1,56.08,4,0,Low
C2996,Brenda Thornton,1022,Verified,False,685.44,1,16,1,4.25,92,1,Low
C1861,Aaron Miller,1684,Verified,False,17580.8,1,7,1,391.5,39,0,Low
C689,Ruben Dunn,945,Verified,False,25275.6,2,6,1,37.94,74,5,Low
C1500,Kelsey Rodriguez,1259,Pending,False,6048.04,1,3,2,137.79,3,5,High (ATO Risk)
C193,Eric Williams,587,Verified,False,1743.52,1,13,1,43.0,39,5,Low
C1968,Riley Bryant,3304,Verified,False,1854.48,1,6,1,581.58,4,0,Low
C4425,Taylor Carlson,2677,Verified,False,1497.37,2,6,1,9.24,103,1,Low
C3825,Jose Allen,358,Verified,False,1495.38,1,6,1,494.77,75,0,Low
C2948,Jeffrey Mendez,3002,Verified,False,2396.37,1,4,1,63.81,91,0,Low
C2553,Jason Beck,2346,Verified,False,479.23,2,3,1,75.41,106,0,Low
C4785,William Jones,664,Verified,False,4226.81,1,2,1,130.48,99,0,Low
C3624,Katie Mcneil,486,Verified,False,961.2,1,4,1,110.04,61,0,Low
C1027,Jeanette Harrison,3314,Verified,False,1260.55,1,1,2,990.48,50,0,Low
C2698,Veronica King,1060,Verified,False,1392.47,1,10,1,322.59,89,0,Low
C1846,Richard Cooper,753,Verified,False,4280.25,1,4,1,898.77,58,0,Low
C2901,Lori Ingram,938,Verified,False,9003.8,1,5,1,256.35,55,0,Low
C1782,Evelyn Williams,391,Verified,False,1079.3,1,7,1,98.92,59,0,Low
C3500,Robin Thompson,1832,Verified,False,9935.17,1,3,1,101.42,73,0,Low
C2725,Julie Dominguez,3205,Verified,False,968.47,1,2,1,11.0,44,0,Low
C1067,Robin Brown,2079,Verified,False,1439.07,1,8,1,2087.76,50,0,Low
C4210,Judith Carter,3369,Verified,False,7308.6,1,33,1,99.18,109,0,High (Network Risk)
C2633,Curtis Williams,3334,Verified,False,565.83,1,15,1,8.36,110,0,Low
C5534,Kaylee Hays,600,Verified,False,1716.71,1,20,20,25.76,62,0,High (Network Risk)
C4900,Dawn Mullins,1686,Pending,False,1178.33,3,2,1,11.39,35,0,Low
C2101,Howard Norman,651,Verified,False,1885.16,10,6,1,40.68,57,0,Low
C346,Evelyn Martinez,2297,Verified,False,1500.52,1,6,1,276.51,67,0,Low
C2207,Steve Paul,1069,Verified,False,522.6,2,23,1,5.43,72,1,Low
C2426,Jasmine Beltran,188,Verified,False,5471.77,1,15,1,867.77,64,0,Low
C608,Jonathan Glass MD,221,Verified,False,4215.29,1,6,1,46.64,116,0,Low
C5402,Monica Miller,1945,Verified,False,7294.57,1,1,5,86.67,101,0,High (Network Risk)
C2453,Samantha Gardner,1531,Verified,False,1981.33,3,2,1,107.19,1,0,Low
C5030,Bobby Guerrero,2956,Failed,False,2713.68,1,12,1,23.05,118,0,Medium (Compliance)
C2744,Lance Simmons,2623,Verified,False,7278.43,1,5,2,350.83,113,0,Low
C5220,Heather Williams,3513,Verified,False,3730.05,1,25,20,14.48,60,0,High (Network Risk)
C4777,Heather Bolton,308,Verified,False,7374.64,1,12,1,1207.83,113,1,Low
C3402,William Gould,2772,Pending,False,6859.8,1,18,1,24.39,113,5,Low
C598,Mark Cox,1099,Verified,False,3116.88,2,3,1,113.18,58,0,Low
C508,Meghan Cisneros,2587,Pending,False,3278.94,1,11,2,42.82,57,0,Low
C825,Lawrence Harrington,1304,Verified,False,2785.41,1,26,1,617.23,83,0,Low
C1760,Austin Osborne,2892,Verified,False,3282.81,1,23,1,21.78,103,0,Low
C5062,James Bradley,3437,Verified,False,1725.56,2,4,1,983.62,87,0,Low
C2975,Meghan Rush,582,Verified,False,4190.87,1,9,1,3009.54,84,0,Low
C2507,Phillip Berry,2719,Verified,False,3582.36,1,13,1,14.93,55,0,Low
C3642,Jennifer Banks,474,Verified,False,1630.87,2,7,2,7.03,93,0,Low
C3119,Brian Fitzgerald,1346,Verified,False,4388.48,3,6,1,79.77,119,0,Low
C5026,Mr. Justin Green III,2308,Verified,False,10227.44,1,1,5,149.75,103,5,High (Network Risk)
C4385,Zachary Mitchell,753,Verified,False,3005.62,2,3,1,85.99,3,1,Low
C1797,Katherine Martinez,3105,Verified,False,3194.86,1,4,2,79.23,37,0,Low
C5479,Jodi Roach,3172,Verified,False,3583.86,3,2,1,339.36,94,0,Low
C1680,Brandon Fleming,2673,Verified,False,443.38,1,8,1,206.48,80,1,Low
C115,Emma Reed,1040,Verified,False,2071.4,1,14,1,11.03,92,5,Low
C161,Joshua Vance,3219,Verified,False,30190.84,2,5,1,40.78,90,0,Low
C631,Michelle Ho,2280,Verified,False,3110.9,1,1,1,894.3,50,0,Low
C2734,Rebecca Hicks,2623,Verified,False,1215.0,1,6,1,155.55,80,0,Low
C296,Curtis Taylor,2523,Verified,False,2869.25,1,9,1,115.52,83,0,Low
C2433,Allison Spencer,369,Verified,False,1695.72,1,8,1,18.38,76,0,Low
C2748,Robert Arnold,2880,Verified,False,3530.43,2,4,2,378.57,107,0,Low
C5550,Angelica Parker,3335,Pending,False,3580.52,10,2,1,123.01,85,5,Low
C4135,Dr. Kelly Hammond DVM,2254,Verified,False,2799.45,1,15,1,122.83,98,0,Low
C4553,William Day,1371,Verified,False,7272.12,1,9,1,547.6,90,0,Low
C5222,Michael Cooper,1467,Verified,False,888.34,1,4,1,26.02,71,1,Low
C5079,Penny Bowman,2915,Pending,False,4148.26,3,2,5,734.92,2,0,High (Network Risk)
C4219,Vincent Reynolds,543,Pending,False,8470.02,1,8,1,199.08,78,0,Low
C3700,Amy Martinez,2916,Pending,False,2260.14,1,3,1,718.11,83,0,Low
C3168,Christopher Morris,729,Verified,False,6714.67,2,10,1,82.62,87,0,Low
C3277,Hannah Everett,1877,Verified,False,2370.88,2,8,1,867.23,81,0,Low
C1914,Sarah King,2142,Verified,False,1000.81,1,38,1,1.83,63,0,High (Network Risk)
C4679,Krista Martinez,3474,Verified,False,444.9,2,6,1,16.04,91,1,Low
C5452,Joseph Shaw,1772,Verified,False,1710.21,10,36,1,31.66,59,5,High (Network Risk)
C3429,Todd Moore,2149,Pending,False,2173.95,2,7,1,40.62,80,0,Low
C505,Michelle Jacobs,1395,Verified,True,26714.93,1,4,2,659.01,70,0,Medium (Compliance)
C4539,Kristy Bryan,2996,Verified,False,3120.44,2,3,1,6.84,79,1,Low
C4698,Angel May,1943,Verified,False,1696.21,2,3,1,483.65,119,0,Low
C563,Marilyn Wang,523,Verified,False,5069.3,3,10,1,123.18,84,0,Low
C1378,Mark Jimenez,3134,Verified,False,2018.79,1,8,1,23.33,92,10,Low
C1357,Donna Frye,3549,Verified,False,8375.99,2,1,1,1757.65,63,0,Low
C5555,Dr. Michael Evans,155,Verified,False,13935.71,1,16,1,16.65,41,0,Low
C2675,Anthony Gonzales,1491,Verified,False,3502.84,1,24,1,488.09,116,0,Low
C1852,Mr. Lawrence Edwards,502,Verified,False,502.39,1,1,2,912.47,41,0,Low
C2726,Morgan Valencia,1861,Verified,False,2696.08,2,16,1,7.64,87,0,Low
C1920,Bianca Wood,5,Verified,False,2536.37,1,28,1,26.48,42,0,Low
C377,Emma Owens,721,Verified,False,15313.82,1,1,2,961.06,94,0,Low
C48,David Davis,1167,Pending,False,4659.65,2,5,1,164.66,109,0,Low
C1989,James Gilbert,223,Pending,False,2015.79,2,3,2,345.79,32,0,Low
C2955,Sean Moore,608,Verified,False,12065.6,1,16,5,142.3,43,1,High (Network Risk)
C627,Kenneth Edwards,2114,Verified,False,2649.22,1,5,1,410.72,72,0,Low
C1271,Kathleen Robertson,1018,Verified,False,2624.11,1,5,2,20.89,70,0,Low
C2622,Mr. Alexander Landry MD,1989,Verified,False,1807.3,1,10,1,391.11,41,1,Low
C1808,Cindy Gomez,276,Verified,False,9509.72,1,25,2,100.02,87,0,Low
C4164,Johnny Khan,3176,Verified,False,1742.2,2,7,1,93.65,53,0,Low
C436,Julie Herrera,1258,Verified,False,5709.07,2,5,2,16.7,3,0,Low
C2909,Jessica Khan,495,Verified,False,4449.72,1,5,1,12.5,56,0,Low
C1867,Pamela Diaz,1460,Verified,False,3192.31,1,12,1,103.9,59,0,Low
C3707,Kelly Lee,1325,Pending,False,7424.36,1,2,2,811.14,90,0,Low
C3723,Angel Gordon,3380,Verified,False,13926.61,2,7,1,173.66,50,0,Low
C3496,Diana Hays,714,Pending,False,870.01,2,3,1,29.83,54,0,Low
C1862,Barbara Hester,2084,Verified,False,2532.85,1,2,2,98.89,39,1,Low
C2822,Robert Morgan,542,Verified,False,2336.73,2,1,5,84.89,3,0,High (Network Risk)
C3208,Nicole Gonzalez,3085,Pending,False,3315.73,1,4,1,37.38,37,1,Low
C4958,Kathryn Williams,3091,Verified,False,1669.67,2,17,1,240.9,40,0,Low
C4544,Gary Wells,2278,Verified,False,1066.56,2,1,1,30.16,43,0,Low
C4362,Larry Robertson,1928,Verified,False,2674.94,1,11,1,46.2,82,0,Low
C4258,Louis Martin,1631,Verified,False,8243.23,3,4,2,24.99,91,0,Low
C1042,Nancy Evans MD,3613,Verified,False,2435.1,1,3,1,41.42,77,0,Low
C4737,Kim Erickson,3253,Verified,False,4516.99,1,9,1,1292.09,36,0,Low
C66,Robert Richardson,2266,Verified,False,13781.61,2,21,1,44.89,119,0,Low
C2151,Veronica Silva,2820,Verified,False,3520.12,1,24,1,63.1,88,0,Low
C3337,Molly Watts,2340,Verified,False,8025.09,1,9,1,430.39,107,0,Low
C3206,John Coffey,101,Verified,False,8806.85,1,6,1,617.83,107,0,Low
C1486,Paula Lane,2032,Verified,False,10316.7,1,10,1,60.89,62,0,Low
C3797,Lauren Jackson,804,Verified,False,23899.02,2,53,1,855.79,76,0,High (Network Risk)
C2631,Lisa Randall,2117,Verified,False,2624.36,2,5,2,29.82,36,0,Low
C1763,Michael Johnson,3645,Pending,False,7429.76,2,18,1,361.76,114,0,Low
C1597,Ashley Smith,1456,Verified,False,3704.9,2,4,1,116.88,118,1,Low
C3813,Christian Vaughn,2809,Verified,False,4907.87,2,3,2,250.13,71,1,Low
C1552,Reginald Knapp,3570,Verified,False,4497.89,2,30,1,323.73,93,1,Low
C4518,Nancy Brown,1507,Verified,False,9836.72,1,7,5,118.4,72,0,High (Network Risk)
C5225,Daniel Nguyen,2610,Verified,False,1794.84,2,8,1,287.49,48,0,Low
C4189,Kelly Edwards,2159,Verified,False,4415.85,1,11,1,424.98,44,0,Low
C4339,Thomas Peterson,887,Verified,False,836.27,1,3,1,11.55,111,0,Low
C715,Raymond Le,2816,Verified,False,1342.78,1,5,2,35.33,87,0,Low
C4146,Melissa Bishop,1378,Verified,False,1674.21,1,4,1,517.78,48,0,Low
C4067,David Grant,1431,Verified,False,5388.68,3,9,1,7.37,2,0,Low
C1288,William Evans,336,Verified,False,4533.47,1,9,1,24.1,114,0,Low
C1969,Daniel Bush,163,Verified,False,12090.29,2,4,5,1336.0,48,0,High (Network Risk)
C1955,Gregory Peck,1014,Verified,False,7998.7,1,37,1,75.6,53,0,High (Network Risk)
C3985,Denise Martinez,2254,Verified,False,2935.74,2,7,1,178.44,85,0,Low
C3238,Jamie Baird,3406,Verified,False,60592.5,1,8,1,244.6,45,0,Low
C2598,Tina Ballard,425,Verified,False,3601.64,3,21,1,261.91,67,0,Low
C1965,Dwayne Klein,1306,Verified,False,736.01,1,3,2,61.81,87,1,Low
C3750,Jeremy Scott,885,Pending,False,841.04,2,4,1,78.37,118,1,Low
C462,Dale Ryan,1866,Verified,False,5987.64,3,9,1,3352.87,111,5,Low
C4181,Melissa Taylor,1895,Verified,False,624.45,2,2,2,18.29,36,0,Low
C4647,Laurie Sanchez,3164,Verified,False,3576.44,2,6,2,47.19,82,0,Low
C2201,Kiara Little,2908,Verified,False,2132.24,1,38,5,23.32,65,0,High (Network Risk)
C925,Jason Love,1685,Verified,False,20098.55,1,31,1,98.98,51,0,High (Network Risk)
C957,Randy Smith,820,Verified,False,927.72,1,15,1,33.22,67,0,Low
C3959,Tanya Russell,2124,Verified,False,8064.71,1,19,2,892.74,117,5,Low
C3157,Sherry Woods,703,Verified,False,2104.14,1,10,1,1438.88,72,5,Low
C4844,Victor Morris,3639,Verified,False,1920.48,2,5,1,125.75,83,0,Low
C557,Susan Davis,1551,Verified,False,13679.4,3,27,2,28.78,57,0,Low
C776,Kimberly Sharp,1557,Verified,False,1780.31,2,3,1,2046.16,113,0,Low
C995,Susan Thompson,499,Verified,False,1212.99,2,16,1,42.44,55,0,Low
C470,Casey Gillespie,2451,Verified,False,1863.47,1,4,2,184.45,50,0,Low
C3278,Jennifer Simpson DVM,913,Verified,False,1087.18,1,5,1,229.78,61,0,Low
C659,Tammy Mcdowell,1070,Verified,True,645.06,2,11,2,30.3,54,0,Medium (Compliance)
C3548,Keith Rodriguez,1097,Verified,False,1365.47,1,37,1,70.31,44,0,High (Network Risk)
C1503,Mrs. Virginia Daniels,872,Verified,False,595.07,1,23,2,2127.16,92,5,Low
C1044,Todd Rosales MD,2849,Verified,False,1256.58,2,9,1,199.09,41,0,Low
C4985,Brian Martin,3226,Verified,False,1225.35,1,7,1,276.24,45,0,Low
C1217,David Lopez,2421,Pending,False,3823.14,1,13,1,448.27,110,0,Low
C460,Rachel Bradley,3461,Pending,False,817.89,1,22,2,251.03,40,0,Low
C2984,Casey Chase,1322,Verified,False,5399.7,2,1,1,600.09,75,1,Low
C5553,Samantha Robertson,3237,Verified,False,344.27,1,6,1,298.47,113,10,Low
C4606,Michael Lopez,3454,Verified,False,1177.44,1,3,1,108.37,100,0,Low
C4776,Franklin Wright,331,Verified,False,2403.74,1,6,1,15160.92,108,0,Low
C5587,David Molina,1008,Verified,True,1989.62,2,2,20,54.9,3,0,High (Network Risk)
C2500,Elizabeth Sharp,1890,Verified,False,3151.1,2,1,5,74.86,118,1,High (Network Risk)
C977,Matthew Schwartz,1854,Verified,False,776.02,1,2,1,1070.73,113,0,Low
C1539,Bryan Parker,2203,Verified,False,19931.54,2,4,1,438.33,65,0,Low
C1961,Jonathan Jacobson,2260,Verified,False,15058.32,1,11,1,72.89,103,0,Low
C5377,Emily Wilson,430,Failed,False,222.1,1,3,1,65.1,36,1,Medium (Compliance)
C4826,Elizabeth Mendez,3488,Verified,False,5444.69,1,3,1,135.34,116,0,Low
C4957,Casey Hernandez,39,Verified,False,2093.14,1,10,1,217.75,59,0,Low
C3468,Lisa Perry,3121,Verified,False,2630.9,3,9,1,136.77,99,0,Low
C3121,Kaitlin Medina,1827,Pending,False,2686.38,2,28,1,62.76,51,0,Low
C4131,Colleen Wright,1364,Verified,False,1339.2,2,15,1,378.46,94,0,Low
C2476,Shelley Miller,1615,Verified,False,2646.19,1,3,1,151.1,100,0,Low
C502,Michael Miller,1830,Verified,False,13664.52,2,4,1,516.17,83,0,Low
C4850,Amy Kelley,24,Verified,False,18364.48,1,13,1,172.6,31,1,Low
C1634,Laura Hernandez,1667,Verified,False,2636.76,1,3,1,14.3,101,0,Low
C3663,Joseph Wilson,3527,Verified,False,584.24,2,5,1,289.9,114,0,Low
C5577,Kevin Davis,1114,Verified,False,2295.52,2,1,1,604.22,58,0,Low
C2396,Rhonda Chavez,1256,Verified,False,2174.05,2,2,1,253.83,117,0,Low
C3910,Joyce Brown,1756,Verified,False,12472.81,2,20,2,13.07,36,0,Low
C5588,Robert Cummings,3460,Pending,False,885.8,1,8,2,217.77,65,0,Low
C3444,Robert Reese,325,Verified,False,450.33,2,4,1,70.13,62,0,Low
C3462,Amber Cooper,1087,Verified,False,1457.31,2,4,2,155.56,87,0,Low
C3344,Zachary Michael,199,Verified,False,5693.53,2,29,1,299.71,99,0,Low
C2186,Timothy Johnson,352,Pending,False,1150.96,1,4,1,99.08,104,0,Low
C959,Randy Cannon,252,Verified,False,2286.55,1,10,1,369.05,39,0,Low
C59,Maria Fisher,1211,Verified,False,6183.69,1,14,1,294.41,3,5,High (ATO Risk)
C1523,Janet Kane DVM,495,Verified,False,627.13,1,23,1,243.75,110,0,Low
C622,Michael Stanley,2830,Verified,False,2629.88,2,3,5,83.76,62,0,High (Network Risk)
C4838,Martha Bailey,1037,Verified,False,3718.17,3,2,2,640.88,78,0,Low
C3774,Joshua Rice,1575,Verified,False,5562.62,2,3,1,1308.17,82,0,Low
C2145,Courtney Smith,2333,Pending,False,1929.01,1,13,1,141.72,101,5,Low
C4980,Edwin Nunez,1251,Verified,False,13619.07,1,36,1,70.59,62,0,High (Network Risk)
C3299,Kim Morrow,3070,Verified,False,1786.82,1,13,1,79.56,75,0,Low
C3560,Gregory Hill,2395,Verified,False,6552.44,1,4,1,480.64,92,0,Low
C1082,Molly Rodriguez,2851,Verified,False,8982.34,1,19,1,170.46,105,0,Low
C1682,Jennifer Miranda,2473,Verified,False,227.98,2,5,1,102.79,59,0,Low
C3567,Alexis Harris,1192,Verified,False,13637.14,2,3,2,48.54,119,0,Low
C3970,Andrew Harper,2140,Verified,False,983.92,2,5,5,264.93,106,0,High (Network Risk)
C3984,Amber Yang,159,Verified,False,1886.18,1,4,1,369.64,102,0,Low
C1164,David Robinson,688,Verified,False,8709.36,1,4,1,131.9,84,0,Low
C1936,Amy Gordon,199,Verified,False,1889.59,1,19,1,222.15,108,0,Low
C3409,Robert Dennis,274,Verified,False,2683.22,2,4,1,310.48,100,0,Low
C4126,Kyle Chambers,2912,Verified,False,7368.63,2,2,1,586.55,104,0,Low
C4463,Eric Thomas,737,Verified,False,3459.16,1,11,1,39.52,38,0,Low
C2323,Connie Turner,3182,Verified,False,1068.27,1,3,1,50.44,70,0,Low
C3459,Travis Hobbs,3471,Verified,False,9631.35,2,3,1,80.47,106,0,Low
C3736,Lori Simmons,3401,Verified,False,4127.65,1,12,1,153.66,61,0,Low
C4761,William David DDS,2170,Verified,False,612.07,1,4,2,73.31,64,0,Low
C5334,Emma Butler,3527,Verified,False,2596.67,2,36,5,96.43,80,0,High (Network Risk)
C1863,James Webster,416,Failed,False,4092.37,2,7,1,432.46,98,0,Medium (Compliance)
C1951,Samuel Turner,3098,Verified,False,1957.96,2,5,1,16.76,48,0,Low
C1431,Renee Melendez,407,Verified,False,572.38,1,5,1,44.84,88,1,Low
C2258,Tracy Grant,1296,Verified,False,731.94,1,1,1,52.67,69,0,Low
C2048,David Harris,1177,Verified,False,1495.61,1,6,1,956.32,115,0,Low
C2412,Tammy Boone,1733,Verified,False,4186.99,1,26,1,164.8,41,0,Low
C4448,Nathaniel Lee,2418,Verified,False,9342.38,1,12,2,205.8,35,0,Low
C5322,Michael Morrison,3038,Verified,False,716.54,1,5,5,41.8,57,5,High (Network Risk)
C1814,Chelsea Gill,2159,Verified,False,1629.01,1,10,2,70.07,115,0,Low
C5071,Kristin Mendoza,3278,Verified,True,357.18,1,12,5,3.09,93,10,High (Network Risk)
C2130,Felicia Krueger,2183,Verified,False,2812.55,1,3,1,158.57,68,10,Low
C1562,Timothy Hayden,1318,Verified,False,13170.09,1,20,1,53.05,36,1,Low
C4910,Zachary Mendoza,2047,Pending,False,8099.06,2,8,1,12.83,84,0,Low
C2873,Larry Harris,2293,Verified,False,2216.46,1,5,1,227.97,112,0,Low
C3011,Kristen Rowe,1797,Verified,False,2080.31,1,26,5,35.68,97,1,High (Network Risk)
C3859,Joseph Howard,653,Verified,False,2021.57,2,1,1,166.99,34,0,Low
C439,Jose Crawford,1056,Verified,False,2151.63,2,2,1,221.05,107,1,Low
C17,William Harrison,7,Verified,False,2972.76,1,12,1,9249.01,52,0,Low
C1705,Suzanne Wood,2160,Verified,False,2015.46,1,12,1,80.06,101,0,Low
C4782,Justin Walker,1297,Verified,False,2874.91,1,27,1,191.67,116,0,Low
C3167,Dean Donovan,2871,Verified,False,937.47,1,1,1,133.87,60,0,Low
C4299,Jennifer Hernandez,3362,Verified,False,4532.09,1,14,2,45.74,108,0,Low
C4766,James Whitaker,3611,Verified,False,5383.15,1,2,1,195.01,85,5,Low
C4512,Mr. Michael Scott PhD,2393,Verified,False,34749.86,1,10,1,456.65,38,0,Low
C5562,Maria Henry,3471,Verified,False,4761.74,1,51,20,325.49,64,0,High (Network Risk)
C4352,Robert Jackson,3265,Verified,False,2490.0,2,14,1,405.87,108,0,Low
C2131,Katherine Stark,3479,Verified,False,14476.74,1,6,1,43.68,66,0,Low
C4550,Maria Brown,1310,Failed,False,11859.03,2,16,1,160.85,106,0,Medium (Compliance)
C3257,Ryan Landry,1084,Verified,False,1425.65,1,3,1,13.21,70,0,Low
C650,Pamela Gutierrez,173,Verified,False,16615.77,1,6,1,10.8,73,0,Low
C5579,Crystal Mann,2077,Pending,False,4108.54,1,8,20,1840.14,3,0,High (Network Risk)
C2678,Jonathan Brooks,1310,Verified,False,722.75,1,28,1,170.37,108,0,Low
C4464,Mary Jensen,3072,Verified,False,1423.9,1,14,5,370.39,107,0,High (Network Risk)
C2920,Mr. Aaron Arnold,1565,Verified,False,1583.14,3,8,5,372.36,73,0,High (Network Risk)
C5219,Joseph Hill,711,Verified,False,13038.27,1,12,1,137.68,86,10,Low
C3192,Alicia Li,2452,Verified,False,3530.77,1,17,1,1063.53,43,0,Low
C2710,Renee Browning,974,Verified,False,3274.72,2,9,1,116.95,109,1,Low
C2321,Brent Hernandez,3529,Verified,False,2793.83,1,3,1,5.67,50,5,Low
C4313,Joseph Ochoa,2045,Verified,False,21486.68,1,12,1,187.25,32,1,Low
C2384,James Watson,1134,Verified,False,2408.81,2,7,1,586.84,59,0,Low
C656,Karl Branch,2216,Verified,False,1955.86,1,5,1,17.35,3,0,Low
C2039,Michael Abbott,2763,Verified,False,9724.93,1,3,1,94.3,60,0,Low
C1364,Shannon Malone,1293,Verified,False,3501.72,2,11,1,761.14,46,0,Low
C2774,James Tran,3236,Verified,False,12161.77,1,11,1,545.28,96,1,Low
C3394,Adam Jackson,369,Failed,False,1958.01,2,3,1,118.25,44,1,Medium (Compliance)
C5232,Mr. Richard Knight PhD,906,Verified,False,3544.01,10,3,1,45.29,49,0,Low
C690,Joseph Williams,617,Verified,False,17889.87,1,33,1,142.26,99,0,High (Network Risk)
C1819,Sean Clay,2849,Verified,False,1804.19,1,14,1,206.8,97,0,Low
C4578,Anthony Jones,1547,Verified,False,7859.37,2,7,1,436.57,117,0,Low
C4027,Stephanie Elliott,3483,Verified,False,631.14,1,12,2,115.69,79,0,Low
C5266,Timothy Edwards,952,Verified,False,6204.51,1,42,1,1476.58,53,0,High (Network Risk)
C1698,Laurie Goodwin,2837,Verified,False,1544.92,1,6,1,203.27,83,0,Low
C2998,Jennifer Jones,2507,Verified,False,7190.23,1,7,1,84.51,38,0,Low
C1018,David Davenport,1450,Verified,False,963.67,1,15,2,62.4,93,0,Low
C748,Steven Rivera,3362,Verified,False,8228.19,2,2,1,39.66,67,0,Low
C4517,Brenda Hinton,2128,Verified,False,2765.17,2,3,1,663.68,101,0,Low
C4017,Kathryn Mccann,1680,Verified,False,4435.32,1,2,1,106.03,55,0,Low
C2487,Jeffrey Roberson,2721,Verified,False,3319.4,1,14,1,1.97,64,0,Low
C87,Randy Friedman,3301,Verified,False,2645.97,1,6,1,79.8,62,1,Low
C932,Raymond Johnson,2949,Verified,False,1515.85,1,3,20,905.83,91,0,High (Network Risk)
C3156,Willie Henry,522,Verified,False,1120.15,1,6,1,71.67,89,1,Low
C1586,Todd Reynolds,2586,Verified,False,5886.23,2,4,1,18.92,4,1,Low
C1574,Mary Miller,1971,Failed,False,939.56,1,2,2,69.99,110,0,Medium (Compliance)
C3628,Rebecca Marquez,3568,Failed,False,2501.22,1,20,1,345.4,99,0,Medium (Compliance)
C2138,Christian Dawson,3235,Verified,False,1062.47,2,6,1,98.79,102,0,Low
C4495,Nancy Stewart,3145,Verified,False,2070.4,1,20,1,35.0,98,0,Low
C990,Aaron Parker,480,Verified,False,444.4,2,2,1,340.84,63,0,Low
C3926,Derrick Anderson,785,Verified,False,9497.89,2,11,1,799.18,117,1,Low
C3683,Jerry Peters,3245,Verified,False,5990.18,1,2,2,1270.11,97,0,Low
C2766,Alexander Gomez,3647,Verified,False,2778.64,2,52,1,192.42,46,0,High (Network Risk)
C1794,Kyle Nguyen,2763,Verified,False,3506.82,1,1,1,108.84,55,0,Low
C1185,Edgar Hughes,2571,Failed,False,9487.61,1,31,1,271.95,41,0,High (Network Risk)
C3540,Steven Stein,1852,Verified,False,1708.31,2,7,1,934.13,97,0,Low
C4717,Laura Jackson,3333,Verified,False,10850.4,2,6,1,674.29,3,0,Low
C5006,Charles Turner,310,Failed,False,1443.65,1,11,20,127.33,98,0,High (Network Risk)
C1691,Arthur Hamilton MD,1815,Verified,False,2815.39,1,3,1,34.2,60,0,Low
C3199,Mr. David Wright,389,Verified,False,728.67,2,13,1,205.5,109,1,Low
C5568,Linda Gonzalez,3261,Verified,False,11585.59,3,14,1,140.0,84,0,Low
C3220,Eric Rush,1465,Pending,False,2201.09,1,7,1,282.39,64,0,Low
C2857,Manuel Brock,3594,Verified,False,4112.52,1,9,1,27.72,115,0,Low
C2805,George Ochoa,238,Verified,False,1357.8,1,34,1,53.33,75,0,High (Network Risk)
C15,Valerie Taylor,3002,Verified,False,2384.15,2,12,1,534.57,90,1,Low
C4877,Travis Harris,807,Verified,False,1069.93,1,3,1,189.34,82,0,Low
C1964,Vincent Novak,2912,Verified,False,1253.45,1,13,1,24.5,53,0,Low
C4124,Michael Henry,2919,Verified,False,571.86,1,4,1,1019.23,95,0,Low
C575,Dana Bennett,789,Verified,False,2241.89,2,4,1,92.1,41,1,Low
C3009,Jenna Wilson,1487,Verified,False,1428.15,2,11,1,253.38,69,0,Low
C2555,Leslie Gardner,494,Verified,False,26425.74,1,3,1,69.09,60,1,Low
C1709,Krista Benton,2300,Verified,False,937.04,1,7,1,215.73,106,0,Low
C4953,Michael Gonzales,2808,Verified,False,1433.38,1,12,2,1022.03,90,0,Low
C2583,Michael Fuentes,163,Verified,False,6124.85,2,34,1,1030.29,64,1,High (Network Risk)
C1211,Jennifer Porter,2578,Verified,False,1056.13,2,12,1,1458.8,115,0,Low
C1038,Dana Hopkins,1025,Verified,False,2463.67,2,2,1,70.14,108,1,Low
C5212,Rachel Jones,2279,Failed,False,5776.75,2,2,1,378.2,35,0,Medium (Compliance)
C4855,Karen Morales DDS,3414,Verified,False,5356.11,2,29,2,11.7,85,0,Low
C263,Melissa Stephens,1630,Verified,False,2919.71,1,4,1,234.08,4,0,Low
C3099,Heather Woodard,2600,Pending,False,2533.21,1,2,2,2304.51,34,0,Low
C2783,Margaret Miller,237,Pending,False,7288.7,1,3,1,23.4,102,0,Low
C2868,Mary Kelly,182,Verified,False,9369.46,1,13,1,41.23,58,0,Low
C4830,Amanda Terrell,2083,Verified,False,2961.58,2,8,1,115.99,108,0,Low
C4525,Jennifer Goodwin,2307,Verified,False,4630.27,1,12,1,99.97,68,1,Low
C4391,Jessica Smith,1943,Verified,False,1642.36,1,7,1,496.87,107,0,Low
C381,Jorge Stone,2572,Verified,False,8668.27,1,3,1,449.52,90,0,Low
C2648,Laura Griffin,2618,Verified,False,5974.72,1,1,1,6.84,99,5,Low
C532,Raymond Chapman,3517,Verified,False,1996.98,1,3,1,30.2,85,0,Low
C799,Haley Johnson,326,Verified,False,1629.58,1,8,1,115.02,46,0,Low
C2977,Jason Nixon,1495,Verified,False,16759.43,1,2,1,61.49,73,0,Low
C1301,Todd Thomas,1470,Verified,False,1661.85,1,16,1,250.53,61,5,Low
C3722,Jesse Clark,1977,Verified,False,2232.1,1,3,1,268.84,46,5,Low
C330,Mr. Jeffrey Horton,1535,Verified,False,789.32,1,1,1,5.01,82,0,Low
C4779,Eric Patrick,2725,Verified,False,7684.19,1,7,1,91.38,89,0,Low
C5381,Samuel Wong,1695,Verified,False,1646.91,10,13,5,40.74,4,5,High (Network Risk)
C4628,Carly Riggs,1392,Verified,False,2822.65,1,24,1,174.52,112,0,Low
C1125,Christopher Moore,125,Verified,False,2585.0,2,2,1,400.03,65,0,Low
C3601,Tina Hall,1292,Verified,False,29530.75,2,23,1,107.18,72,0,Low
C5159,Cody Davidson,2136,Pending,False,16648.8,10,8,1,21.56,49,0,Low
C669,Allen Mendez,3604,Verified,False,3858.65,1,4,1,1068.37,48,1,Low
C2971,Kevin Price,704,Verified,False,1464.08,1,12,1,45.4,56,1,Low
C4355,Christine Goodwin,2744,Verified,False,3191.59,2,21,1,67.27,45,0,Low
C2529,Amy Garcia,3329,Verified,False,2629.27,1,1,2,8.52,101,0,Low
C577,Chelsea Nguyen,1854,Verified,False,13822.67,2,5,1,329.37,50,5,Low
C1312,Dennis Huffman,2306,Verified,False,37093.08,1,4,1,151.91,91,0,Low
C1645,Margaret Harper,727,Failed,False,3932.34,2,12,1,310.13,51,0,Medium (Compliance)
C1153,Laurie Bailey,3033,Verified,False,6303.15,2,23,2,44.16,30,0,Low
C2737,Lisa Cervantes,2411,Verified,False,20176.81,2,7,1,393.28,70,0,Low
C2856,Elizabeth Mendez,1795,Verified,False,4812.27,2,5,1,1240.73,114,0,Low
C1477,Cesar Wilson,2411,Verified,False,1273.66,1,10,1,4.79,42,0,Low
C3360,Clayton Steele,1354,Verified,False,2560.75,1,6,1,289.01,77,0,Low
C2481,Jennifer Taylor,706,Pending,False,2851.13,2,1,1,16.52,75,0,Low
C703,Cody Reid,942,Verified,False,1390.93,2,11,2,292.09,88,0,Low
C305,Maria Cooke,110,Verified,False,3010.61,1,16,1,739.84,69,0,Low
C5017,Katherine Taylor,1446,Pending,False,628.65,3,17,1,31.43,85,0,Low
C3694,Jerry Brown,1650,Verified,False,397.99,1,2,1,44.0,43,0,Low
C1095,Adam Taylor,3360,Verified,False,2717.62,1,12,1,182.05,36,0,Low
C5057,Tracey Wagner,1550,Pending,True,2316.65,2,25,20,145.01,47,0,High (Network Risk)
C1902,Michael Perry PhD,3376,Verified,False,17293.65,2,55,1,19.07,109,0,High (Network Risk)
C724,Bradley Johnson DDS,459,Pending,False,1806.65,1,10,2,63.28,61,0,Low
C2655,Donald Medina,3428,Verified,False,3958.59,2,16,1,46.65,91,1,Low
C3306,Jim Newton,1526,Verified,False,1923.25,1,3,2,105.35,113,0,Low
C4424,Krista Wilson,2796,Verified,False,468.02,1,3,1,2062.51,53,0,Low
C2916,Reginald Morrow,868,Verified,False,2791.84,2,16,2,187.9,43,0,Low
C2079,Rodney Williams,653,Verified,False,3680.5,1,1,1,29.59,37,0,Low
C396,Kimberly Fritz,2076,Verified,False,1705.19,1,8,2,223.13,93,0,Low
C3390,Ronald Potter,2619,Verified,False,2419.07,3,23,2,100.88,119,1,Low
C1764,Zachary Cole,962,Verified,False,7604.39,1,13,1,1283.57,1,0,Low
C4206,Robert Gonzales,1224,Verified,False,2255.23,1,12,1,76.02,114,0,Low
C5412,Patricia Young PhD,1549,Verified,True,10605.31,1,7,20,94.19,75,5,High (Network Risk)
C3002,Heather Page,1552,Pending,False,3685.39,1,5,1,787.01,1,0,Low
C4727,Carol Taylor,3608,Verified,False,8556.84,1,41,1,41.62,51,1,High (Network Risk)
C2418,Daniel Brown,1684,Verified,False,14497.41,2,19,1,24.84,78,0,Low
C4357,Douglas Ryan,2786,Verified,False,1207.68,1,14,1,223.02,41,0,Low
C692,Michael Roberts,935,Verified,False,8726.58,1,7,1,191.36,83,5,Low
C2767,Scott Duke,2472,Verified,False,11173.29,2,4,1,20.21,53,0,Low
C4393,Anna Estes,760,Verified,False,8715.69,1,17,1,7.5,74,0,Low
C4492,Tamara Riddle,2610,Verified,False,2283.01,1,5,1,240.25,56,0,Low
C2893,Beth Cline,379,Verified,False,189.93,10,7,2,238.01,107,0,Low
C3749,Michael Poole,1098,Verified,False,34563.72,2,12,1,334.23,99,0,Low
C1813,Megan Burns,1610,Verified,False,619.86,1,8,2,672.77,96,0,Low
C2827,Debra Perry,3395,Pending,False,21937.54,1,25,2,172.42,93,5,Low
C132,Mark Beard,2160,Verified,False,929.4,2,2,2,117.71,36,0,Low
C3729,Jose Ramirez,708,Verified,False,849.26,1,7,1,435.49,63,0,Low
C1368,Jackie Clements,3220,Verified,False,3229.31,1,40,1,172.97,59,0,High (Network Risk)
C1623,Aaron Schroeder,2896,Verified,False,2789.75,1,15,1,15.74,43,1,Low
C1596,Monica Ellis,65,Verified,False,26483.74,1,6,1,210.64,95,0,Low
C1138,Heather Brown,487,Verified,False,1551.39,3,13,2,394.29,91,0,Low
C1079,Claudia Jordan,166,Verified,False,7465.93,2,7,1,37.87,118,5,Low
C3289,Derrick Clayton,847,Verified,False,4971.06,1,23,1,1934.96,116,1,Low
C4496,Kenneth Knight,2713,Verified,False,1230.66,1,14,1,92.3,98,0,Low
C4360,Mr. Michael Williams,639,Verified,False,5227.04,2,3,1,742.97,105,0,Low
C1601,Richard Stevens,2885,Verified,False,2768.5,1,8,1,33.98,3,0,Low
C5015,Scott Alexander,1476,Verified,False,9753.83,10,10,1,512.58,46,0,Low
C2244,Tyler Harris,126,Verified,False,2415.37,2,10,1,1167.02,99,0,Low
C472,Bonnie Santos,2024,Verified,False,13241.85,2,9,5,44.67,65,1,High (Network Risk)
C2198,Timothy Hill,2780,Verified,False,4358.19,1,11,1,229.67,95,0,Low
C1142,Danielle Watson,1281,Verified,False,896.77,2,10,1,103.95,2,10,High (ATO Risk)
C2304,Carol Sanders,2041,Verified,False,506.56,1,4,1,31.87,94,0,Low
C3382,Michael Young,2960,Verified,False,18722.97,2,5,1,175.68,59,0,Low
C3785,Michele Smith,1166,Verified,False,2837.55,1,6,5,91.34,115,0,High (Network Risk)
C919,Casey Perez,1365,Verified,False,2817.77,1,7,5,100.01,111,0,High (Network Risk)
C5365,Alexandra Dominguez,2382,Verified,False,3861.1,1,6,5,25.72,85,0,High (Network Risk)
C771,Virginia Henderson,3389,Verified,False,2886.39,2,17,1,536.06,118,0,Low
C2161,Benjamin Reyes,1121,Verified,False,3372.33,1,3,1,79.1,2,0,Low
C5592,Ashley Edwards,803,Pending,False,586.53,1,44,20,95.21,117,0,High (Network Risk)
C362,Breanna Ayala,1607,Pending,False,7652.28,2,35,1,30.95,96,0,High (Network Risk)
C1674,Brandi Haney,239,Verified,False,3566.12,1,3,1,748.63,66,1,Low
C3094,Joseph Smith,1779,Verified,False,6046.05,1,17,2,20.8,109,0,Low
C3428,Jessica Bowen,1241,Verified,False,1725.99,1,12,1,13.36,114,1,Low
C859,Brittany Jenkins,1073,Verified,False,2977.21,2,3,1,183.1,86,0,Low
C1880,Shannon Miller,1008,Verified,False,715.37,1,6,1,70.48,56,0,Low
C5096,Paul Lawrence,1198,Failed,False,9140.38,3,5,1,380.23,31,0,Medium (Compliance)
C4480,Victor Edwards,1157,Verified,False,2663.2,2,9,1,1519.8,46,0,Low
C675,Donald Miller,3252,Verified,False,271.57,2,3,1,1018.28,36,0,Low
C1741,Lindsay Lawson,538,Verified,False,2095.88,1,6,1,623.52,106,0,Low
C5569,Melissa Abbott,1489,Verified,False,4403.31,10,7,1,37.78,104,0,Low
C4768,Elizabeth Holmes,1287,Verified,False,13127.91,2,17,1,712.36,75,0,Low
C5303,Nicole Phillips,1012,Verified,True,695.37,10,25,2,75.09,75,0,Medium (Compliance)
C224,Steven Blevins,577,Verified,False,11092.2,1,3,1,26.82,98,0,Low
C734,Brian Porter MD,1848,Verified,False,6111.58,2,4,1,335.13,118,0,Low
C2815,Vanessa Hatfield,1893,Verified,False,1911.72,1,9,2,77.64,83,0,Low
C754,Bonnie Valencia,490,Verified,False,7342.89,1,1,1,117.17,49,0,Low
C1858,Holly Vega,3602,Verified,False,4104.65,1,19,1,408.22,75,0,Low
C2121,Tiffany Townsend,2061,Verified,False,1720.04,2,7,1,477.4,93,1,Low
C1384,Austin Baker,2790,Verified,False,9063.87,1,10,1,93.8,93,1,Low
C4547,Antonio Mccormick,3068,Verified,False,12109.11,1,8,1,182.1,67,0,Low
C858,Lori Mason,967,Verified,False,732.88,1,4,2,592.25,43,0,Low
C857,Michael Miller,1755,Verified,False,4304.69,10,3,2,50.11,31,1,Low
C4490,Lisa Ramirez,2931,Verified,False,2553.56,1,4,2,13.74,3,0,Low
C3738,Jorge Harris,58,Pending,False,4789.46,1,2,2,71.06,62,0,Low
C966,Kimberly Myers,1036,Verified,False,2151.61,2,9,2,91.08,117,0,Low
C4298,Sandra Becker,3297,Verified,False,13585.52,2,6,2,121.8,2,0,Low
C5275,Michael Blair,2420,Verified,True,456.84,10,2,1,4420.19,74,0,Medium (Compliance)
C1314,Amy Miller,2741,Verified,False,3574.85,1,4,1,49.88,78,1,Low
C4741,Jesse Lynch,1821,Failed,False,1757.9,1,12,1,115.78,31,0,Medium (Compliance)
C1372,Patrick Yang,3535,Verified,False,2359.28,1,20,1,40.7,108,0,Low
C124,Michael Miles,2412,Verified,False,431.98,1,2,1,211.32,57,0,Low
C4152,Troy Mills,2941,Verified,False,10666.68,1,41,2,324.92,119,0,High (Network Risk)
C955,Michelle Jackson,2037,Verified,False,733.3,2,3,2,455.09,50,0,Low
C4509,Richard Adams,3140,Verified,False,4696.21,2,1,1,216.6,79,0,Low
C4314,Patricia Johnson,2542,Verified,False,1709.39,1,30,2,170.98,102,0,Low
C525,Denise Brown,3340,Verified,False,2258.08,1,3,1,3.91,113,0,Low
C3544,Laura Jones,232,Verified,False,5358.26,1,25,1,434.45,43,0,Low
C574,Ian Porter,928,Verified,False,10260.7,10,4,2,1168.33,108,0,Low
C3510,Holly Scott,1409,Verified,False,790.09,2,5,2,45.88,88,0,Low
C1344,Kenneth Sharp,3596,Verified,False,1972.77,1,2,1,40.46,47,0,Low
C341,Jordan Williams,1009,Verified,False,3938.16,2,20,1,28.73,66,0,Low
C3762,Dana Ruiz,926,Verified,False,2850.73,1,18,1,375.61,32,0,Low
C2445,Chris Velazquez,2168,Verified,False,6974.19,1,4,1,27.29,116,0,Low
C1622,Kristen Sloan,3563,Verified,False,13446.25,1,6,1,123.0,107,0,Low
C4744,Jennifer Morris,3602,Verified,False,1528.75,2,12,2,15.96,51,0,Low
C4320,Nathan Nelson,2902,Verified,False,1290.51,2,5,1,276.78,81,0,Low
C670,Jake Shaw,2942,Verified,False,5176.54,1,22,1,77.39,84,0,Low
C3006,Cassie Brock,2674,Verified,False,907.62,1,6,1,204.39,99,0,Low
C2375,Dr. Andrea Marshall,1479,Verified,False,4793.44,2,4,1,41.13,71,0,Low
C352,Ryan Murphy,840,Pending,False,2827.47,1,2,1,50.95,88,0,Low
C731,Aimee Gonzalez,2331,Verified,False,2527.3,1,2,2,62.83,81,0,Low
C3062,Elizabeth Dean,1120,Verified,False,6050.49,2,11,1,41.45,50,0,Low
C911,Kevin Snyder,3320,Verified,False,1831.46,2,8,1,38.48,99,0,Low
C390,Christie Mccullough,565,Verified,False,79553.7,1,14,2,21.77,70,0,Low
C706,Danielle Smith,3100,Verified,False,2215.99,1,4,1,301.12,51,0,Low
C3357,David Reed,1078,Verified,False,1416.11,2,1,1,232.95,61,0,Low
C550,Sherry Tapia,2188,Verified,False,28902.13,1,4,1,78.78,101,0,Low
C3198,Matthew Sweeney,3357,Verified,False,2903.78,1,37,5,460.27,92,0,High (Network Risk)
C2551,Ashley Moreno,774,Verified,False,1027.04,2,3,1,1361.78,115,0,Low
C399,Johnathan Brown,1676,Verified,False,2527.42,1,7,1,51.3,35,0,Low
C4513,Michelle Davis DVM,2054,Verified,False,18500.32,1,1,1,203.32,1,0,Low
C5179,Kelly Haynes,3493,Failed,False,3841.25,3,4,1,203.59,70,0,Medium (Compliance)
C4914,William Miller,123,Verified,False,1188.27,2,5,1,56.72,79,0,Low
C4091,Casey Wilkins,2159,Pending,False,7737.29,2,9,1,21.08,52,5,Low
C4316,Keith Graham,3566,Verified,True,5608.64,1,5,2,5852.18,84,0,Medium (Compliance)
C1123,Cynthia Green,60,Verified,False,5457.49,10,2,1,248.37,93,0,Low
C3506,Robert Haynes,1344,Verified,False,579.32,1,4,2,155.38,35,0,Low
C1494,Emily Nelson,1232,Verified,False,1037.85,1,6,2,242.13,71,1,Low
C4051,Dale Chan,278,Pending,False,634.18,1,3,1,5641.94,109,0,Low
C1502,Brittney Martin,1246,Pending,False,2116.85,1,3,1,107.1,93,0,Low
C1096,Jason Herrera,1768,Verified,False,12848.95,1,16,1,159.64,70,0,Low
C3619,Christine Parker,1554,Verified,False,462.86,2,4,1,162.32,101,0,Low
C258,Bryan Moore,2036,Verified,False,902.39,1,10,1,762.29,106,0,Low
C5276,Samantha Terry,2445,Verified,False,534.75,10,6,1,222.57,99,1,Low
C2395,Russell Murphy,1572,Verified,False,6513.7,2,2,1,14.47,119,0,Low
C2411,David Kelly,979,Verified,True,19321.42,1,5,1,10.51,113,0,Medium (Compliance)
C1687,Megan Green,3338,Verified,False,3840.51,1,9,1,700.79,46,0,Low
C91,Amanda Sullivan MD,1484,Verified,False,4779.77,2,29,1,215.15,38,0,Low
C2503,Danielle Murray,3457,Verified,False,2864.26,1,3,1,90.09,48,0,Low
C3195,Brenda Smith,3641,Verified,False,2477.87,1,6,1,45.25,37,0,Low
C3023,Vickie Anderson,2309,Verified,False,5975.12,1,15,1,2039.44,85,0,Low
C26,Jacqueline Mccoy,1323,Pending,False,1192.81,2,20,1,209.78,50,1,Low
C1569,Lauren Green,3568,Verified,False,5636.09,1,4,2,324.38,83,0,Low
C3018,Alison Brown,1842,Verified,False,2169.45,2,6,1,505.23,70,0,Low
C5368,Jill Anderson,1299,Failed,False,2852.13,3,54,1,282.42,53,0,High (Network Risk)
C2268,Sandra Rivera,1874,Verified,False,1695.4,1,11,1,76.1,74,5,Low
C2084,Joel Jackson,2598,Verified,False,358.61,2,16,1,109.77,95,0,Low
C1329,Samantha Foster,712,Verified,False,6241.0,1,18,1,391.4,110,0,Low
C2569,Michael Thompson,721,Verified,False,2633.74,2,11,1,561.91,101,0,Low
C5142,Cody Ramirez,1809,Pending,True,2773.08,10,8,1,725.11,118,0,Medium (Compliance)
C3962,Amanda Harvey,2304,Verified,False,19746.76,2,4,1,44.88,68,0,Low
C3796,Edward Jenkins,808,Verified,False,3408.22,1,6,2,195.2,60,0,Low
C5115,Amy Ramirez,311,Verified,False,1402.7,1,6,1,44.3,95,5,Low
C3920,Curtis Wilkerson,394,Pending,False,629.71,2,19,1,123.9,115,0,Low
C1545,Lydia Pham,173,Verified,False,2141.04,1,8,1,101.17,40,0,Low
C1605,Virginia Casey,2949,Pending,False,4456.81,2,8,1,146.57,52,0,Low
C1321,Joshua Washington,2202,Verified,False,693.32,2,3,1,592.7,34,0,Low
C1521,Kathryn Price,2608,Verified,False,8699.35,1,19,1,41.44,46,0,Low
C1341,Francis Robinson,1865,Pending,False,1974.89,3,3,1,2814.8,62,0,Low
C231,Paula Brown,987,Pending,False,2483.72,1,5,5,966.46,92,0,High (Network Risk)
C488,Kendra Wang DVM,1511,Pending,False,2880.64,1,21,1,13.2,87,0,Low
C1669,Ariel Sandoval,492,Verified,False,704.72,1,15,2,235.49,64,5,Low
C5081,Robert Stark,1356,Verified,False,1732.15,10,3,5,25.85,61,5,High (Network Risk)
C2526,Zachary Robinson,3588,Verified,False,4406.55,1,3,1,249.38,101,0,Low
C4390,Rebecca Kelly,3419,Verified,False,2694.18,1,6,1,17.21,103,0,Low
C3682,Sarah Thompson,3345,Pending,False,1776.42,2,4,1,829.93,111,0,Low
C871,Renee Wolfe,2657,Verified,False,2093.11,2,2,1,889.3,80,0,Low
C300,Alyssa Haynes,1321,Verified,False,5075.11,2,4,1,71.99,81,0,Low
C3417,Kristy Hart,2800,Pending,False,11915.69,1,0,1,188.92,49,0,Low
C5513,William Keith,2354,Pending,False,2444.45,3,42,1,21.5,108,0,High (Network Risk)
C2333,Eric Henry Jr.,2670,Pending,False,1205.14,2,14,1,63.11,113,0,Low
C1039,Daniel Fox,1049,Verified,False,34129.77,2,22,1,113.51,58,0,Low
C2346,Thomas Harris,2956,Verified,False,8101.31,1,9,1,13.71,55,0,Low
C2515,Mitchell Sellers,1372,Failed,False,2596.74,2,5,1,1666.46,35,0,Medium (Compliance)
C501,Erica Johnson,2322,Verified,False,1605.66,1,16,1,176.41,97,0,Low
C3812,Sylvia Schroeder,1967,Verified,False,16354.41,1,4,1,929.41,79,0,Low
C4973,Shannon Yu,1019,Pending,False,1253.38,1,2,1,109.33,59,0,Low
C3004,Tom Foster,982,Verified,False,2976.42,2,6,1,50.26,116,0,Low
C4709,Eric Taylor,1681,Verified,False,5875.77,1,10,1,166.32,48,0,Low
C2277,Travis Conner,317,Verified,False,3592.3,1,3,1,597.07,85,0,Low
C5428,Marie Thompson,60,Verified,False,1137.81,1,3,1,51.94,39,10,Low
C2784,Melissa Mcfarland,2628,Pending,False,1976.76,1,5,2,210.41,95,0,Low
C3607,Courtney Chapman,3273,Verified,False,2914.92,1,10,2,59.07,32,0,Low
C901,Eric Barker,698,Verified,False,916.64,2,6,2,5.81,112,0,Low
C3757,Nicholas Rush,77,Verified,False,2472.8,2,60,1,83.23,71,0,High (Network Risk)
C5025,Jenna Gamble,1097,Pending,False,12810.67,10,6,1,173.41,100,0,Low
C5106,Amanda Guzman,2737,Pending,False,17980.75,10,13,20,143.39,45,0,High (Network Risk)
C3230,Tracy Walker,3488,Verified,False,2363.29,1,2,1,93.1,84,0,Low
C720,Taylor Taylor,1345,Verified,False,2771.22,1,11,1,164.09,39,0,Low
C3263,Cynthia Haas,2200,Verified,False,2405.34,1,5,1,54.14,103,5,Low
C2007,Stephen Davis,3526,Verified,False,359.37,2,7,2,300.12,31,0,Low
C4652,Margaret Tanner,832,Verified,False,4633.95,1,28,1,72.87,4,0,Low
C2769,Derek Wright,591,Verified,False,3812.02,1,5,1,485.68,116,0,Low
C2756,David Rodriguez,1042,Verified,False,8245.36,2,2,1,17.74,82,0,Low
C2355,James Oconnor,2785,Verified,False,8472.05,1,2,1,161.35,65,0,Low
C5574,Stacey Snyder,817,Verified,False,5434.48,1,8,1,295.41,109,5,Low
C782,Joshua Garcia,166,Verified,False,5502.42,2,8,1,919.59,41,0,Low
C2770,Sean Curtis,3174,Verified,False,1040.36,1,7,1,63.4,67,0,Low
C235,Carla Jones,2914,Verified,False,3501.42,2,2,1,816.24,98,1,Low
C4139,Elizabeth Flores,2921,Verified,False,718.11,1,37,1,271.2,104,0,High (Network Risk)
C958,Angela Jackson,2294,Verified,False,1999.62,1,23,2,1878.33,90,1,Low
C5163,Nicholas Payne,2001,Pending,False,14961.14,1,8,1,15.48,95,0,Low
C916,Anna Wheeler,795,Verified,False,4960.35,1,2,2,199.91,41,0,Low
C1007,Karen Johnson,471,Verified,False,3925.43,1,26,1,132.61,59,1,Low
C1083,Carmen Preston,2283,Verified,False,2832.51,1,18,1,178.63,97,0,Low
C806,Brian Harris,2696,Verified,False,2872.24,1,8,1,516.9,88,0,Low
C753,Michael Bowen,3041,Verified,False,3456.89,1,19,1,1130.8,116,0,Low
C1548,Deborah Campbell,3098,Verified,False,3193.74,1,4,1,228.87,69,0,Low
C2285,Anthony Armstrong,2555,Verified,False,5683.48,1,3,1,12.56,117,0,Low
C1192,Brittany Ward,1926,Verified,False,22440.48,1,8,1,79.13,61,0,Low
C2921,Edward Stanley,1674,Verified,False,12476.01,1,2,1,15878.56,45,0,Low
C2495,Christina Johnson,771,Verified,False,1902.34,1,3,1,33.36,92,0,Low
C4329,Edgar Miller,1037,Verified,False,1594.83,3,11,1,182.78,108,0,Low
C3055,Elizabeth Sanders,2535,Pending,False,1745.99,1,8,1,416.01,44,0,Low
C3318,Matthew Davis MD,2216,Verified,False,1568.78,2,2,1,622.56,110,0,Low
C3945,Stephen Wood,1192,Verified,False,518.82,1,5,5,56.39,89,0,High (Network Risk)
C2024,Dennis Marshall,1327,Verified,False,3317.2,1,2,1,1215.68,71,1,Low
C1062,Derrick Brown,3345,Pending,False,1969.74,1,4,1,870.94,43,1,Low
C4416,Mary Miller,1493,Verified,False,2889.81,1,4,1,269.02,48,0,Low
C3398,Joshua Arellano,3030,Verified,False,1798.62,2,16,1,35.29,73,0,Low
C3689,Kristen Randall,1605,Verified,False,3150.4,2,6,1,60.06,62,0,Low
C2178,Jennifer Nichols,1483,Verified,False,1535.66,1,6,1,51.36,98,0,Low
C968,Karen Keith,2167,Verified,False,1568.36,1,5,1,96.29,59,0,Low
C1730,Blake Orr,147,Verified,False,21876.72,2,1,1,1091.42,89,5,Low
C2671,Kathryn Lester,1216,Verified,False,872.61,1,6,1,214.53,72,0,Low
C3312,Megan Oliver,3459,Verified,False,67284.51,1,10,1,350.86,64,0,Low
C612,Peter Thompson,2920,Verified,False,765.0,1,8,2,174.89,1,0,Low
C2037,Dr. Rhonda Martinez,3484,Verified,False,1295.28,1,12,1,1359.05,70,1,Low
C4326,William Graham,3063,Pending,False,841.53,1,13,1,13.23,71,0,Low
C4972,Lori Flowers MD,1773,Verified,False,2013.35,1,42,2,0.48,52,0,High (Network Risk)
C5437,Suzanne Jones,3306,Verified,True,100.39,1,2,1,127.92,88,0,Medium (Compliance)
C1401,James Nguyen,23,Verified,False,7949.82,1,8,1,132.81,67,0,Low
C4387,Jimmy Marks,879,Verified,False,1303.79,1,9,1,127.06,31,0,Low
C1480,Lisa Mills,2638,Verified,False,4083.67,1,5,1,48.12,111,0,Low
C2532,Jason Hernandez,676,Verified,False,16729.46,1,4,1,19.12,71,0,Low
C4246,Olivia Ayers,1025,Pending,False,1766.37,1,11,1,115.32,105,1,Low
C5207,Kristine Garcia,805,Pending,False,4393.12,10,10,20,77.94,34,0,High (Network Risk)
C4680,Joseph Cooper,2735,Verified,False,1190.3,1,3,1,192.64,38,0,Low
C898,James Washington,2879,Verified,False,6823.84,1,1,1,381.86,63,0,Low
C4431,Amanda Hill,107,Verified,False,4209.17,1,4,1,786.97,46,1,Low
C4134,Lee Steele,752,Verified,False,847.63,1,4,1,467.12,32,0,Low
C4177,Steve Rivera,2251,Verified,False,11568.54,1,11,1,131.31,33,0,Low
C3744,Patrick Mccall,3292,Verified,False,2670.79,1,3,1,269.66,90,0,Low
C933,Alicia Roth,3428,Pending,False,2513.13,1,6,1,23.49,67,0,Low
C2801,Douglas Vasquez,2953,Verified,False,5926.31,1,1,1,38.84,44,0,Low
C4222,Annette Melton,1896,Verified,False,8334.64,1,2,1,1772.93,104,0,Low
C38,William Ramos,189,Failed,False,1058.83,1,3,1,654.51,65,0,Medium (Compliance)
C4130,Debra Butler,3453,Verified,False,7541.99,10,6,1,15.28,82,0,Low
C1621,Chelsea Lewis,2749,Verified,False,3098.44,1,3,1,48.24,55,1,Low
C674,Natalie Malone,2634,Pending,False,2330.19,1,8,1,2210.28,51,0,Low
C5564,Samantha Robertson,3123,Failed,False,1558.85,1,41,1,43.43,117,5,High (Network Risk)
C3480,Eric Hunter,2177,Verified,False,3728.28,2,6,2,8.63,65,0,Low
C4840,Samuel Suarez,2672,Verified,False,724.81,1,6,1,64.1,105,0,Low
C1758,Corey Whitaker,3088,Verified,False,1293.95,1,2,2,66.65,38,0,Low
C4420,Danielle Bryant,2970,Pending,False,554.04,2,8,1,776.27,52,0,Low
C205,Michele Hill,3359,Verified,False,6874.65,1,1,2,512.49,64,0,Low
C2843,Kathy Reid,701,Verified,False,3519.13,2,4,1,69.99,64,0,Low
C2702,Andre Watson,3134,Verified,False,3773.1,1,13,1,131.85,63,0,Low
C2773,Cassandra Harrell,1807,Verified,False,1874.82,2,1,1,226.59,1,0,Low
C533,Hannah Martin,3351,Verified,False,2450.67,3,12,2,435.58,54,0,Low
C620,Nicole Barker,3568,Verified,False,2460.01,1,2,2,84.31,4,0,Low
C5139,James Martin,233,Verified,False,4180.57,2,4,1,229.15,48,1,Low
C530,Traci Vincent,3207,Verified,False,642.98,1,22,1,1264.33,95,0,Low
C65,Megan Adams,776,Verified,False,3275.32,1,4,1,119.08,49,0,Low
C4835,Alejandro Deleon,3285,Verified,False,4694.77,1,26,2,182.77,81,0,Low
C4317,Alexa Buck,976,Verified,False,4879.5,1,5,5,370.16,42,0,High (Network Risk)
C802,Lindsay Smith,2492,Verified,False,22101.46,1,6,1,63.02,84,1,Low
C947,Robert Torres,3504,Verified,False,3888.65,1,14,1,39.38,42,0,Low
C742,Maria Coleman,338,Verified,False,7122.38,1,11,1,268.06,59,0,Low
C2682,Gregory King,3328,Verified,False,7725.68,1,8,1,355.26,118,0,Low
C3371,Michael Holloway,2980,Verified,False,1419.6,1,5,1,131.32,45,0,Low
C854,Brian Hunt,2958,Verified,False,6576.73,1,2,1,57.12,88,0,Low
C77,Sarah Brooks,3332,Pending,False,437.01,1,2,1,73.82,118,0,Low
C5064,Lisa Evans,2909,Verified,False,1322.44,1,21,1,219.33,87,5,Low
C513,Arthur Mcneil,1014,Verified,False,5963.66,1,28,2,25.41,3,1,Low
C1571,Shannon Green,1628,Verified,False,972.75,3,8,1,713.5,65,0,Low
C1489,Stephanie Evans,2045,Verified,False,8851.25,3,1,1,1552.35,63,0,Low
C4335,Ralph Yoder,364,Verified,False,8481.33,1,3,1,15.62,45,0,Low
C5338,Rebekah Greene,3097,Pending,False,4625.35,1,3,5,341.68,67,0,High (Network Risk)
C2750,Melanie Griffith,2431,Verified,False,4022.88,1,4,2,487.7,73,0,Low
C4965,Yolanda Green,3407,Verified,False,2380.16,1,3,1,549.76,68,1,Low
C4928,James Johnson,1905,Verified,False,3621.41,1,11,20,12.45,63,0,High (Network Risk)
C5158,Laura Lee,61,Pending,False,8378.44,3,9,1,91.3,117,0,Low
C5086,Courtney Nichols,1474,Verified,True,9561.11,1,26,1,63.26,51,0,Medium (Compliance)
C991,Susan Powers,776,Pending,False,3334.55,1,5,1,102.98,104,0,Low
C185,Sarah Pittman,1326,Verified,False,791.34,1,8,1,23.29,98,0,Low
C3081,Catherine Davis,2104,Verified,False,2258.95,2,13,1,1974.74,97,0,Low
C5406,David Stokes,589,Verified,False,3900.03,2,16,5,285.56,51,5,High (Network Risk)
C2617,Catherine Frazier,2255,Pending,False,6700.18,1,2,1,32.3,115,0,Low
C2662,Brandon Kelly,1480,Verified,False,4624.95,2,10,1,64.91,94,0,Low
C2076,Elizabeth French,2951,Verified,False,10964.58,2,8,1,1214.96,30,0,Low
C3779,David Carter,3370,Verified,False,1524.78,2,9,1,127.67,41,0,Low
C4827,Julie Delacruz,1306,Verified,False,1531.13,1,7,1,1010.76,87,0,Low
C2694,Terry Jones,720,Verified,False,8159.14,1,29,1,408.96,74,0,Low
C5359,Kathryn Dillon,95,Pending,False,1206.66,10,3,1,19.37,79,0,Low
C4479,Edwin Brown,2186,Verified,False,1068.03,1,3,1,33.64,91,0,Low
C3585,Brenda Gonzalez,1587,Verified,False,3187.86,1,3,1,25.54,78,0,Low
C2897,Keith Knox,2278,Verified,False,6394.84,2,5,1,298.76,91,5,Low
C2468,Eugene Baldwin,965,Verified,False,3751.82,1,9,1,2590.49,43,0,Low
C4629,Katherine Welch,1395,Failed,False,218.1,1,5,2,192.42,118,1,Medium (Compliance)
C414,Mark Smith,3407,Verified,False,2603.09,1,16,1,126.33,72,1,Low
C5559,Philip Jackson,985,Verified,True,1425.83,10,7,1,332.1,70,0,Medium (Compliance)
C4245,Katherine Gallagher,2040,Verified,False,9885.47,1,6,1,132.52,116,0,Low
C262,Lucas Schultz,569,Verified,False,642.12,1,2,1,89.5,64,0,Low
C1258,Vincent Reyes,317,Verified,False,5300.55,1,31,1,198.29,88,0,High (Network Risk)
C1252,Curtis Watson,1519,Verified,False,3037.8,1,7,1,463.63,96,0,Low
C5138,Frank Whitaker,334,Failed,False,3894.0,1,27,1,69.13,80,1,Medium (Compliance)
C886,Michael Sims,1838,Verified,False,6635.01,10,4,1,33.16,35,5,Low
C1963,Michael Cooper,505,Verified,False,2431.95,1,14,1,614.81,51,0,Low
C5386,James Chapman,134,Verified,False,3290.36,1,4,2,5.32,74,0,Low
C5506,Rodney Evans,2272,Pending,False,17001.39,1,31,1,20.39,91,5,High (Network Risk)
C4893,Nicholas Carlson,3372,Verified,False,8136.16,1,18,1,150.46,108,0,Low
C3188,Stephen Cowan,3611,Verified,False,7571.85,1,14,1,562.14,4,0,Low
C2846,Steven Howard,6,Verified,False,7330.96,2,4,1,200.96,53,0,Low
C5238,Travis Hull,2227,Pending,False,19981.18,10,25,5,62.82,79,0,High (Network Risk)
C49,Darryl Acosta,176,Verified,False,5338.79,1,37,1,498.18,2,0,High (Network Risk)
C406,Nicholas Lawrence,2308,Verified,False,3384.57,1,5,2,45.69,38,0,Low
C3856,Jacob Santos,2440,Verified,False,5639.96,1,8,1,402.34,44,0,Low
C5045,Shawn Scott,502,Pending,False,1713.81,10,15,2,75.33,72,0,Low
C3659,Amber Vang,2876,Verified,False,6970.91,1,1,1,24.82,115,0,Low
C2331,Martha Smith,3223,Verified,False,8347.98,1,18,1,431.25,36,0,Low
C1911,Jennifer James,1670,Verified,False,2149.57,1,16,1,1582.78,106,0,Low
C4627,Kara Hernandez,1929,Verified,False,2628.17,1,4,1,81.4,104,0,Low
C5200,Lorraine Turner,1176,Failed,False,4249.26,3,45,1,658.89,98,0,High (Network Risk)
C4968,Mary Nelson,3537,Verified,False,1588.28,1,9,1,7.58,43,0,Low
C5333,Breanna Rivas,2609,Verified,False,1063.53,2,25,2,19.02,43,0,Low
C1542,Nathan Wilson,1644,Verified,False,2353.29,1,2,1,33.68,61,0,Low
C2473,Brian Gonzalez,3177,Verified,False,3219.35,2,9,1,113.67,75,0,Low
C4528,Dennis Mills,2993,Verified,False,5820.45,1,21,1,297.05,90,0,Low
C4403,Michael Phillips,1148,Verified,False,5215.52,2,6,1,23.08,49,0,Low
C2049,Jon Clark,3642,Verified,False,2861.14,2,19,1,35.37,104,1,Low
C4729,Erin Smith,2244,Verified,False,5317.36,1,12,1,484.01,112,0,Low
C5354,Susan Conley,161,Failed,False,1771.63,1,2,1,39.88,108,0,Medium (Compliance)
C1273,Brittany Davis,3279,Verified,False,662.77,2,4,1,1125.66,113,0,Low
C2604,Misty Garcia,1059,Pending,False,2443.95,1,17,1,47.31,118,0,Low
C343,David Hinton,2421,Verified,False,3832.28,2,4,1,804.23,95,1,Low
C3889,John Garcia,2930,Verified,False,1674.09,2,14,1,477.16,37,1,Low
C5318,Andrew Roberts,299,Pending,False,691.35,1,5,5,159.24,89,0,High (Network Risk)
C1160,Emily Rodgers,3029,Pending,False,1257.52,2,13,2,195.67,93,0,Low
C5299,Peter Williams,585,Verified,False,895.52,3,34,1,170.66,51,5,High (Network Risk)
C1529,Mary Jackson,673,Verified,False,762.74,1,6,1,769.33,31,0,Low
C1931,Jeffrey Howell,2933,Verified,False,3164.06,2,12,1,5.35,36,0,Low
C4831,Anna Briggs,1871,Verified,False,9816.02,2,1,1,84.84,100,0,Low
C3718,James Rivers,1742,Verified,False,3114.84,1,3,2,187.48,105,0,Low
C3514,James Jefferson,2002,Verified,False,9700.88,1,5,1,862.39,36,0,Low
C3735,Mariah Robles,848,Verified,False,220.48,1,18,1,59.86,51,0,Low
C3846,Michael Brown,3649,Verified,False,3641.89,2,2,1,6.16,83,0,Low
C1435,Caitlin Perry,306,Pending,False,5251.24,2,7,2,3.24,54,0,Low
C4549,Rebekah Gregory,680,Verified,False,1393.33,1,9,1,157.31,80,0,Low
C4618,James Howard,283,Pending,False,1233.17,1,9,1,19.68,53,0,Low
C4712,Michael Roberson,130,Verified,False,2097.07,1,6,1,99.41,78,0,Low
C2403,Bianca Knapp,1878,Pending,False,7302.13,1,4,1,20.79,61,0,Low
C4821,Jason Williams,407,Verified,False,921.19,2,6,1,82.36,35,1,Low
C5482,Ernest Bush,2685,Verified,False,1314.76,1,16,1,2648.67,59,0,Low
C2486,Patricia Ray,3558,Verified,False,806.43,1,4,1,949.36,93,0,Low
C312,Vanessa Santiago,1516,Verified,False,5463.75,2,1,1,137.82,53,0,Low
C5552,Joseph Haynes,604,Verified,False,1480.52,3,10,1,93.32,54,0,Low
C2735,Matthew Wright,1455,Verified,False,2705.73,2,24,1,37.04,41,0,Low
C759,Michael Cruz,1467,Verified,False,4807.83,1,3,1,326.38,41,1,Low
C1710,Kristin Huerta,11,Verified,False,1815.22,1,21,1,82.47,99,0,Low
C249,Mason Moore,2578,Verified,False,688.58,2,11,5,1064.63,31,0,High (Network Risk)
C4810,Sarah Booth,1333,Verified,False,4945.68,2,2,1,167.81,114,0,Low
C3508,John Allen,2762,Verified,False,5323.21,1,4,1,178.61,119,0,Low
C881,Amber Walker,683,Verified,True,14838.0,1,4,1,11.47,43,0,Medium (Compliance)
C3296,Jennifer Young,85,Verified,False,4067.91,1,8,1,59.72,97,0,Low
C681,Robert West,1451,Verified,False,3211.44,2,6,1,2315.4,81,0,Low
C2220,Jillian Wilson,1809,Verified,False,3937.92,1,17,1,13.97,107,0,Low
C242,Matthew Garcia MD,161,Verified,False,2487.23,1,14,1,96.42,69,0,Low
C4105,April Davis,1993,Verified,False,2887.29,1,2,1,99.68,37,0,Low
C3020,Lisa Torres,2031,Verified,False,1639.16,1,2,1,205.34,70,0,Low
C3374,Christine Powers,3586,Pending,False,3890.1,1,12,1,249.88,35,0,Low
C1513,Heidi Brown,2112,Verified,False,3962.98,2,4,1,61.46,97,0,Low
C2668,Jesse Castro,565,Verified,False,2529.71,1,6,1,509.16,60,0,Low
C203,Kara Sandoval,3079,Verified,False,1162.97,1,11,1,54.27,97,0,Low
C678,Ashley Malone,3465,Verified,False,676.58,2,14,1,327.02,94,0,Low
C684,Glenn Gallegos,607,Verified,False,1749.17,10,2,1,13.42,35,0,Low
C50,Dorothy Boyd,1251,Verified,False,1575.74,2,1,1,43.19,82,0,Low
C4716,Amber Martin,2219,Pending,False,2007.53,2,6,1,14.05,4,0,Low
C4038,Mitchell Griffith,167,Verified,False,1881.2,3,3,1,204.23,95,0,Low
C2461,Levi Lopez,3084,Verified,False,16575.72,1,7,1,217.27,31,0,Low
C3255,Jenna Bryant,2657,Verified,False,2018.57,2,6,1,74.31,72,0,Low
C3214,Michelle Rodriguez,3344,Verified,False,785.59,1,3,1,202.74,69,0,Low
C1239,Timothy Monroe,2764,Verified,False,3034.33,1,39,1,22.94,34,0,High (Network Risk)
C2015,Patricia Hayes,641,Verified,False,2036.12,1,7,1,867.05,38,0,Low
C3936,Tina Taylor,2619,Verified,False,19125.39,1,4,1,520.69,89,0,Low
C144,Mr. Anthony Mcconnell PhD,2294,Verified,False,4013.8,2,8,1,33.16,89,0,Low
C654,Mr. Thomas Thompson,995,Verified,False,7307.91,2,11,1,22.56,78,10,Low
C473,Monica Anderson,556,Pending,False,3071.62,1,4,1,65.05,67,0,Low
C4341,Kyle Andrade,3293,Verified,False,3612.08,2,47,1,191.91,51,0,High (Network Risk)
C5456,Janice Petty,710,Verified,False,1748.08,3,2,1,162.57,42,0,Low
C833,Pamela Hill,545,Verified,False,2835.45,1,2,1,27.76,98,0,Low
C1136,Tracy Chavez,2615,Verified,False,1208.35,2,2,1,72.0,60,0,Low
C2493,Jason Graves,2812,Pending,False,1922.28,1,7,5,223.74,92,0,High (Network Risk)
C1959,Elizabeth Miles,3062,Verified,False,4085.77,1,10,1,74.44,53,0,Low
C4007,Michelle Walls,1887,Verified,False,4382.32,1,5,1,159.16,70,1,Low
C1501,Christina Weber,1324,Verified,False,3709.85,2,10,1,604.57,88,0,Low
C432,Gregory Chambers,2584,Verified,False,1617.83,1,10,1,53.65,95,1,Low
C3332,Miss Tina Gordon,2907,Verified,False,27351.8,1,5,1,527.31,90,0,Low
C1490,Erica Wilson,595,Verified,False,2715.92,1,10,5,129.43,88,0,High (Network Risk)
C3164,John Duncan,2496,Verified,False,3800.38,2,6,2,114.69,79,0,Low
C5336,Jennifer Adkins,754,Pending,False,10537.77,2,5,20,18.26,109,5,High (Network Risk)
C1915,Donna Boone,1314,Verified,False,1174.66,1,4,1,450.04,100,0,Low
C1689,Kelly Johnson,3335,Verified,False,2492.73,2,8,1,2678.82,31,0,Low
C2315,Michael Gonzalez,1021,Verified,False,18688.37,1,19,1,29.96,32,0,Low
C1033,Candace Mitchell,2675,Verified,False,4710.0,1,2,1,35.25,100,5,Low
C2115,Ryan Vaughn,2659,Verified,False,6600.31,1,5,1,1476.18,89,0,Low
C1617,Paul Johnson,784,Verified,False,2053.41,1,8,1,381.82,44,0,Low
C4612,Ashley Parrish,3072,Verified,False,1978.29,2,30,2,52.71,88,0,Low
C2732,Sharon Newton,2526,Verified,False,1015.37,1,10,2,1831.72,48,0,Low
C1695,Cynthia Mueller,330,Verified,False,22048.61,1,3,1,74.43,71,0,Low
C3515,Donna Beck,3015,Verified,False,1902.86,2,3,1,154.62,40,0,Low
C2233,Jasmine Frye,1719,Verified,False,773.17,2,16,2,246.16,105,0,Low
C764,Emily Arnold,1960,Verified,False,9667.92,1,5,5,464.42,30,0,High (Network Risk)
C2036,David Oliver,1001,Verified,False,1531.41,2,2,1,287.61,36,0,Low
C1713,Sheila Greer,673,Verified,False,6035.21,3,16,1,3280.84,117,0,Low
C2313,Michele Holland,416,Verified,True,5849.81,1,9,1,1163.65,98,0,Medium (Compliance)
C3938,Kimberly Morrison,42,Verified,False,8409.06,1,2,1,1564.84,54,0,Low
C2064,Tracey Phillips,664,Verified,False,738.86,1,2,1,55.0,4,0,Low
C4023,Michael Lopez,844,Verified,False,4341.48,2,1,2,241.18,40,0,Low
C2589,Jose Bennett,2965,Verified,False,1006.23,1,4,1,1857.01,32,1,Low
C3218,Justin Anderson,596,Verified,False,3161.95,2,9,2,81.83,35,0,Low
C5009,Dawn Rivera,2489,Verified,False,7030.68,1,15,1,82.8,32,5,Low
C3196,Brittney Hernandez,2398,Verified,False,537.42,1,10,1,591.97,102,0,Low
C3596,Anthony Randolph,3532,Verified,False,1920.49,2,2,1,299.57,52,0,Low
C3748,Mary Henry,3485,Verified,False,1157.29,1,5,1,144.28,71,0,Low
C2386,Heather Bowers,1210,Verified,False,3503.22,2,23,2,223.56,82,0,Low
C226,Daniel White,947,Verified,False,975.19,1,4,1,9.66,91,0,Low
C4458,Jonathan Perry,3330,Verified,False,5900.63,1,13,1,89.81,85,0,Low
C3886,Anna Walker,1148,Verified,False,2326.09,2,12,5,41.51,74,5,High (Network Risk)
C1030,Gary Ward,321,Verified,False,2824.61,1,13,1,1645.77,40,0,Low
C808,Paul Moreno,3639,Verified,False,3751.42,1,10,1,113.61,70,0,Low
C1106,Samantha Zavala MD,3188,Verified,False,182.58,1,13,1,168.48,56,0,Low
C5330,Jill Conway,3119,Verified,False,1024.39,1,27,1,774.55,55,0,Low
C1667,Lisa Haley,184,Verified,False,12819.66,2,24,1,1522.69,39,0,Low
C3937,Erica Moon,864,Verified,False,870.5,1,1,1,221.45,48,0,Low
C3105,Janice Fernandez,648,Verified,False,1038.08,1,9,1,41.38,105,0,Low
C1077,Thomas Short,1609,Verified,False,2079.36,1,7,2,65.17,80,0,Low
C3427,Robert Griffin,2932,Verified,False,6507.55,2,4,2,230.7,4,1,Low
C2044,Steven Lee,2778,Verified,False,745.11,1,3,1,240.96,100,0,Low
C3184,Tiffany Jackson,3413,Verified,False,2288.55,1,11,1,44.08,48,1,Low
C4534,Kimberly Smith,1850,Verified,False,10108.32,1,14,1,6.74,119,0,Low
C4918,Michael Ayala,2158,Verified,False,4095.01,2,6,1,13.04,110,0,Low
C2754,Jessica Garcia,3054,Verified,False,1106.95,1,5,1,25.05,91,0,Low
C2800,Michele Cherry,3140,Verified,False,8389.01,1,20,1,106.8,37,0,Low
C5206,Maria Case,3389,Failed,False,2137.24,10,5,5,92.11,97,0,High (Network Risk)
C3557,Brittany Stevens,449,Failed,False,4714.59,2,7,1,12.25,78,0,Medium (Compliance)
C5345,Brandon Brown,168,Failed,False,1363.84,2,6,1,102.89,111,0,Medium (Compliance)
C1783,Kristin Andrews,3153,Verified,False,8011.74,1,53,1,1807.75,4,0,High (Network Risk)
C873,David Hughes,2623,Verified,False,2144.05,1,3,1,253.21,30,0,Low
C2663,Jessica Smith,1038,Verified,False,3727.73,1,14,1,2989.05,66,0,Low
C5373,Kimberly May,3297,Pending,False,479.64,3,38,1,149.5,36,0,High (Network Risk)
C3116,Nicole Richards,3430,Verified,False,13324.86,1,3,1,142.78,38,0,Low
C3637,Angel Reilly,3375,Verified,False,11016.09,1,5,1,226.83,30,0,Low
C5108,Richard Turner,1558,Pending,False,914.51,1,6,2,2278.19,98,1,Low
C198,Preston Kim,2572,Verified,False,13822.05,1,5,1,1570.53,51,0,Low
C5457,Matthew Wells,2848,Pending,False,780.73,2,6,20,462.82,100,0,High (Network Risk)
C1430,Brandy Myers,530,Verified,False,841.92,1,4,2,281.82,96,0,Low
C1643,Kimberly Choi,2544,Verified,False,2421.3,2,20,5,40.98,59,0,High (Network Risk)
C3704,Michael Sloan,972,Verified,False,3587.87,1,3,1,19.84,88,0,Low
C225,Monica Brooks,62,Verified,False,7251.12,1,13,1,75.91,31,0,Low
C1526,Kristen Peters,3306,Verified,False,2726.98,2,12,1,1475.63,48,0,Low
C2650,Aaron Carlson,787,Verified,False,1031.58,1,3,2,2163.12,112,0,Low
C32,Theresa Torres,1704,Verified,False,8713.34,2,5,5,13.28,4,0,High (Network Risk)
C516,Stephanie Cooper,2072,Verified,False,2506.53,2,7,1,1123.62,37,0,Low
C3770,Matthew Hunt,2570,Verified,False,5664.15,10,28,1,2299.83,88,0,Low
C4469,Daniel Davenport,816,Verified,False,7747.45,1,5,1,965.72,3,0,Low
C5417,Christopher Marsh,1351,Pending,False,1708.97,3,27,1,75.2,54,0,Low
C2492,Sarah Randolph,2883,Verified,False,2325.9,1,13,1,508.69,69,1,Low
C3679,Julia Dunn MD,2875,Verified,False,5727.54,2,9,1,14.69,116,0,Low
C4182,Brett Swanson,2993,Verified,False,7837.35,1,14,1,18.12,70,1,Low
C3712,Mr. Carl Rios,1939,Verified,False,1624.72,1,1,2,6322.92,64,0,Low
C429,Manuel Mccullough,78,Verified,False,2894.49,3,18,2,75.12,76,5,Low
C2932,Jerry Jensen,3265,Verified,False,747.37,1,2,1,26.93,80,0,Low
C4340,Kevin Cunningham,2201,Verified,False,1994.56,1,14,1,87.28,48,1,Low
C924,Eugene Patterson,1443,Verified,False,13175.4,2,4,1,2445.22,36,1,Low
C3940,David Walker,3620,Verified,False,479.77,1,3,1,854.06,64,0,Low
C3311,Jessica Larsen,3332,Verified,False,18382.27,1,30,1,55.0,77,0,Low
C4111,Nicholas Humphrey,1942,Verified,False,18857.33,1,6,2,135.18,113,0,Low
C1540,Ian Torres,2436,Verified,False,904.75,1,2,1,315.64,55,0,Low
C3098,Casey Obrien,3089,Verified,False,1045.5,1,16,1,414.23,109,0,Low
C1973,Shannon Taylor,299,Verified,False,3040.76,2,2,1,323.07,67,0,Low
C2359,Deborah Mercado,405,Verified,False,1991.04,1,21,1,36.43,38,0,Low
C4817,Bernard Smith,531,Verified,False,8625.48,1,7,5,107.11,3,0,High (Network Risk)
C5180,Amanda Perkins,2662,Verified,False,6508.53,3,2,1,28.8,100,0,Low
C3340,Kevin Escobar,2381,Verified,False,2769.86,2,14,2,635.45,77,0,Low
C2073,Kimberly Lutz,754,Verified,False,802.24,1,11,2,131.62,79,1,Low
C125,Reginald Diaz,2277,Pending,False,2292.63,2,1,1,251.49,100,0,Low
C2509,Raymond Quinn,1031,Verified,False,38260.65,1,7,1,55.99,33,5,Low
C2953,John Dixon,2414,Verified,False,3787.82,1,9,1,397.16,37,0,Low
C4409,Jonathan Bates,1809,Verified,False,12736.98,2,8,2,418.09,100,0,Low
C353,Renee Mendez,1737,Verified,False,4405.1,1,6,1,17.94,67,0,Low
C2150,Jose Griffin,3429,Verified,False,17225.53,1,13,1,500.58,43,0,Low
C1122,Travis Hopkins,2840,Verified,False,2841.5,2,11,1,26.86,95,0,Low
C3399,Nancy Webb,2486,Verified,False,10217.71,1,7,1,54.8,51,5,Low
C2465,Daniel Freeman,2941,Verified,False,8038.78,1,6,1,605.2,76,0,Low
C3067,Jacob Williams,3369,Verified,False,3315.23,2,8,1,57.5,36,0,Low
C2516,Terry Ward,1470,Verified,False,3328.85,1,4,1,182.43,55,0,Low
C89,Jesse Williams,2695,Verified,False,700.07,1,3,2,133.1,98,0,Low
C5005,Mrs. Michele Boyd,2164,Verified,False,2082.64,10,3,1,17.68,32,10,Low
C1625,Sandy Baker,2748,Verified,False,36812.33,1,6,1,1275.78,93,1,Low
C2708,Carrie Valdez,3150,Pending,False,18378.33,1,3,1,1300.96,33,0,Low
C2417,Matthew Houston,3127,Pending,False,2801.67,2,6,1,307.24,105,0,Low
C1428,Jamie Solomon,1969,Verified,False,1303.3,1,21,1,97.83,108,0,Low
C2539,Heather Parrish,1196,Verified,False,10537.3,2,6,1,177.28,75,0,Low
C3466,Mr. Larry Shaw,972,Verified,False,4093.9,1,8,1,1143.69,102,0,Low
C3149,Christopher Jones,2886,Verified,False,4937.25,1,6,1,70.61,68,0,Low
C2223,Christine Lopez,2051,Verified,True,2266.91,3,21,2,80.99,90,0,Medium (Compliance)
C4979,Mitchell Wilson,3077,Verified,False,13675.98,1,27,1,110.42,79,0,Low
C2686,Robert Cortez,1704,Verified,False,3974.46,1,5,2,5.84,78,0,Low
C4255,Mr. Daniel Martin,2703,Verified,False,5736.33,10,13,1,440.31,30,0,Low
C5528,Alison Williams,993,Failed,False,1068.37,1,39,1,207.04,84,0,High (Network Risk)
C2761,Candace Soto,2490,Verified,False,1403.14,1,2,1,538.44,99,0,Low
C3845,Kenneth Brown,570,Verified,False,970.88,1,16,2,76.56,3,0,Low
C573,Christopher Mullen,688,Verified,False,4771.93,2,1,1,17.7,104,0,Low
C515,Kristy Smith,3092,Verified,False,3307.53,1,7,1,190.9,64,0,Low
C2441,Mary Campbell,3497,Failed,False,800.39,1,6,5,27.17,35,0,High (Network Risk)
C4457,Jerry Haney,1576,Pending,False,4154.39,2,1,2,366.9,34,0,Low
C1230,Carolyn Greer,1038,Verified,False,3439.93,2,17,1,416.96,111,0,Low
C380,Rebecca Hoover,3187,Verified,False,465.54,1,8,1,3858.31,93,0,Low
C1954,Matthew Baker,1518,Verified,False,1458.64,1,3,1,1283.69,67,0,Low
C474,Grace Chavez,2486,Verified,False,3840.22,2,9,1,235.16,37,0,Low
C319,Crystal Cruz,255,Verified,False,1067.26,2,15,1,106.49,51,0,Low
C3437,Dale Heath,2970,Verified,False,2304.34,1,1,1,587.33,48,0,Low
C3909,Jennifer Hernandez,80,Verified,False,1415.44,1,0,1,246.42,2,0,Low
C2140,John Mendez,2754,Verified,False,614.31,2,7,1,77.2,53,0,Low
C5409,Richard Gordon,617,Verified,False,358.54,10,48,1,7.06,3,0,High (Network Risk)
C571,John Anderson,3341,Verified,False,915.86,2,21,1,4914.72,112,0,Low
C658,Samantha Prince,2268,Verified,False,21727.12,2,5,1,775.94,89,0,Low
C82,Marie Boyd,1876,Verified,False,862.16,1,9,2,410.72,55,0,Low
C3969,Andrew Moreno,1075,Verified,False,2501.47,2,6,2,170.97,85,0,Low
C2256,Robert Clarke,874,Verified,False,2783.26,2,2,5,2699.1,49,0,High (Network Risk)
C980,Kevin Figueroa,3209,Verified,False,20697.8,1,7,1,592.6,43,0,Low
C4742,Melissa Davis,1381,Verified,False,374.68,1,2,5,19.34,51,0,High (Network Risk)
C587,John Hall,74,Verified,False,1445.85,1,2,2,106.35,102,5,Low
C2262,Diane Mcdowell,321,Verified,False,3960.71,1,3,1,485.12,103,0,Low
C3676,Colin Fletcher,715,Verified,False,2611.23,2,2,1,954.37,83,0,Low
C5160,Laura Wilson,3371,Failed,False,1924.85,1,38,1,100.51,109,0,High (Network Risk)
C3764,Matthew Watts,298,Verified,False,5108.66,2,5,2,1542.99,1,0,Low
C3526,Jack Moore,2608,Verified,False,353.66,1,9,1,21.21,33,0,Low
C2524,Dawn Wyatt,374,Verified,False,2175.62,1,2,2,105.8,86,0,Low
C5294,Jacob Hill,116,Verified,False,1644.09,10,6,20,112.64,96,0,High (Network Risk)
C5028,Nicole Gutierrez,869,Verified,False,7036.18,1,5,5,647.96,42,0,High (Network Risk)
C4214,Karen Wood,307,Verified,False,347.66,2,8,1,1101.15,40,0,Low
C233,Dawn Parker,3157,Pending,False,2318.48,1,9,2,1061.86,68,0,Low
C45,Michael Fitzgerald,3386,Verified,False,2420.17,2,8,2,19.34,87,0,Low
C116,Mary Adkins,3123,Pending,False,1862.43,3,3,1,193.02,44,0,Low
C79,Michael Martin,2004,Verified,False,1579.32,1,7,1,15.62,89,0,Low
C4756,James Morgan,1195,Verified,False,2478.73,1,4,1,164.82,40,0,Low
C3998,Melissa Mann,3606,Verified,False,8489.17,2,21,5,1895.35,58,0,High (Network Risk)
C4974,Vincent Smith,277,Verified,False,5417.26,1,8,1,3246.11,119,0,Low
C4545,Charles Frost,1200,Verified,False,1376.21,1,7,1,320.0,34,0,Low
C2794,Austin Walker,2492,Verified,False,1366.11,2,2,2,240.94,55,0,Low
C1637,Andrew Cruz,1141,Verified,False,944.02,1,4,1,120.21,57,0,Low
C4626,Miss Kelly Dawson,2542,Verified,False,7691.08,1,9,1,150.83,31,0,Low
C1859,Theresa Wilkins,3185,Verified,False,1538.44,1,6,1,1380.84,89,0,Low
C3511,Jessica Harris,3373,Verified,False,815.92,2,6,1,42.46,49,0,Low
C3613,Regina Mitchell,435,Verified,False,3032.1,1,1,2,103.77,63,0,Low
C4577,Kyle Black,3354,Verified,False,3646.38,1,3,20,158.95,62,0,High (Network Risk)
C721,Christopher Johnson,3541,Verified,False,2075.91,1,5,1,53.31,104,0,Low
C3336,Aaron Moore,944,Verified,False,3070.53,1,19,1,328.24,31,0,Low
C3339,Penny Gomez MD,102,Verified,False,2309.1,1,1,1,1569.73,68,0,Low
C849,Kelly Mclaughlin,3229,Verified,False,4540.63,2,3,1,394.28,86,0,Low
C555,Brandon Mitchell,3323,Verified,False,3583.25,2,1,2,53.25,107,0,Low
C944,Suzanne Bailey,1939,Pending,False,1439.34,2,9,1,49.32,76,0,Low
C4322,Destiny Obrien,1029,Verified,False,5219.78,2,19,1,22.47,43,0,Low
C174,Timothy Andrews,3339,Verified,False,1161.9,1,9,1,127.61,60,0,Low
C2358,Jason Rodriguez,2874,Verified,False,932.74,1,11,1,43.07,56,1,Low
C2374,Edward Arroyo,2465,Verified,False,3229.22,2,3,1,215.74,109,0,Low
C3384,Tina Walter,1759,Verified,False,3981.23,1,9,1,52.29,90,1,Low
C4963,Laura Benson,1695,Verified,False,6441.0,1,3,2,18.11,51,0,Low
C3831,Kristine Carrillo,3336,Verified,False,17401.97,1,7,2,8.14,91,0,Low
C148,Tonya Ellis,2110,Pending,False,437.25,1,11,1,381.13,38,0,Low
C5520,Kevin Johnson,1335,Verified,False,1521.73,2,5,5,18.46,99,10,High (Network Risk)
C4229,Austin Schultz,858,Verified,False,3099.66,1,14,1,312.53,39,0,Low
C196,Megan Hall MD,1981,Verified,False,14838.39,2,6,1,55.91,34,0,Low
C1306,Kelli Smith,2077,Verified,False,1842.24,3,9,1,219.74,101,0,Low
C3268,Danielle Davis,2793,Verified,False,530.28,2,33,1,138.04,78,0,High (Network Risk)
C2114,Samantha Jones,989,Verified,False,916.07,2,11,2,185.27,60,0,Low
C2697,Karen Gomez,3009,Verified,False,2236.48,2,4,1,621.2,48,0,Low
C2924,Debra Valentine,1612,Pending,False,4042.99,1,5,1,51.27,111,0,Low
C1815,Susan Porter,2399,Verified,False,24735.3,2,14,1,1381.79,89,0,Low
C3231,Nicolas Salas,1085,Verified,False,1419.9,2,17,1,466.41,37,1,Low
C1848,Dale Wright,1798,Verified,False,4658.65,3,7,1,89.4,50,10,Low
C786,Brittney Rodriguez,1618,Verified,False,7720.24,1,2,1,104.62,78,0,Low
C5586,Megan Alvarado,2605,Failed,False,1535.78,1,3,1,175.95,86,0,Medium (Compliance)
C281,Pamela Weaver,3137,Verified,False,14445.79,2,8,1,78.03,56,0,Low
C2142,John Oliver,1794,Verified,False,1517.55,2,11,5,10.89,37,0,High (Network Risk)
C1505,William Prince PhD,2070,Pending,False,962.2,1,16,2,34.0,114,0,Low
C219,William Moon IV,2586,Verified,False,12653.46,1,1,1,33.83,109,0,Low
C4350,Kenneth Brown,180,Verified,False,2586.91,1,14,2,110.04,72,0,Low
C4516,Karen Fernandez,2124,Verified,False,881.31,1,23,1,23.8,54,0,Low
C3274,Jennifer Parks,2546,Verified,False,1743.66,2,1,2,513.48,54,0,Low
C517,William Wolfe,989,Verified,False,1318.2,1,7,1,179.41,47,0,Low
C4780,Michael Smith,2414,Verified,False,1548.0,2,13,1,79.31,32,0,Low
C2499,Kevin Nguyen,299,Verified,False,3222.47,1,2,1,43.28,119,0,Low
C165,Debbie Dunn,327,Verified,False,1906.91,1,4,1,152.33,73,0,Low
C976,John Austin,732,Verified,False,21144.44,1,11,1,604.69,50,0,Low
C4084,Jonathan Clark,1139,Verified,False,1880.57,1,4,2,8.79,43,0,Low
C3171,Jacqueline Dickerson,2810,Verified,False,2312.76,2,5,1,15.55,74,0,Low
C4450,Christopher Anderson,926,Verified,False,11830.32,1,8,2,31.45,36,0,Low
C4655,Crystal Garcia,1971,Verified,False,9348.72,1,2,2,20.62,104,0,Low
C1086,David Reynolds,1680,Verified,False,5710.8,1,3,1,16.8,43,0,Low
C133,Charles Haley,374,Verified,False,1804.32,10,10,1,149.62,114,0,Low
C1626,Robert Thompson,1394,Verified,False,11385.78,1,15,1,139.41,77,0,Low
C4382,Dr. Samuel Holmes DDS,2622,Verified,False,1827.72,1,10,1,83.68,69,0,Low
C4815,Elizabeth Hart,3021,Verified,False,928.79,1,21,1,199.42,52,1,Low
C1739,Jennifer Vaughn,2021,Verified,False,1481.8,2,10,1,131.04,84,0,Low
C1140,Robert Woods,1426,Verified,False,5985.68,1,32,1,47.28,68,0,High (Network Risk)
C2587,Joanna Cook,1032,Verified,False,2069.91,1,7,1,77.18,56,0,Low
C4749,Justin Frederick,432,Verified,False,3290.68,1,9,2,204.04,77,5,Low
C2723,Alejandro Martinez,128,Verified,False,1009.07,1,10,2,23.85,33,0,Low
C326,Tracey Gonzalez,1037,Verified,False,6132.76,1,4,1,230.36,34,0,Low
C2180,Mariah Thompson,2443,Verified,False,1286.02,1,3,1,1.19,119,0,Low
C3035,Heather Nunez,511,Pending,False,1112.73,1,3,2,140.84,80,0,Low
C2109,Dr. Steve James,1688,Verified,False,2178.25,1,4,1,238.36,108,1,Low
C3669,Mark Thomas,1188,Verified,False,731.06,2,38,5,34.73,70,1,High (Network Risk)
C751,Robert Rogers,1268,Verified,False,1070.16,1,31,1,730.87,109,0,High (Network Risk)
C5236,Laura Sweeney,3107,Pending,False,1127.42,1,5,1,824.83,80,0,Low
C1382,Christopher Perez,1192,Verified,False,3392.12,1,5,1,202.96,86,0,Low
C4436,Eddie Adams,1945,Verified,False,1321.58,1,1,1,1682.74,92,0,Low
C600,Denise Wallace,1883,Verified,False,3634.25,2,3,2,44.59,51,0,Low
C2627,Heidi Matthews,1309,Verified,False,2293.35,1,3,1,555.37,93,1,Low
C5514,Jennifer White,2340,Verified,False,1680.1,2,5,2,1233.35,35,0,Low
C4763,Nicholas Stanley,3272,Verified,False,9261.26,1,4,1,26.76,92,0,Low
C4745,Mercedes Miller,1577,Verified,False,519.21,1,8,2,166.53,74,0,Low
C3618,Brian Brown,1674,Verified,False,4983.49,2,13,1,16.15,36,0,Low
C4006,Kimberly Johnson,3133,Verified,False,865.74,1,4,1,519.37,51,1,Low
C113,Phillip Miller,2672,Verified,False,1191.82,1,23,2,1807.77,111,0,Low
C4083,Christopher Pena,1657,Pending,False,1747.99,1,9,2,65.34,71,0,Low
C1448,Ellen Wright,739,Verified,False,2140.48,1,15,5,141.03,102,0,High (Network Risk)
C3352,Mark Anderson,2731,Verified,False,2549.47,2,5,1,68.9,96,0,Low
C4656,Alyssa Alvarado,1345,Verified,False,2985.98,2,11,2,6238.47,109,0,Low
C1798,Erika Alvarez,2313,Verified,False,1611.02,2,10,1,37.98,96,0,Low
C2936,Kimberly Nelson,1851,Pending,False,247.88,3,23,1,37.77,45,0,Low
C4306,Wayne Wolfe,2021,Verified,False,1288.29,1,12,2,342.59,4,0,Low
C4506,Kyle Welch,1871,Verified,False,6136.81,2,14,1,129.93,82,0,Low
C1883,Kristy Mills,2460,Verified,False,4667.89,1,4,1,6424.77,119,0,Low
C3879,Emily Reed,2925,Verified,False,4812.49,3,19,1,2918.99,113,0,Low
C2208,Regina Ramos,2823,Verified,False,2073.95,1,2,1,374.13,80,0,Low
C4640,David Torres,2115,Verified,False,4298.18,1,4,1,600.2,113,0,Low
C3801,Robert Charles,585,Verified,False,1658.87,1,9,1,444.42,114,0,Low
C2448,John Smith,3276,Verified,False,1827.97,1,2,1,711.94,63,0,Low
C3342,Theresa Woods,2068,Verified,False,1473.32,2,3,1,325.6,59,0,Low
C338,Jeffrey Carter,3347,Verified,False,6918.84,1,3,1,32.67,106,0,Low
C2456,Adam Brooks,3399,Verified,False,199.36,1,10,1,43.19,88,1,Low
C4031,Justin Foster,1582,Verified,False,2967.85,2,6,1,636.73,71,0,Low
C372,Omar Price,1416,Verified,False,2966.19,1,15,1,69.95,112,0,Low
C5016,Dennis Henderson,2493,Failed,False,3219.84,1,33,1,1111.01,37,5,High (Network Risk)
C5147,Phillip Kent,554,Pending,False,2415.99,10,9,1,441.26,84,0,Low
C4899,Melinda Mitchell,2863,Verified,False,9022.35,1,4,1,25.03,117,0,Low
C166,Rhonda Gutierrez,2964,Verified,False,2731.62,1,9,1,26.54,105,0,Low
C4771,Catherine Roberts,1330,Verified,False,2120.22,1,3,1,20.93,4,0,Low
C1822,Lisa Nelson,1300,Verified,False,5028.84,1,7,1,481.74,107,0,Low
C1206,Chelsea Smith,1034,Verified,False,534.89,1,52,1,850.54,55,0,High (Network Risk)
C1766,Joseph Lopez,924,Verified,False,1266.66,1,6,1,82.75,30,0,Low
C4686,Derrick Espinoza,3207,Verified,False,7536.61,1,9,1,147.39,110,1,Low
C5590,Crystal Hernandez,3328,Failed,False,3464.16,2,6,1,239.87,108,0,Medium (Compliance)
C402,Glenn Collins DDS,2166,Verified,False,647.74,2,5,1,551.87,96,0,Low
C39,Mrs. Raven Rivera DVM,1446,Verified,False,36147.82,1,10,2,87.91,109,0,Low
C4765,Amy Rowe,690,Verified,False,2228.86,1,2,5,284.46,62,0,High (Network Risk)
C4624,John Lee,282,Verified,False,1222.62,1,6,1,132.99,43,0,Low
C559,Ruth Clayton,2110,Verified,False,627.99,2,2,1,14.3,101,0,Low
C2401,Randy Wright,1742,Verified,False,10183.78,1,25,5,1155.33,65,5,High (Network Risk)
C5468,Jessica Rojas,811,Failed,False,1031.2,2,16,20,238.45,31,0,High (Network Risk)
C3358,Joel Wise,257,Verified,False,1785.38,1,3,1,111.47,62,1,Low
C1111,Vickie Kennedy,1693,Pending,False,3658.11,2,1,1,47.66,82,5,Low
C4570,Emily Morris,934,Verified,False,353.64,1,10,1,51.31,86,0,Low
C4912,Amanda Pineda,2481,Verified,False,5978.66,1,7,2,16.96,54,0,Low
C157,Dawn Little,31,Verified,False,1072.91,1,44,1,27.51,61,5,High (Network Risk)
C5069,Stephen Boyer,3031,Failed,False,7744.0,10,22,2,36.36,79,0,Medium (Compliance)
C3418,Brian Chen,1924,Verified,False,3502.08,1,12,1,64.52,104,0,Low
C4215,Christopher Hill,1471,Verified,False,8271.37,2,4,1,1078.32,59,0,Low
C922,Richard Smith,2724,Verified,False,3239.37,1,5,2,363.11,66,0,Low
C3814,Richard Alvarez,362,Verified,False,7371.31,2,9,1,37.37,94,0,Low
C4907,Jacqueline Davis,412,Verified,False,4170.24,2,9,1,13.59,44,0,Low
C2090,Brandon Montgomery,2829,Verified,False,2493.1,1,4,1,37.48,87,0,Low
C4343,Yolanda Garrett,1368,Verified,False,3720.38,1,2,1,1297.52,43,0,Low
C1937,Matthew Miles,2426,Verified,False,135.8,1,34,1,401.73,94,0,High (Network Risk)
C3660,Beth Hall,2904,Verified,False,1537.36,1,7,1,113.23,114,0,Low
C395,Dr. Nicole Trujillo,2268,Verified,False,8636.13,1,10,2,144.67,93,0,Low
C1956,Corey Norris,549,Verified,False,737.77,1,3,1,826.97,81,0,Low
C3403,Chad Roach,1127,Verified,False,1478.47,1,22,1,143.54,97,0,Low
C5001,Mr. Edward Terry,554,Verified,False,580.69,10,52,5,4440.23,81,1,High (Network Risk)
C1148,Cody Bailey,162,Verified,False,450.21,2,7,1,167.85,118,0,Low
C3732,Denise Guerra,3464,Verified,False,1792.36,1,8,1,36.69,39,0,Low
C368,Kristen Jones,2175,Verified,False,3977.47,1,9,1,7.17,69,0,Low
C1516,Edward Baker,805,Verified,False,1982.4,1,7,1,287.92,82,0,Low
C2317,Aaron Little,2837,Verified,False,741.68,2,11,1,108.37,98,0,Low
C2498,Cody Smith,305,Verified,False,798.77,2,9,1,36.38,58,0,Low
C5070,Patty Allen,1108,Verified,False,987.12,1,6,2,418.89,49,0,Low
C347,Mary Ryan,1164,Verified,False,1921.94,2,2,1,222.54,54,0,Low
C1499,Joseph Jimenez,2497,Verified,False,997.31,1,7,1,74.5,116,0,Low
C4803,Lisa Morris,2593,Verified,False,7744.47,1,13,1,234.8,87,0,Low
C4092,Ashley Mills,471,Verified,False,1263.16,1,12,1,120.79,106,0,Low
C2540,Russell Anderson,660,Verified,False,1584.42,2,21,1,593.69,92,0,Low
C682,Christina Washington,2665,Verified,False,4380.95,1,22,5,169.99,38,0,High (Network Risk)
C2291,Kenneth Huff,3241,Verified,False,337.52,1,12,5,83.64,93,0,High (Network Risk)
C291,Kelly Miles,3117,Verified,False,11742.21,1,8,1,961.63,102,0,Low
C1681,Jacob Obrien,1905,Verified,False,5908.79,2,9,1,29.88,113,0,Low
C4447,Timothy Clark,1421,Verified,False,5749.3,3,4,1,17.96,82,5,Low
C97,Steve Miller PhD,1537,Pending,False,1231.75,1,14,1,60.49,59,0,Low
C4758,Justin Hurley,495,Verified,False,1088.68,2,21,1,10.21,66,0,Low
C1075,Jacob Erickson,2352,Verified,False,1402.59,2,17,2,14.81,95,5,Low
C3600,Deborah Williams,1772,Verified,False,1749.67,3,11,1,103.74,39,0,Low
C3106,Eric Blackburn,586,Verified,False,9172.15,1,6,1,162.31,102,1,Low
C5018,Anne Hardy,2133,Verified,True,367.82,1,5,1,99.88,86,0,Medium (Compliance)
C2013,Chelsey Fox,2852,Verified,False,9530.91,1,6,1,315.89,70,0,Low
C1131,Mario White,423,Verified,False,2091.02,1,4,20,73.59,77,0,High (Network Risk)
C5145,Jennifer Garcia,1438,Verified,False,7600.77,1,9,1,8.61,30,5,Low
C4029,Heather Ellis,711,Verified,False,3810.2,1,0,1,454.95,105,0,Low
C2715,Sonya Jackson,3108,Verified,False,4917.02,2,4,1,131.05,114,0,Low
C896,James Morgan,236,Failed,False,6733.2,2,7,1,422.31,65,0,Medium (Compliance)
C391,Zachary Ramos,276,Verified,False,2301.38,1,54,1,379.28,90,0,High (Network Risk)
C987,Ethan Frey,3089,Verified,False,1004.24,1,7,2,752.56,76,5,Low
C665,Jacob Duran,1901,Verified,False,1049.95,1,7,2,39.28,43,0,Low
C2879,Nicholas Franklin,1387,Verified,False,6802.42,1,3,2,24.98,68,0,Low
C3481,Cindy Cannon,2718,Verified,False,12150.99,1,29,1,129.64,3,0,Low
C4269,Dawn Nixon,2033,Verified,False,1254.6,1,3,1,118.58,37,5,Low
C4137,James Barber,2582,Verified,False,7930.24,1,37,1,964.75,80,0,High (Network Risk)
C5050,Ms. Kelly Holder,2524,Verified,False,6846.72,10,4,20,319.55,71,0,High (Network Risk)
C1457,Eric Walker,868,Verified,False,576.08,1,15,1,185.34,74,0,Low
C3395,Alison Short,924,Verified,False,6603.81,1,7,1,24.01,116,0,Low
C13,Desiree Spencer,2999,Verified,False,1437.36,1,4,1,51.5,66,1,Low
C3226,Tammy Moore,2794,Verified,False,11900.89,2,16,1,13.16,31,0,Low
C3259,Henry Taylor,2910,Verified,False,3363.46,1,21,1,43.53,79,0,Low
C487,Kevin Hall,602,Failed,False,32270.18,1,6,1,195.39,96,0,Medium (Compliance)
C5191,Anna Ross,1228,Verified,False,2594.06,1,7,1,292.07,104,0,Low
C4261,Morgan Cummings,3609,Verified,False,1446.64,1,5,1,388.75,68,0,Low
C297,Carrie Petersen,1310,Verified,False,4604.76,1,8,1,467.64,62,0,Low
C1897,Laura Velez,1709,Verified,False,5875.86,2,3,1,348.81,46,0,Low
C3046,Elizabeth Cross,3311,Failed,False,4821.75,1,0,2,60.28,53,0,Medium (Compliance)
C2393,Angela Brown,1804,Verified,False,1870.88,1,1,1,47.22,91,1,Low
C4580,Hannah Montoya,3231,Verified,False,5954.26,1,6,1,1043.38,81,1,Low
C3695,Sean Kane,2029,Verified,False,845.44,2,3,1,82.71,63,0,Low
C1358,Matthew Guzman,3431,Verified,False,283.0,3,6,5,88.47,112,0,High (Network Risk)
C1311,Richard Reyes,1061,Verified,False,3940.68,1,4,1,124.54,119,0,Low
C5393,Andrew Fernandez,3482,Verified,False,25588.85,2,4,1,15.85,90,1,Low
C2494,Jonathan Walker,1661,Verified,False,5090.55,1,4,1,112.8,76,0,Low
C691,Nicholas Long,970,Verified,False,1269.32,2,16,1,14.22,95,0,Low
C4508,Kurt Wagner,148,Verified,False,1993.43,1,8,5,381.34,67,0,High (Network Risk)
C3630,Dylan Foster,3107,Verified,False,2759.91,3,25,1,76.47,48,0,Low
C4657,Bradley Duncan,3047,Verified,False,1112.85,1,8,5,61.95,116,0,High (Network Risk)
C4869,James Miller,1231,Verified,False,1023.93,1,1,1,8.36,106,0,Low
C4353,Patricia Anderson,3436,Verified,False,4014.11,1,3,1,240.18,55,0,Low
C4611,Justin Freeman,441,Verified,False,4242.2,1,8,1,5379.13,33,0,Low
C384,Christina Gilbert,1365,Verified,False,1084.88,1,8,1,62.96,117,0,Low
C3911,Danielle Jones,3392,Verified,False,695.33,1,4,1,138.05,118,1,Low
C60,Erica Glass,3082,Verified,False,2201.26,1,3,1,1585.3,99,0,Low
C3784,Michael Henderson,2381,Verified,False,1771.35,2,4,1,5192.2,81,1,Low
C1023,Frank Wheeler,2358,Verified,False,5121.27,1,6,1,24.21,79,0,Low
C529,Eric Huerta,1167,Verified,False,1273.0,2,7,2,912.91,36,0,Low
C4799,Wanda Ramos,1099,Verified,False,3718.46,1,3,1,2.31,63,0,Low
C4224,Andrew Meyers,3403,Verified,False,4041.74,1,8,1,1.32,57,0,Low
C5311,James Todd,805,Verified,False,5907.24,3,8,1,10.15,3,10,High (ATO Risk)
C1818,Ashley Brown,1046,Verified,False,2466.9,1,6,1,85.09,37,0,Low
C5020,Tammy Melton,2074,Pending,False,1346.93,2,4,1,7.42,114,0,Low
C1074,Alexis Benson,2726,Verified,False,1981.27,10,12,1,1059.0,38,0,Low
C4272,Jerry Johnson,967,Verified,False,2209.05,1,21,1,158.04,87,1,Low
C302,Joshua Harris,842,Verified,False,19473.44,1,5,20,375.73,116,0,High (Network Risk)
C2838,Deanna Webb,2496,Verified,False,1571.19,1,4,1,88.26,77,0,Low
C5046,Brenda Hale,454,Pending,False,17680.87,1,10,1,61.02,51,0,Low
C2621,Kevin Alvarado,954,Verified,False,2798.79,1,2,1,130.86,88,0,Low
C527,Christopher Campbell,2041,Verified,False,1788.94,2,2,1,2757.32,43,0,Low
C2804,Lisa Brown,3126,Verified,False,1363.79,1,4,2,200.21,109,0,Low
C2488,Alejandra Price,1922,Verified,False,904.63,1,9,1,189.19,55,0,Low
C3986,Samuel Keller,3176,Verified,False,2210.97,3,3,1,30.61,56,0,Low
C4832,Alicia Dillon,1613,Verified,False,2480.58,1,7,2,32.95,81,0,Low
C5516,Crystal James,1795,Verified,False,2683.92,2,1,1,53.7,76,0,Low
C1179,Ariana Stewart,2247,Verified,False,24141.8,1,12,1,373.53,111,1,Low
C2923,Kim Lopez,2128,Verified,False,10552.22,1,23,1,241.89,103,0,Low
C1899,Judith House,1449,Verified,False,2895.03,1,3,2,7.66,52,0,Low
C3513,David Moreno,1313,Pending,False,1761.0,1,10,5,290.51,109,0,High (Network Risk)
C1776,James Moore,2218,Verified,False,644.32,1,6,1,436.64,52,0,Low
C3608,Harold Garrett,3201,Verified,False,3437.61,2,8,2,359.35,94,1,Low
C500,William Mason,2946,Verified,False,7115.58,1,6,2,349.06,104,0,Low
C5504,Lori Johns,3242,Verified,False,9770.4,10,55,20,362.59,82,0,High (Network Risk)
C277,Robin Johnson,3195,Verified,False,1510.56,2,3,1,257.39,52,0,Low
C22,Diana Hernandez,2271,Verified,False,680.83,1,3,1,20.04,2,5,High (ATO Risk)
C369,Mary Miller,208,Verified,False,2663.06,1,17,1,633.73,108,0,Low
C4633,Tyler Salazar,439,Verified,False,4272.12,1,1,1,1964.59,51,0,Low
C3405,Crystal Allen,2694,Verified,False,1897.19,1,7,1,991.43,43,1,Low
C2000,Wesley Browning,1882,Verified,False,4234.16,1,7,1,223.92,87,0,Low
C3829,Joshua Clark,554,Verified,False,2354.57,1,7,1,132.85,105,0,Low
C1238,Joshua Mcbride,2514,Verified,False,3085.44,2,12,1,57.9,94,0,Low
C458,Ellen Thornton,48,Verified,False,3344.29,2,5,1,8.92,58,0,Low
C4183,Brandy Forbes,3407,Failed,False,2455.42,1,12,1,632.91,73,0,Medium (Compliance)
C5545,Brianna Fitzpatrick,3320,Verified,False,732.61,10,36,5,16.06,64,0,High (Network Risk)
C1450,Emily Grant,3408,Pending,False,8864.32,1,6,1,86.65,115,0,Low
C459,Bailey Stewart,1180,Verified,False,1458.62,1,1,1,83.89,83,10,Low
C1536,Monica Cannon,2847,Verified,False,255.32,1,6,5,977.0,44,0,High (Network Risk)
C2561,Jennifer Jenkins,1124,Verified,False,2328.54,1,6,1,402.05,34,0,Low
C1032,Timothy Shannon,47,Verified,False,3754.69,1,10,2,59.04,76,1,Low
C2056,Denise Maxwell,1559,Verified,False,6656.92,1,1,20,125.2,69,0,High (Network Risk)
C4579,Cody Farmer,1493,Verified,False,3165.19,1,9,1,108.63,90,1,Low
C2709,Debra Bradley,1084,Verified,False,2783.43,1,5,1,378.34,76,0,Low
C3781,David Mcdaniel,3406,Verified,False,2996.43,1,14,1,32.59,114,0,Low
C4380,Michael Woods,1293,Verified,False,1271.2,1,4,1,230.81,98,0,Low
C244,Lisa Joseph,1374,Verified,False,1826.78,1,14,1,109.46,53,0,Low
C3621,Samuel Henry,3367,Verified,False,6190.54,1,2,1,5857.8,106,0,Low
C2442,Corey Johnson,2209,Pending,False,1551.01,1,7,1,45.41,52,0,Low
C5087,Alexis Nelson,3470,Pending,False,2970.27,1,3,5,931.01,93,0,High (Network Risk)
C1390,Patrick Mcneil,3037,Verified,False,1686.47,1,5,1,78.68,73,0,Low
C569,Andrea Ho,464,Verified,False,1373.6,1,65,1,129.61,1,0,High (Network Risk)
C3759,Dr. Katherine Nguyen,738,Verified,False,2148.04,1,3,1,1135.67,93,0,Low
C4304,David Sullivan,1891,Verified,False,2182.58,2,5,1,338.64,58,0,Low
C710,Nicolas James,719,Verified,False,2250.7,1,2,1,126.0,58,1,Low
C3574,Logan Newton,1985,Pending,False,3416.82,1,5,1,87.61,30,1,Low
C1780,Kelly Liu,3376,Verified,False,384.71,1,6,1,1199.69,75,0,Low
C4377,Kelly Hayes,2090,Verified,False,1704.06,2,4,1,87.14,117,0,Low
C3838,Amanda Forbes,3056,Verified,False,4506.51,2,26,1,86.9,41,1,Low
C3433,Jennifer Moss,206,Verified,False,10440.82,1,18,5,53.69,97,0,High (Network Risk)
C4982,Kelli Mccoy,1591,Verified,False,779.42,3,3,1,2242.19,113,0,Low
C4566,Eddie Sanders,1085,Verified,False,864.85,1,14,1,22.58,92,0,Low
C1816,Ronald Murray,3348,Verified,False,3211.81,3,5,1,228.72,47,0,Low
C639,Louis Brown,2901,Verified,False,7128.86,1,2,2,245.73,54,0,Low
C485,Brenda Gallegos,2054,Verified,False,1205.02,1,4,1,24.64,52,0,Low
C3210,Nathan Wilson,3557,Verified,False,420.84,1,2,2,99.01,30,1,Low
C2366,Teresa Horton,799,Failed,False,3267.11,1,15,1,85.03,3,0,Medium (Compliance)
C1855,Jason Hayes,843,Verified,False,1090.66,2,3,2,60.05,78,1,Low
C4961,Kevin Marquez,1289,Verified,False,12506.86,1,20,5,174.17,42,0,High (Network Risk)
C1518,Jesse Wright,3440,Verified,False,2284.87,1,8,1,237.62,110,0,Low
C3324,Susan Hogan,2972,Verified,False,798.55,1,5,1,96.5,116,0,Low
C444,Becky Wilson,421,Verified,False,1053.44,3,4,2,3017.71,37,1,Low
C2825,Jack Mills,1999,Verified,False,2964.01,3,30,1,55.39,88,0,Low
C3036,Richard Hunt,2126,Verified,False,1831.98,1,7,1,219.33,94,0,Low
C3987,Jamie James,96,Verified,False,2828.96,1,4,1,178.32,89,5,Low
C2962,Susan Cunningham,999,Verified,False,47526.44,1,14,5,370.65,95,0,High (Network Risk)
C2378,Brittany Melton,1862,Verified,False,897.57,1,11,2,204.3,48,1,Low
C2253,Michael Barnes,1531,Verified,False,5431.56,3,3,1,42.36,37,0,Low
C2542,Randy Griffin,49,Verified,False,9613.4,2,7,1,395.06,60,0,Low
C3760,Autumn Anderson,2607,Verified,False,8428.43,2,1,1,153.36,99,0,Low
C314,Marcus King,604,Verified,False,933.95,1,7,1,648.02,47,0,Low
C5460,Scott Stephens,2510,Verified,False,2839.98,2,9,5,482.74,89,0,High (Network Risk)
C891,Stephen Young,2384,Verified,False,605.18,3,10,1,367.42,37,5,Low
C4271,Karen Ortiz,1647,Verified,False,5617.39,3,3,1,603.82,2,0,Low
C5440,Kyle Sanchez,2273,Verified,False,1609.2,1,4,1,63.82,68,1,Low
C2137,Lisa Grant,993,Verified,False,3556.9,1,9,1,171.27,54,1,Low
C1200,Amber Hernandez,1977,Verified,False,10067.28,3,20,1,789.71,1,0,Low
C5204,Amanda Nash,3522,Verified,True,3251.07,10,40,1,212.17,50,5,High (Network Risk)
C1775,Sara Evans,2263,Verified,False,3194.95,1,4,1,46.99,90,10,Low
C1068,Amber Butler,227,Verified,False,2054.13,1,16,1,31.41,38,0,Low
C2570,Michael Carr,1506,Pending,False,9016.88,1,8,1,474.88,69,1,Low
C4308,Linda Cobb,2221,Verified,False,1481.04,2,8,1,64.99,86,0,Low
C2006,Jesse Riley,23,Verified,False,3951.8,2,13,1,137.69,119,0,Low
C2399,Anna Evans,2108,Verified,False,4599.54,2,6,1,1231.93,95,0,Low
C4822,James Jones,2404,Verified,False,5518.5,1,3,1,42.15,73,0,Low
C788,Joshua Carter,1694,Verified,False,3558.24,3,6,1,878.36,2,0,Low
C3414,Michael Hill,2634,Verified,False,961.13,1,17,1,33.11,70,0,Low
C442,Kelly Dominguez,3514,Verified,False,2608.2,1,33,5,897.0,40,10,High (Network Risk)
C3541,Ashley Blair,2049,Verified,False,496.21,1,2,1,192.03,53,0,Low
C5355,Victoria Webb,3343,Verified,False,2043.75,2,56,5,11.46,39,0,High (Network Risk)
C2922,Taylor Andersen,2217,Verified,False,5002.23,2,5,1,23.92,85,0,Low
C5151,Lee Stewart,2920,Failed,False,7111.2,2,7,2,40.91,41,0,Medium (Compliance)
C1805,Whitney Gomez,679,Pending,False,1395.07,2,28,1,181.43,103,0,Low
C151,Justin Stone,3431,Verified,False,20510.3,1,5,1,803.44,35,0,Low
C3290,Katherine White,923,Verified,False,566.09,2,5,1,266.15,116,0,Low
C2196,Michelle Krause,83,Verified,False,4219.78,1,4,1,40.81,106,0,Low
C3958,Alexander Garrett,1973,Verified,False,4657.89,2,7,1,1298.26,42,0,Low
C4562,Ryan Marsh,3584,Verified,False,4741.08,2,9,1,135.35,65,0,Low
C1219,Mrs. Felicia Castro DDS,1053,Verified,False,3970.86,1,4,1,37.64,32,0,Low
C1484,Curtis Campbell,226,Verified,False,2903.5,1,23,1,124.77,105,0,Low
C3869,Elizabeth Hunter,821,Verified,False,14549.17,1,4,1,150.68,118,0,Low
C2658,Aaron Jennings,2102,Verified,False,948.88,2,11,1,41.25,78,0,Low
C756,Nathaniel Gilbert,2849,Verified,False,1938.22,1,7,1,618.59,67,0,Low
C1547,Christopher Rivera,3601,Verified,False,3022.49,1,19,1,86.24,90,0,Low
C2446,Michael Hendricks,2248,Verified,False,2335.87,2,3,1,42.78,90,0,Low
C5146,Maria Olson,2588,Failed,False,1060.6,1,11,1,370.83,68,0,Medium (Compliance)
C5416,Stephanie Herrera,374,Pending,False,4953.22,3,57,5,268.86,115,0,High (Network Risk)
C5403,Richard Gutierrez,2951,Verified,True,3469.09,2,2,20,483.49,116,0,High (Network Risk)
C1879,Sandy Evans,3061,Verified,False,14516.41,1,3,1,467.17,32,0,Low
C4173,Emily Herrera,645,Verified,False,6107.75,1,39,1,55.1,104,0,High (Network Risk)
C5390,Michael Marsh,1946,Verified,False,8020.71,2,53,1,124.82,45,5,High (Network Risk)
C1300,Heather Montes,3021,Verified,False,7717.84,1,8,2,5.09,115,0,Low
C4151,Andre Terrell,2742,Failed,False,986.9,1,5,1,181.91,101,10,Medium (Compliance)
C2023,Sarah Duncan,1610,Verified,False,1958.58,1,27,1,212.78,67,0,Low
C2050,Kurt Hancock,2000,Verified,False,2016.04,2,2,1,109.58,91,0,Low
C2729,Michele Edwards,1262,Verified,False,8456.94,1,19,1,35.23,58,0,Low
C558,Jason Crawford,1732,Verified,False,3300.91,2,2,1,724.05,70,0,Low
C1299,Jesse Sampson,1105,Verified,False,2884.69,1,2,1,24.16,58,0,Low
C2765,Eric Rodriguez,2595,Verified,False,2694.89,1,3,1,1413.53,116,1,Low
C4013,Paula Gentry,2792,Verified,False,8414.1,1,6,2,15.19,1,0,Low
C4414,Alexander Webb,1728,Verified,False,1069.16,1,4,1,99.68,89,0,Low
C1194,Cheryl Mclean,629,Verified,False,3006.53,2,3,1,4.86,59,0,Low
C3837,Kelly Rowe,2342,Verified,False,12869.17,1,3,2,47.7,32,0,Low
C2072,Shane Short,573,Verified,False,4841.35,1,3,2,213.09,46,0,Low
C4195,Megan Anderson,2072,Verified,False,2004.47,2,3,1,237.84,39,0,Low
C4841,Julia Reeves,644,Verified,False,3828.93,1,8,1,103.36,54,0,Low
C4305,April Randolph,2614,Verified,False,682.54,2,4,1,69.74,109,0,Low
C1218,Linda Miller,1776,Verified,False,1491.39,1,0,1,5117.07,87,0,Low
C2271,Angel Meyer,2860,Verified,False,2130.22,2,7,1,131.09,116,0,Low
C1350,Emily Lane,2526,Verified,False,969.32,1,13,1,10418.55,54,0,Low
C3826,Steven Flores,2582,Pending,False,5749.33,1,5,1,1480.01,52,0,Low
C1408,Donald Flores,1168,Verified,False,899.81,2,2,1,54.38,73,0,Low
C1928,Bruce Hernandez,3365,Verified,False,9553.3,1,13,1,71.59,50,5,Low
C2644,Adrian Dean,1935,Verified,False,4984.23,2,2,1,1678.86,110,0,Low
C5538,Christine Bell,3429,Verified,False,1517.45,3,5,1,18.42,33,0,Low
C2967,Charles Bush,2503,Verified,False,1749.19,2,7,1,1214.84,88,0,Low
C2470,David Jones,397,Pending,False,2888.95,1,17,1,125.27,40,0,Low
C4184,Gina Wallace,1028,Verified,False,7151.37,2,11,1,3.58,92,0,Low
C5105,John Lowe,2227,Pending,False,2724.21,2,30,20,27.13,51,0,High (Network Risk)
C5161,Anthony Simmons,145,Verified,False,7912.7,1,15,1,103.63,96,0,Low
C954,Kyle Watkins,2126,Verified,False,2880.63,1,2,1,68.46,111,0,Low
C5523,Melissa Jensen,3083,Verified,False,5540.33,2,26,1,50.45,53,5,Low
C2511,Robert Marquez,172,Verified,False,12381.44,1,0,1,16.08,42,0,Low
C3128,Kim Beltran,174,Verified,False,3614.64,1,23,1,140.75,74,0,Low
C4487,Julie Anderson,1403,Verified,False,1018.32,3,3,1,1465.39,36,0,Low
C4412,Tamara Mcdonald,3446,Verified,False,2409.39,1,10,1,1414.15,104,0,Low
C2637,Michael Mckinney,969,Verified,False,20216.94,3,23,1,907.7,118,0,Low
C4704,David Walker,1112,Verified,False,1753.8,1,11,1,113.77,119,0,Low
C1371,Lisa Durham,1533,Verified,False,467.47,1,9,1,919.41,39,1,Low
C3079,Michael Ortega,791,Verified,False,1129.37,1,14,1,13.93,1,1,Low
C936,Sonya Chavez,2816,Verified,False,2300.72,1,2,2,373.19,45,0,Low
C5021,John Bell,2283,Verified,False,4725.41,3,2,1,1618.15,43,10,Low
C3590,Christopher Tate,1058,Verified,False,9131.12,2,9,1,451.98,2,0,Low
C4256,Bethany Garcia,2026,Verified,False,1293.3,2,6,1,13.03,80,0,Low
C2993,Rebecca Nguyen,3374,Verified,False,10993.87,1,5,1,38.77,54,0,Low
C2667,Rebecca Patel,3451,Verified,False,5968.52,10,19,1,55.88,90,5,Low
C5558,Jason Oliver,3211,Verified,False,8397.16,2,18,1,29.35,67,0,Low
C1128,Valerie Reyes,1712,Verified,False,7792.6,1,3,1,90.54,1,0,Low
C3946,Robert Garza,2310,Verified,False,1989.28,1,10,1,127.59,67,1,Low
C3172,Jessica Cobb,761,Verified,False,17624.11,1,2,20,104.99,85,0,High (Network Risk)
C3576,Cynthia Bates,3600,Verified,False,10822.26,1,2,1,38.28,81,0,Low
C4610,Timothy Andrews,2520,Verified,False,3208.19,2,3,1,780.33,104,0,Low
C4295,Mr. Joel Peters,53,Verified,False,11945.7,3,7,5,112.72,31,0,High (Network Risk)
C1743,Casey Blanchard,3456,Verified,False,40681.12,1,4,1,17.48,44,0,Low
C3625,Brian Cervantes,1281,Verified,False,7947.64,1,10,2,75.83,102,0,Low
C4037,Jamie Snyder,905,Verified,False,433.71,1,7,2,63.98,50,0,Low
C3999,Ann Montoya,906,Verified,False,589.2,2,18,1,9.63,62,5,Low
C4411,Stephanie Fields,598,Verified,False,3988.53,1,11,20,83.33,76,0,High (Network Risk)
C5594,Charles Hernandez,520,Verified,False,1210.07,3,3,20,1016.32,119,0,High (Network Risk)
C1203,Jean Lane,1324,Verified,False,1448.0,1,15,1,101.35,109,10,Low
C4882,Michael Stewart,2802,Verified,False,3804.81,3,3,1,112.11,106,0,Low
C2588,Susan Torres,2049,Verified,False,2067.77,1,10,1,337.93,82,0,Low
C2616,Jessica Haas,1863,Failed,False,7089.55,1,4,1,60.6,31,0,Medium (Compliance)
C1703,Brandon Smith,1724,Verified,False,8042.56,1,21,1,28.83,47,0,Low
C4336,Mrs. Bethany Phillips,3369,Verified,False,1075.38,3,13,1,424.44,105,0,Low
C2547,Joshua Brown,2977,Verified,False,3994.58,2,4,1,143.77,62,0,Low
C2093,Samantha Howard,1446,Verified,False,1836.65,2,5,1,11.33,48,0,Low
C1048,Sharon Young,3384,Verified,False,6200.04,2,101,1,273.87,47,0,High (Network Risk)
C4939,Jennifer Flores,3501,Verified,False,2424.81,1,2,1,238.4,30,0,Low
C62,James Gardner,3259,Verified,False,7653.0,2,4,1,10.75,69,0,Low
C1011,Karen Lopez,2330,Verified,False,2786.43,2,4,1,4.1,34,0,Low
C2612,Tim Larsen,1597,Verified,False,14453.65,1,2,1,54.45,49,0,Low
C2388,Zachary Santiago,1342,Verified,False,3900.13,2,3,1,6715.29,107,0,Low
C1028,Benjamin Smith,2606,Verified,False,647.76,1,6,1,5228.39,83,0,Low
C1697,Katelyn Kim,2371,Verified,False,5253.21,2,10,2,1435.82,61,0,Low
C5578,Angela May MD,119,Pending,False,2208.98,3,2,1,47.77,78,10,Low
C3030,Richard Munoz,3242,Verified,False,394.26,1,4,1,42.67,59,1,Low
C4773,Christopher Hicks,618,Verified,False,2153.83,2,3,1,21.14,96,0,Low
C3209,Joanna Kelly,205,Pending,False,5179.95,1,2,1,23.22,102,0,Low
C3383,Larry Lane,2738,Verified,False,6482.28,1,16,1,375.93,2,0,Low
C616,Cynthia Shaw,1591,Verified,False,5808.98,1,4,2,2003.52,119,0,Low
C960,Joshua Richardson,2847,Verified,False,2924.28,2,2,1,101.65,34,0,Low
C1614,Laura Bush,193,Verified,False,2059.21,3,14,1,65.24,110,0,Low
C4864,John Vaughn,3463,Verified,False,1205.52,2,20,1,37.09,81,0,Low
C4600,Nicholas Terrell,2279,Verified,False,6910.7,1,8,1,107.16,116,0,Low
C1201,Dr. Julie Miller,244,Failed,True,6018.18,2,3,1,40.73,75,1,Medium (Compliance)
C3013,Ann Kennedy,47,Verified,False,1652.39,1,5,1,17.92,37,0,Low
C1231,Toni Miller,1565,Verified,False,13031.65,1,4,1,194.52,88,0,Low
C4059,Rebecca Edwards,1875,Pending,False,7391.91,1,7,1,44.38,66,0,Low
C3227,Greg Osborne,680,Verified,False,7488.38,1,13,1,67.46,112,0,Low
C1960,Jose Harrison,718,Verified,False,2919.84,1,7,2,151.65,51,0,Low
C4608,Jennifer Yu,96,Verified,False,22262.26,1,7,1,6.65,33,0,Low
C4999,Donna Johnson,718,Verified,False,1327.68,1,4,2,14.9,85,0,Low
C4337,Nicole Acosta,1272,Verified,False,354.94,1,12,1,180.65,74,0,Low
C1049,Amy Kennedy,2707,Verified,False,7415.13,1,9,1,25.9,3,0,Low
C5351,Anthony Mooney,2453,Verified,False,7833.79,1,1,20,159.55,81,0,High (Network Risk)
C3026,Lori Mitchell,623,Verified,False,7008.9,1,1,2,49.35,116,0,Low
C5214,Jonathan York,1131,Pending,False,10364.61,3,5,1,225.6,105,0,Low
C4571,Casey Campbell,210,Verified,False,9523.46,1,16,1,13.45,89,0,Low
C2670,Alexis Rodriguez,3413,Pending,False,10035.68,1,18,1,42.74,106,0,Low
C5466,Kevin Hernandez,1414,Verified,False,4448.37,1,13,20,1645.65,99,0,High (Network Risk)
C1524,Robert Green,2771,Verified,False,4451.4,1,6,1,257.98,83,0,Low
C4630,Kari Lloyd,1636,Verified,False,3480.76,1,23,5,596.23,108,0,High (Network Risk)
C2894,Grace Miller,960,Verified,False,8864.89,1,4,1,150.36,64,0,Low
C2428,Timothy Moore,1279,Verified,False,1508.9,1,5,1,22.04,69,0,Low
C4991,Wyatt Townsend II,3484,Verified,False,2631.63,1,2,1,48.92,56,0,Low
C1454,Mark Clark,1888,Verified,False,1049.64,2,5,1,55.55,79,0,Low
C3927,Haley May,2577,Pending,False,5768.98,1,3,1,55.83,83,0,Low
C3662,Audrey Jackson,1331,Verified,False,15555.41,1,25,1,1057.08,108,1,Low
C3309,Eric Reese,438,Verified,False,1333.44,1,21,1,105.47,30,0,Low
C1868,Kim James,1077,Verified,False,582.68,2,7,1,18.38,65,5,Low
C820,Karen Thomas,2420,Verified,False,2824.98,1,10,1,53.37,55,0,Low
C4408,Alexandra Ho,1846,Verified,False,4098.44,1,4,2,272.37,63,1,Low
C4267,Michael Nixon,2767,Verified,False,2558.4,1,0,1,15.26,78,1,Low
C4623,Amanda Hardin,115,Verified,False,902.25,1,4,1,758.81,105,1,Low
C1653,Tina Reynolds,1209,Verified,False,9012.59,2,13,1,1313.45,56,0,Low
C5110,Shannon Rogers,78,Verified,False,4188.61,10,10,5,41.78,108,0,High (Network Risk)
C1829,Brett Pena,739,Verified,False,18151.0,1,5,1,326.48,116,0,Low
C2163,Raymond Curry,3187,Verified,False,7915.38,1,13,1,612.28,98,0,Low
C1222,Leah Lee,1118,Verified,True,1288.05,10,5,1,32.0,30,0,Medium (Compliance)
C3348,Michael White,2425,Verified,False,4834.04,2,2,1,78.8,72,0,Low
C1094,Megan Decker,82,Verified,False,5418.49,2,13,1,98.0,73,1,Low
C404,Brent Garcia,1255,Pending,False,15300.97,1,4,1,258.46,67,0,Low
C1320,Daniel Campbell,1193,Verified,False,1682.73,1,16,1,1318.9,110,0,Low
C1416,Alexander Davis,1284,Verified,False,857.66,2,1,1,99.2,40,1,Low
C4413,Mary Houston,2364,Verified,False,3090.09,1,4,1,14.88,3,5,High (ATO Risk)
C3997,Margaret Erickson,1301,Verified,False,2454.1,1,11,1,10.29,59,0,Low
C779,Scott Anderson,66,Verified,False,2389.76,2,10,1,45.97,49,0,Low
C3460,Stephanie Knight,3157,Verified,False,4173.43,1,6,1,94.6,50,0,Low
C3406,Stephanie Dominguez,2407,Verified,False,180.22,2,9,5,871.5,110,0,High (Network Risk)
C5297,John Mayer,3547,Verified,True,963.74,2,8,1,10.66,4,0,Medium (Compliance)
C2812,Tammy Hill,2799,Verified,False,3380.54,2,2,1,109.69,34,0,Low
C526,Steven Carrillo,1096,Verified,False,2746.79,2,5,1,1328.12,97,0,Low
C3183,Christopher Jones,3161,Verified,False,22110.63,1,8,1,260.94,91,0,Low
C4082,Janet Cook,2549,Verified,False,3016.47,2,11,1,22.41,89,0,Low
C4342,Tyler Baker,1060,Verified,False,768.94,2,7,2,185.42,84,0,Low
C5449,John Mcfarland,908,Verified,False,1489.46,2,4,5,131.66,36,0,High (Network Risk)
C2577,Cassandra Vasquez,109,Verified,False,8044.02,2,2,1,916.24,117,0,Low
C4042,Randy Robinson,2690,Verified,False,2314.99,3,13,1,417.94,44,0,Low
C3802,Susan Baldwin,410,Verified,False,390.22,2,12,1,211.01,44,0,Low
C2266,Benjamin Duncan,3470,Verified,False,5806.29,2,16,1,320.61,62,0,Low
C679,Jeremy Mosley,945,Verified,False,9381.31,1,3,1,146.6,45,0,Low
C1210,Martin Fitzpatrick,135,Verified,False,2678.98,3,8,1,43.56,2,0,Low
C1991,Deborah Graves,3211,Verified,False,1723.24,2,4,20,405.26,65,5,High (Network Risk)
C1834,Laura Robertson,234,Verified,False,6982.97,1,7,1,49.91,106,0,Low
C5165,Katherine Graham,1364,Pending,False,406.38,10,26,1,235.06,31,0,Low
C2310,Priscilla Floyd,2906,Verified,False,6357.24,1,15,2,390.63,33,0,Low
C4770,April Finley,1402,Verified,False,3105.29,2,4,1,20.86,73,0,Low
C5022,Karen Bradley,1652,Verified,False,7215.96,3,6,5,97.52,50,0,High (Network Risk)
C5226,Heather Maldonado,2634,Pending,False,961.87,1,49,1,1407.6,88,0,High (Network Risk)
C3389,Mark Benjamin,2026,Verified,False,2813.15,1,8,1,1008.68,109,0,Low
C5310,Joseph Woodward,764,Verified,False,7890.48,1,2,1,259.75,46,0,Low
C2389,Joe Miranda,1422,Verified,False,5163.04,10,9,1,103.73,4,10,High (ATO Risk)
C1660,Cassandra Williams,1335,Pending,False,246.15,1,1,1,90.28,4,0,Low
C3657,Connor Dominguez,198,Verified,False,7000.09,1,1,1,49.66,50,1,Low
C1827,Lydia Howard,3035,Pending,False,8657.96,2,36,1,121.89,112,0,High (Network Risk)
C4345,Mark Moss,1469,Failed,False,4549.05,1,5,2,939.72,82,0,Medium (Compliance)
C3542,Corey Cortez,1149,Verified,False,3201.13,1,23,1,52.63,34,0,Low
C3863,Katherine Brown,543,Verified,False,8151.94,1,3,5,20.01,116,0,High (Network Risk)
C1257,Elizabeth Ferguson,1699,Verified,False,3376.79,2,1,1,586.07,93,0,Low
C890,Joann Forbes,1185,Verified,False,503.99,2,3,1,77.94,114,0,Low
C1602,Anthony French,681,Verified,False,1430.51,1,63,1,30.73,74,0,High (Network Risk)
C2328,Bruce Roman,630,Verified,False,14018.59,1,2,1,141.4,77,0,Low
C4266,Judy Gregory,3409,Verified,False,2355.14,1,30,2,81.55,30,0,Low
C2964,Brittany Riley,3124,Verified,False,3762.03,1,9,2,145.47,39,0,Low
C1189,Amanda Thomas,2322,Verified,False,561.45,1,8,1,280.11,4,0,Low
C5066,Kaitlin Hardin,914,Verified,False,5124.06,1,4,1,228.22,43,5,Low
C24,Michael Anderson,335,Verified,False,5452.24,1,3,1,262.23,36,1,Low
C1677,Anthony Parker,2133,Verified,False,29324.85,2,11,1,161.9,58,0,Low
C5065,Joy Jackson,326,Verified,False,6679.91,1,21,1,9.11,88,10,Low
C547,Sabrina Rodriguez,3596,Verified,True,7843.36,1,8,1,148.56,107,0,Medium (Compliance)
C122,Robert Walker PhD,2200,Verified,False,483.46,3,13,1,18.89,49,5,Low
C3233,Robert Hendrix,3613,Verified,False,1706.18,1,5,1,44.38,101,1,Low
C2029,Erika Daugherty,2099,Verified,False,24765.9,2,42,2,45.38,3,0,High (Network Risk)
C1423,Brenda Copeland,2389,Verified,False,7369.46,1,8,2,308.02,117,0,Low
C3169,Pamela Watkins,1722,Verified,False,4835.9,2,37,1,8.93,72,0,High (Network Risk)
C4753,Bryan Thomas,1126,Verified,False,18585.84,1,3,1,96.87,75,0,Low
C214,Michael Tran,37,Verified,False,1289.28,3,7,1,113.12,47,0,Low
C2799,Timothy Williams,1842,Verified,False,4390.22,2,17,1,416.88,82,5,Low
C2865,Ryan Salazar,3280,Verified,False,4883.07,1,8,1,151.21,96,0,Low
C2749,Alexis Tucker,1851,Pending,False,2623.03,1,11,1,295.39,4,1,Low
C2164,Christopher Davis,2629,Verified,False,722.67,2,3,1,154.8,30,0,Low
C434,Stacie Butler,3199,Verified,False,13353.38,1,5,1,1694.91,76,0,Low
C3894,Patricia Schwartz,1356,Pending,False,3290.15,1,3,1,68.03,4,0,Low
C5512,Mark Mills,2621,Verified,False,4671.51,2,6,5,4309.4,95,0,High (Network Risk)
C2641,Todd Bishop,2010,Verified,False,1506.1,1,6,1,56.83,82,0,Low
C1262,Christopher Porter,3222,Verified,False,1451.49,1,4,1,421.96,33,0,Low
C2005,Lori Patton,2483,Verified,False,2143.05,1,12,2,1294.19,50,0,Low
C1458,Aaron Young,59,Verified,False,2376.86,1,3,1,99.45,109,0,Low
C1109,Joseph Davis,140,Verified,False,9153.93,1,1,2,118.17,107,0,Low
C1496,Philip Fernandez,3553,Verified,False,4389.32,1,4,1,17.56,85,0,Low
C2118,Randy Hopkins,1452,Verified,False,1110.08,3,41,1,21371.61,119,0,High (Network Risk)
C3983,Cory Hogan,2493,Verified,False,664.38,1,11,1,97.2,58,0,Low
C687,Tracy Wells,3269,Verified,False,7628.08,2,3,2,1134.99,108,0,Low
C4454,Michael Williams,3396,Verified,False,8482.69,2,10,1,46.83,59,0,Low
C4732,Dominique Hamilton,2686,Verified,False,2197.89,2,6,1,16.69,30,0,Low
C4573,Robert Chang,2888,Verified,False,1591.46,1,10,2,52.93,119,0,Low
C4399,Patrick Buckley,2810,Verified,False,3147.97,1,14,1,181.19,79,5,Low
C1245,Richard Washington,2570,Verified,False,3163.41,1,8,2,165.86,56,0,Low
C5240,Steven Griffith,3511,Pending,False,3948.64,3,25,1,51.96,80,0,Low
C2939,Erika Gonzalez,266,Verified,False,8691.0,2,24,2,70.79,80,0,Low
C3154,Erika Maxwell,1009,Verified,False,8016.61,1,11,1,173.49,109,0,Low
C2097,Brent Rojas,528,Verified,False,7102.07,2,8,1,43.1,62,0,Low
C2863,Jaime Walker,2860,Pending,False,1079.94,1,7,1,69.44,104,0,Low
C4265,John Zamora,765,Failed,False,5051.91,1,4,1,27.71,79,0,Medium (Compliance)
C4934,Timothy Gibson,563,Verified,False,4172.05,1,2,1,461.65,105,0,Low
C3114,Chad Cortez,1791,Verified,False,829.46,1,12,1,19.67,3,0,Low
C1510,Vanessa Harris,691,Verified,False,2052.15,3,20,1,89.84,35,0,Low
C75,Michael Brown,2824,Verified,False,4900.49,1,10,1,318.32,73,0,Low
C7,Samuel Ellis,1547,Verified,False,723.8,1,11,1,357.1,57,0,Low
C5248,Greg Tanner,860,Pending,False,1646.77,1,45,5,26.08,37,0,High (Network Risk)
C790,Rachel Little,2100,Verified,False,3274.2,2,4,2,467.0,77,0,Low
C70,Carolyn Cordova,3578,Verified,False,1957.07,2,2,1,293.19,35,0,Low
C1785,Angelica Vincent,2706,Verified,False,8790.25,1,6,2,395.24,77,0,Low
C3603,Zachary Vargas PhD,2426,Verified,False,6244.75,1,16,1,123.27,106,0,Low
C3536,Nicholas Fitzgerald,2528,Verified,False,807.04,1,4,1,286.94,88,0,Low
C2919,Garrett Riley,2699,Verified,False,1259.38,1,6,1,361.63,106,0,Low
C4609,Leslie Hernandez,2281,Verified,False,9337.77,1,12,1,6084.78,117,0,Low
C1088,Abigail Baird,3290,Verified,False,5273.03,1,19,1,11.19,2,0,Low
C3631,John Mack,972,Verified,False,166.73,1,1,1,274.11,102,1,Low
C2221,Joseph Mendoza,1874,Verified,False,12404.22,1,5,2,440.5,85,0,Low
C1684,Samantha Chavez,2638,Verified,False,3026.09,1,4,1,231.2,89,0,Low
C695,Justin Smith,530,Verified,False,2871.99,1,3,1,676.38,57,0,Low
C3087,Tiffany Anderson,1743,Verified,False,1230.24,1,5,2,624.97,106,0,Low
C5061,Matthew Davis,1561,Verified,True,10540.63,10,1,5,253.93,108,0,High (Network Risk)
C2042,Eric Warner,1119,Verified,False,5014.86,1,5,1,127.72,81,0,Low
C2602,Nicole Johnson,1935,Pending,False,2603.57,1,7,1,6.77,115,0,Low
C1012,Raymond Sawyer,2568,Verified,False,192.31,2,3,1,3860.12,114,0,Low
C1444,Richard Wood,3544,Verified,False,1830.19,3,5,1,4.69,56,0,Low
C2144,Mark Dalton,1624,Pending,False,1003.37,2,7,2,403.48,95,0,Low
C4922,Steven Cook,262,Verified,False,2015.53,1,8,1,268.89,67,10,Low
C1417,Jeffery Nelson,3590,Verified,False,1229.66,1,1,2,22.05,107,0,Low
C4188,Kimberly Norton,1200,Verified,False,6634.58,2,12,1,4805.27,4,0,Low
C1795,Angela Gilmore,1438,Verified,False,14024.8,2,13,1,628.3,105,0,Low
C5473,Amy Dougherty,2721,Verified,False,2769.59,3,51,1,256.86,68,0,High (Network Risk)
C2032,Stacy Rodriguez,1187,Verified,False,936.96,1,28,1,23.23,82,0,Low
C3720,Manuel Diaz,2575,Verified,False,2086.12,1,10,1,1649.77,82,0,Low
C4607,Justin Jones,36,Verified,False,1917.74,2,9,5,1827.94,88,0,High (Network Risk)
C3648,Christine Zavala,3049,Verified,False,14397.74,1,12,1,209.48,111,0,Low
C1491,Brian Mendoza,1904,Verified,False,3109.58,1,3,2,2615.23,81,0,Low
C212,Lauren Haley,3495,Verified,False,12715.96,1,5,1,228.04,112,0,Low
C2296,Patrick Perez,2206,Verified,False,723.32,2,12,1,296.54,40,0,Low
C1386,Derek Frazier,2059,Pending,False,2990.09,2,3,1,149.65,39,0,Low
C1525,Arthur Reed,1802,Verified,False,1053.48,2,5,1,505.64,86,0,Low
C366,Mr. Bryan Mckinney,3119,Verified,False,2628.81,1,11,1,376.12,94,0,Low
C2974,Kim Carter,655,Verified,False,4926.67,2,9,1,72.37,74,0,Low
C1886,Rebecca Dougherty,3513,Verified,False,661.07,1,7,1,28.67,41,0,Low
C3885,Teresa Jones,1336,Verified,False,1726.28,1,7,1,116.84,108,0,Low
C1804,Judith Miller,475,Verified,False,2462.42,1,6,1,467.35,59,0,Low
C5011,Donna Frye,559,Verified,False,3587.9,2,14,2,119.79,71,0,Low
C584,Donald Terry,2145,Verified,False,632.39,1,39,1,38.21,65,0,High (Network Risk)
C1053,Shaun Meyer DDS,3365,Verified,False,4489.7,1,9,1,138.31,50,0,Low
C3301,Wayne Weaver,1657,Verified,False,4650.12,1,20,1,26.44,111,0,Low
C3857,Gregory Wallace,682,Verified,False,8058.81,1,5,1,66.93,45,1,Low
C1987,Dorothy Brown,2815,Verified,False,606.06,2,4,1,10.02,62,0,Low
C3956,Crystal Meza,1084,Pending,False,2163.24,1,3,1,183.64,100,0,Low
C4363,Jennifer Cooper,729,Verified,False,2924.4,1,3,1,496.3,84,0,Low
C2337,Erin Watkins,2378,Failed,False,3596.75,2,5,1,160.14,32,0,Medium (Compliance)
C2471,Sarah Wallace,3133,Verified,False,3191.36,1,15,1,276.93,87,1,Low
C3024,Carlos Clarke,3462,Verified,False,1705.73,1,16,1,192.87,101,0,Low
C3056,David Washington,1632,Verified,False,3288.62,1,4,5,309.95,62,1,High (Network Risk)
C3008,Patricia Williams,3450,Failed,False,52077.25,2,5,1,371.54,101,0,Medium (Compliance)
C137,Jesus Jackson,1334,Verified,False,5255.17,2,7,2,383.45,92,0,Low
C1810,Michelle Mitchell,1798,Verified,False,634.09,1,8,1,849.01,75,0,Low
C3258,Sara Schwartz,2615,Verified,False,13622.68,2,11,1,13.34,77,0,Low
C4694,Brittany Young,3339,Verified,False,15617.39,1,5,2,482.4,86,0,Low
C3120,Eugene Martinez,1209,Verified,False,6819.38,2,6,5,106.93,59,0,High (Network Risk)
C5532,Cody Hart,886,Pending,False,10877.47,10,21,1,72.74,45,0,Low
C1478,Evan Cooper,3249,Verified,False,30849.18,1,5,1,8.16,71,0,Low
C844,Joshua Martin,502,Verified,False,3966.73,1,4,1,13.75,31,0,Low
C1010,Thomas Sullivan,3196,Verified,False,8595.21,1,6,1,69.86,48,0,Low
C3163,Mr. Jimmy Flores Jr.,1781,Verified,False,13657.91,1,7,2,42.67,67,0,Low
C2383,Vanessa Rivera,119,Verified,False,1382.15,2,2,20,660.86,33,0,High (Network Risk)
C2956,Kara Roberts,2679,Verified,False,13459.92,2,5,1,448.16,106,0,Low
C3670,Veronica Berry,670,Verified,False,3644.83,1,10,1,1414.83,62,0,Low
C1900,Keith Meadows,1682,Verified,False,7845.18,2,36,1,117.93,4,0,High (Network Risk)
C2628,Michael Dennis,2687,Verified,False,7483.05,2,4,5,396.19,1,0,High (Network Risk)
C1788,Brenda Pierce,1672,Verified,False,1519.97,2,13,2,13.99,101,0,Low
C1398,James Randall,1970,Verified,False,11660.86,1,8,2,5357.87,64,0,Low
C1137,Brandon Brown,752,Verified,False,1932.65,1,18,1,2196.15,53,0,Low
C2880,Lauren Walker,299,Failed,False,3935.37,2,4,1,42.82,109,0,Medium (Compliance)
C424,Diana Johnson,765,Verified,False,6854.97,1,17,1,1639.4,65,0,Low
C5125,Jill Powers,1497,Pending,True,5285.89,1,22,1,26.44,37,0,Medium (Compliance)
C3194,Jorge Lee,1063,Verified,False,1691.71,1,23,1,54.02,69,0,Low
C3178,Larry Harding,130,Verified,False,827.58,1,23,1,150.57,72,0,Low
C1753,Heather Hernandez,1641,Verified,False,1305.73,1,8,1,39.85,84,1,Low
C2701,Jaclyn Watson,947,Verified,False,6143.9,1,11,2,368.04,56,0,Low
C3651,Gregory Madden,2980,Verified,False,5098.17,1,5,1,817.41,103,0,Low
C3007,Anita Luna,643,Verified,False,2447.07,1,1,1,17.65,67,0,Low
C1707,Willie Lara,2112,Verified,False,2366.19,1,9,1,177.29,77,0,Low
C3256,Robert Waller,3015,Verified,False,2186.7,1,6,5,33.6,92,0,High (Network Risk)
C2870,Steven Taylor,1725,Verified,False,1001.64,1,15,20,224.11,101,0,High (Network Risk)
C1830,Angelica Clark,3127,Verified,False,7451.48,1,14,5,232.12,3,0,High (Network Risk)
C3061,Sean Hatfield,2706,Verified,False,986.48,1,3,2,57.07,31,0,Low
C1159,Tyler Avila,3014,Verified,False,3374.38,2,48,1,116.01,42,0,High (Network Risk)
C3523,Jason Rocha,1200,Verified,False,10646.22,1,10,1,173.27,80,0,Low
C4816,Justin Page,98,Failed,False,2875.14,1,2,1,53.18,33,0,Medium (Compliance)
C3677,Breanna Lopez,2727,Verified,False,14519.57,1,2,1,12.04,71,0,Low
C2458,Julian Williams,2729,Verified,False,1024.47,1,1,1,475.15,57,0,Low
C2242,Sandra Torres,3335,Verified,False,790.01,1,13,2,469.94,57,1,Low
C3897,Julie Johnson,2210,Verified,False,298.26,2,4,1,438.43,94,0,Low
C1485,Dennis Blanchard,1981,Verified,False,6344.42,1,3,1,33.47,86,0,Low
C775,Kaitlyn Valdez,2508,Verified,False,415.13,1,4,2,104.69,3,1,Low
C2116,Jennifer Vasquez,2680,Verified,False,14614.91,1,5,1,12.86,31,5,Low
C5398,Danielle Wilson,176,Verified,False,16876.02,1,11,5,3391.55,118,0,High (Network Risk)
C2764,Zachary Jones,2528,Verified,False,3892.29,2,1,1,20.23,117,0,Low
C2651,Lauren Cunningham,754,Verified,False,1327.34,2,3,1,970.32,50,0,Low
C4992,Lori Alvarez,1987,Verified,False,465.68,1,10,1,46.33,89,0,Low
C4854,Barbara Hunt,763,Verified,False,4441.98,1,4,1,233.72,112,0,Low
C4449,Sarah Martin,1661,Verified,False,2931.72,2,11,1,100.96,83,5,Low
C4446,Francisco Johns,591,Verified,False,3763.69,1,4,1,83.24,104,1,Low
C5584,Christopher Nelson,3214,Verified,True,5093.88,10,26,5,273.06,51,1,High (Network Risk)
C4000,Thomas Kelly,2092,Verified,False,997.93,1,8,1,64.86,99,0,Low
C3272,Joseph Mayer,105,Verified,False,2397.01,1,19,1,13.19,66,0,Low
C3799,Pamela White,1221,Verified,False,3466.91,2,11,1,115.74,92,0,Low
C2950,Paul Stephens,293,Pending,False,29121.87,1,11,1,789.72,51,0,Low
C2586,Samantha Cohen,1671,Verified,False,6531.75,2,4,2,152.13,31,0,Low
C4638,Michael Barker,877,Verified,False,3461.85,2,18,1,36.23,36,0,Low
C5445,Kevin Morrow,2625,Pending,False,1082.56,1,8,5,9393.55,99,1,High (Network Risk)
C5144,Joseph Watson,3498,Verified,True,10713.67,1,3,1,150.27,116,10,Medium (Compliance)
C3065,Mr. Thomas Garcia,1989,Verified,False,16190.26,1,1,1,41.45,48,0,Low
C4839,Daniel Lopez,25,Verified,False,660.94,1,8,1,3723.34,30,0,Low
C357,Lisa Guerra,1661,Verified,False,470.15,1,24,1,11.04,57,0,Low
C4754,Kim Arnold,3507,Verified,False,3169.11,1,3,1,36.66,105,0,Low
C1415,Ashley Stevens,3317,Verified,False,2461.16,2,3,2,687.03,49,0,Low
C2510,Robert Mclean,1944,Verified,False,12313.48,1,5,1,35.76,68,0,Low
C2182,Eric Cox,2328,Verified,False,963.51,1,17,20,444.09,3,0,High (Network Risk)
C55,Stacy Harper,1265,Verified,False,1159.28,1,1,1,537.78,111,0,Low
C216,Gloria Mckinney,2506,Verified,False,646.58,2,4,1,3303.75,49,0,Low
C1154,Robert Walker,3199,Verified,False,1094.96,1,3,1,730.89,108,5,Low
C5389,Brenda Perez,656,Verified,False,3508.38,2,11,2,74.66,3,0,Low
C2960,Carlos Miller,3387,Pending,False,650.68,2,6,1,49.17,36,0,Low
C671,Rachel Jones,2201,Verified,False,75917.95,2,5,1,30.45,2,0,Low
C694,Nicole Williams,238,Pending,False,239.87,2,6,1,27.81,44,0,Low
C4333,Ricky Palmer,1882,Verified,False,1726.16,2,13,1,268.04,87,5,Low
C5190,Bryan King,528,Failed,False,3754.74,1,18,2,10.32,35,0,Medium (Compliance)
C1468,Michael Webster,3443,Verified,False,10731.94,2,16,1,189.01,96,0,Low
C5116,Tamara Harris,3404,Verified,False,1078.03,3,11,20,8.22,33,1,High (Network Risk)
C5168,Cathy Bell,2703,Verified,True,470.5,1,22,20,218.29,58,1,High (Network Risk)
C3644,Ryan Mcmahon,694,Verified,False,1066.19,2,3,1,65.28,93,1,Low
C3111,Hannah Martin,3061,Verified,False,18642.7,1,10,1,383.52,79,1,Low
C5090,Monica Allen,3550,Verified,False,386.46,3,48,1,2.58,44,0,High (Network Risk)
C1055,Annette Lane,2402,Verified,False,8467.77,1,1,1,614.06,87,1,Low
C1060,Daniel Lee,1903,Verified,False,3964.4,1,4,2,150.79,112,0,Low
C73,Steven Medina,1192,Verified,False,4445.68,2,3,1,73.51,80,10,Low
C5027,Annette Lewis,2071,Verified,False,9889.07,2,33,1,325.29,34,1,High (Network Risk)
C1531,Michelle Richardson,2414,Failed,False,1412.95,1,23,1,289.46,2,0,Medium (Compliance)
C1441,Jessica Rosario,809,Verified,False,7923.36,1,11,1,18.8,33,0,Low
C524,Henry Gray,3536,Verified,False,3490.2,1,6,2,187.84,35,10,Low
C3502,Darren Rodriguez,2184,Verified,False,800.15,2,11,1,445.08,46,0,Low
C1856,Mrs. Ashley Taylor,1177,Pending,False,2714.84,1,5,2,13.6,71,1,Low
C1749,Michele Hawkins,201,Verified,False,2853.99,2,8,1,201.57,37,0,Low
C1724,Garrett Wilson,624,Verified,False,256.96,1,12,1,903.4,82,0,Low
C3913,Kyle Collins,2644,Pending,False,1117.73,1,30,1,191.77,50,1,Low
C1975,Jill Spencer,1140,Verified,False,4850.44,1,10,2,73.31,39,0,Low
C2177,Scott Lopez,660,Verified,False,3449.82,1,8,1,19.03,88,0,Low
C2849,Ryan Alvarez,2846,Verified,False,8525.8,2,37,1,28.51,46,1,High (Network Risk)
C3803,Cassie Lutz,2859,Verified,False,10790.57,1,1,1,80.84,44,0,Low
C2293,Brian Kim DDS,314,Verified,False,1220.57,2,6,1,475.79,81,0,Low
C139,Charles Morales,1215,Failed,False,1425.14,1,4,1,361.11,81,0,Medium (Compliance)
C4148,Ashley Schaefer,3393,Pending,False,617.16,2,6,1,81.41,45,0,Low
C3072,Amy Hester,447,Verified,False,4963.52,1,11,1,42.93,74,0,Low
C1654,Kurt Ewing,2609,Verified,False,1724.83,1,16,1,59.34,2,5,High (ATO Risk)
C409,Ryan Hardy,1341,Verified,False,9572.95,1,4,1,839.3,51,0,Low
C2720,Micheal Perkins,2219,Verified,False,8409.24,1,12,1,15.02,49,5,Low
C247,Richard Schneider,2217,Verified,False,4874.36,1,3,1,152.01,116,1,Low
C3821,John Morrison,644,Verified,False,1918.77,1,2,1,65.49,45,0,Low
C4586,John Ramirez,2540,Verified,False,8888.23,1,7,1,385.36,117,1,Low
C4870,Ashley King,1986,Verified,False,2973.68,2,6,1,102.37,101,0,Low
C2980,Mark Taylor Jr.,1224,Pending,False,3789.6,2,24,1,21.16,35,1,Low
C5315,Barry Gregory,59,Verified,False,430.52,3,31,1,1489.34,102,0,High (Network Risk)
C2615,Janet Shelton,3642,Verified,False,4354.37,2,4,1,192.45,65,0,Low
C469,Marco Davis,2073,Verified,False,3112.3,3,1,1,176.45,59,0,Low
C3063,Paul Saunders,1202,Verified,False,2655.66,1,2,5,17.0,81,1,High (Network Risk)
C4599,Christina Bates,1092,Verified,False,1657.53,3,3,1,84.53,59,10,Low
C1115,Dennis Cooper PhD,1245,Verified,False,636.05,1,8,1,45.82,76,0,Low
C2504,Tiffany Johnson,1958,Verified,False,2806.95,1,5,1,120.25,67,0,Low
C4731,Thomas Reyes,3429,Verified,False,341.06,1,2,1,8.22,79,0,Low
C1293,James Stevens,1322,Verified,False,2359.28,1,30,1,166.45,47,0,Low
C1332,Justin Dalton,3033,Verified,False,1689.12,1,12,1,478.19,108,0,Low
C2883,Michael Henry,1613,Verified,False,11042.63,1,30,2,60.28,79,0,Low
C3246,Mike Freeman,1948,Verified,False,19329.4,2,1,2,206.69,101,0,Low
C697,Michael Keller,2037,Verified,False,649.1,2,20,1,28.97,117,0,Low
C537,Laura Alvarez,3275,Verified,False,6514.25,1,6,1,1716.63,91,5,Low
C1099,Katie Myers,3481,Verified,False,1526.06,1,5,1,29.75,98,0,Low
C1167,Wesley Jensen MD,2111,Pending,False,1846.66,1,7,1,103.66,111,0,Low
C1628,Erica Johnson,3588,Verified,False,1814.26,1,4,2,41.23,55,1,Low
C2055,Russell Bailey,1589,Verified,False,10891.64,1,6,20,33.93,100,0,High (Network Risk)
C1226,Alyssa Vance,2236,Verified,False,2646.65,1,15,1,1493.23,61,0,Low
C5595,Brent Reed,3173,Verified,True,4530.01,2,53,1,1269.43,40,5,High (Network Risk)
C3971,Gregory Stanley,514,Verified,False,558.42,1,24,1,66.43,47,0,Low
C655,Matthew Watkins,2813,Verified,False,944.33,1,10,1,23940.96,99,0,Low
C676,Ana Torres,167,Verified,False,1705.49,1,6,1,747.34,92,0,Low
C583,Alejandro Nguyen,227,Verified,False,2974.39,1,15,1,657.95,100,0,Low
C1962,Scott Bradley,3624,Verified,False,5815.83,1,9,1,145.33,60,0,Low
C1313,Deborah Dominguez,315,Verified,False,1653.95,1,5,5,859.15,107,0,High (Network Risk)
C292,Victoria Gray,2304,Verified,False,12066.06,2,3,1,173.79,108,0,Low
C93,Kenneth Stokes,2336,Pending,False,2257.45,1,24,20,32.84,32,0,High (Network Risk)
C1434,Michael Rogers,2182,Verified,False,1488.85,1,2,1,139.83,94,0,Low
C1873,Pamela Morgan,335,Verified,False,7033.8,1,6,1,74.21,119,0,Low
C4233,Heidi Graham,153,Pending,False,6032.57,3,2,1,22.72,62,0,Low
C3141,Ryan Cobb PhD,97,Verified,False,492.42,1,10,1,660.46,97,0,Low
C1706,Donna Williams,3433,Verified,False,14506.45,2,6,1,188.57,64,5,Low
C5133,Jennifer Perez PhD,2736,Verified,False,1722.07,2,2,1,131.02,105,0,Low
C4916,Ryan Davis,580,Verified,False,2387.14,10,3,1,2016.35,42,0,Low
C266,Austin Solis,1730,Verified,False,1229.92,2,7,1,188.33,98,0,Low
C2771,Daniel Flynn,1972,Verified,False,1926.55,1,9,1,938.44,72,0,Low
C4033,Elizabeth Brock,1425,Verified,False,531.92,1,1,1,30.31,114,0,Low
C2158,Joshua Gonzalez,1103,Verified,False,3971.82,3,4,1,45.22,113,0,Low
C2124,Mario Chavez,433,Verified,False,1565.26,1,8,1,148.1,2,0,Low
C1363,Catherine Smith,1400,Pending,False,2159.11,2,19,1,171.16,87,1,Low
C1397,Shari Ray,119,Verified,False,7889.61,2,14,2,231.5,59,0,Low
C5051,Victor Harmon,1204,Verified,False,4632.01,10,5,2,667.02,73,0,Low
C2872,Timothy Patel,2555,Verified,False,2922.71,2,16,5,33774.78,89,0,High (Network Risk)
C229,Patricia Hamilton,955,Verified,False,20987.09,1,5,1,13.19,66,0,Low
C3928,Lori Boyd,3561,Verified,False,909.57,1,0,1,59.21,111,0,Low
C4820,Charles Hernandez,950,Verified,False,3133.34,1,23,1,270.43,85,0,Low
C42,Elizabeth Graham,3180,Verified,False,10442.24,1,10,1,2774.24,74,0,Low
C5342,Ronald Brown,301,Failed,False,13465.98,3,8,1,105.57,111,0,Medium (Compliance)
C252,Jason Colon,2071,Verified,False,667.24,2,7,1,143.49,42,0,Low
C3057,Dawn Burke,80,Failed,False,1406.59,1,9,1,80.0,65,5,Medium (Compliance)
C1952,Brian Lee,1677,Verified,False,9150.05,2,7,1,327.54,1,0,Low
C1519,Ronald Marshall,1477,Verified,False,1839.34,1,5,1,141.58,3,1,Low
C287,Jessica Lucas,359,Pending,False,3107.97,1,4,1,503.92,118,0,Low
C536,Christopher Taylor,300,Verified,False,1806.7,2,7,1,928.67,118,0,Low
C1466,Robert Hopkins,2593,Verified,False,2899.95,3,3,1,83.52,100,0,Low
C2166,Samuel Stuart,1262,Verified,False,92.37,1,2,1,619.64,83,0,Low
C3562,Mr. Scott Miller,878,Verified,False,2004.48,1,9,1,47.89,30,0,Low
C5407,Sharon Lester,879,Failed,False,2772.3,1,16,5,205.68,92,5,High (Network Risk)
C2420,Jack Sandoval,1769,Verified,False,1882.3,2,3,2,53.86,68,0,Low
C3486,Tony Ramsey,1816,Verified,False,3319.08,1,4,2,12.23,109,0,Low
C4437,Brian Navarro,2856,Verified,False,787.6,1,1,1,587.04,112,0,Low
C4926,Kelly Calderon,2302,Verified,False,3904.46,2,2,1,31.79,71,0,Low
C2858,Tara King,2502,Verified,False,15499.43,1,2,2,48.68,117,0,Low
C100,Cynthia Martinez,1420,Verified,False,10847.72,2,16,1,86.09,35,0,Low
C3972,Erin Silva,3377,Verified,False,6024.65,1,1,1,2557.97,97,0,Low
C3713,Paul Young,1673,Verified,False,3872.87,1,10,1,1693.15,69,5,Low
C662,Charles Thompson,3014,Verified,False,1461.44,1,5,2,11.91,82,0,Low
C1328,Jessica King,3610,Verified,False,1815.94,1,11,1,23.14,41,0,Low
C4748,Katherine Brooks,2726,Verified,False,7072.45,1,18,20,2475.22,67,0,High (Network Risk)
C948,Emily Coleman,1601,Verified,False,2578.3,1,7,1,3937.76,109,0,Low
C1771,Tracey Suarez,3503,Verified,False,24666.6,1,18,1,304.18,105,0,Low
C822,Heidi Baldwin,1516,Verified,False,519.31,1,25,1,182.33,101,0,Low
C2625,Alisha Rasmussen,240,Verified,False,2417.93,2,21,1,135.15,60,0,Low
C4894,Sarah Bates,2073,Verified,False,1700.31,2,4,5,106.8,98,0,High (Network Risk)
C1658,Melissa Mccormick,2041,Verified,False,6471.93,2,1,1,22.83,46,0,Low
C1056,Juan Parker,110,Verified,False,8014.91,1,6,1,513.4,67,0,Low
C3902,Heidi Burnett,3140,Verified,False,822.62,2,8,1,36.09,59,0,Low
C1184,Sean Mathews,1793,Verified,False,779.18,1,1,1,395.27,97,0,Low
C313,Theodore Long,3067,Verified,False,1375.13,1,7,5,156.27,72,0,High (Network Risk)
C3739,Dawn Davis,152,Verified,False,5162.39,1,0,2,766.96,82,0,Low
C3921,Cynthia Clark,968,Verified,False,4613.41,2,25,1,53.07,41,0,Low
C1925,Sydney Welch,1011,Verified,False,583.37,1,10,1,21.88,39,0,Low
C613,Pamela Sullivan,2947,Verified,False,3998.94,3,3,1,32.55,116,0,Low
C2957,Sean Morrow,2844,Verified,False,3492.4,1,8,1,143.69,43,0,Low
C5124,Kaitlin Gutierrez,169,Failed,True,2810.87,3,9,20,117.56,36,0,High (Network Risk)
C696,Michelle Mcdowell,756,Verified,False,5370.1,1,10,1,21.68,104,0,Low
C3860,Samantha Hale,669,Verified,False,3741.58,2,7,1,66.7,58,0,Low
C2795,Heather Guzman,1793,Verified,False,3232.12,1,15,2,166.99,108,0,Low
C1748,Nancy Chavez,2709,Verified,False,9569.68,1,2,1,428.47,62,0,Low
C2351,Anthony May,2532,Verified,False,13746.0,1,6,1,143.42,4,0,Low
C5213,Rachel Taylor,262,Pending,False,1978.33,1,38,1,425.12,58,0,High (Network Risk)
C2112,Mark Edwards,3569,Verified,False,2796.93,2,5,2,158.12,52,1,Low
C2513,Christopher Black,3329,Verified,False,5837.26,2,8,1,159.52,99,1,Low
C4574,Sandra Hines,2342,Verified,False,2468.79,1,3,1,314.34,111,0,Low
C1941,Melissa Sparks,3309,Verified,False,5979.95,1,41,1,24.82,33,1,High (Network Risk)
C3791,John Moss,3223,Pending,False,3392.56,2,9,1,2515.54,108,0,Low
C940,Michael Serrano,3283,Failed,False,6478.64,2,2,1,166.71,51,0,Medium (Compliance)
C1419,Christina Perry,746,Verified,False,5832.01,2,17,1,130.06,93,0,Low
C3017,Shawn Duffy,2349,Verified,False,2740.73,1,3,1,215.65,85,0,Low
C2782,Courtney Vaughan,278,Verified,False,7308.16,2,12,2,819.66,98,0,Low
C2065,Maria Sims,59,Verified,False,6075.88,2,16,1,276.96,51,0,Low
C910,Valerie Gonzalez,1797,Verified,False,30293.32,1,37,1,385.97,39,0,High (Network Risk)
C664,Caroline Morales,3477,Verified,False,475.14,2,8,2,169.59,60,0,Low
C2286,David Davis,2082,Verified,False,5802.68,1,7,1,29.33,98,0,Low
C962,Travis Wilson,3418,Verified,False,8458.92,1,1,1,3.02,38,0,Low
C1750,Jessica Mora,1174,Verified,False,27649.66,1,5,1,515.06,108,0,Low
C2742,Michael Wilson,2401,Verified,False,1781.36,1,4,1,674.24,34,0,Low
C57,Cheryl Atkins,2625,Verified,False,3331.29,1,6,1,24.6,91,0,Low
C3446,Donna Snyder,221,Verified,False,1880.69,2,4,2,20.59,100,0,Low
C206,Scott Greene,2010,Verified,False,17631.72,3,13,1,25.63,113,0,Low
C4211,Diane Byrd MD,2951,Verified,False,1380.67,1,4,2,56.72,94,0,Low
C4162,Charles Roberts,2150,Verified,False,1826.45,1,10,1,35.45,38,0,Low
C4004,Luke Solomon,3167,Verified,False,695.75,1,6,1,166.38,41,0,Low
C2444,Michael Ellis,3275,Verified,False,182.18,1,4,1,174.87,44,0,Low
C1223,Casey Morris,3648,Verified,False,3001.32,2,4,1,145.92,65,0,Low
C4752,Melissa Reeves,606,Verified,False,2691.33,1,8,5,61.33,119,0,High (Network Risk)
C553,Nancy Scott,2353,Verified,False,2366.58,2,22,5,34.2,60,0,High (Network Risk)
C702,Anthony Cook,1190,Verified,False,5488.25,1,4,1,14.48,109,0,Low
C455,Terry Barajas,650,Verified,False,6431.16,10,7,1,55.98,38,0,Low
C5097,Tracy George,2774,Verified,False,1500.05,1,58,2,340.48,53,0,High (Network Risk)
C1173,Amber King,3532,Verified,False,3173.66,2,7,1,11.55,105,0,Low
C3588,Elizabeth Foster,1811,Verified,False,2652.97,1,1,1,118.32,113,0,Low
C1948,Walter Hansen,1217,Verified,False,2991.15,2,10,1,26.85,93,0,Low
C2040,Debbie Gordon,3237,Verified,False,13284.23,1,2,1,18.65,2,0,Low
C5519,Sherry Anderson,68,Verified,False,4503.02,2,2,1,559.86,2,5,High (ATO Risk)
C803,Joseph Thomas,576,Verified,False,8401.51,1,2,1,835.32,70,0,Low
C531,Andrew Anderson,2313,Verified,False,2426.21,2,6,2,278.84,106,0,Low
C4724,Sandy Adkins,1665,Verified,False,956.09,1,3,1,22.16,47,0,Low
C2676,Diane Mcdowell,49,Verified,True,8707.29,1,2,1,462.92,119,0,Medium (Compliance)
C1481,Pam Baker,2807,Verified,False,6190.53,1,10,1,402.98,113,0,Low
C267,Steven Stewart,3075,Verified,False,1853.88,1,7,2,2654.86,108,0,Low
C5414,Pamela Hernandez DVM,2288,Pending,False,2485.89,2,13,1,59.58,119,0,Low
C892,Rebecca Brown,2594,Verified,False,5151.63,1,4,1,233.45,91,0,Low
C796,David Johnson,533,Verified,False,4281.45,1,7,1,34.97,39,0,Low
C3973,Michael Graham,456,Verified,False,2627.25,2,14,1,7.7,42,0,Low
C2143,Tammy Williams MD,2552,Verified,False,998.04,2,2,1,8.53,109,0,Low
C311,Karina Vasquez,1391,Verified,False,20138.77,1,4,1,145.57,106,0,Low
C1277,Sharon Martinez,1991,Verified,False,2957.42,1,16,1,43.92,35,0,Low
C320,Sean White,3096,Verified,False,9410.71,1,7,1,292.11,83,5,Low
C329,Jordan Nelson,3549,Failed,False,257.33,2,6,1,353.01,114,0,Medium (Compliance)
C4790,Laurie Silva,177,Verified,False,867.08,1,7,1,137.77,66,0,Low
C4605,Kelly Duncan,2315,Verified,False,8983.05,1,19,1,13.14,112,1,Low
C279,Billy Tate,3258,Verified,False,2475.32,2,7,1,30.7,54,0,Low
C2999,Stacy Johnson,1168,Verified,False,8552.5,1,7,1,192.08,102,0,Low
C3616,Melanie Long,2051,Verified,False,1651.45,2,7,1,223.36,66,0,Low
C4073,Tiffany Hood,1974,Verified,False,2611.47,2,2,1,228.17,32,0,Low
C2525,Brad Rivas,2750,Pending,False,1393.76,2,11,1,495.24,59,0,Low
C2768,Jordan Moses,488,Verified,False,7928.37,1,3,1,94.04,54,0,Low
C4952,Abigail Booker,1438,Verified,False,2138.54,1,2,5,184.93,77,0,High (Network Risk)
C1483,Tiffany Nguyen,2729,Verified,False,6844.11,1,1,1,311.9,78,0,Low
C5570,Morgan Bernard,1663,Failed,False,13468.28,1,2,5,576.75,116,0,High (Network Risk)
C4150,Christine Williams,3132,Verified,False,2436.88,1,1,2,132.37,2,0,Low
C4263,Erica Brown,986,Verified,False,2716.57,1,3,1,125.62,4,1,Low
C1985,Trevor James,2140,Verified,False,1779.31,1,5,1,214.36,69,1,Low
C3569,Christopher Hanna,3297,Pending,False,21703.56,1,17,1,144.9,104,0,Low
C1237,Ann Phelps,2070,Verified,False,2676.87,1,7,1,89.75,92,0,Low
C1990,Richard Mitchell,2589,Verified,False,2356.24,1,9,1,52.14,112,0,Low
C2082,Martha Martinez,400,Verified,False,979.84,2,20,1,10.27,43,0,Low
C5535,Jeffrey Drake MD,914,Verified,False,1710.76,1,0,1,301.21,118,1,Low
C4778,Bonnie Wade,658,Verified,False,1917.96,2,10,1,271.16,3,0,Low
C4274,Kayla Burns,3021,Verified,False,8916.95,2,9,1,200.73,81,0,Low
C5422,Karen Hart,3502,Verified,False,2210.65,2,55,2,249.98,43,0,High (Network Risk)
C1611,Peter Shepherd,3637,Verified,False,2081.07,2,1,1,105.38,41,0,Low
C594,Jessica Simmons,1451,Verified,False,6406.6,3,4,1,2236.69,53,0,Low
C2831,Glenn Ford,847,Verified,True,3067.57,1,3,2,510.55,96,0,Medium (Compliance)
C3117,Michael Moore,2830,Verified,False,1006.24,1,2,2,2495.86,83,0,Low
C1735,Mark Warren IV,1411,Verified,True,14075.73,2,46,2,50.29,86,1,High (Network Risk)
C2364,Terry Woods,3256,Verified,False,1716.82,2,4,2,124.54,92,10,Low
C1172,Carl Leach,957,Verified,False,3959.93,1,15,1,124.55,93,0,Low
C1487,Kelly Phillips,334,Verified,False,4668.38,3,12,1,1195.52,50,0,Low
C2982,Billy Williams,949,Verified,False,329.31,2,2,2,6.12,104,0,Low
C228,Jeffery Davis,3248,Verified,False,2150.72,2,4,1,342.26,57,0,Low
C1809,Laura King,1091,Verified,False,1653.35,1,7,1,188.51,112,0,Low
C1445,Brad Gordon,626,Verified,False,909.08,1,10,1,711.49,98,1,Low
C2659,Matthew White,2280,Verified,False,2641.21,1,9,1,64.14,36,0,Low
C5339,James Miller,2815,Failed,False,3346.7,1,30,1,10.97,82,0,Medium (Compliance)
C3177,Elizabeth Matthews,1884,Verified,False,5108.83,1,15,1,2540.65,82,0,Low
C69,Michael Hanson,982,Verified,False,3328.82,1,12,1,145.93,57,0,Low
C3484,Vincent Savage,3323,Verified,False,2839.96,2,16,1,622.37,80,0,Low
C953,Cody Burgess,3094,Verified,False,14773.5,1,21,1,93.58,79,0,Low
C4715,Shelby Rodriguez,2240,Verified,False,2099.44,1,4,1,819.11,91,0,Low
C1340,Abigail Wilson,1672,Verified,False,555.96,1,2,2,474.36,41,0,Low
C2255,John Holt,2933,Verified,False,1320.91,2,4,1,929.42,57,0,Low
C4654,Tracy Guzman,1696,Verified,False,9179.04,2,2,1,90.77,67,0,Low
C2243,Mr. William Ward,2184,Verified,False,2435.19,2,3,2,1132.87,74,0,Low
C3381,Melissa Foster,2122,Verified,False,1239.49,1,8,1,328.84,100,0,Low
C2327,Calvin Smith,1944,Verified,False,6130.28,1,4,2,9.8,99,5,Low
C3577,Alan Waller,3108,Verified,False,14165.1,1,12,2,1152.98,109,0,Low
C3901,Christine Wong,1520,Verified,False,2476.19,2,9,1,355.19,53,1,Low
C3068,Jessica Garrett,1091,Verified,False,5712.77,3,9,1,95.56,30,0,Low
C1765,Cheryl Turner,1845,Failed,False,13058.13,1,2,1,122.58,61,0,Medium (Compliance)
C3968,John Johnson,3571,Verified,False,23991.92,1,3,2,33.0,93,0,Low
C1008,Christian Park,1786,Verified,False,5264.82,1,1,5,186.58,97,1,High (Network Risk)
C2947,Kaitlyn Heath,3046,Verified,False,2848.9,1,11,1,342.89,30,0,Low
C3467,Christina Hudson,3214,Verified,False,2813.43,2,34,5,177.35,100,0,High (Network Risk)
C5448,Amber Smith,1410,Pending,False,339.49,1,43,1,211.25,96,1,High (Network Risk)
C1777,Michelle Petty,1917,Verified,False,835.67,2,9,1,65.82,104,0,Low
C1443,Nancy Larson,99,Verified,False,4954.51,1,4,1,37.53,106,0,Low
C5494,Donna Freeman,1447,Verified,False,41250.33,10,6,1,156.95,89,0,Low
C3236,Mr. Logan Gregory,641,Verified,False,1701.98,1,20,1,220.15,4,1,Low
C2576,Katherine Klein,454,Verified,False,2402.69,2,7,1,80.61,40,1,Low
C2535,Jennifer Stewart,2031,Verified,False,4558.59,2,12,1,303.47,38,0,Low
C4451,Steven Butler,2295,Verified,False,14430.11,2,20,1,545.61,71,0,Low
C143,Johnny Mcmillan,3030,Pending,False,1309.58,1,17,2,643.51,31,0,Low
C3832,Michael Smith,2082,Verified,False,1925.07,1,7,2,71.82,1,0,Low
C1836,Corey Cooper,3443,Verified,False,3083.84,2,8,1,12.34,63,0,Low
C3771,Daniel Stout,855,Pending,False,3510.87,3,5,1,285.29,60,5,Low
C336,Lance Kirby,1389,Pending,False,3726.69,1,11,2,96.87,52,0,Low
C943,Bonnie Carter,3257,Verified,False,4495.37,1,5,1,154.47,119,0,Low
C686,Toni Whitaker,151,Verified,False,5501.65,1,9,1,72.23,67,0,Low
C5526,Morgan Flynn,2497,Pending,False,4321.62,2,16,1,1729.18,107,0,Low
C1334,Sarah Howell,2575,Verified,False,3094.0,1,1,2,79.77,44,0,Low
C1641,Paul Estrada,1082,Verified,False,782.1,1,1,1,2471.35,39,0,Low
C365,Curtis Obrien,1138,Verified,False,844.74,1,7,1,479.28,99,0,Low
C4532,Jason Chaney,1993,Verified,False,1475.78,2,12,2,721.46,99,0,Low
C3310,Daniel Williams,2168,Verified,False,9667.52,1,9,1,122.43,88,0,Low
C1756,Stanley Kelly,513,Verified,False,12901.97,1,2,2,42.72,61,0,Low
C4993,Ronald Kline,1465,Verified,False,816.25,1,15,1,425.91,65,0,Low
C3314,Arthur Jordan,2991,Verified,False,8048.45,1,34,5,249.26,30,0,High (Network Risk)
C4669,Barbara Walker,2305,Verified,False,648.97,1,3,2,69.91,93,0,Low
C874,Gerald Kelly,488,Verified,False,5800.83,1,4,1,432.35,110,5,Low
C2833,Shawn Adams,909,Verified,False,2011.28,1,7,5,359.41,60,0,High (Network Risk)
C4902,Michael Robertson,131,Verified,False,369.74,1,6,1,11.24,90,5,Low
C5185,Michelle House,572,Verified,False,1142.84,1,19,1,376.72,81,10,Low
C3475,Jim Skinner,208,Verified,False,1742.03,1,9,1,632.45,50,0,Low
C1440,Brian Bishop,624,Verified,False,4892.07,2,5,1,15.16,4,1,Low
C5208,Theresa Colon,2846,Verified,False,3009.23,10,36,5,2788.79,47,0,High (Network Risk)
C2839,Brian Soto,3350,Pending,False,2789.41,1,2,2,1217.72,59,0,Low
C3993,Susan Moore,3340,Verified,False,2368.81,2,22,1,11.29,58,0,Low
C1488,Jeremy Hunter,3165,Verified,False,8470.62,1,12,1,86.8,35,5,Low
C2847,Annette Holland,102,Verified,False,1153.31,2,6,1,38.9,3,0,Low
C2828,Chad Allison,3110,Verified,False,5317.75,1,8,1,25.06,58,5,Low
C3107,Jason Mack,2374,Verified,False,34398.07,1,6,1,237.9,80,0,Low
C2669,Robert Peterson,2236,Verified,False,5381.78,1,1,5,185.77,71,0,High (Network Risk)
C551,Angela Watson,322,Verified,False,5192.82,1,2,5,37.94,3,0,High (Network Risk)
C4196,Heather Ortega,1493,Verified,False,1616.95,1,6,1,45.11,57,0,Low
C1608,Paul Fisher,1065,Verified,False,24024.23,1,6,1,151.13,104,1,Low
C1054,Robert Gutierrez,820,Verified,False,1408.17,2,7,1,275.24,117,0,Low
C3385,Jimmy Phelps,2318,Verified,False,2866.66,1,28,1,43.04,45,0,Low
C837,Heidi Johnson,2380,Verified,False,350.92,1,5,1,164.83,46,0,Low
C2472,Adam Drake,426,Verified,False,1614.63,2,4,1,340.17,112,1,Low
C906,Angela Edwards,1168,Verified,False,6603.07,1,7,2,587.18,64,0,Low
C4787,Mrs. Amy Malone,1900,Verified,False,2703.72,1,2,1,231.07,101,0,Low
C1426,Margaret Orr,2175,Verified,False,8831.06,1,8,2,188.81,91,0,Low
C568,Mark Reeves,923,Verified,False,3792.93,1,4,1,103.75,114,0,Low
C3203,Kelly Phillips,1306,Verified,False,5044.15,2,8,5,80.51,54,1,High (Network Risk)
C2597,Michael Spencer,1403,Verified,False,8362.26,1,6,1,194.14,94,0,Low
C4646,Patrick Blankenship,52,Verified,False,632.49,1,6,1,171.33,75,0,Low
C867,Douglas Rose,2559,Pending,False,7141.81,2,12,1,276.01,81,0,Low
C831,Melody Griffin,2265,Verified,False,2118.26,2,13,1,47.17,94,0,Low
C1567,Joshua Kramer,3184,Verified,False,1894.55,2,37,1,388.39,99,0,High (Network Risk)
C2226,Melissa Barron,3608,Verified,False,1043.8,1,12,1,15.21,116,0,Low
C3,Jennifer Gonzalez,2565,Verified,False,4812.68,1,6,1,413.27,49,0,Low
C130,Andrew Cook,1728,Pending,False,3496.66,3,4,5,108.03,78,1,High (Network Risk)
C3992,Natalie Martinez,491,Pending,False,7115.53,1,9,2,27.23,66,0,Low
C5464,Diane Davis DDS,555,Verified,True,652.97,3,23,2,27.48,95,0,Medium (Compliance)
C4521,Nicole Moore,369,Verified,False,8755.85,2,14,2,338.42,97,0,Low
C255,Robert Vargas,2726,Verified,False,5080.69,2,4,1,178.99,102,1,Low
C1673,Raymond Barber,1607,Verified,False,1258.87,1,10,2,202.31,4,0,Low
C1411,Mrs. Amy Watson,1842,Verified,False,8315.72,2,8,1,111.6,2,1,Low
C3165,Heather Williams,3070,Pending,False,4492.22,2,17,1,80.68,68,0,Low
C1080,Belinda Evans,2596,Verified,False,845.24,2,9,1,177.72,71,1,Low
C5341,Jody Bird,1984,Verified,False,3590.2,2,9,5,140.94,74,0,High (Network Risk)
C407,Virginia Cunningham,3216,Verified,False,241.28,2,2,1,47.24,107,0,Low
C534,Lori Ferguson,2231,Verified,False,5956.61,1,13,1,11.97,60,0,Low
C3836,Hayley Mitchell,1014,Verified,False,1545.01,1,2,2,51.82,87,0,Low
C2864,Michelle Chambers,3084,Verified,False,568.89,2,7,1,186.74,82,0,Low
C318,Kelly Wright,940,Verified,False,281.74,2,4,1,513.07,31,0,Low
C847,Kevin Carson,48,Failed,False,4051.63,1,4,1,7.4,55,0,Medium (Compliance)
C1196,Brent Dawson,1709,Verified,False,2616.09,1,11,2,69.75,110,0,Low
C3376,Angela Brown,3021,Verified,False,2143.12,2,7,1,203.55,76,0,Low
C2521,Karen Griffin,318,Verified,False,3827.7,1,1,1,177.57,66,1,Low
C1663,Joseph Chapman,3037,Verified,False,3015.79,2,6,1,160.12,69,0,Low
C1176,Jennifer Baker,370,Verified,False,6239.76,1,5,1,67.23,94,0,Low
C709,Mr. Jeremiah Galvan MD,2907,Verified,False,2944.26,2,20,1,45.99,83,0,Low
C3477,Samantha Thomas,1856,Verified,False,1855.29,1,2,1,289.23,60,0,Low
C3219,Michael Anderson,1959,Verified,False,1888.16,1,34,1,208.38,80,0,High (Network Risk)
C1988,Sharon Wilson,1443,Verified,False,3695.91,1,14,1,132.01,77,5,Low
C2033,John Francis,3031,Verified,False,4731.31,2,5,1,2968.96,41,0,Low
C3448,Jaclyn Crane,1460,Verified,False,1646.77,2,5,1,916.54,73,0,Low
C4511,Jennifer Martinez,2080,Verified,False,1842.7,1,4,1,309.58,48,1,Low
C3404,Amanda Hernandez,2350,Verified,False,3886.24,1,9,1,592.76,36,0,Low
C1580,William Turner,464,Pending,False,4124.93,1,3,2,391.22,112,0,Low
C4310,Dr. Charles Lawrence,3395,Verified,False,1169.9,1,6,2,98.28,65,0,Low
C392,Steven Small,758,Verified,False,834.21,2,3,1,27.93,102,0,Low
C2026,Robert Burns,3417,Verified,False,3143.28,2,13,1,629.82,52,0,Low
C2106,Gregory Harrell,2371,Verified,False,4802.58,1,8,1,145.16,44,0,Low
C1029,Kenneth Knight,1470,Verified,False,3918.23,1,5,1,572.47,83,1,Low
C246,Rachael Alvarez,3331,Verified,False,738.11,2,6,1,506.5,49,10,Low
C544,Lisa Gill,2369,Verified,False,4160.85,1,4,1,15.63,116,5,Low
C2365,Julia Cole,1749,Verified,False,7066.37,1,9,1,380.41,50,0,Low
C1392,Sean Nguyen,1456,Verified,False,1938.75,2,2,1,1999.02,100,0,Low
C2610,Mary Ortiz,671,Verified,False,1545.46,2,15,1,113.55,48,0,Low
C1711,James Weaver,2718,Verified,False,9673.71,1,8,1,250.07,112,0,Low
C1070,Stacy Fitzgerald,1318,Verified,False,8663.92,1,5,1,707.11,90,0,Low
C2501,Sharon Mann,1843,Verified,False,1167.45,1,11,5,16.54,4,1,High (Network Risk)
C4410,Rebecca Zimmerman,2,Verified,False,3634.66,2,10,1,7.01,56,0,Low
C1903,Becky Hansen,459,Verified,False,1001.34,1,3,1,117.78,34,0,Low
C4641,Luke Ray,430,Verified,False,4596.69,1,21,1,14.18,76,0,Low
C749,Kelly Lopez,1996,Verified,False,1839.78,1,1,1,1119.21,52,0,Low
C4432,Steven Martinez,1857,Verified,False,1107.73,1,17,1,540.65,67,5,Low
C2385,Catherine Smith,3622,Verified,False,716.01,1,6,1,1046.44,73,1,Low
C3077,Danielle Thornton,1231,Verified,False,10354.87,2,16,1,139.0,4,0,Low
C937,Jill Roman,992,Verified,False,1868.47,1,23,1,799.27,62,0,Low
C2837,Jennifer Williams,1900,Verified,False,70961.44,1,5,2,170.78,46,0,Low
C2808,Allison Kim,2803,Verified,False,12368.38,1,5,1,270.99,71,0,Low
C471,Scott Stewart,1953,Verified,False,10941.92,1,9,1,3697.85,83,0,Low
C110,Brian Garcia,1045,Verified,False,386.73,1,2,2,22.62,108,0,Low
C4260,Charles Scott,1293,Verified,False,2630.31,1,5,1,2011.06,48,0,Low
C3976,Eric Russell,2650,Verified,False,367.28,1,5,5,8.89,31,5,High (Network Risk)
C3295,Lucas Nguyen,2906,Verified,False,4790.06,1,2,1,145.14,84,0,Low
C1538,Anthony Price,1732,Verified,False,2820.38,1,5,1,344.12,49,0,Low
C3754,Jason Nguyen,2122,Verified,False,13193.73,1,13,1,70.94,76,0,Low
C3830,Ronald Martinez,2607,Pending,False,1043.75,3,12,2,228.43,117,0,Low
C2699,Paul Willis,30,Verified,False,4768.49,10,6,2,258.38,65,0,Low
C4503,Paul Cruz Jr.,3042,Verified,False,3097.14,1,7,1,376.65,84,0,Low
C4170,John Russell,1563,Verified,False,2902.47,1,5,2,110.15,110,1,Low
C2743,Mr. David Mercado,70,Verified,False,6551.25,2,1,1,53.64,63,0,Low
C1006,Victor Leonard,3161,Verified,False,4858.23,1,3,1,197.1,3,0,Low
C164,Justin Glover,2343,Verified,False,7128.77,2,15,1,91.7,48,0,Low
C2179,Jason Miller,2845,Pending,False,5128.94,1,19,1,155.08,30,0,Low
C4793,Christina Faulkner,246,Verified,False,4318.02,1,3,1,93.35,3,0,Low
C96,William Casey,1720,Verified,False,1416.65,1,18,2,200.54,103,0,Low
C2264,Jessica Buck,3462,Verified,False,2188.8,2,2,1,59.86,102,0,Low
C3665,Aaron Marshall,1365,Verified,False,1053.73,1,4,1,72.51,48,0,Low
C5413,Donna Stanton,1885,Verified,False,2211.05,2,6,1,28.13,118,0,Low
C289,Timothy Olson,1427,Verified,False,4657.18,2,5,1,187.86,71,0,Low
C3761,Sara James,1064,Verified,False,713.4,1,4,1,38.51,53,0,Low
C4740,Mark Richards,3134,Pending,False,6590.56,1,8,2,236.13,41,0,Low
C4561,Amber Stevenson,2463,Verified,False,2292.37,1,13,1,684.62,102,0,Low
C643,Elizabeth Foster,1833,Pending,False,2588.89,1,2,1,1557.64,108,0,Low
C1290,Charles Hawkins,2490,Failed,False,2924.97,1,8,2,125.92,33,0,Medium (Compliance)
C2803,Jeffrey Bishop,1719,Verified,False,3554.19,1,15,2,9500.95,86,0,Low
C3261,Emily Fleming,1672,Verified,False,258.58,2,5,1,374.34,97,0,Low
C1177,Dean Mullins,2020,Verified,False,2697.28,2,4,1,179.77,117,0,Low
C3957,David Bird,3286,Verified,False,1482.98,1,3,1,2731.81,105,0,Low
C969,Joe Greene,2471,Failed,False,2293.96,2,36,1,39.51,74,1,High (Network Risk)
C3343,Michael Lucas,3518,Verified,False,6395.88,2,24,2,145.2,57,0,Low
C451,John Valenzuela,3392,Pending,False,1813.16,2,5,1,95.01,117,0,Low
C2819,Jennifer Woodard,1674,Verified,False,1377.02,1,18,2,21.41,93,0,Low
C1197,Pamela Medina,314,Verified,False,4073.95,1,4,2,655.74,53,5,Low
C3090,Mariah Jones,2605,Verified,False,915.89,1,6,5,231.03,116,0,High (Network Risk)
C420,Ronnie Powers,1795,Verified,False,9834.96,1,3,1,404.2,71,0,Low
C1051,Heather Hess,25,Verified,False,20821.24,1,1,1,394.45,89,1,Low
C2566,Heather Thompson,224,Verified,False,748.23,1,4,1,11.75,74,0,Low
C1304,Melissa Smith,1118,Verified,False,5563.11,2,5,1,890.99,83,0,Low
C814,Timothy Wallace,1225,Verified,False,13310.99,3,10,2,48.18,72,0,Low
C3551,Alejandro Campbell,3048,Verified,False,1858.76,1,12,2,643.3,37,0,Low
C5580,Heather Davis,2102,Verified,False,1655.71,1,6,1,22.76,82,5,Low
C3686,Elizabeth Robbins,453,Verified,False,1630.73,1,3,2,256.87,49,0,Low
C864,Johnny Cox,1927,Verified,False,10260.76,2,4,2,57.97,35,0,Low
C4888,Tanner Mann,126,Verified,False,11259.05,1,26,1,208.9,54,5,Low
C2457,Craig Nicholson,1751,Verified,False,2299.47,2,12,1,117.85,107,5,Low
C4670,Sergio Carroll,2499,Verified,False,13626.28,2,23,2,229.53,44,0,Low
C645,Juan Keller MD,1429,Verified,False,893.63,1,30,2,105.98,93,0,Low
C425,Krystal Jones,1367,Verified,False,4966.53,2,4,5,72.58,38,0,High (Network Risk)
C3890,Austin Green,3392,Verified,False,1254.4,1,14,1,971.88,81,0,Low
C4526,Crystal Mills,3239,Verified,False,3516.95,1,3,1,971.34,109,0,Low
C4949,Cheryl Gregory,1866,Verified,False,2096.98,2,16,2,2582.59,65,0,Low
C5353,Melissa Patel MD,3520,Pending,False,1045.52,1,14,1,160.88,47,0,Low
C3699,Jordan Pace,2268,Verified,False,4162.01,1,1,2,132.23,59,0,Low
C1916,Terri Williams,1261,Verified,False,886.13,1,10,1,174.75,107,0,Low
C1570,Jessica Carney,517,Verified,False,6121.37,2,3,1,56.31,111,0,Low
C2652,Michael Owens,3549,Verified,False,6210.78,1,5,1,24.71,114,0,Low
C2141,Peter Stephenson,226,Verified,False,3339.94,1,4,1,70.19,46,0,Low
C652,Donald Fisher,2537,Verified,False,2200.68,2,15,1,52.41,67,0,Low
C4378,Aaron Lee,2470,Verified,False,6158.12,1,4,1,367.03,61,0,Low
C3135,Kenneth Johnson,1625,Verified,False,6734.35,1,2,1,512.08,55,0,Low
C5583,Vanessa Coleman,2931,Pending,True,1833.16,1,3,1,8.43,52,0,Medium (Compliance)
C106,David Martin,1998,Verified,False,3555.75,1,6,1,48.23,101,0,Low
C1759,Mark Davis,1615,Verified,False,1989.27,2,10,1,285.5,1,0,Low
C1943,Robert Watkins,3293,Verified,False,4721.74,1,19,1,197.23,118,0,Low
C388,Felicia Wright,475,Verified,False,1424.98,1,11,1,116.44,99,0,Low
C3430,David Peterson,360,Verified,False,3664.84,2,11,1,111.46,43,0,Low
C2363,Gavin Bauer,371,Verified,False,2685.46,1,13,1,264.64,81,0,Low
C94,Patricia Harvey,1282,Verified,False,7263.11,1,14,1,289.07,60,0,Low
C3235,Lori Riley,2869,Pending,False,1729.79,1,16,1,22.42,1,0,Low
C2092,Antonio Johnson,1397,Verified,False,3908.76,1,54,1,10.86,99,0,High (Network Risk)
C1216,Ryan Brown,760,Verified,False,1952.51,1,14,5,139.5,66,5,High (Network Risk)
C2797,Thomas Ramos,1493,Verified,False,645.66,2,9,1,473.43,30,0,Low
C3222,Mark Jones,895,Verified,False,2310.74,1,5,1,81.47,63,0,Low
C4699,Kristin Phillips,2220,Verified,False,5596.36,2,9,1,4140.9,64,0,Low
C865,Brendan Walton,1697,Verified,False,5778.37,2,18,2,546.07,58,0,Low
C846,Kyle Keller,708,Verified,False,1603.85,1,2,1,78.34,41,0,Low
C5265,James Pope,2439,Pending,True,7962.78,2,20,1,11.78,92,0,Medium (Compliance)
C468,Lisa Morgan,2120,Pending,False,10639.99,2,5,1,473.2,103,0,Low
C422,Rachel Gibson,3489,Verified,False,1180.57,3,6,1,44.9,110,1,Low
C3291,Corey Garcia,3424,Pending,False,3409.09,2,11,5,66.54,53,0,High (Network Risk)
C4786,Andrea Clarke,1561,Pending,False,8641.01,1,4,1,49.7,77,0,Low
C1958,Kenneth Walsh,1745,Verified,False,10965.68,1,10,1,23.26,85,0,Low
C1276,Jason Hardy,2701,Verified,False,3684.29,2,2,5,70.74,46,0,High (Network Risk)
C4010,David Robles,1521,Verified,False,9062.19,2,14,1,69.48,81,0,Low
C2228,Eric Graham,2167,Verified,False,10985.92,1,8,1,43.81,62,0,Low
C1719,Nicole Collins,429,Verified,False,5282.37,2,7,1,59.66,113,0,Low
C4592,Patricia Hernandez,1412,Verified,False,2264.41,1,9,2,2240.79,96,1,Low
C4061,Grant Wood,2684,Verified,False,4324.01,3,7,20,449.65,37,0,High (Network Risk)
C3132,Kevin Gregory,3515,Verified,False,1523.84,1,10,1,121.99,3,0,Low
C986,Jonathon Conley,2537,Verified,False,1608.71,1,6,5,11.57,73,0,High (Network Risk)
C1347,Jennifer Gonzalez,360,Verified,False,640.17,1,5,1,335.05,33,0,Low
C5256,Terry Glover,2374,Verified,True,7174.44,3,41,1,2325.54,110,1,High (Network Risk)
C4285,Michael Neal,669,Failed,False,8596.82,2,22,1,1989.52,112,0,Medium (Compliance)
C4711,Ms. Erin Lane,3496,Verified,False,451.51,1,2,1,121.32,77,0,Low
C723,Lisa Barnes,1641,Verified,False,1855.24,2,26,1,249.59,59,10,Low
C1950,Jesse Mccormick,1430,Verified,False,1623.7,1,6,1,28.22,116,0,Low
C5181,Daniel Smith,2554,Verified,False,4983.38,1,19,5,220.85,41,0,High (Network Risk)
C1583,David Hanson,2069,Pending,False,2950.97,1,17,2,415.63,51,0,Low
C2157,Nicholas Cisneros,1327,Verified,False,5693.08,1,15,1,317.02,2,0,Low
C2884,Patrick Harris,3304,Verified,False,3058.54,1,7,1,865.53,73,0,Low
C1609,William Cox,2311,Verified,False,3895.22,1,2,2,399.1,46,0,Low
C2200,Alvin Wilson,2665,Verified,False,3116.75,1,6,1,12.82,102,0,Low
C3103,Cory Willis,1803,Verified,False,9614.3,1,5,1,83.63,74,0,Low
C5072,Amanda Johnson,2350,Verified,False,1113.02,10,6,20,660.53,70,0,High (Network Risk)
C2463,Christopher Mcclure,3590,Verified,False,1403.74,1,2,2,12.84,52,0,Low
C2871,Gina Spencer,2403,Verified,False,1248.43,1,5,1,164.49,52,0,Low
C737,Alex Cameron,1387,Verified,False,4635.53,1,0,1,78.44,1,0,Low
C3134,Alisha Byrd,1001,Verified,False,583.22,1,5,1,23.17,39,0,Low
C4064,Richard Rodriguez,3218,Verified,False,431.03,1,8,1,608.57,62,0,Low
C4052,Elizabeth Allen,359,Verified,False,5907.92,2,3,5,45.74,106,0,High (Network Risk)
C1878,Mary Pugh,2735,Verified,False,748.57,1,5,1,3558.23,108,1,Low
C5217,Yolanda Keith,149,Verified,False,1213.47,3,8,5,107.61,42,5,High (Network Risk)
C273,Ana Thomas,357,Verified,False,761.8,3,16,1,744.21,75,0,Low
C5156,Rebecca Lee,2422,Verified,False,1452.46,2,36,1,1838.6,42,0,High (Network Risk)
C4845,James Greene,1390,Verified,False,55713.55,1,9,1,243.16,115,0,Low
C1429,Dana Williams,1769,Verified,False,2126.99,2,7,1,168.39,64,0,Low
C5291,Chelsea Nichols,2710,Verified,True,2911.73,1,9,20,469.81,99,1,High (Network Risk)
C5589,Erin Brown,3235,Verified,True,1077.91,10,57,1,1779.05,113,0,High (Network Risk)
C5092,Shelley York,2416,Verified,False,2648.37,2,55,2,241.95,105,0,High (Network Risk)
C3129,Stacey Clark,98,Verified,False,7893.2,1,9,1,51.93,82,0,Low
C27,John Alvarado,1047,Verified,False,3302.4,2,17,1,17.1,47,0,Low
C5285,Jordan Potter,2312,Failed,False,22127.72,1,7,1,249.01,62,0,Medium (Compliance)
C3850,Katrina Jimenez,1787,Verified,False,1377.56,1,3,1,32.74,110,10,Low
C3431,Frank Brooks,639,Verified,False,347.97,1,10,2,595.02,112,1,Low
C3334,Michelle Simpson,3260,Verified,False,4457.27,2,8,2,985.53,61,0,Low
C2343,James Morse,1633,Verified,False,4532.62,1,6,1,355.97,55,0,Low
C3373,Amanda Robinson,2967,Verified,False,3188.0,1,11,1,136.08,78,0,Low
C3204,Scott Foster,3092,Verified,False,760.06,2,1,1,374.72,32,0,Low
C766,Stephen Duncan,1124,Verified,False,1722.88,1,4,1,154.85,88,0,Low
C72,Jacqueline Pierce,1442,Verified,False,3634.9,1,3,2,100.32,62,0,Low
C1376,Bradley Wallace,2546,Verified,False,3824.16,1,3,1,77.04,111,0,Low
C693,Kevin Marshall,1868,Verified,False,5831.12,1,6,2,176.82,86,0,Low
C1141,Jessica Mcdonald,2795,Verified,False,1106.12,1,3,1,152.68,56,0,Low
C3615,Robert Stewart,2824,Verified,False,447.56,1,28,1,960.46,110,0,Low
C2282,Christopher Hall,749,Verified,False,2488.53,1,10,2,351.34,96,0,Low
C413,Heather Miller,68,Verified,False,5559.64,1,3,1,20.42,86,1,Low
C3776,Kayla Schneider,1969,Verified,False,794.75,2,1,1,314.87,80,0,Low
C3033,Tammy Garcia,25,Verified,False,14577.14,1,4,1,171.76,82,0,Low
C211,Andrew Gonzalez,2964,Verified,False,2115.61,1,5,1,228.25,46,0,Low
C3075,Gary Turner,2817,Verified,False,9265.28,1,4,1,102.95,94,0,Low
C2059,Melinda Hill,2718,Verified,False,17542.6,3,56,20,157.68,55,0,High (Network Risk)
C2320,Yolanda Murillo,1471,Verified,False,582.56,2,1,1,1766.25,48,0,Low
C3653,Nancy Gaines,1122,Pending,False,4861.97,1,7,1,86.27,112,0,Low
C1265,Elijah Short,3090,Verified,False,18232.98,2,6,2,57.49,109,0,Low
C3504,Jennifer Sullivan,3157,Verified,False,1897.5,1,6,1,52.26,34,5,Low
C1993,Mary Kennedy,2961,Verified,False,20997.18,1,1,1,30.13,83,1,Low
C2108,Paige Hernandez,1594,Verified,False,8058.6,1,7,1,368.19,60,0,Low
C2231,Darrell Curry,2750,Verified,False,2143.13,1,8,1,869.78,77,0,Low
C5230,Jose Hartman,62,Verified,False,2874.35,3,13,1,61.17,108,0,Low
C152,Miranda Murray,3540,Verified,False,616.18,1,10,1,330.58,87,0,Low
C1755,Emily Lopez,145,Verified,False,1508.45,2,19,1,705.78,73,0,Low
C107,Melissa Clark,1905,Verified,False,5803.77,2,1,1,209.23,38,0,Low
C4465,Justin Brooks,3621,Verified,False,2266.02,2,6,1,153.1,47,0,Low
C1114,Bethany Harding,583,Verified,False,4214.37,1,54,1,55.52,86,5,High (Network Risk)
C1283,Robert Flowers,2977,Verified,False,9463.9,1,17,20,378.16,71,0,High (Network Risk)
C2349,Jason Jennings,1359,Verified,True,9112.88,1,2,2,104.24,40,0,Medium (Compliance)
C512,Richard Medina,1226,Verified,False,4418.3,1,7,1,366.37,38,0,Low
C3586,Alexander Floyd,3231,Verified,False,1710.54,2,3,1,68.92,75,0,Low
C3823,Brittany Cisneros,3329,Verified,False,3568.27,1,5,1,241.83,91,0,Low
C3281,Mark Morrison,2413,Pending,False,3778.0,2,36,1,761.5,104,0,High (Network Risk)
C194,Sharon Baird,751,Verified,False,1572.93,1,15,2,306.67,105,1,Low
C1577,James Ferguson,2190,Verified,False,4344.68,1,2,2,57.16,43,0,Low
C4327,Brian Hudson,1928,Verified,False,1328.78,1,4,1,28.72,32,0,Low
C78,Steven Davis,210,Verified,False,2931.12,2,7,2,165.2,66,10,Low
C2903,Juan Johnson,2168,Verified,False,1646.41,1,5,1,1191.28,43,0,Low
C3483,Katherine Lopez,2567,Verified,False,1860.65,1,9,1,486.67,86,0,Low
C504,Victor Campbell,1230,Verified,False,7464.3,1,3,1,2884.5,86,0,Low
C1530,Matthew Jones,2457,Verified,False,7413.32,2,5,1,9057.55,88,0,Low
C4500,Joseph Jackson,72,Verified,False,2517.28,1,3,1,127.82,70,0,Low
C5312,Jennifer Moore,2873,Failed,False,10542.95,10,5,1,384.71,44,0,Medium (Compliance)
C1860,Joshua Mendoza,3235,Verified,False,6270.98,1,12,1,147.69,74,0,Low
C5094,Troy Glenn,2769,Verified,False,5406.19,1,9,5,65.69,59,0,High (Network Risk)
C3054,Daniel Reynolds,3352,Verified,False,2777.08,1,4,1,288.2,103,1,Low
C3232,Karen Munoz,1526,Verified,False,5814.81,1,18,1,217.62,31,1,Low
C685,Laurie Shaw,3577,Verified,False,1940.37,2,17,2,138.29,88,0,Low
C554,Desiree Smith,430,Verified,False,3749.91,1,7,1,87.63,101,0,Low
C2785,Austin Ross,1877,Verified,False,10334.44,3,6,1,182.15,87,0,Low
C1479,Kelly Kent,927,Verified,False,7519.5,1,30,1,85.72,103,0,Low
C2017,Julia Johnston,15,Verified,False,1669.13,2,26,1,120.91,106,0,Low
C2596,Donna Ibarra,1033,Verified,False,9017.44,2,2,1,28.38,78,0,Low
C863,Michael Dawson,335,Verified,False,887.83,2,19,1,44.02,49,0,Low
C2376,Louis Patrick,3487,Verified,False,2907.53,1,29,5,66.32,118,0,High (Network Risk)
C1843,David Yoder,1200,Verified,False,9427.93,2,12,1,200.66,33,0,Low
C2074,Judith Bartlett,1255,Verified,False,1346.63,1,5,1,167.62,39,0,Low
C3260,Keith Long,3394,Verified,False,4141.96,1,5,1,61.23,84,0,Low
C3091,Cynthia Harrell,448,Verified,False,4766.32,2,29,2,70.1,87,0,Low
C1233,Mark Carter,1507,Pending,False,10874.84,1,14,2,203.27,38,0,Low
C769,Melissa Bowen,3515,Verified,False,1835.71,2,11,2,72.56,48,0,Low
C4290,Johnny Riddle,3628,Verified,False,6954.36,1,47,2,35.5,56,0,High (Network Risk)
C3127,Whitney Jones,2705,Verified,False,1490.44,1,3,1,413.16,61,0,Low
C3524,Randall Nguyen,1161,Verified,False,2096.51,1,6,1,19.24,119,0,Low
C3805,David Hunter,1286,Verified,False,3012.01,1,8,1,31.22,34,0,Low
C3463,Benjamin Neal,161,Verified,False,2651.88,1,6,2,798.28,98,0,Low
C3280,Jane Reese,24,Verified,False,7917.34,2,1,2,26.19,42,0,Low
C169,Jennifer Smith,96,Verified,False,34000.93,1,16,1,1397.6,36,0,Low
C290,Thomas Murphy,15,Verified,False,3001.1,1,4,1,26.13,62,0,Low
C4075,Kari Jones,2442,Verified,False,3096.66,1,3,1,34.95,32,0,Low
C4036,Dana Dodson,1671,Verified,False,16537.62,1,5,2,30.67,81,0,Low
C5376,Robert Skinner,1199,Verified,False,33425.89,2,30,1,20.82,48,5,Low
C4906,Albert Garcia,3153,Pending,False,2583.7,2,6,1,1208.36,73,0,Low
C5332,Joseph Myers,239,Verified,False,4136.52,10,15,1,900.0,55,0,Low
C3528,Phillip Byrd,2377,Verified,False,787.93,1,18,1,18.42,117,0,Low
C5304,Hunter Robinson,854,Pending,False,1402.04,1,6,20,1576.42,108,0,High (Network Risk)
C1412,Michael Robinson,157,Verified,False,590.63,1,4,1,23.7,101,1,Low
C1052,Sara Cain,1860,Verified,False,2211.39,1,6,1,12668.97,114,0,Low
C4872,Michelle Prince,578,Verified,False,16027.19,2,3,1,119.4,34,1,Low
C5203,Eric Williams,1603,Failed,False,1262.28,1,7,5,60.51,44,1,High (Network Risk)
C4602,Raymond Wang,2650,Verified,False,1590.8,2,3,1,314.79,32,1,Low
C5100,Jade Allen,2158,Verified,False,4809.69,10,40,1,39.82,47,5,High (Network Risk)
C1405,Javier Hays,1620,Verified,False,620.58,2,8,2,17.88,111,0,Low
C4217,Corey Caldwell,794,Verified,False,4168.62,2,4,2,77.44,2,0,Low
C2404,Stephen Robles,2603,Verified,False,245.62,2,12,1,168.3,77,0,Low
C1671,Carol Jackson,1327,Verified,False,2299.99,1,2,1,5.81,84,0,Low
C1309,Brian Murphy,3293,Verified,False,627.84,1,4,2,38.82,4,0,Low
C2475,Chelsey Clark,2848,Verified,False,1439.91,1,10,2,2786.07,63,0,Low
C1838,Teresa Martinez,2676,Verified,False,2660.44,1,8,1,146.94,33,0,Low
C2188,Howard Thompson,2218,Verified,False,2678.44,1,17,1,4.08,67,0,Low
C5245,Eugene Price,2394,Verified,False,2464.44,3,0,5,149.19,112,0,High (Network Risk)
C4498,Austin Briggs,1841,Pending,False,28341.47,1,14,1,254.54,77,0,Low
C2752,Jackie Jones,3082,Verified,False,6195.33,1,4,1,144.93,1,1,Low
C1393,Eric George,2925,Verified,False,560.35,1,2,5,483.02,81,0,High (Network Risk)
C4750,Mrs. Kimberly Mooney,1611,Verified,False,747.81,2,1,1,96.42,73,0,Low
C3527,Carolyn Haley,1924,Verified,False,11474.47,1,4,1,683.14,63,0,Low
C317,Vicki Horton,2361,Verified,False,3018.24,1,26,1,145.85,54,0,Low
C952,Valerie Benson,1909,Verified,False,10669.57,1,16,1,176.97,77,0,Low
C1248,Mark Henson,2974,Verified,False,8451.46,2,27,1,250.01,75,0,Low
C387,Samuel Olson,2519,Verified,False,2276.87,1,6,1,422.12,94,0,Low
C815,Lee Richards,3150,Pending,False,3526.47,2,8,5,253.54,92,0,High (Network Risk)
C3421,Martin Hall,2181,Verified,False,1671.85,1,2,2,48.69,84,0,Low
C5155,Virginia Hall,1360,Verified,False,7797.42,2,2,5,1642.81,50,0,High (Network Risk)
C5175,Stephanie Parker,505,Pending,False,3432.82,2,6,1,45.88,67,0,Low
C41,Nicole Harvey,1227,Verified,False,10236.17,2,2,1,40.39,104,0,Low
C4891,James Phillips,3081,Failed,False,1527.63,1,3,1,8.03,61,0,Medium (Compliance)
C5073,Dan Johnson,783,Verified,False,2294.69,10,7,1,101.32,106,5,Low
C677,Linda Bautista,513,Verified,False,1740.44,1,20,1,70.32,80,0,Low
C1648,Erin Ramirez,3164,Pending,False,13558.0,1,7,1,164.33,87,0,Low
C2252,Paige Meyer,2637,Verified,False,2888.75,1,2,1,42.79,79,1,Low
C2104,Maria Roberts,2109,Verified,False,2689.07,2,1,1,1763.86,76,0,Low
C2089,Ryan Rivera,3073,Verified,False,2470.25,1,8,1,61.55,60,0,Low
C4247,Joshua Knox,2084,Verified,False,9672.92,3,4,1,61.53,111,0,Low
C234,Danielle Mcdaniel,932,Verified,False,58913.15,2,8,2,133.34,71,0,Low
C2061,Lisa James,882,Pending,False,36745.81,2,6,1,260.27,62,0,Low
C2629,Jeremy Smith,1394,Verified,True,6089.7,2,6,1,910.94,57,0,Medium (Compliance)
C4281,Andrea Lee,1291,Verified,False,1152.41,1,19,1,326.42,85,0,Low
C1929,Brenda Harris,875,Verified,False,1661.13,1,17,1,317.9,30,1,Low
C1406,Kevin Guerra,288,Verified,False,4024.33,1,9,1,177.53,70,0,Low
C3647,Cynthia Miller,44,Verified,False,292.3,2,3,20,43.43,119,0,High (Network Risk)
C4202,Emily Griffith,1156,Verified,False,1558.56,1,4,2,58.86,58,0,Low
C2632,Christopher Wright,2570,Verified,False,7141.25,1,13,2,5.33,34,0,Low
C4691,Jerome Reid,3551,Verified,False,600.48,2,20,1,92.76,113,1,Low
C2230,Richard Miller,592,Verified,False,5068.63,1,2,1,387.54,107,0,Low
C777,Jennifer Jackson,2227,Verified,False,1715.84,2,25,2,100.55,52,0,Low
C719,Jonathan Moss,2887,Verified,False,1570.33,2,3,1,284.0,100,0,Low
C4879,Sally Leon,2479,Verified,False,5343.3,1,12,1,2564.13,87,0,Low
C5268,James Dickerson,2443,Verified,False,14442.31,1,43,5,174.05,60,5,High (Network Risk)
C5023,Tammy Larson,2241,Verified,False,2776.7,1,44,5,351.23,54,5,High (Network Risk)
C994,Nicholas Scott,3116,Verified,False,11762.61,1,11,1,176.76,106,0,Low
C1610,Jesse Brooks,2391,Verified,False,4156.82,2,5,1,43.53,84,1,Low
C5459,Andrea Taylor,3630,Failed,False,959.72,1,10,5,107.77,101,0,High (Network Risk)
C1104,Christopher Lopez,3319,Verified,False,8965.56,2,4,1,28.96,98,0,Low
C3364,Jonathan Swanson,3024,Pending,False,11050.19,10,1,1,529.81,33,0,Low
C1635,Timothy Bentley DVM,3381,Verified,False,4430.27,2,4,1,598.11,70,0,Low
C4334,John Davidson,1146,Verified,False,831.12,1,9,1,129.16,109,0,Low
C3086,Jennifer Williams,155,Verified,False,679.06,1,21,1,2110.09,69,0,Low
C1721,Janice Cunningham,889,Verified,False,4778.8,1,10,1,105.73,57,1,Low
C2352,Jeffrey Scott,979,Pending,False,4768.99,1,24,1,549.6,74,0,Low
C1377,Miranda Hicks,2596,Pending,False,6046.18,1,4,1,102.4,119,0,Low
C1527,Michael Horton DDS,635,Verified,False,335.21,1,4,1,290.12,78,0,Low
C1498,Nancy Allen,3245,Verified,False,1253.97,2,9,1,18.34,87,0,Low
C3741,Robert Mccoy,3316,Verified,False,1680.4,1,5,1,70.64,4,0,Low
C1744,Melissa Brewer,1467,Verified,False,8723.79,1,18,1,163.93,32,0,Low
C192,Jesus Becker,2902,Pending,False,3047.42,2,2,2,531.35,44,1,Low
C3322,Lance Lynn,1595,Verified,False,9292.98,1,14,1,159.31,118,0,Low
C98,Alexandria Wise,3390,Verified,False,1112.16,1,19,1,1152.55,83,0,Low
C1906,Sydney Sanders,1360,Verified,False,469.61,1,9,1,86.22,43,0,Low
C363,Stephanie Stone,140,Verified,False,6936.74,1,15,1,37.02,98,5,Low
C1335,Jay Gallegos,117,Verified,False,2393.51,1,4,1,2453.49,55,0,Low
C4847,Eric Ponce,2210,Verified,False,3142.17,1,3,1,15.25,95,0,Low
C826,Janet Parker,2176,Verified,False,861.3,1,9,1,49.3,113,1,Low
C4113,Shawn Luna,177,Verified,False,3427.39,1,4,2,146.58,89,0,Low
C4897,Mark Frank,2824,Verified,False,3684.78,1,9,1,95.54,107,0,Low
C4168,Charles Goodman,629,Verified,False,3048.47,2,9,1,179.38,65,0,Low
C789,Jennifer Parker,3314,Verified,False,5826.83,2,7,5,172.0,110,0,High (Network Risk)
C3158,Dr. April Jones,2991,Failed,False,6561.55,1,9,1,4001.58,77,0,Medium (Compliance)
C4291,Kelly Pena,2521,Verified,False,10544.74,2,12,1,103.73,107,0,Low
C4887,Carolyn Brooks,2286,Verified,True,3209.33,2,6,1,254.69,100,0,Medium (Compliance)
C607,Christina White,2232,Verified,False,16221.21,1,5,1,160.52,114,0,Low
C2567,Joanne Olsen,1949,Verified,False,829.66,1,14,1,3.88,2,0,Low
C5488,Anthony White,403,Pending,False,7625.46,10,9,1,24.52,74,0,Low
C5055,Deanna Barrera,101,Verified,True,3126.22,1,10,2,5.37,73,0,Medium (Compliance)
C1016,Mark Weber,2932,Verified,False,2688.54,1,11,1,27.69,67,0,Low
C2673,Carol Carter,1032,Verified,False,1917.33,10,8,1,109.99,71,0,Low
C1198,Donald Peterson,3547,Verified,False,5177.21,3,5,1,517.09,62,0,Low
C1375,Karen Chambers,1301,Verified,False,19158.18,1,4,5,1061.65,86,0,High (Network Risk)
C1315,Antonio Walton,1865,Verified,False,11206.67,3,6,1,6179.49,70,0,Low
C1722,Kevin Huerta,1557,Verified,False,7397.12,2,10,1,161.44,94,0,Low
C4668,Joseph Smith,1815,Pending,False,2611.55,2,11,2,148.38,35,0,Low
C4794,Victoria Juarez,459,Verified,False,15415.81,2,8,5,16.12,49,0,High (Network Risk)
C1986,Kara Rogers,360,Verified,False,4571.85,1,9,1,31.45,107,0,Low
C3494,Jacob Wu,894,Verified,False,1050.81,1,3,1,474.74,46,10,Low
C5327,Dr. Teresa Ortega MD,1173,Verified,False,1327.58,10,5,5,2559.88,95,0,High (Network Risk)
C1064,Henry Rivera,2450,Verified,False,15118.4,1,12,1,1146.17,43,0,Low
C2619,Jesus Hale,3280,Verified,False,9246.3,2,3,1,56.16,73,0,Low
C1108,Stacy Taylor,2294,Verified,False,10615.77,2,8,2,24.93,87,0,Low
C4172,Sheila Ramirez,2797,Verified,False,3506.72,2,7,1,9.26,94,0,Low
C1976,Robin Richardson,1290,Verified,False,1274.67,1,6,1,124.96,83,1,Low
C37,Mary Alvarez,2194,Verified,False,511.09,2,12,1,2640.28,2,0,Low
C4228,Cole Andersen,1288,Verified,False,1297.97,1,8,2,65.27,46,1,Low
C4706,Robin Smith,303,Verified,False,687.25,2,2,2,54.35,42,0,Low
C2484,Angel Aguirre,2994,Verified,False,30628.5,1,11,1,96.17,83,0,Low
C5453,Jeremy Lawson,3382,Verified,False,1711.23,1,4,1,92.64,84,5,Low
C589,Lonnie Miller,1021,Verified,False,1712.18,2,2,1,158.29,100,0,Low
C1471,Timothy Galvan,1706,Verified,False,1699.39,1,13,1,3.2,59,0,Low
C1849,Dr. Susan Navarro,240,Verified,False,520.88,1,2,2,31.82,43,0,Low
C3584,Cory Thomas,617,Verified,False,481.7,1,5,1,77.98,54,0,Low
C3730,Laura Vincent,1169,Verified,False,15047.86,1,9,1,210.07,48,0,Low
C92,Bethany Robles,2039,Verified,False,17873.96,2,6,1,59.55,70,0,Low
C201,Michael Dunn,559,Verified,False,9836.83,2,4,1,192.27,49,0,Low
C4205,Carol Griffin,2900,Verified,False,5005.49,1,3,1,54.62,41,0,Low
C2753,Matthew Allen,1024,Verified,False,890.21,1,4,1,494.79,89,1,Low
C1020,Paul Keller,3088,Verified,False,10869.96,1,3,1,226.97,39,0,Low
C3573,Jeffrey Baldwin,1155,Verified,False,3020.82,1,6,1,186.77,110,0,Low
C446,Timothy Orr,1939,Pending,False,5134.44,2,4,1,475.42,87,1,Low
C4954,Connie Scott,727,Verified,False,4035.22,1,2,2,337.78,34,0,Low
C3102,Steven Martinez,3583,Pending,False,6535.32,1,5,1,60.31,42,0,Low
C3419,Joseph Swanson,1080,Verified,False,7954.31,1,4,1,42.25,107,0,Low
C3239,Michael Wiggins,201,Verified,False,2600.08,1,9,1,1075.29,113,0,Low
C5429,Pamela Burke,2300,Failed,False,8533.15,2,9,1,2658.19,67,0,Medium (Compliance)
C156,Jamie Love,1391,Verified,False,2239.32,1,21,2,836.32,112,0,Low
C4995,Jane May,2076,Verified,False,8274.32,1,12,2,804.9,104,0,Low
C3714,Savannah Stokes,2987,Verified,False,8489.1,1,3,1,31.23,89,0,Low
C3080,Brian Miller,232,Verified,False,553.56,1,1,1,114.4,104,0,Low
C1694,Patrick Pineda,3042,Verified,False,3117.74,2,2,1,94.18,110,0,Low
C5211,Audrey Richardson,1069,Verified,False,347.69,3,4,1,89.35,88,0,Low
C3449,Tiffany Ray,917,Verified,False,645.76,1,2,1,43.72,52,0,Low
C64,Antonio Nichols,1653,Pending,False,3200.1,1,4,1,245.64,51,0,Low
C2316,Veronica Flores,1623,Verified,False,2616.52,1,7,2,250.04,53,0,Low
C3891,Michael Hogan,100,Verified,False,2314.91,2,4,1,37.37,32,0,Low
C1675,Lindsay Walker,3045,Verified,False,5802.08,1,9,2,48.49,96,0,Low
C3262,Joshua Murray,3519,Verified,False,2060.57,2,4,1,198.33,45,0,Low
C3341,Tommy Hood,1464,Verified,False,935.38,1,4,1,140.3,76,10,Low
C379,Mr. Kyle Thomas DDS,861,Verified,False,645.91,1,28,1,59.65,58,1,Low
C506,Michele George,733,Verified,False,570.27,1,7,2,108.63,103,0,Low
C25,William Martinez,2346,Verified,False,1247.33,1,8,1,20.57,99,0,Low
C1243,Michelle Mendoza DVM,1411,Pending,False,1424.37,1,14,1,400.35,70,0,Low
C5493,Michael Bennett DVM,417,Verified,False,12385.72,10,40,1,81.5,94,0,High (Network Risk)
C3789,Ronald Clark,3456,Verified,False,3563.65,1,5,1,77.4,1,0,Low
C4948,Rita Graves,1391,Verified,False,1083.27,1,17,1,302.3,77,0,Low
C4946,Sean White,3355,Verified,False,6954.07,1,5,2,711.34,40,0,Low
C1823,Mr. William Hopkins,78,Verified,False,6700.0,1,16,2,148.77,32,0,Low
C183,Wendy Kelley,2267,Verified,False,1945.02,1,2,1,57.87,56,5,Low
C5554,Michael Mooney,492,Verified,False,10807.41,1,5,1,270.08,40,0,Low
C3981,Jeanne Rose,411,Verified,False,8484.68,1,8,1,161.83,57,0,Low
C1732,Michael Lee,460,Verified,False,2204.99,2,9,1,236.89,113,0,Low
C1432,Jennifer Anderson,1452,Verified,False,2871.49,1,3,2,499.04,101,0,Low
C3413,Lauren Trujillo,2290,Verified,False,2121.45,2,1,1,113.79,94,0,Low
C1174,Michelle Ellis,2861,Pending,False,5188.93,1,10,1,686.88,1,0,Low
C4530,Chad Dominguez,84,Verified,False,302.34,2,6,1,62.32,112,0,Low
C3939,Charles Robinson,2238,Verified,False,7765.11,2,5,1,53.01,92,0,Low
C1944,Nancy Smith,1197,Verified,False,719.42,1,27,1,568.37,78,1,Low
C2311,Laura Gregory,57,Verified,False,1575.2,1,5,1,287.57,47,0,Low
C101,Brittany Clements MD,678,Verified,False,24601.85,3,4,5,116.86,34,0,High (Network Risk)
C2642,Tammy Davis,3450,Verified,False,2187.6,1,1,2,144.9,112,0,Low
C2284,Catherine Williams,2447,Verified,False,4359.41,1,3,1,94.82,100,0,Low
C1934,Miss Leslie Booker,2710,Verified,False,4693.93,2,14,1,109.8,38,0,Low
C3974,Jennifer Johnson,146,Verified,False,4431.29,1,4,1,23.38,119,0,Low
C2241,John Watts,3638,Verified,False,2023.15,1,12,5,46.42,82,1,High (Network Risk)
C4259,Marissa Bennett,2275,Verified,False,4847.01,2,2,1,117.73,75,0,Low
C3022,Rebecca Barrett,2272,Verified,False,2894.75,3,3,1,14.12,60,1,Low
C4990,Sharon Santos,2150,Verified,False,543.8,1,3,1,5.82,37,0,Low
C4590,Matthew Richardson,2235,Verified,False,970.59,1,10,1,13.19,95,0,Low
C5356,Bradley Burns,410,Pending,False,2633.3,1,6,1,866.94,87,1,Low
C2160,Katrina Johnson,3184,Verified,False,5223.75,2,3,1,2632.42,46,0,Low
C4721,Laura Hill,2547,Verified,False,5304.17,2,13,1,224.81,98,0,Low
C1041,Rebecca White,566,Verified,False,3727.26,2,10,1,113.75,83,0,Low
C5128,Mr. Jeffrey Duncan,773,Failed,False,3100.23,1,9,20,828.25,104,0,High (Network Risk)
C1013,Arthur Stout,2192,Verified,False,2713.5,1,9,2,28.58,104,0,Low
C1000,Cathy Hess,340,Verified,False,4282.5,1,3,1,234.33,97,0,Low
C3593,Justin Herrera,3139,Verified,False,1168.73,1,20,1,236.57,86,0,Low
C1646,Katherine Stone,245,Verified,False,3201.54,1,6,1,101.07,118,0,Low
C931,Michelle Tyler,2848,Verified,False,7499.63,1,9,1,9.15,55,0,Low
C5408,Paul Sheppard,3542,Verified,False,3408.61,2,27,1,783.74,1,0,Low
C821,Catherine George,1353,Verified,False,1139.52,2,3,1,62.74,112,0,Low
C1768,Justin Mcbride,1025,Verified,False,1121.91,2,33,1,51.62,96,1,High (Network Risk)
C2829,Carl Harris,3512,Verified,False,11019.52,1,7,1,15.37,98,0,Low
C484,Justin York,3111,Verified,False,2644.21,2,7,1,359.84,94,0,Low
C1336,William Hunter,570,Verified,False,714.21,1,5,1,257.29,57,0,Low
C2350,Joshua Henderson,1918,Pending,False,1100.72,1,18,2,333.82,64,0,Low
C4621,April Turner,1487,Verified,False,562.47,1,19,2,74.52,32,0,Low
C510,Kelly Patton,3124,Verified,False,581.12,2,8,1,93.94,110,0,Low
C5343,Jill Ray,2740,Verified,False,4010.01,1,2,1,51.88,61,0,Low
C4710,Kelly Andersen,2922,Verified,False,1666.44,2,6,1,211.24,51,0,Low
C2435,Joshua Clark,1536,Verified,False,874.44,1,7,5,144.93,82,0,High (Network Risk)
C1613,Robert Young,954,Verified,False,10282.65,1,5,1,91.71,91,0,Low
C1124,Elijah Wall,1684,Pending,False,2234.85,2,3,1,23.05,72,0,Low
C5490,Lindsey Robinson,1773,Pending,True,3058.14,2,2,1,91.24,66,5,Medium (Compliance)
C3755,Carl Dean,3091,Verified,False,6242.7,1,23,1,15.98,52,0,Low
C1285,David James,819,Verified,False,663.58,1,13,1,57.28,55,5,Low
C4635,Jennifer Miller,2520,Verified,False,821.11,1,7,2,42.76,112,0,Low
C2722,Jeffery Neal,1318,Failed,False,3045.52,2,4,1,103.21,40,0,Medium (Compliance)
C23,Andrea Oconnor,3423,Verified,False,106.3,10,9,1,219.89,80,0,Low
C1272,Melissa Lee MD,3540,Pending,True,22752.08,2,8,1,115.61,30,0,Medium (Compliance)
C4514,Samantha Jacobs,283,Verified,True,4357.46,2,5,1,59.98,74,0,Medium (Compliance)
C562,Christian Riddle,1434,Verified,False,2645.8,2,10,1,98.85,50,10,Low
C2016,Alexander Munoz,2830,Verified,False,4780.25,2,11,1,185.0,112,0,Low
C2746,Caleb Rodriguez,448,Verified,False,5726.06,1,12,1,279.0,94,0,Low
C3582,Andrea Bowman,881,Verified,False,4136.35,1,3,1,1109.75,112,0,Low
C44,Gavin Nelson,1931,Verified,False,6749.86,1,10,2,5239.05,72,0,Low
C1102,Courtney Smith,1884,Verified,False,9545.0,1,18,1,1307.91,68,0,Low
C549,Wayne Gray,2606,Verified,False,16950.35,1,9,1,146.52,98,1,Low
C3756,Timothy Thompson,3331,Verified,False,1287.55,3,43,1,36.53,54,0,High (Network Risk)
C3044,Elizabeth Nicholson,1209,Verified,False,853.12,2,6,1,85.29,117,0,Low
C2541,Joseph Graves PhD,1339,Verified,False,851.3,2,1,1,200.21,81,0,Low
C614,Lisa Mosley,1686,Verified,False,3661.8,2,3,1,78.67,43,0,Low
C982,Travis Price,3164,Pending,False,474.25,2,4,1,90.43,80,0,Low
C5218,Patrick Faulkner,2975,Verified,False,730.81,2,11,1,390.59,61,0,Low
C4986,Linda Atkinson,395,Verified,False,5036.68,1,14,1,109.86,104,0,Low
C1202,Cameron Smith,1128,Verified,False,1827.2,2,8,1,239.1,48,0,Low
C359,Brittney Martinez,3266,Pending,False,2570.16,1,9,1,105.81,90,0,Low
C830,Nicolas Brown,3170,Verified,False,14693.25,2,34,1,7.3,82,0,High (Network Risk)
C4824,Vanessa Zimmerman,2616,Verified,False,8148.31,1,3,1,7.28,41,0,Low
C2813,Lee Mann,2811,Verified,False,3762.92,1,6,5,261.49,98,0,High (Network Risk)
C1413,William Lindsey,1022,Verified,False,1034.79,1,5,1,129.55,39,0,Low
C2738,Desiree Patterson,2769,Verified,False,2435.11,2,2,1,183.04,49,0,Low
C4587,Sierra Cervantes,2227,Verified,False,1228.08,2,1,2,224.4,58,0,Low
C2514,Scott Meza,3202,Verified,False,2243.55,1,20,1,205.34,101,0,Low
C2489,Erik Davis,393,Verified,False,1157.97,1,4,1,137.31,3,0,Low
C3840,Nicholas Duffy,2244,Verified,False,3157.74,2,6,1,1008.59,33,0,Low
C4278,Anthony Paul,2265,Verified,False,2119.21,1,10,1,203.76,43,0,Low
C373,Katherine Baxter,1607,Verified,False,1144.63,2,2,1,212.23,88,0,Low
C2300,Jessica Romero,1213,Verified,False,820.77,2,3,1,68.36,81,0,Low
C2249,Karen Robertson,3153,Verified,False,14567.91,2,7,1,26.14,106,0,Low
C3794,Dr. Melissa Sullivan DDS,3577,Verified,False,1405.54,1,5,1,3836.0,3,0,Low
C2301,Nichole Klein,2167,Verified,False,8225.81,2,2,1,506.49,112,0,Low
C2232,Nicole Sanchez,2682,Verified,False,2530.89,3,12,2,215.15,92,0,Low
C5000,Tiffany Morrow,1125,Verified,False,3142.45,3,33,20,104.22,62,0,High (Network Risk)
C3084,Kelsey Lynch,550,Verified,False,3188.89,2,8,1,376.6,78,0,Low
C4373,Traci Craig,818,Verified,False,2122.52,1,7,1,69.23,39,1,Low
C1825,Kelly Walker,718,Verified,False,2824.26,10,16,1,424.67,85,0,Low
C3793,Ryan Palmer,1315,Verified,False,4938.89,1,9,1,1395.06,75,0,Low
C902,Jenny Gray,3243,Verified,False,793.83,1,3,1,131.67,108,0,Low
C4895,Brian Sloan,2751,Verified,False,2356.83,1,18,1,1515.26,1,0,Low
C1582,Joshua Miranda,1672,Verified,False,2927.41,3,5,1,99.71,105,1,Low
C2554,Edwin Carter,780,Verified,False,5486.23,1,3,1,10.26,86,0,Low
C2289,Oscar Carroll,3503,Verified,False,1877.03,1,3,1,509.11,111,0,Low
C5515,Eric Fitzpatrick,2444,Pending,True,2315.19,1,1,1,127.53,82,0,Medium (Compliance)
C935,Samantha Johnson,3453,Verified,False,6203.79,2,4,2,513.63,32,0,Low
C1919,Luke Freeman,1553,Verified,False,562.67,1,10,1,27.63,47,0,Low
C4171,Luis Murphy,2069,Verified,False,8728.96,1,2,1,71.6,4,0,Low
C1447,Aaron Zamora,589,Verified,False,1212.63,1,28,1,1113.02,34,0,Low
C1926,Henry Garcia,750,Verified,False,8167.08,2,1,1,231.09,42,0,Low
C1381,Bradley Robertson Jr.,2347,Verified,False,9978.66,2,3,1,1401.88,117,0,Low
C3816,John Moore,2247,Verified,False,2001.44,2,2,1,57.92,43,0,Low
C4063,Courtney Foster,3566,Verified,False,7736.29,1,15,1,5127.96,67,5,Low
C4470,Jeffrey White,3602,Verified,False,1979.38,1,12,20,4514.97,117,5,High (Network Risk)
C3519,Ashley Gonzales,116,Verified,False,1383.13,1,5,1,460.14,81,0,Low
C4238,Candice Gomez,3191,Verified,False,4203.68,1,2,1,186.83,68,0,Low
C3197,Ian Harrell,2321,Verified,False,6859.34,1,2,1,284.5,33,0,Low
C2654,Colton Williams,863,Verified,False,1090.32,1,9,1,711.1,45,1,Low
C1130,Patrick Santana,561,Verified,False,502.06,2,4,1,216.65,45,1,Low
C3424,Cristian Mendoza,3280,Verified,False,3511.63,2,4,1,88.25,88,0,Low
C1101,Deborah Fisher,110,Verified,False,14848.42,1,6,1,31.82,74,0,Low
C4531,Rebecca Klein,1926,Verified,False,2808.8,2,5,1,5.71,87,0,Low
C5599,Phillip Macias,713,Verified,False,10489.44,2,1,20,95.37,70,0,High (Network Risk)
C3792,Tammy Cameron,3529,Pending,False,8654.52,3,2,1,6.76,79,0,Low
C4030,Brian Rodriguez,526,Verified,False,7047.15,1,2,2,118.13,52,0,Low
C2707,Christopher Porter,2473,Verified,False,2460.38,1,4,5,1544.53,33,0,High (Network Risk)
C3076,Cynthia Gregory,996,Verified,False,1507.29,1,7,1,133.46,102,0,Low
C86,William Mclaughlin,1078,Verified,False,3336.0,1,7,2,36.05,67,0,Low
C3871,Dylan Tucker,2268,Verified,False,914.01,1,19,2,68.84,111,0,Low
C4637,Danielle Hernandez,1037,Pending,False,6718.18,1,2,1,43.73,50,1,Low
C1831,Danielle Wang,3249,Pending,False,1955.73,1,9,1,1904.68,56,0,Low
C4603,Wendy Wright,1792,Pending,False,2494.23,2,3,1,55.42,65,0,Low
C4054,Christina Mccarthy,276,Verified,False,2406.76,1,35,1,10.16,92,0,High (Network Risk)
C2246,Meredith Shaw,1863,Verified,False,1338.03,1,6,1,6779.39,39,1,Low
C3388,Willie Garza,874,Verified,False,1693.45,1,4,1,111.53,44,0,Low
C438,Crystal Anderson,3338,Verified,False,4255.27,1,9,1,39.66,44,1,Low
C1802,William Hickman,79,Verified,False,932.79,2,8,1,150.42,39,0,Low
C2900,Luis Davis,446,Verified,False,971.12,10,5,1,104.07,62,0,Low
C3731,Jason Torres,1813,Verified,False,1226.36,1,11,2,300.07,46,1,Low
C3918,Crystal Rogers,1022,Pending,False,3105.19,1,24,1,116.26,95,0,Low
C3943,Jordan Schneider,1322,Verified,False,580.15,1,15,2,5.97,43,10,Low
C672,Derrick Ramirez,802,Verified,False,1418.62,1,6,1,113.4,30,1,Low
C102,Jason Flores,3325,Verified,False,285.09,1,30,1,560.72,73,0,Low
C2885,Andrew Williams,3,Verified,False,582.08,2,10,1,66.25,43,0,Low
C2816,Christy Kennedy,461,Verified,False,1913.67,1,3,1,442.22,48,0,Low
C1069,Ashlee Lopez,3479,Verified,False,3976.97,1,7,1,611.72,78,0,Low
C920,Heidi Torres,1799,Verified,False,3199.57,2,6,1,870.28,53,0,Low
C5420,Adam Arnold,3423,Verified,False,2862.46,2,4,1,31.34,37,1,Low
C567,Erin Figueroa,3044,Verified,False,1653.52,2,9,1,36.61,50,0,Low
C3101,Richard Rice,1109,Verified,False,9561.62,1,1,1,153.42,110,0,Low
C949,Matthew Clark,2642,Verified,False,1821.08,1,26,1,9.76,87,0,Low
C1269,Stephen Anderson,537,Verified,False,678.5,1,12,1,29.36,62,0,Low
C4867,Barbara Willis,2237,Verified,False,11673.82,1,1,2,231.94,112,0,Low
C4114,Martha Lee,1263,Verified,False,1204.5,1,11,5,6.51,84,0,High (Network Risk)
C1402,Tammy Jones,2499,Verified,False,2200.15,2,10,1,10.05,4,0,Low
C1280,Grace Swanson,530,Verified,False,7784.08,1,23,1,318.83,41,5,Low
C2215,Christina Le MD,3055,Verified,False,1522.25,1,29,1,13.04,52,0,Low
C4519,Joshua King,982,Verified,False,8941.66,1,33,1,8399.23,118,0,High (Network Risk)
C3949,Sarah Meadows,1695,Verified,False,3317.22,2,5,1,32.15,41,0,Low
C4282,Stephanie West,3066,Pending,False,4900.05,1,11,5,29.2,1,0,High (Network Risk)
C4156,Susan Jones,1751,Verified,False,3726.87,1,5,1,17.64,118,0,Low
C5472,Timothy Gordon,1937,Verified,True,2284.73,2,16,1,140.2,84,0,Medium (Compliance)
C3108,Kyle Horton,432,Failed,False,14039.59,1,1,1,106.65,104,0,Medium (Compliance)
C2063,Angel Knight,2598,Verified,False,6301.64,2,2,1,257.82,73,0,Low
C2762,Melissa Yang,3538,Verified,False,514.31,1,5,1,99.06,62,0,Low
C903,Michael Berg,2684,Pending,False,1868.62,2,7,1,573.4,50,0,Low
C3069,Carol Christensen,3341,Verified,False,6455.44,1,8,2,101.52,31,0,Low
C3350,Richard Morales,3600,Verified,False,275.41,1,20,1,81.95,80,0,Low
C1251,Clinton Moore,2443,Verified,False,1290.48,1,4,1,202.26,77,0,Low
C2045,Michael Suarez,3152,Verified,False,8600.58,2,2,1,7.59,104,0,Low
C1717,Joy Zimmerman,1894,Verified,False,4058.02,1,5,1,26.69,47,0,Low
C5099,Elizabeth Robinson,1287,Verified,True,1744.58,2,4,5,1846.24,3,5,High (Network Risk)
C3217,Kristen Jackson,2100,Verified,False,6040.99,1,11,1,9.91,31,0,Low
C3545,David Williams,3118,Verified,False,26075.44,2,25,1,539.03,72,0,Low
C3327,Stephen Ho,638,Pending,False,1162.59,1,23,2,3.97,65,0,Low
C4696,Richard Day,2281,Verified,False,869.63,1,17,1,12.76,35,5,Low
C2190,Rodney Nichols,2524,Verified,False,16636.7,2,4,1,43.96,89,0,Low
C1657,Gregory Jacobs,2595,Pending,False,8169.65,1,6,1,269.76,49,0,Low
C350,Bradley Thornton,2660,Verified,False,2232.16,2,10,1,113.57,100,0,Low
C812,Miranda Ortiz,2385,Verified,False,3154.67,2,3,1,255.37,89,0,Low
C3282,Erika Brown,2240,Verified,False,6943.15,1,4,1,63.27,53,0,Low
C1655,Samantha Robinson,3389,Verified,False,6954.0,2,9,2,110.44,47,0,Low
C3610,Cassandra Bonilla,25,Verified,False,7437.72,1,2,1,148.27,73,0,Low
C1549,Veronica Osborne,1651,Verified,False,1314.56,2,17,1,584.86,104,1,Low
C4684,Ashley Reese,276,Verified,False,2285.73,2,5,1,1894.27,95,5,Low
C1078,Matthew Berg,3218,Verified,False,20879.87,1,11,1,28.14,53,1,Low
C1506,Kristen Montoya,528,Verified,False,5725.96,1,8,2,110.96,1,0,Low
C597,Derrick Perkins,2812,Verified,False,15843.85,2,20,1,77.2,44,0,Low
C2636,Nicole Moore,2601,Verified,False,3629.83,1,1,1,225.49,112,0,Low
C2459,Nicholas Richardson,1180,Verified,False,1792.42,1,20,20,1170.33,45,0,High (Network Risk)
C4687,Anna White,1557,Verified,False,1154.24,2,19,20,164.9,58,0,High (Network Risk)
C3423,Scott Lopez,747,Verified,False,1970.18,1,9,1,61.21,80,0,Low
C3782,Nicholas Holland Jr.,2961,Verified,False,10131.56,1,11,5,673.56,67,0,High (Network Risk)
C1031,Christopher Long,2578,Pending,False,3318.2,3,11,1,99.96,38,0,Low
C3302,Andrea Jones,3518,Verified,False,697.32,2,3,2,115.13,113,0,Low
C3288,Terry Waller,2191,Verified,False,1118.98,2,7,1,357.31,2,0,Low
C2579,Joseph Acosta,1886,Verified,False,30925.48,1,15,1,19.98,80,0,Low
C1833,Lindsey Gray,3385,Verified,False,1285.43,10,1,2,18.16,110,0,Low
C647,Ronald Hines,1151,Verified,False,3884.88,1,10,1,32.34,30,0,Low
C2536,Amanda Wright,3212,Verified,False,7282.48,1,7,5,95.25,73,0,High (Network Risk)
C136,Charles Burton,2113,Verified,False,2186.44,1,12,1,691.31,94,0,Low
C5374,Vincent Rosario,2868,Verified,False,277.18,2,2,20,53.59,100,0,High (Network Risk)
C2225,Noah Morgan,1189,Verified,False,871.78,1,4,1,67.52,71,0,Low
C596,Christina Castillo,1785,Verified,False,1152.88,1,2,1,191.66,84,0,Low
C3724,Jill Martin,1435,Verified,False,715.44,1,2,1,36.25,98,0,Low
C1811,Christopher Brown,2809,Verified,False,12413.92,1,14,1,72.35,48,0,Low
C348,Lori Martinez,252,Verified,False,6631.75,1,4,1,139.31,112,0,Low
C303,Ashley Phillips,3463,Pending,False,10304.88,2,4,1,346.78,93,0,Low
C979,Sara Thomas,1220,Verified,False,1215.82,1,17,1,609.64,63,0,Low
C5380,Allison Simmons,1462,Pending,False,2351.13,1,5,1,116.6,43,0,Low
C1207,Matthew Perez,3553,Verified,False,8298.83,1,15,1,94.93,71,5,Low
C2332,Janice Henson,368,Verified,False,508.81,3,3,1,107.58,3,0,Low
C2861,Ashley Jackson,2728,Verified,False,18808.97,2,5,1,201.55,69,0,Low
C4254,Brian Sosa,357,Verified,False,9446.8,1,3,1,1342.2,78,0,Low
C2490,Luis Wilson,3415,Verified,False,4524.87,1,11,1,3874.55,64,1,Low
C3561,Tamara Huang,1029,Verified,False,1599.79,1,6,2,2376.74,83,0,Low
C752,Cassandra Moreno,1146,Verified,False,791.38,1,13,2,734.35,73,0,Low
C3575,Meghan Hernandez,2777,Verified,False,5834.76,2,8,1,32.03,109,0,Low
C4909,Elizabeth Roth,808,Verified,False,13660.22,1,1,1,205.66,85,0,Low
C3292,Brian Hendricks,339,Verified,False,4318.0,2,5,1,85.79,84,0,Low
C397,Tasha Cochran,260,Verified,False,5668.57,1,2,1,120.87,30,0,Low
C2368,Angela Smith,3336,Verified,False,5823.55,1,9,1,2018.82,56,0,Low
C4422,Brittany Rios,2038,Verified,False,3562.29,1,11,1,1088.94,108,0,Low
C805,James Griffith,3486,Verified,False,4929.76,1,12,2,528.79,60,0,Low
C5295,Karen Jones,2959,Verified,False,13811.08,2,6,1,7507.99,108,0,Low
C3438,Tina Ramirez,1339,Verified,False,5289.55,1,2,1,512.62,40,0,Low
C4718,Zachary White,3563,Pending,False,3427.56,2,8,2,1381.57,46,0,Low
C3298,Francisco Coleman,2923,Verified,False,1342.86,1,10,2,341.69,34,1,Low
C2780,Jennifer Leon,757,Verified,False,6833.99,1,6,1,199.81,40,0,Low
C2303,Robert Valdez,582,Verified,False,3252.83,1,7,1,3121.74,36,0,Low
C5077,Jason Crawford,258,Failed,False,3305.62,1,1,2,45.83,93,1,Medium (Compliance)
C5418,Kim Underwood,217,Verified,False,5221.33,1,34,1,13.22,89,5,High (Network Risk)
C3456,Kevin Fisher,1625,Verified,False,3064.98,1,6,2,35.1,115,0,Low
C5305,Melissa Goodman,1543,Verified,False,4389.76,10,2,1,74.79,37,10,Low
C5317,Cynthia Smith,1448,Pending,False,3625.98,2,11,20,586.99,43,0,High (Network Risk)
C4472,Alicia Grant DVM,225,Verified,False,2101.99,1,4,1,979.77,84,0,Low
C4227,Amy Bailey,2239,Pending,False,7244.88,2,8,1,45.74,103,0,Low
C3058,Sharon Fuentes,191,Verified,False,224.16,1,10,1,59.67,86,0,Low
C3532,Charles Castaneda,2114,Pending,False,5372.17,2,9,1,76.59,115,0,Low
C835,Susan Sanchez,429,Verified,False,1075.72,2,2,1,159.36,93,0,Low
C4262,Amy Taylor,2114,Verified,False,9419.27,1,5,1,149.67,103,0,Low
C4212,Michele Bennett,1084,Verified,False,477.05,3,40,1,257.04,48,0,High (Network Risk)
C184,Vincent Watson,3510,Verified,False,1752.42,1,22,1,36.13,79,0,Low
C1686,Mary Jones,535,Verified,False,4453.84,1,14,1,29.76,59,0,Low
C5404,Sheila Johnson,2953,Pending,False,2596.5,1,9,1,40.41,112,0,Low
C869,Bob Jones,2126,Verified,False,1463.0,2,3,1,158.57,101,1,Low
C4536,Robin Hernandez,1809,Verified,False,8935.21,1,6,1,23.83,31,0,Low
C701,Patrick Adkins,3041,Pending,False,798.71,1,5,1,38.42,51,0,Low
C3769,Elizabeth Jenkins,707,Verified,False,3294.2,1,6,1,320.3,107,0,Low
C4734,Richard Dominguez,3132,Verified,False,1590.92,1,2,2,1345.93,1,0,Low
C4120,Christopher Ibarra,3059,Verified,False,6414.29,1,15,5,265.91,92,0,High (Network Risk)
C601,Paul Gordon,3197,Verified,False,1673.02,1,0,2,29.05,97,1,Low
C729,Ronnie Frazier,200,Verified,False,2998.51,3,14,1,419.27,65,0,Low
C3933,Kristen Gallegos,1995,Verified,False,2200.46,2,14,2,62.88,112,0,Low
C5140,Kathryn Fletcher,1339,Pending,False,2797.03,10,47,1,1217.9,107,0,High (Network Risk)
C3249,Christopher Dudley,913,Verified,False,3462.36,1,6,1,283.27,93,0,Low
C4242,Vanessa Martinez,1201,Verified,False,3106.48,1,4,5,41.53,96,0,High (Network Risk)
C5358,Manuel Robinson,2067,Failed,False,2808.76,1,8,1,177.83,4,0,Medium (Compliance)
C419,Paul Hansen,127,Verified,False,1483.17,1,11,1,18.15,101,0,Low
C4568,Rose Mcdonald,2310,Verified,False,3767.48,1,6,1,192.64,111,0,Low
C3751,Martin Wilcox,1255,Verified,False,917.91,1,2,1,99.63,55,0,Low
C2591,Robert Lucas,2637,Verified,False,4334.83,2,11,2,3470.5,106,0,Low
C2721,Brian Miller,754,Verified,False,2935.08,1,7,1,203.27,2,0,Low
C2823,Sarah Johnson,2597,Verified,True,317.55,1,3,1,162.39,119,0,Medium (Compliance)
C4190,Joshua Jones,2323,Verified,False,3615.86,1,2,1,4.14,62,0,Low
C1168,Nicole Parker,705,Verified,False,16289.08,1,53,2,383.28,107,0,High (Network Risk)
C4725,Margaret Johnson,1066,Verified,False,2701.89,1,14,1,856.83,89,0,Low
C4328,William Cunningham,941,Verified,False,3568.5,10,11,1,865.9,71,0,Low
C3964,Rachel Williams,3376,Verified,False,1458.86,1,6,1,123.26,96,1,Low
C2295,Tony Smith,2373,Verified,False,31996.23,1,12,1,58.94,66,0,Low
C4751,Douglas Sanders,2675,Verified,False,28118.78,1,3,1,957.27,88,0,Low
C2002,Paul Swanson,326,Verified,False,16887.02,1,8,1,130.3,74,0,Low
C117,Michele Davis,469,Verified,False,24323.12,2,8,1,140.58,109,0,Low
C3025,Patrick Garcia,3646,Verified,False,1234.89,2,3,1,90.3,79,0,Low
C634,Brittany Matthews,2843,Verified,False,837.74,1,6,1,5.1,41,0,Low
C3392,Kevin Christian,2904,Verified,False,50870.95,3,5,1,43.31,90,0,Low
C3892,Christian Ford,3392,Verified,False,2537.88,1,4,5,171.97,4,0,High (Network Risk)
C2173,Anna Higgins,3078,Pending,False,1301.93,2,4,2,364.83,85,0,Low
C5567,Rhonda Pena,176,Failed,False,4739.4,1,1,20,141.68,78,0,High (Network Risk)
C4133,Candace Stuart,1118,Verified,False,974.63,2,17,1,333.07,101,0,Low
C3435,Monica Curtis,1480,Verified,False,3883.23,2,25,5,11.37,97,0,High (Network Risk)
C1824,Gloria Floyd,549,Pending,False,1304.95,1,3,1,35.45,94,0,Low
C4660,Isaac Chase,3263,Verified,False,7373.24,1,17,1,4693.1,73,0,Low
C4381,Steven Schroeder,3406,Verified,False,1244.94,1,7,2,428.5,54,1,Low
C4692,Daniel Bishop,582,Verified,False,911.26,1,7,2,1131.66,52,1,Low
C1093,Christian Burton,2785,Verified,False,1164.68,1,2,1,98.74,57,0,Low
C1627,Robert Thomas PhD,2970,Verified,False,4172.2,1,4,1,696.88,52,0,Low
C3275,Tracy Harrington,106,Verified,False,1607.53,1,11,1,657.26,95,0,Low
C967,Brandon Edwards,457,Verified,False,7182.52,1,3,1,3769.26,60,1,Low
C4231,Candice Ramirez,3457,Verified,False,2886.82,2,4,2,289.57,111,0,Low
C2439,Brandon White,914,Verified,False,5508.62,1,4,1,30.91,67,0,Low
C1165,Deanna Kennedy,2925,Verified,False,1159.5,1,0,1,47.19,102,0,Low
C3123,Shawn Santos,2407,Verified,False,2529.87,1,9,1,234.34,91,0,Low
C3401,Caleb Carroll,1969,Verified,False,2895.42,3,12,1,2.97,119,0,Low
C2683,Scott Morales,97,Verified,False,1326.84,1,9,1,275.78,67,1,Low
C2147,Sylvia Anderson,2091,Verified,False,1812.26,1,15,1,344.94,38,1,Low
C5247,Ryan Crane,2860,Verified,False,4447.25,10,5,1,1369.5,49,0,Low
C3073,Michael Hunter,1015,Verified,False,546.61,1,31,1,9.73,40,0,High (Network Risk)
C147,Shawn Fleming,2458,Verified,False,1903.97,3,3,1,28.07,42,0,Low
C5013,Maria Figueroa,1472,Verified,False,2630.53,1,44,1,176.64,103,0,High (Network Risk)
C4358,Roberto Smith,3459,Verified,False,815.23,1,5,1,139.07,93,0,Low
C2052,Donna Moore,1841,Verified,False,377.02,1,8,1,153.01,63,0,Low
C4257,Benjamin Price,22,Verified,False,2752.45,1,6,2,640.76,40,0,Low
C4889,Brandon Owens,581,Verified,False,1096.25,1,6,2,249.58,110,0,Low
C743,Stephanie Marshall,710,Verified,False,536.13,1,4,1,1485.17,56,1,Low
C3563,Nicholas Lowery,1292,Verified,False,1288.84,2,5,1,902.85,79,0,Low
C4911,Patricia Gonzalez,1525,Verified,False,3821.64,1,1,1,54.06,49,0,Low
C1576,Evan Davies,1845,Verified,False,4411.11,1,14,1,233.3,90,0,Low
C3675,Dr. John Ramirez,2616,Verified,False,2336.54,1,3,1,348.88,37,0,Low
C213,Christopher Harrison,2665,Pending,False,9225.9,2,4,1,2579.81,58,0,Low
C3089,Erica Johnson,1781,Verified,False,5816.84,1,3,1,210.64,109,0,Low
C4662,Jamie Mayer,1999,Verified,False,879.84,2,11,2,359.43,31,0,Low
C2133,Jeffrey Kennedy,400,Verified,False,1635.27,2,4,1,74.22,2,0,Low
C254,Sean Cisneros,2916,Verified,False,352.99,2,1,2,339.48,83,0,Low
C2850,Debra Reid,183,Verified,False,11478.09,1,9,1,30.03,51,0,Low
C3303,Benjamin Sullivan,3544,Verified,False,1832.44,2,4,1,56.06,60,0,Low
C4208,Michael Savage,1266,Verified,True,26210.28,2,7,1,1004.18,45,1,Medium (Compliance)
C4175,Mckenzie Green,1649,Verified,False,1885.67,1,14,1,545.13,41,0,Low
C3162,Anna Valenzuela,581,Verified,False,2426.29,1,3,1,1155.13,106,0,Low
C1360,Paul Martin,1158,Verified,True,5252.68,1,7,1,4467.04,89,5,Medium (Compliance)
C5103,Jason Alvarez,644,Pending,False,17534.48,3,3,20,618.18,3,5,High (Network Risk)
C3881,Caitlyn Horton,1230,Verified,False,20555.63,2,16,1,217.87,114,0,Low
C3415,Michael Price,1077,Verified,False,2977.52,3,7,1,65.17,79,0,Low
C2931,Richard Harper,2647,Verified,False,2726.78,1,7,1,67.05,34,0,Low
C2307,Michael Jensen,2126,Verified,False,1634.82,10,2,2,154.4,93,0,Low
C4407,William Mcmillan,2743,Verified,False,19136.74,1,13,1,137.93,103,0,Low
C4144,Nancy Stewart,2863,Verified,False,5815.5,3,14,1,552.94,105,0,Low
C3174,Jimmy Hernandez,3165,Verified,False,1596.61,1,4,1,40.09,98,0,Low
C3014,Ashley Cordova,761,Verified,False,7618.55,2,8,2,64.59,57,0,Low
C4379,Joseph Smith,1299,Verified,False,5799.95,1,11,1,257.25,33,0,Low
C1286,Ronnie Martinez,1572,Verified,False,1491.85,3,43,2,16.36,76,0,High (Network Risk)
C1651,Wayne Davis,1570,Verified,False,1758.56,1,10,1,1349.26,96,0,Low
C5210,William Fisher,2640,Verified,False,919.86,1,7,1,547.0,30,0,Low
C2022,Carol Gray,143,Verified,False,9365.6,2,6,1,203.71,94,0,Low
C2700,Tristan Bonilla,3138,Verified,False,1723.02,1,6,2,32.26,52,0,Low
C486,Alexis Cervantes,2066,Failed,False,880.8,1,13,1,121.22,39,0,Medium (Compliance)
C1778,Steven Shaw,763,Verified,False,12932.26,1,3,1,435.74,77,0,Low
C813,Melissa Banks,1227,Verified,False,4083.55,2,15,5,58.15,114,0,High (Network Risk)
C4836,Jason Bell,3067,Verified,False,343.46,2,2,1,12.71,60,0,Low
C5201,Kelly Hubbard,2160,Verified,False,6014.15,1,55,1,300.83,78,0,High (Network Risk)
C3633,Christopher Patterson,1588,Verified,False,421.39,2,15,1,239.37,1,0,Low
C1084,Kurt Daniels,3282,Verified,False,1302.89,1,14,1,71.97,79,10,Low
C4315,Ryan Barker,2362,Verified,False,4610.72,2,9,1,5019.62,38,0,Low
C271,Douglas Oliver,562,Verified,False,4477.13,1,10,1,43.51,113,0,Low
C4471,Shannon Cowan,1695,Verified,False,1366.71,1,5,1,1202.82,106,0,Low
C1162,Ashley Banks,3587,Verified,False,778.22,1,3,2,408.57,57,0,Low
C3499,Jennifer Crawford,2720,Verified,False,17781.96,1,9,1,258.52,97,0,Low
C5560,Tammy Garcia,2372,Pending,False,13110.7,10,25,1,4894.67,79,0,Low
C2836,Kevin Johnson,2631,Verified,False,2197.57,1,15,1,853.06,100,0,Low
C3335,Jason Walker,1617,Verified,False,2777.99,2,6,5,55.33,50,0,High (Network Risk)
C4645,James Gonzalez,1890,Verified,False,1407.32,2,8,20,64.05,91,0,High (Network Risk)
C4862,Caleb Ponce,284,Verified,False,2175.12,1,9,1,47.79,113,0,Low
C2152,Jennifer Hoover,3481,Verified,False,2919.37,2,11,1,240.17,45,0,Low
C4167,Natalie Smith,586,Verified,False,6231.84,3,15,1,52.32,78,0,Low
C2357,Danny Campbell,3298,Verified,False,538.07,2,3,1,6.4,2,0,Low
C3216,Deborah Roberson,3312,Verified,False,4353.01,1,12,1,73.39,97,0,Low
C2009,Jennifer Allen,1234,Verified,False,13666.43,1,6,1,605.42,80,0,Low
C5446,Jennifer Smith,3556,Verified,False,2031.13,3,12,1,1172.24,81,10,Low
C4087,James Montoya,438,Verified,False,1061.99,2,24,5,534.68,31,0,High (Network Risk)
C3507,Lindsay Rogers,357,Pending,False,8621.05,1,1,1,126.61,82,0,Low
C2630,Wendy Allen,537,Verified,False,954.6,1,19,1,744.49,34,0,Low
C3307,Cheryl Newman,3251,Verified,False,766.9,1,6,1,2866.31,48,0,Low
C1817,Rebecca Lane,945,Failed,False,454.97,2,3,1,337.15,49,0,Medium (Compliance)
C5262,Mark Madden,3625,Pending,True,4721.62,3,5,20,162.78,81,5,High (Network Risk)
C5224,Tanner Holmes,2387,Verified,False,803.94,1,50,1,2095.95,100,0,High (Network Risk)
C3547,Brett Owen,1015,Verified,False,523.04,1,11,1,59.15,61,1,Low
C2665,Lynn Mueller,683,Verified,False,3281.61,10,3,1,486.14,84,0,Low
C946,Lori Green,2720,Pending,False,967.81,1,19,1,1.51,68,0,Low
C4871,Tiffany Harris,2053,Verified,False,5199.23,2,12,1,87.38,83,0,Low
C2436,Jeffrey Fuller,516,Verified,False,4756.21,1,8,1,5.38,40,0,Low
C3721,Alyssa Zimmerman,2735,Verified,False,3076.22,1,1,1,483.91,118,0,Low
C3743,Angela Reyes,3209,Pending,False,1300.71,1,2,1,46.87,60,0,Low
C992,Bianca Chavez,757,Verified,False,6388.24,1,6,2,416.02,74,0,Low
C1365,Heather Allen,1925,Verified,False,682.11,1,7,1,64.91,80,1,Low
C4300,Elizabeth Nichols,1123,Verified,False,8958.86,1,15,1,73.61,71,0,Low
C1145,Richard Hartman,851,Verified,False,2244.8,2,0,1,56.51,70,0,Low
C3048,Mary Hill,165,Verified,False,2580.66,3,4,5,358.06,71,1,High (Network Risk)
C5307,Lori Little,3582,Verified,False,4115.48,2,14,5,258.02,106,0,High (Network Risk)
C4474,Ashley Stevens,419,Verified,False,10381.66,1,5,1,40.73,4,0,Low
C1872,Ashley Campbell,1290,Verified,False,3865.33,1,5,1,136.15,69,0,Low
C1532,Anna Snyder,1366,Verified,False,1808.7,1,2,1,55.32,49,10,Low
C722,Ryan Myers,2918,Verified,False,5129.55,2,17,1,76.19,2,5,High (ATO Risk)
C2153,Alex Jones DVM,1003,Verified,False,8894.49,1,5,5,75.56,36,0,High (Network Risk)
C741,Michael Brooks,3339,Verified,False,7982.59,2,17,1,67.01,79,0,Low
C3641,Terry Stokes,780,Pending,False,3550.0,2,23,1,438.07,58,0,Low
C3709,Adam White,2885,Verified,False,3647.57,1,21,1,429.8,68,1,Low
C3347,Lisa Johnson,1193,Pending,False,4282.36,1,7,1,14.68,40,0,Low
C1254,Wendy Webb,499,Verified,False,6764.48,2,5,1,109.47,67,0,Low
C2745,Kimberly Moore,397,Verified,False,2536.27,2,4,1,7768.28,43,0,Low
C8,Tammy Lee,2302,Verified,False,3456.37,1,35,5,1087.17,109,1,High (Network Risk)
C934,Alexander Hunt,2655,Verified,False,3358.0,2,6,1,4109.61,82,0,Low
C2647,Sean Wilson,2300,Verified,False,715.19,1,17,1,35.25,110,0,Low
C1208,Garrett Robinson,2167,Verified,False,1571.36,2,10,1,89.87,50,0,Low
C3187,Teresa Adams,1934,Verified,False,7986.68,1,5,1,43.97,64,0,Low
C4069,Dr. Gregory Arnold,957,Verified,False,21010.81,2,6,1,163.48,45,0,Low
C3041,Patrick Simpson,2829,Verified,False,3171.04,1,19,1,234.15,70,0,Low
C3333,Jennifer Lee,495,Verified,False,2618.05,2,7,1,340.38,77,0,Low
C3629,Michael Clay,574,Verified,False,1702.73,2,5,1,79.77,37,0,Low
C1629,James Silva,153,Verified,False,264.08,1,3,1,58.57,30,0,Low
C3605,Emily Bauer,2344,Verified,False,14040.58,1,9,1,41.24,31,0,Low
C543,Katherine Andrade,2481,Verified,False,1347.37,1,4,2,123.62,81,0,Low
C1337,Paul Cabrera,3049,Verified,False,561.65,2,11,1,392.87,82,0,Low
C4848,Lisa Patterson,779,Failed,False,4004.24,2,56,1,481.05,64,0,High (Network Risk)
C2318,Jacqueline Chen,2075,Verified,False,2957.13,1,11,1,1064.22,30,0,Low
C938,Christopher Johnson,1574,Verified,False,25139.81,1,31,1,269.97,55,0,High (Network Risk)
C428,Laurie Carter,3565,Verified,False,4840.29,2,4,1,513.44,41,0,Low
C2483,Maria Sanford,2154,Verified,False,14554.34,2,12,1,18.55,35,1,Low
C332,Allen White,2404,Verified,False,6104.71,1,20,2,727.53,49,0,Low
C4032,Richard Howard,1300,Verified,False,1641.31,2,22,1,863.55,51,0,Low
C371,Matthew Watson,2667,Verified,False,36899.61,1,20,1,2257.04,41,5,Low
C1022,Barbara Flores,135,Verified,False,15231.31,1,7,1,3745.8,3,0,Low
C996,Gary Marshall,3184,Verified,False,5315.89,2,15,1,28.17,115,0,Low
C582,Stephanie Hoffman,1913,Verified,False,9133.27,2,3,1,634.63,67,0,Low
C4842,Lance Rose,2124,Verified,False,4255.6,1,26,1,93.35,56,5,Low
C800,Donald Franklin,3427,Verified,False,3781.44,1,3,1,77.85,87,5,Low
C3050,Shannon Jones,596,Verified,False,4899.04,1,20,1,92.6,66,0,Low
C5239,Jennifer Avila,469,Verified,False,24660.34,1,17,20,77.53,106,5,High (Network Risk)
C3649,Francisco Gonzalez,2326,Verified,False,10322.43,10,16,1,127.88,99,0,Low
C3136,Kathleen Mooney,1373,Verified,False,2984.32,1,38,5,84.74,105,0,High (Network Risk)
C3362,Caleb Jackson,2109,Verified,False,3763.72,1,17,1,326.11,48,0,Low
C4221,James Ray,1148,Verified,False,625.26,2,2,1,457.46,102,0,Low
C5518,Mason Chase,1488,Pending,False,3455.7,1,11,1,955.23,63,0,Low
C5306,Susan Mitchell DVM,880,Failed,False,5596.7,1,51,20,362.55,42,0,High (Network Risk)
C2067,Steven Hull,2327,Verified,False,4540.25,1,6,1,142.26,75,0,Low
C4406,Matthew Jones,2304,Verified,False,3682.13,1,5,1,462.69,92,0,Low
C408,Robert Cummings,2466,Verified,False,1542.53,1,12,2,746.61,99,0,Low
C3878,Paul Ross,1351,Verified,False,7425.38,1,3,1,398.71,46,0,Low
C3674,Emily Salazar,1615,Verified,False,8326.1,3,3,1,364.91,94,0,Low
C3632,Michael Gibson,1146,Verified,False,3259.84,2,11,2,9898.21,87,1,Low
C5469,Tracy Martinez,2221,Pending,False,3267.8,1,35,20,67.07,116,0,High (Network Risk)
C2681,Luke Johnson,623,Verified,False,2921.5,1,7,2,641.56,68,0,Low
C2312,Adam Garcia,265,Verified,False,4101.91,2,47,1,207.37,94,0,High (Network Risk)
C666,Michael Graham,1327,Verified,False,5079.99,1,5,1,13.52,1,0,Low
C4808,Corey Barrera,2378,Verified,False,571.06,1,12,1,12.47,90,0,Low
C1807,Steven Mayo,3619,Verified,False,1866.38,1,9,1,9.66,64,0,Low
C4533,Shawna Green,827,Verified,False,834.94,1,5,1,171.19,112,0,Low
C2392,Ashley Valentine,3167,Verified,False,1729.33,2,21,2,14.54,103,0,Low
C4318,Gary Salazar,818,Verified,False,10133.91,1,3,1,140.85,32,0,Low
C3539,Debra Jackson,351,Verified,False,1105.26,1,1,1,204.72,50,0,Low
C5187,Joe Martinez,627,Pending,False,603.96,3,6,1,78.52,82,0,Low
C3293,Nicole Barron,2308,Pending,False,786.32,2,6,1,110.67,32,0,Low
C4193,Jennifer Griffin,1390,Verified,False,3896.42,1,17,1,644.89,50,0,Low
C2338,Joseph Lane,1761,Verified,False,6091.7,2,2,1,43.25,98,0,Low
C3166,Vanessa Morris,1012,Verified,False,3048.23,2,11,1,178.19,68,0,Low
C1146,Courtney Baker,2477,Verified,False,369.15,1,10,1,5.61,93,0,Low
C1400,Bradley Hansen,1981,Verified,False,1462.83,2,9,1,237.35,73,0,Low
C1214,Mary Moss,3432,Pending,False,15313.06,2,17,1,1150.18,47,0,Low
C5167,Blake Bonilla,1809,Failed,False,3280.21,3,7,1,534.47,117,0,Medium (Compliance)
C4690,Adam Robinson,331,Verified,False,369.82,2,7,5,111.64,49,0,High (Network Risk)
C2455,Chelsea Garcia,2939,Verified,False,1303.37,3,10,1,87.05,59,0,Low
C2790,Kevin Rose,2022,Verified,False,370.39,1,6,1,2020.56,110,0,Low
C4107,Paige Collins,938,Verified,False,1830.4,1,2,1,420.29,60,0,Low
C4642,Christian Wagner,253,Verified,False,3336.74,2,5,1,179.28,69,0,Low
C1107,Colleen Cox,1087,Verified,False,2533.05,1,6,2,433.22,69,0,Low
C4089,Shawna Palmer,1358,Verified,False,2010.55,1,4,2,69.86,81,0,Low
C4396,Chelsea Ramirez,640,Verified,False,23951.59,2,5,2,129.55,98,0,Low
C1050,Eric Kane,1645,Verified,False,3716.44,2,8,1,53.71,40,0,Low
C1712,Bridget Walter,2140,Verified,False,2092.17,1,5,1,610.41,66,0,Low
C3490,Cynthia Shannon,310,Pending,False,6468.18,1,14,1,39.01,39,0,Low
C3614,Allen Stanley,14,Verified,False,6516.89,2,14,1,75.09,80,0,Low
C3858,Derek Mcintosh,888,Verified,False,4499.61,3,1,1,294.55,97,0,Low
C181,Jeffrey Hernandez,3152,Verified,False,46259.37,1,2,2,3.34,69,0,Low
C3772,Katie Brown,2089,Verified,False,1410.1,1,1,2,47.42,58,1,Low
C453,Brent Wong,1776,Verified,False,10563.47,1,5,1,38.99,59,0,Low
C5258,Jenny Carter,823,Pending,False,9577.96,1,5,1,200.54,96,1,Low
C28,Kirk Moreno,2140,Verified,False,696.58,1,8,1,195.93,115,0,Low
C3922,Jeffrey Maldonado DDS,2627,Verified,False,5157.3,1,14,5,2944.44,39,0,High (Network Risk)
C638,Colleen Brown,913,Verified,False,1140.56,1,7,1,37.17,61,0,Low
C3872,Derek Jones,2433,Verified,False,3227.66,2,4,1,15.4,31,0,Low
C1255,Darrell Oliver,458,Pending,False,10334.17,2,7,5,913.27,114,1,High (Network Risk)
C4445,Jenna Garcia,1816,Verified,False,3437.38,2,4,2,56.48,67,1,Low
C895,Sherry Adams,2542,Verified,False,333.69,1,2,1,180.52,98,0,Low
C2954,Richard Bailey,2041,Verified,False,6585.57,1,15,1,68.86,65,0,Low
C4293,Kyle Gross,3550,Verified,False,620.27,1,10,1,371.25,72,0,Low
C1229,Jonathan Graves,1180,Verified,False,1856.49,1,23,2,248.51,116,0,Low
C2381,Eric Knox,176,Verified,False,10255.62,2,2,1,84.56,37,0,Low
C2706,Ethan Jones,2006,Verified,False,926.77,2,2,1,152.98,32,0,Low
C2557,Steven Thomas,3545,Pending,False,4901.01,2,3,1,71.25,109,0,Low
C2211,John Cook,1173,Verified,False,1442.24,1,10,5,160.51,85,5,High (Network Risk)
C592,Dennis Jones,2937,Verified,False,310.99,2,14,1,75.13,107,0,Low
C4798,Sarah Wheeler,3309,Verified,False,1434.63,1,9,1,1328.91,4,0,Low
C4097,Lauren Freeman,669,Verified,False,1528.71,1,8,1,97.7,84,0,Low
C3245,Brian Fuentes,305,Verified,False,819.41,1,14,1,74.54,61,0,Low
C3828,Wanda Conley,1153,Verified,False,3044.25,2,5,1,9.96,61,0,Low
C3833,Carol Thomas,742,Verified,False,3212.74,2,17,1,29.08,91,5,Low
C698,Eric Fitzgerald,3605,Verified,False,1935.09,1,36,2,362.12,36,5,High (Network Risk)
C2424,Nicholas Fritz,920,Verified,False,1991.26,2,3,1,116.06,101,0,Low
C5244,John Diaz,3278,Verified,False,5872.35,2,39,2,90.17,84,0,High (Network Risk)
C1967,Harold Mckinney,2875,Verified,False,748.83,1,2,1,447.06,56,10,Low
C838,Patricia Vincent,3367,Verified,False,10042.66,1,3,1,1055.34,69,1,Low
C4920,Linda Rodriguez,1651,Verified,False,1576.71,1,10,1,41.53,2,0,Low
C5302,Monica Smith,2437,Pending,True,2079.32,10,1,1,104.42,4,0,Medium (Compliance)
C3240,Selena Hopkins,2026,Verified,False,1164.96,1,3,1,6.44,117,0,Low
C129,Jonathan Sanchez,1797,Failed,False,907.35,2,17,1,621.06,66,0,Medium (Compliance)
C4161,Valerie Howard,1078,Verified,False,8276.06,1,8,1,10624.97,58,0,Low
C1182,Cheryl Blevins,778,Verified,False,1288.36,1,13,1,87.44,51,0,Low
C5391,Tracie Wiley,982,Verified,False,5018.38,2,25,20,84.19,47,0,High (Network Risk)
C3646,Stephanie Cole,1048,Verified,False,4493.9,2,7,1,131.26,64,5,Low
C1003,Kelsey Baker,2367,Verified,False,2315.45,1,33,1,212.22,112,0,High (Network Risk)
C2834,Stacy Myers,265,Verified,False,9202.67,2,4,5,226.28,3,0,High (Network Risk)
C5249,Xavier Parker,2504,Verified,False,3296.83,1,5,5,225.46,31,0,High (Network Risk)
C2239,Joseph Cooper,2533,Verified,False,330.74,2,11,1,18.42,45,0,Low
C3346,Jessica Gibson,1891,Pending,False,1561.37,1,3,1,136.57,42,0,Low
C2976,Rebecca Roberts,3217,Verified,False,48703.82,1,13,1,387.66,93,0,Low
C1087,Kathryn Jennings,2569,Pending,False,3125.12,2,1,20,24.78,64,0,High (Network Risk)
C3479,Chris Levy,2246,Verified,False,2745.29,1,1,1,19.27,83,0,Low
C2362,Mary Torres,2822,Verified,False,8310.86,1,9,1,64.4,91,0,Low
C5102,Robert Smith,1975,Pending,False,12859.97,1,32,1,192.43,117,0,High (Network Risk)
C1557,Douglas Watkins,372,Verified,False,1153.34,1,4,1,377.3,113,0,Low
C909,Eric Jordan,2501,Verified,False,3037.34,2,14,2,478.69,108,0,Low
C2107,April King,857,Verified,False,2976.73,1,12,1,40.59,78,0,Low
C1374,Douglas Trevino,231,Verified,False,688.53,1,2,1,8.83,56,0,Low
C5277,Patricia Moore,2269,Failed,False,2411.34,2,11,1,1567.81,100,0,Medium (Compliance)
C2821,Devin Ferrell,1059,Verified,False,3718.45,1,5,1,949.37,3,0,Low
C538,Kevin Miller,3189,Pending,False,2436.05,1,10,1,75.97,54,0,Low
C4485,John Gomez,1429,Verified,False,22930.9,1,7,1,466.53,62,0,Low
C182,Mandy Henderson,2961,Verified,False,6554.91,2,2,1,226.57,91,0,Low
C539,Annette Green,3044,Verified,False,4215.28,1,4,1,113.31,91,0,Low
C915,Eric Elliott,2128,Verified,False,3075.91,1,1,5,2205.94,52,0,High (Network Risk)
C2025,Erica Lane,984,Verified,False,6429.52,1,8,1,55.88,35,0,Low
C923,Christina Taylor,1620,Verified,False,2355.4,1,10,2,18.06,107,0,Low
C2703,Elizabeth Miller,345,Verified,False,616.37,2,4,1,185.39,96,0,Low
C2192,Lori Gardner,119,Verified,False,856.43,2,6,1,62.1,62,0,Low
C1638,Shawn Kim,153,Verified,False,3848.42,1,3,1,193.55,42,0,Low
C2272,Jeremy Edwards,3364,Verified,False,10905.44,2,20,1,95.56,95,0,Low
C2474,Michelle Mcdonald,479,Verified,False,1918.34,1,2,1,51.45,43,0,Low
C1508,Jason Jenkins,2717,Verified,False,7494.47,1,5,1,106.87,64,0,Low
C4395,Justin Bernard,3454,Verified,False,4729.29,1,2,2,15.06,61,0,Low
C4110,Peter Gilbert,1037,Verified,False,9782.77,1,8,1,14.88,82,0,Low
C5566,David Hunt,754,Pending,False,959.5,1,16,5,101.37,86,1,High (Network Risk)
C1091,Joshua Cunningham,1846,Verified,False,926.92,1,1,1,267.23,86,10,Low
C4701,Pedro Long,2188,Verified,False,18074.89,1,12,1,11.97,107,0,Low
C3082,Aaron Aguirre,873,Pending,False,513.77,2,27,1,293.0,50,0,Low
C615,Julia Brown,1637,Verified,False,4393.16,1,8,1,71.75,62,0,Low
C625,Ronald Santos,3341,Verified,False,14877.51,1,4,1,266.71,56,0,Low
C5288,Brent Roberts,1690,Verified,False,4579.82,1,7,1,211.21,91,0,Low
C4523,Mr. Antonio Yang,1637,Verified,False,12698.62,1,4,2,641.55,53,1,Low
C2122,Nancy Brown,1048,Verified,False,11636.25,1,35,1,118.94,93,0,High (Network Risk)
C5438,Charles Yang,3116,Verified,False,6908.84,1,14,5,12.67,69,5,High (Network Risk)
C3597,Danny Lowe PhD,3442,Pending,False,4343.47,1,15,1,3147.34,87,1,Low
C5243,Eric Hays,2262,Pending,False,951.93,1,41,1,172.38,1,0,High (Network Risk)
C1884,John Watts,820,Verified,False,693.93,1,21,1,186.4,84,0,Low
C680,Aaron Munoz,1917,Verified,False,2392.82,1,6,1,120.99,119,0,Low
C441,Brent Harris,540,Verified,False,456.66,2,7,1,1217.55,101,0,Low
C5379,Ross Wallace,3309,Verified,False,5464.06,10,48,5,23.69,56,0,High (Network Risk)
C1424,Bryan Sullivan,3374,Verified,False,34375.28,1,4,1,18.67,67,0,Low
C1799,Dr. Sarah Payne,505,Verified,False,3117.63,1,6,1,52.03,69,5,Low
C2247,Melanie Villarreal,1798,Verified,False,4338.87,1,3,1,267.36,42,0,Low
C4426,Jessica Fields,235,Verified,False,880.57,1,1,1,50.19,54,0,Low
C1316,Robert Sandoval,1859,Verified,False,2608.26,1,3,1,47.19,36,0,Low
C1924,Patrick Payne,2420,Verified,False,3188.0,1,3,1,27.89,65,0,Low
C2030,Dylan Contreras,2693,Verified,False,2327.67,2,4,1,535.6,4,0,Low
C2344,Katherine Contreras,3341,Verified,False,4491.83,1,12,1,253.76,111,0,Low
C1979,Michael Rodriguez,3581,Verified,False,1520.94,1,7,2,489.43,81,1,Low
C4542,Jeffery Johnson,488,Verified,False,3374.49,1,16,1,66.06,92,0,Low
C2254,Justin Smith,2608,Verified,False,4827.29,2,8,1,132.95,109,0,Low
C4969,Matthew Barry,887,Verified,False,12173.6,2,8,1,458.47,74,0,Low
C4076,Amanda Meadows,2789,Verified,False,3260.51,1,5,1,44.04,80,0,Low
C3250,Julie Sharp,1459,Verified,False,1623.91,1,35,1,668.81,91,0,High (Network Risk)
C4264,William Howard,2202,Verified,False,2566.87,10,5,1,283.47,40,1,Low
C5410,Kathy Bailey,3402,Pending,False,4753.44,1,15,1,1027.92,74,0,Low
C3786,Jeanette Brown,3389,Verified,False,1175.94,1,2,1,606.3,77,10,Low
C1389,Heather Ball,3112,Verified,False,1427.45,1,6,1,12.74,48,0,Low
C2634,Mike Buchanan,1691,Verified,False,3378.63,2,36,1,62.84,71,0,High (Network Risk)
C5492,Phillip Turner,3546,Verified,True,380.59,10,12,5,4.45,56,0,High (Network Risk)
C1632,Thomas Brewer,3,Failed,False,2593.21,2,2,1,7.93,91,0,Medium (Compliance)
C5364,John Hopkins,2824,Pending,False,1887.47,1,39,1,33.75,73,0,High (Network Risk)
C3234,Tammy Rowe,787,Verified,False,5335.6,1,26,2,1099.65,59,0,Low
C5501,Beverly Nguyen,1272,Pending,False,1218.51,1,37,1,143.69,96,10,High (Network Risk)
C834,Hannah Williamson,3397,Pending,False,1900.32,1,5,1,287.66,98,0,Low
C1594,Andrew Christian,193,Verified,False,2842.65,2,3,1,69.57,34,0,Low
C5246,Brent Rodriguez,741,Verified,False,1447.9,1,5,1,90.48,85,0,Low
C1767,Karen Wolf,2246,Verified,False,1085.61,1,22,2,402.4,63,0,Low
C1387,Dr. Morgan Young,3614,Verified,False,1516.01,2,4,1,113.78,34,0,Low
C2867,Carrie Stafford,3265,Verified,False,348.45,1,4,1,106.66,41,0,Low
C4344,Jennifer Brown,2022,Verified,False,1076.94,1,11,1,321.0,52,0,Low
C2081,Ashley Bradford,1631,Verified,False,5349.21,1,3,1,29.47,89,0,Low
C2165,Phillip Obrien,1454,Verified,False,624.7,2,3,1,194.06,69,0,Low
C4543,Tammy Morris,1432,Verified,False,983.6,1,7,1,208.71,49,0,Low
C3493,Jamie Zhang,2873,Verified,False,2192.42,1,7,1,10.33,106,0,Low
C4811,Christina King,2893,Verified,False,5886.85,1,3,1,28.06,61,0,Low
C4294,Dustin Harris,1086,Verified,False,815.22,1,10,1,55.14,113,0,Low
C819,Robert Stokes,1458,Verified,False,1498.6,1,8,1,70.78,66,0,Low
C5117,Kevin Soto,2998,Pending,False,11292.12,10,1,1,307.24,83,0,Low
C416,Christina Patrick,2677,Verified,False,3414.75,1,13,20,37.05,68,0,High (Network Risk)
C2565,Heather Russell,1904,Verified,False,5680.29,1,4,1,36.11,62,0,Low
C2607,Andrea Lopez,759,Verified,False,1000.57,1,14,1,381.28,79,0,Low
C4046,Susan May,871,Verified,False,1523.04,2,39,2,615.84,79,0,High (Network Risk)
C1708,Ronnie Hudson MD,2312,Verified,False,8053.51,1,7,1,648.39,39,0,Low
C2213,Luke Hansen,2551,Verified,False,4136.07,2,4,1,27.24,119,1,Low
C3458,Austin Patterson,2080,Verified,False,5242.55,1,22,1,37.02,102,0,Low
C1289,Benjamin Miller,2026,Verified,False,5846.41,1,3,1,11.33,71,0,Low
C2530,Elizabeth Wilson,1601,Verified,False,6847.17,1,33,1,2.97,79,0,High (Network Risk)
C494,Kyle Rivera,2741,Verified,False,1981.78,1,5,1,22.63,83,0,Low
C2940,Todd Nielsen,1200,Verified,False,981.97,2,4,1,54.83,78,0,Low
C2183,Michael Jones,2362,Verified,False,1453.19,1,49,1,199.24,67,0,High (Network Risk)
C2705,Tracy Jones,2247,Verified,False,1921.62,2,9,1,513.4,55,0,Low
C1459,Sarah Frederick,863,Verified,False,306.36,3,27,2,125.15,44,0,Low
C2324,Jennifer Brown,3458,Pending,False,4713.92,3,7,2,1252.68,30,0,Low
C2563,Ashley Ruiz,2706,Verified,False,7030.87,1,6,1,37.72,37,0,Low
C1178,Deborah Johnson,1122,Pending,False,3256.78,1,0,1,1132.64,84,0,Low
C5486,Dean Cook,1033,Failed,False,1499.71,2,16,1,41.79,3,5,High (ATO Risk)
C1253,Brenda Payne,205,Verified,False,3219.03,1,10,2,303.69,72,0,Low
C1367,Tammy Alvarado,1688,Verified,False,532.31,2,6,1,203.39,97,0,Low
C4108,Cynthia Jones,3206,Verified,False,485.44,1,11,1,866.57,65,0,Low
C542,Sue Warner,977,Failed,False,15917.3,2,7,1,1352.51,62,0,Medium (Compliance)
C3884,Amanda Zavala,67,Verified,False,378.14,1,3,1,32.27,79,0,Low
C3492,Linda Salazar,1651,Pending,False,6619.37,2,9,1,4.64,77,0,Low
C2842,Juan Potts,234,Verified,False,11619.47,2,6,1,107.77,93,0,Low
C4664,Andrew Johnson,2896,Pending,False,2826.6,1,13,1,265.51,117,0,Low
C1720,Marie Reynolds,524,Pending,False,2690.8,1,5,1,145.4,79,0,Low
C5470,Samuel Mata,1458,Pending,True,3425.77,1,55,1,11626.28,1,0,High (Network Risk)
C461,Anthony Ayala,2726,Failed,False,334.93,2,4,1,335.05,68,0,Medium (Compliance)
C3276,Kimberly Dalton,916,Verified,False,1532.66,1,3,2,333.42,47,1,Low
C3005,Nancy Tran,251,Verified,False,11948.45,1,4,1,21.08,119,0,Low
C4440,Ralph Dominguez,2877,Verified,False,3242.64,1,10,1,65.0,74,0,Low
C2194,Jeffery Taylor,1810,Verified,False,2460.04,2,4,1,302.47,82,0,Low
C5565,Steven Haas,270,Verified,False,3094.91,1,2,1,236.95,75,0,Low
C5279,Cory Kim,505,Verified,False,1427.92,3,13,1,164.13,54,10,Low
C1854,David Chapman,3260,Verified,False,837.44,1,6,1,980.71,49,0,Low
C2938,Paul Beasley,2029,Verified,False,7337.6,2,13,1,53.66,50,0,Low
C5474,Laura Ritter,944,Verified,False,1127.53,2,6,1,279.4,77,0,Low
C2004,Nathan Hess,1775,Verified,False,26736.71,1,4,2,55.81,72,0,Low
C2154,Cameron White,3597,Verified,False,2129.49,1,1,1,10545.16,64,0,Low
C128,Gregory Rios,1134,Verified,False,4143.56,1,2,1,47.43,41,0,Low
C798,Eduardo Obrien,771,Pending,False,15335.16,1,3,1,3378.48,36,10,Low
C2414,Bryan Jones,2087,Verified,False,4616.66,1,9,1,103.41,32,0,Low
C905,Joshua Simpson,3009,Verified,False,722.01,2,6,1,56.51,33,1,Low
C11,Heather Herman,1119,Verified,False,1594.58,1,3,1,141.06,80,0,Low
C718,Micheal Pugh,323,Pending,False,516.81,1,0,1,26.91,53,0,Low
C2123,Eileen Valdez,3067,Verified,False,2336.77,1,10,1,37.63,66,0,Low
C3842,Debra Wolfe,3024,Verified,False,1016.94,1,14,1,1734.32,61,0,Low
C2692,Amy Mccullough,3382,Verified,False,2280.78,1,15,1,295.63,102,0,Low
C2935,Lisa Ramirez,1282,Verified,False,11377.54,1,3,2,597.3,38,0,Low
C1047,Chad Daugherty,1893,Verified,False,15703.74,2,16,20,74.19,30,0,High (Network Risk)
C4065,Patrick Clark,1724,Verified,False,490.77,2,11,1,423.72,82,1,Low
C67,Robert Thomas,451,Verified,False,482.58,1,11,20,184.33,94,0,High (Network Risk)
C1832,Melissa Santos,2280,Verified,False,3069.29,2,4,1,51.46,58,0,Low
C810,Brian Porter,1177,Verified,False,2318.71,1,6,1,17538.59,94,0,Low
C3550,Donald Cruz,3272,Verified,False,732.01,1,31,2,18.47,33,0,High (Network Risk)
C4689,Angela Ramirez,2996,Verified,False,2236.58,1,28,1,169.14,105,0,Low
C893,Kathleen Roy,811,Verified,False,2737.38,1,7,1,345.07,67,0,Low
C4147,Andrew Harris,760,Verified,False,2002.57,2,8,1,237.13,103,0,Low
C5019,Jeffrey Williams,456,Pending,False,9658.89,2,38,1,76.4,103,0,High (Network Risk)
C3904,Joshua Bailey,466,Verified,False,8154.3,1,19,1,56.64,117,0,Low
C1921,Lee Barry,1655,Verified,False,2431.54,1,13,1,251.47,72,5,Low
C46,Susan Patrick,3514,Failed,False,9840.33,1,9,2,49.62,41,0,Medium (Compliance)
C3811,Nicole Peterson,1928,Verified,False,6863.47,1,4,2,847.56,89,0,Low
C5447,Jessica Patterson,2011,Verified,False,3106.36,3,7,5,212.75,60,0,High (Network Risk)
C605,Nancy Brown,1473,Pending,False,208.44,1,23,1,115.17,96,0,Low
C2117,James Griffith,1687,Verified,False,661.31,1,9,1,179.29,116,0,Low
C276,Shannon Hurley,1803,Verified,False,1823.62,1,60,2,330.62,30,0,High (Network Risk)
C4389,Kenneth Carroll,3370,Verified,False,4469.09,1,14,1,1088.2,2,0,Low
C586,Carla James,231,Verified,False,720.99,1,3,20,274.22,31,0,High (Network Risk)
C2020,Tammy Anderson,1958,Verified,False,8308.94,2,5,1,203.8,102,0,Low
C2943,Robert Tapia,2115,Verified,False,11974.37,2,4,2,589.15,115,0,Low
C1792,David Daniels,1806,Verified,False,4413.95,1,14,1,17.7,81,0,Low
C1945,James Gilbert,1564,Verified,False,4615.57,3,18,1,66.4,32,0,Low
C2171,Matthew Patton,1096,Verified,False,5811.95,1,29,2,119.16,115,0,Low
C400,Lisa Martinez,1616,Verified,False,4152.52,2,5,1,40.32,50,0,Low
C1097,Erica Baker,2466,Verified,False,2992.88,1,10,2,445.93,68,0,Low
C63,Joel Gonzales,1143,Verified,False,2416.52,2,20,1,156.16,111,0,Low
C2979,Vincent Castillo,2606,Verified,False,7034.43,1,25,1,27.48,60,0,Low
C376,Claudia Brown,2982,Verified,False,6779.09,1,2,1,23.24,39,1,Low
C845,Destiny Bishop,494,Verified,False,688.52,1,12,2,147.76,118,0,Low
C2907,Austin White,2374,Verified,False,2689.5,1,2,1,401.49,107,0,Low
C2981,Desiree Booth,2849,Verified,False,4577.67,1,4,1,170.99,60,0,Low
C3264,Mark Thomas,2799,Verified,False,628.35,3,2,1,7384.82,57,0,Low
C3893,Amber Wilson,1614,Verified,False,5269.91,1,4,1,111.93,111,0,Low
C595,Michael Valencia,1052,Verified,False,2330.46,1,2,1,62.16,116,0,Low
C1910,Amanda Love,1530,Verified,False,20023.0,1,2,1,1063.6,64,0,Low
C1418,Miguel Green,2833,Verified,False,5868.04,2,3,2,243.46,53,0,Low
C2599,Michael Mathews,3302,Verified,False,3120.13,2,9,1,1111.59,95,0,Low
C3705,Nathan Burke,1959,Verified,False,4433.17,1,7,1,1271.69,79,0,Low
C3464,Billy Wallace,571,Verified,False,3189.08,1,1,1,88.06,73,0,Low
C795,Cynthia Nguyen,314,Verified,False,595.62,2,66,1,61.5,38,0,High (Network Risk)
C2645,Rodney Perry,1788,Verified,False,2667.57,2,4,1,445.69,83,0,Low
C3698,Sherri Thomas,1934,Verified,False,539.48,2,2,1,44.16,35,1,Low
C179,Richard Rogers,1646,Verified,False,2062.95,2,11,2,73.52,111,0,Low
C5120,Matthew Ruiz,2743,Verified,True,3275.49,10,50,1,8.18,54,0,High (Network Risk)
C2391,Lisa Martin,2196,Verified,False,822.58,3,3,1,119.12,94,1,Low
C2505,Timothy Buck,1927,Verified,False,2616.18,1,10,1,1365.75,43,0,Low
C5003,Lee Morton,812,Verified,False,12518.47,1,4,1,156.37,102,0,Low
C1701,Priscilla Romero,2449,Verified,False,1640.83,1,5,1,12.51,68,0,Low
C4118,Hailey Lewis,901,Verified,False,1092.61,1,23,1,3309.71,70,0,Low
C19,Amanda Barber,3483,Verified,False,8545.17,2,8,1,56.33,39,0,Low
C4884,Zachary Miller,187,Pending,False,3538.28,1,12,1,159.85,39,0,Low
C4138,Timothy Walker,636,Verified,False,2752.55,1,4,1,245.88,104,0,Low
C2793,Laura Kelley,2955,Verified,False,4856.26,1,8,1,546.27,112,0,Low
C4613,Nicholas Abbott,3585,Verified,False,3351.77,2,3,1,302.52,81,0,Low
C2408,Amber Kennedy,346,Verified,False,1317.23,2,3,1,120.6,117,1,Low
C215,Jessica Adams,569,Verified,False,900.57,1,5,1,145.93,62,1,Low
C1333,Eileen Sanchez,2237,Verified,False,17127.46,1,4,1,52.17,55,0,Low
C1725,Randall Cox,3606,Verified,False,4563.08,1,16,1,31.25,100,0,Low
C1820,Paul Wilson,110,Verified,False,13637.37,2,11,1,94.04,108,0,Low
C1325,Nicholas Beard,1436,Verified,False,2237.51,1,1,1,1519.47,36,5,Low
C1908,Harold Wagner,2158,Verified,False,9857.19,1,29,1,30.17,80,0,Low
C4955,Martha Jacobs,2284,Pending,False,1299.68,1,12,1,20.44,99,0,Low
C617,Jason Hudson,835,Pending,False,589.06,2,18,1,194.3,62,0,Low
C4354,Beth Medina,62,Verified,False,4572.49,2,6,1,689.26,67,0,Low
C4693,Jennifer Richards,2429,Verified,False,7287.68,1,2,1,54.07,32,0,Low
C839,David Mitchell,3580,Verified,False,8175.93,1,2,2,34.44,56,0,Low
C1331,Brad Fisher,2800,Verified,False,4369.16,1,28,1,257.35,102,0,Low
C2556,Ms. Mackenzie Barton,3313,Verified,False,1447.01,2,2,1,191.12,116,5,Low
C3538,Sherri Smith,3573,Verified,False,4203.9,1,2,1,1447.96,118,0,Low
C3932,Dennis Spencer,2461,Verified,False,4139.38,2,5,1,904.83,74,5,Low
C3650,Natalie Martinez,2720,Verified,True,2657.78,1,2,1,22.28,48,0,Medium (Compliance)
C4614,Jeffrey Vaughn,628,Verified,False,1817.55,1,11,2,31.53,118,0,Low
C3710,Brandi Camacho DVM,3454,Verified,False,923.57,1,12,1,2.26,30,0,Low
C2830,Heather Morales,2202,Verified,False,3506.81,1,10,1,198.55,97,0,Low
C4176,Michelle Wilson,3398,Verified,False,3630.94,1,4,1,47.02,59,0,Low
C2176,Stephanie Vargas,3571,Verified,False,658.36,1,9,1,2907.55,56,0,Low
C6,Wendy Williams,1027,Failed,False,19995.28,1,30,1,69.98,112,0,Medium (Compliance)
C2125,Heather Cole,2821,Verified,False,681.19,2,2,1,90.23,110,0,Low
C1603,Jerry Davenport,1459,Verified,False,1455.14,1,18,1,51.75,108,0,Low
C415,John Taylor,289,Verified,False,3663.17,1,14,1,169.7,95,0,Low
C4459,Ralph Hendricks,1505,Verified,False,4185.64,1,6,1,1124.13,69,0,Low
C4762,Angela Huang,1706,Verified,False,1253.36,1,8,1,6.29,73,0,Low
C3697,Jacqueline Banks,1262,Pending,False,1110.83,2,9,1,794.01,103,0,Low
C1343,Jeffrey Romero,1529,Verified,False,2565.42,1,3,1,7.82,114,0,Low
C3715,Theresa Davis,2699,Verified,False,2763.42,1,2,1,95.3,56,1,Low
C1751,Glenn Elliott,2609,Verified,False,11893.69,2,15,1,29.17,82,0,Low
C3248,Lauren Anthony,1400,Verified,False,968.58,1,2,1,31.53,81,0,Low
C4153,Frank Flores,2588,Verified,False,3048.54,1,3,1,18.51,42,0,Low
C894,Charles Cervantes,3362,Verified,False,2426.24,1,4,1,266.85,90,0,Low
C4814,Virginia Clark,3277,Verified,False,4154.53,1,9,1,75.65,49,0,Low
C207,Laura Gilbert,2039,Verified,False,2159.8,1,4,1,330.16,1,0,Low
C3031,Dustin Wilson,3115,Verified,False,8182.08,2,4,1,398.06,82,0,Low
C308,Jeffrey Mcclure,1116,Verified,False,5586.74,2,15,1,97.79,44,0,Low
C4489,Thomas Zhang,551,Verified,False,10534.13,1,5,1,395.81,113,0,Low
C5169,Tammy Estrada,3081,Failed,False,3220.62,1,51,1,165.31,3,1,High (Network Risk)
C5263,Daniel Roberson,2650,Verified,False,2807.64,2,10,1,72.14,116,0,Low
C2684,Alyssa Orr,2496,Verified,False,1910.6,2,7,1,585.21,119,5,Low
C3325,Kimberly Lloyd,2761,Verified,False,642.59,2,7,1,1354.99,118,0,Low
C4853,Ronnie Johnson,1157,Verified,False,4144.35,1,10,2,977.4,3,1,Low
C4978,Tom Duncan,1006,Verified,False,4443.18,1,6,1,11.54,74,0,Low
C2469,Kelly Guerra,3267,Verified,False,4964.09,2,14,1,163.05,58,0,Low
C1847,Brian Mccarthy,2831,Verified,False,1916.23,1,2,1,1048.2,116,0,Low
C2251,Jill Reynolds,1631,Verified,False,888.22,1,19,2,23.54,61,0,Low
C4240,Sean Kaiser,1507,Verified,False,1260.68,1,3,2,128.63,82,0,Low
C2340,Audrey Gomez,387,Verified,False,3559.23,1,1,2,48.11,117,0,Low
C4937,Ricky Luna,185,Verified,False,8598.02,1,3,2,222.04,39,0,Low
C5260,Jonathon Hill,2974,Verified,False,585.22,1,5,2,11866.71,32,0,Low
C1559,Kayla Waters,1268,Verified,False,14320.12,1,4,5,146.41,61,0,High (Network Risk)
C4236,Emily Middleton,2574,Verified,True,344.65,1,3,1,115.37,113,0,Medium (Compliance)
C1737,Timothy Bauer,3278,Failed,False,17875.64,2,16,1,4175.53,41,0,Medium (Compliance)
C5091,Ryan Guerrero,141,Verified,False,1007.48,2,3,5,199.68,81,0,High (Network Risk)
C1414,Amanda Walters,1012,Verified,False,12277.54,1,1,2,57.86,91,0,Low
C1025,Chad Bennett,500,Verified,False,1822.48,1,5,1,12.47,78,0,Low
C1875,Megan Baker,1933,Pending,False,11720.08,2,37,1,755.74,63,0,High (Network Risk)
C4695,Robert Gross,3261,Verified,False,281.89,2,3,1,24.95,61,0,Low
C2451,Craig Liu,756,Verified,False,5128.16,2,3,1,110.09,56,0,Low
C295,Shannon Curry,149,Pending,False,7957.88,1,5,1,282.56,32,1,Low
C581,Austin Grant,2442,Pending,False,3890.55,1,25,1,384.17,111,0,Low
C1112,Christopher Barnes,2008,Verified,False,5179.64,3,5,5,12.6,106,0,High (Network Risk)
C3556,James Silva,2676,Verified,False,8177.04,1,3,1,29.32,105,0,Low
C1132,Kari Sandoval,217,Verified,False,3494.4,1,9,1,206.03,77,0,Low
C4374,Eric Hall,793,Verified,False,1837.8,2,9,2,13.73,57,0,Low
C641,John Robles,3036,Verified,False,782.09,2,10,1,411.53,30,0,Low
C188,Howard Castillo,1167,Verified,False,7389.04,1,3,1,20.05,93,0,Low
C4945,Brian Ibarra,578,Verified,False,8710.13,3,4,1,95.13,93,0,Low
C1770,Donna Montes,3449,Verified,False,5839.63,1,18,1,68.9,109,0,Low
C604,Matthew Wilson,2190,Verified,False,6302.56,1,10,1,483.88,68,0,Low
C1683,Francis Wilson,3579,Verified,False,3773.33,1,14,1,67.27,89,5,Low
C5109,Michele Ayala,3598,Pending,False,1872.9,1,7,1,427.59,65,10,Low
C3566,Dr. John Jenkins,579,Verified,False,9188.96,1,17,1,827.56,115,0,Low
C2949,Earl Romero,2426,Verified,False,1811.47,1,9,1,138.62,35,0,Low
C2946,Rachel Brown,2575,Verified,False,3316.55,1,4,5,212.42,81,0,High (Network Risk)
C5424,Deborah Stewart,1467,Pending,True,5109.85,1,13,1,51.8,90,0,Medium (Compliance)
C465,Jeremy Ross,3127,Pending,False,11792.1,1,3,20,27.98,34,0,High (Network Risk)
C2189,Debra Chandler,1337,Verified,False,159.35,3,25,1,21.37,88,0,Low
C4849,Robert Parker,178,Verified,False,7077.86,1,16,2,171.48,116,0,Low
C3221,Kenneth Jackson,3471,Verified,False,1889.74,2,5,1,62.32,117,0,Low
C2102,Mario Gould,1991,Verified,False,4899.05,1,6,1,277.95,4,0,Low
C4846,Erin Jacobs,2144,Verified,False,449.48,1,8,1,94.8,39,1,Low
C3843,Nathan Lang,2733,Verified,False,1399.15,1,6,1,69.4,72,5,Low
C337,Michael Barr,3636,Verified,False,9560.7,2,21,1,110.11,115,0,Low
C5540,Kristen Pena,2357,Verified,False,9570.27,3,34,5,6.05,68,0,High (Network Risk)
C286,Heidi Gonzalez,225,Verified,False,2441.21,1,2,1,583.97,73,0,Low
C4286,Joseph Heath,1421,Verified,False,16243.95,1,6,1,85.94,93,1,Low
C4461,Robert Lozano,2959,Verified,False,2947.29,2,13,2,81.74,34,0,Low
C3960,Daniel Quinn,2762,Verified,False,4105.14,1,16,2,1605.92,106,0,Low
C138,Amanda Smith,679,Verified,False,1289.44,1,8,2,91.34,97,0,Low
C4365,Ashley Sanders,650,Verified,False,1867.78,1,4,1,355.82,119,0,Low
C3000,Mr. Eric Hall,1244,Verified,False,4473.45,2,7,1,7.69,67,0,Low
C4178,Danielle Nelson,3077,Verified,False,289.81,2,4,1,56.82,98,0,Low
C4473,Richard Rios,2368,Verified,False,3267.21,10,1,1,829.63,38,0,Low
C5530,Patrick Nelson,2434,Verified,False,4596.87,1,3,1,544.88,56,1,Low
C3994,Benjamin Bowen,2944,Verified,False,2972.45,1,11,5,404.97,41,5,High (Network Risk)
C626,Jennifer Smith,1158,Verified,False,12491.28,1,5,1,43.8,85,0,Low
C1005,Lisa Hernandez,2076,Verified,False,1829.37,2,5,1,208.57,4,0,Low
C3919,Rebecca Lee,1826,Verified,False,2335.09,2,17,1,82.32,99,0,Low
C4439,Emily Morris,382,Verified,False,1981.03,1,3,1,248.26,88,0,Low
C1040,Allison Hill,1191,Verified,False,2189.35,1,3,1,557.18,93,0,Low
C322,Dennis Douglas,15,Verified,False,2519.11,1,9,1,198.44,115,0,Low
C4538,Eddie Davis,1166,Verified,False,1692.04,1,4,1,714.76,92,0,Low
C2757,Kristina Webb,3184,Verified,False,9106.87,1,4,1,783.21,99,0,Low
C1984,Kim Sanchez,261,Verified,False,11945.23,1,25,1,25.04,53,0,Low
C5129,Jonathan Long,1001,Verified,False,9306.15,1,3,5,8.1,86,10,High (Network Risk)
C4005,Joshua Rodriguez,1850,Verified,False,6038.44,1,4,1,694.1,91,0,Low
C2582,William Sanders,2449,Verified,False,1117.09,1,10,1,167.34,40,0,Low
C4140,Jacob Hart,340,Verified,False,2737.34,3,7,1,1230.92,93,0,Low
C3906,Evelyn Pacheco,2831,Pending,False,23816.38,10,2,5,249.37,70,0,High (Network Risk)
C2942,Anna Jackson,1817,Verified,False,2386.75,2,30,1,1618.96,118,0,Low
C2717,Katherine Wright,2562,Verified,False,4380.65,2,3,1,467.98,51,0,Low
C1061,Luis Wells,2102,Verified,False,662.56,1,6,1,267.38,73,0,Low
C2257,Lacey Hall,370,Verified,False,5079.6,1,10,5,81.51,44,1,High (Network Risk)
C4018,Darlene Collins,1229,Verified,False,1506.24,1,41,1,67.59,35,10,High (Network Risk)
C917,Chris Morris,2829,Verified,False,2270.83,1,5,1,10.26,74,0,Low
C993,Jennifer Smith,1803,Verified,False,187.94,2,3,2,380.73,116,0,Low
C2881,Nicole Norton,3259,Verified,False,2809.49,1,11,2,42.76,58,0,Low
C2578,Emily Pearson,2531,Verified,False,7266.52,2,39,1,98.3,109,0,High (Network Risk)
C878,Michael Robertson,2898,Failed,False,7570.93,2,8,1,139.39,115,0,Medium (Compliance)
C507,Wendy Miller,1913,Verified,False,1999.43,1,5,1,64.57,103,0,Low
C1618,Michael Bennett,1862,Verified,False,6397.01,2,10,1,194.07,32,0,Low
C492,Carla Goodman,2036,Verified,False,7756.71,2,1,1,3.76,95,1,Low
C3866,Jeffrey Stanton,729,Verified,False,1374.22,1,4,1,153.44,32,0,Low
C1046,Jeff Jackson,2127,Verified,False,7808.35,1,1,2,398.92,54,0,Low
C1297,Katelyn Curry,2281,Verified,False,2126.15,1,5,1,10.25,86,0,Low
C2288,Jennifer Phillips,31,Verified,False,788.49,1,4,1,51.21,115,0,Low
C1461,Edward Weeks,2557,Verified,False,1476.33,2,0,1,1208.38,38,0,Low
C2127,Kelly Gilbert,1393,Verified,False,3690.85,1,8,1,127.67,115,0,Low
C4807,Matthew Thomas,989,Verified,False,657.33,2,12,1,49.92,79,0,Low
C54,Christine Mendez,2369,Verified,False,378.19,1,6,1,466.95,96,0,Low
C2096,Kelly King,2342,Verified,False,4383.82,10,2,1,26.32,103,0,Low
C2594,Timothy Ho,627,Verified,True,4210.86,1,20,1,30.12,75,1,Medium (Compliance)
C3053,Sarah Taylor,3194,Verified,False,2254.68,2,33,1,34.66,41,0,High (Network Risk)
C2410,Sandra Smith,2861,Verified,False,3241.69,1,10,1,1218.25,100,0,Low
C1556,Chris Jones,1393,Verified,False,5697.97,2,5,1,30.37,36,0,Low
C4833,Emily Lopez,233,Verified,False,534.13,2,5,1,131.56,42,0,Low
C3445,Kimberly Rivera,1942,Verified,False,201.04,1,10,1,856.82,115,1,Low
C3016,John Moore,3609,Verified,False,6646.75,1,7,1,31.23,112,0,Low
C4631,Justin Perez,2618,Verified,False,4282.17,10,10,1,9.87,3,0,Low
C2206,Tanya Hill,1202,Verified,False,4993.87,3,10,5,3809.97,114,0,High (Network Risk)
C2688,Shawna Silva,2707,Verified,False,1278.77,2,4,1,180.92,52,0,Low
C16,Marcus Powell,2924,Verified,False,3558.33,1,3,1,54.77,118,0,Low
C1940,Joshua Hopkins,2353,Verified,False,8486.44,1,5,1,115.6,73,0,Low
C5085,Christian Cross,778,Verified,False,3606.37,1,10,1,466.52,38,5,Low
C5361,Dennis Garcia,1928,Verified,True,1746.21,2,44,1,13.46,43,0,High (Network Risk)
C1727,Laurie Miranda,883,Verified,False,3662.54,1,6,1,71.45,93,0,Low
C3599,Raymond Vargas,2566,Verified,False,11222.53,1,7,1,507.02,105,0,Low
C309,Robert Savage,74,Verified,False,3442.07,2,5,1,1421.45,65,0,Low
C1319,Kara Jackson,3090,Verified,False,946.95,2,22,2,1400.07,47,0,Low
C2844,Virginia Davis,1765,Verified,False,16351.97,2,19,1,175.12,49,0,Low
C5366,Brianna Martin,3275,Verified,True,2161.82,2,52,1,1504.61,104,0,High (Network Risk)
C2809,Erica Huang,3493,Verified,False,1463.23,1,30,1,10.8,103,1,Low
C1324,Jorge Gonzales,1566,Verified,False,1573.29,1,14,2,185.32,52,0,Low
C3903,Erin Mason,3269,Verified,False,4827.29,2,8,1,2.61,34,0,Low
C4398,Justin Bennett,2599,Verified,False,1596.02,3,5,1,1322.74,39,0,Low
C321,John Collins,1727,Verified,False,567.93,1,5,1,291.13,66,0,Low
C2718,Kerry Ware,1474,Verified,False,4587.2,1,10,1,2238.98,49,0,Low
C585,Tina Dougherty,3242,Verified,False,3623.3,1,5,1,58.58,70,0,Low
C4251,Michelle Larsen,3142,Verified,False,3221.95,1,2,1,18.76,78,0,Low
C5489,Katherine Mccormick,3170,Failed,False,1046.35,1,5,2,499.72,37,0,Medium (Compliance)
C3029,Kristin Graham,3032,Verified,False,1939.24,1,16,2,115.46,109,1,Low
C3213,Alexander Diaz,3436,Verified,False,4565.23,2,0,1,787.2,100,0,Low
C5427,Michael Chandler,2749,Failed,False,3243.29,1,22,5,488.29,33,5,High (Network Risk)
C862,Justin Cuevas,1096,Verified,False,4021.21,2,11,1,93.04,69,0,Low
C2371,Janet White,1786,Verified,False,13482.14,1,6,2,141.4,42,0,Low
C331,Alexandra Ramos,74,Verified,False,3807.6,1,9,1,103.68,104,0,Low
C1812,Abigail Collins,1964,Pending,True,4806.51,2,15,1,154.55,79,1,Medium (Compliance)
C1261,Jacob King,826,Verified,False,1155.56,2,7,2,68.62,4,0,Low
C4080,Lisa Johnson,2923,Pending,False,939.69,2,15,1,371.48,38,0,Low
C2862,John Williams,3239,Verified,False,5770.18,2,14,2,10.88,58,0,Low
C2238,Dawn Garrett,176,Pending,False,1830.08,2,8,1,8.06,61,0,Low
C3155,Samantha Roy,2025,Verified,False,509.3,2,3,1,75.28,4,0,Low
C3104,Yolanda Chen,2072,Verified,False,4790.54,2,6,1,57.37,63,0,Low
C3476,John Golden DDS,2541,Verified,False,8285.81,1,1,1,67.05,42,0,Low
C1665,Amanda Johnson,876,Verified,False,1020.94,2,10,1,951.75,73,0,Low
C4878,Brittany Fitzgerald,37,Failed,False,526.66,1,5,1,179.65,56,0,Medium (Compliance)
C2382,Bonnie Barnes,2201,Verified,False,12336.66,3,4,1,473.57,94,0,Low
C4892,Amy Walsh,870,Verified,False,10860.59,1,12,1,322.47,99,0,Low
C913,Brent Stephens,1739,Verified,False,8205.25,1,2,1,1423.72,52,0,Low
C3995,Mrs. Lisa Smith,2745,Verified,False,1293.38,1,8,1,56.55,41,1,Low
C3944,Sarah Stewart,2328,Verified,False,2210.71,1,5,1,350.22,59,0,Low
C1905,Susan Matthews,3282,Verified,False,4435.17,1,6,5,106.86,41,0,High (Network Risk)
C5253,Kelli Shepard,344,Pending,False,7242.58,1,9,1,27.96,68,0,Low
C5043,Ryan Caldwell,42,Failed,False,2606.86,10,52,1,23.78,113,0,High (Network Risk)
C423,Roger Mason,3381,Verified,False,42106.41,1,10,5,106.12,65,0,High (Network Risk)
C1024,Angela Ramos,3162,Verified,False,5437.83,3,21,5,719.99,107,0,High (Network Risk)
C1607,Craig Wagner,2130,Failed,False,3390.82,2,22,20,61.62,94,0,High (Network Risk)
C256,Paul Massey,3147,Verified,False,2557.93,1,13,1,69.2,108,0,Low
C4375,Donald Bell,1075,Verified,False,3758.93,1,1,1,52.17,34,0,Low
C929,Keith Horton,3492,Verified,False,4390.24,2,6,1,24.41,93,0,Low
C900,Julie Wilson,2908,Verified,False,971.08,2,3,2,71.38,43,0,Low
C445,Nicholas Lopez,1433,Verified,False,899.31,1,73,1,806.83,84,1,High (Network Risk)
C1195,Tracy Wang,2491,Verified,False,1419.6,1,3,1,219.52,42,0,Low
C4901,Claudia Brooks,907,Verified,False,2165.06,1,2,1,62.81,108,1,Low
C2077,Nathaniel Wright,1635,Verified,False,3521.46,1,0,2,83.73,78,0,Low
C1169,Maria Valenzuela,1712,Verified,True,1910.0,1,3,1,244.25,82,0,Medium (Compliance)
C2334,Peter Anderson,1018,Verified,False,2908.43,1,8,1,59.78,37,0,Low
C3470,Michael Thompson,1029,Verified,False,718.08,1,17,1,560.94,57,0,Low
C4187,Ethan Perez,1167,Verified,False,9996.48,1,3,1,950.52,36,0,Low
C2195,Stephen Thompson,2445,Verified,False,748.6,1,18,1,26.17,107,0,Low
C5362,Michael Baker,187,Failed,False,4052.54,10,28,5,93.94,100,0,High (Network Risk)
C3578,Kenneth Bailey DDS,1786,Pending,False,1073.87,2,5,1,270.05,86,0,Low
C2672,Mark Decker,1404,Verified,False,4444.63,1,8,1,1044.63,118,0,Low
C3253,Ruben Cruz,3074,Verified,False,14169.7,2,22,1,2.96,107,0,Low
C3032,Christine Park,1871,Verified,False,6750.91,2,7,2,56.9,33,0,Low
C2661,Robert Hogan,2349,Verified,False,1227.3,1,3,1,3.25,109,0,Low
C3074,Michael Gordon,3073,Failed,False,3767.6,1,10,1,461.88,45,0,Medium (Compliance)
C2281,Rebecca Davis,3191,Verified,False,2077.47,2,10,1,148.59,41,0,Low
C3848,Deanna Mcdonald,2363,Verified,False,798.69,2,6,1,691.53,75,0,Low
C4482,Brian Barrett,2275,Verified,False,8042.45,3,16,1,103.75,86,0,Low
C3205,Charles Willis,795,Verified,False,30660.89,1,1,1,105.24,111,0,Low
C1326,James Chapman,423,Verified,False,10872.5,1,9,1,253.64,76,0,Low
C3021,Michael Soto,3517,Verified,False,882.71,2,13,1,167.31,75,0,Low
C4418,Aimee Fisher,1251,Verified,True,23765.71,2,2,1,67.29,38,1,Medium (Compliance)
C1188,Matthew Garcia,809,Pending,False,1605.6,1,2,1,550.14,64,0,Low
C3819,Elizabeth Owens,1666,Verified,False,1977.15,1,16,1,781.42,48,0,Low
C2447,Alex Lamb,2255,Verified,False,1416.32,2,18,1,240.28,105,0,Low
C2380,Kenneth Graham,664,Verified,False,3496.67,1,21,1,1179.49,62,0,Low
C2674,Roy King,1199,Verified,False,383.2,2,4,1,1353.86,99,0,Low
C1396,George Gregory,2706,Verified,False,1125.58,2,8,1,60.55,35,0,Low
C985,Wesley Rich,446,Verified,False,9611.86,1,9,1,151.48,102,0,Low
C3807,Stephanie Hunter,1651,Verified,False,39821.83,1,1,2,258.91,86,0,Low
C4905,Raymond Finley,3005,Verified,False,325.18,2,8,1,13.41,51,0,Low
C2070,Allen Hunt,1017,Verified,False,8564.37,1,8,1,172.21,99,0,Low
C3808,Stacie Sanford,2151,Verified,False,891.02,1,13,2,120.87,88,0,Low
C5507,Christina Compton,3064,Verified,False,1879.62,1,4,20,48.28,88,0,High (Network Risk)
C1551,Beverly Cook,1915,Verified,False,841.07,1,20,2,212.74,4,0,Low
C2534,Tracy Parker,1274,Verified,False,8117.22,1,7,1,35.67,72,0,Low
C479,Rebecca Ellis,1097,Verified,False,5288.55,2,29,1,14.27,71,0,Low
C765,Aaron Hernandez,2971,Verified,False,3364.11,1,13,1,4.07,48,0,Low
C1464,Elizabeth Miller,2843,Verified,False,6480.16,1,9,1,11.08,105,0,Low
C3522,Dalton Davis,2995,Verified,False,5575.11,1,2,1,23.69,84,0,Low
C511,Michael Singleton,3112,Verified,False,960.57,1,2,1,152.08,101,0,Low
C2449,John Cooper,1549,Verified,False,4153.35,2,26,1,237.58,115,0,Low
C4003,Michael Hale,3053,Verified,False,1582.11,1,14,1,58.74,79,0,Low
C452,Mary Guerra,317,Verified,False,1396.18,2,5,1,360.06,57,0,Low
C4253,Pamela Davis,265,Pending,False,4962.91,1,5,2,232.58,99,0,Low
C2329,Phillip Anderson,1802,Verified,False,11297.26,1,8,1,37.48,81,0,Low
C4250,Stephanie Weiss,726,Verified,False,2767.18,1,2,1,34.18,36,0,Low
C2992,Jessica Long,3568,Pending,False,15590.58,2,5,2,911.76,61,0,Low
C2930,John Yang,453,Verified,False,2152.46,1,12,1,65.85,2,0,Low
C4747,Connie Franklin,974,Verified,False,549.71,2,13,2,1961.34,81,0,Low
C5487,Jackie Morgan,1111,Verified,False,775.47,1,5,2,21.47,101,0,Low
C4988,Lisa Walton,1095,Verified,False,616.18,2,26,1,98.15,117,0,Low
C3045,Maria Taylor,412,Verified,False,4497.65,2,17,2,14.61,96,0,Low
C3696,Daniel Graham,3414,Verified,False,20551.43,2,3,1,7.21,57,0,Low
C4244,Matthew Simmons,646,Failed,False,9622.27,1,2,1,51.01,42,1,Medium (Compliance)
C5411,James Nicholson,2661,Pending,False,7440.04,1,32,1,417.49,49,5,High (Network Risk)
C5195,Tyler Fisher,2578,Verified,False,15403.62,3,42,20,54.1,49,5,High (Network Risk)
C1745,Michael Flowers,800,Verified,False,5920.33,1,4,1,339.01,69,0,Low
C5572,Bradley Parks,2442,Failed,False,9393.4,10,8,1,37.6,49,0,Medium (Compliance)
C2714,Scott Lara,288,Verified,False,3322.68,1,13,1,1070.79,96,0,Low
C1790,Francis Andrews,1032,Failed,False,1237.92,1,13,1,40.78,91,1,Medium (Compliance)
C1791,Jesse Tucker,3353,Verified,False,864.19,1,7,1,1281.4,39,0,Low
C2640,Jennifer Wise,3008,Verified,False,2019.92,1,1,1,151.94,55,0,Low
C2677,David Walters,1523,Verified,False,525.28,1,15,1,29.73,38,0,Low
C712,Rebekah Cole,2438,Verified,False,2106.53,2,3,1,38.69,41,0,Low
C2988,John Rogers,554,Verified,False,2158.79,1,9,1,250.28,85,0,Low
C2890,Holly Floyd,1576,Verified,False,7231.55,1,6,2,25.46,80,0,Low
C5476,Ms. Janet Leonard,127,Pending,False,2572.28,10,44,5,212.51,50,0,High (Network Risk)
C2835,George Villa,80,Verified,False,10667.78,1,38,1,47.12,2,0,High (Network Risk)
C481,Christina Hess,3487,Pending,False,1894.33,1,5,1,27.35,112,0,Low
C3179,Jordan Williams,2394,Verified,False,1091.87,1,2,1,39.05,73,0,Low
C5316,Bryan Burns,526,Verified,False,18141.71,1,2,1,13.26,103,0,Low
C1568,Stephen Parks,2857,Verified,False,9599.5,1,9,1,167.18,1,0,Low
C2156,George Phillips,1823,Verified,False,3443.64,2,4,1,185.82,57,0,Low
C208,Kimberly White,818,Verified,False,1656.76,2,3,2,43.68,50,0,Low
C2741,Alan Nguyen,3456,Verified,False,29514.16,2,4,1,41.54,112,0,Low
C5127,Linda Howard,434,Verified,False,3111.6,3,10,1,14.33,111,0,Low
C2011,Parker Wright,2629,Verified,False,7242.56,1,6,1,51.69,45,0,Low
C1845,Brandon Acosta,1151,Verified,False,13583.2,1,5,1,264.27,94,1,Low
C5347,Jessica Hill,3277,Verified,False,4717.99,1,52,1,46.82,3,0,High (Network Risk)
C5233,Melissa Sanchez,2563,Pending,False,948.13,2,6,20,192.89,103,0,High (Network Risk)
C5308,Sandy Oconnor,2534,Pending,False,2514.05,3,8,1,320.63,32,0,Low
C1909,Judy Jones,3513,Verified,False,1814.29,1,9,2,22.26,67,0,Low
C3366,Charles Davila,628,Verified,False,2944.17,2,1,2,3571.07,62,1,Low
C747,Sonia Reyes,1432,Verified,False,4182.7,1,8,2,525.42,82,0,Low
C4977,Mrs. Tammy Curry,1540,Verified,False,2039.21,1,5,1,78.04,99,0,Low
C1330,Alex Clements,3029,Verified,False,2092.92,2,3,1,9.57,100,0,Low
C3317,Matthew Andrade,2346,Verified,True,3507.04,1,5,1,28.66,62,0,Medium (Compliance)
C1186,Jessica Wilson,2777,Verified,False,665.1,2,18,1,2499.58,34,1,Low
C344,Dean Turner,1469,Verified,False,2153.76,1,14,1,263.7,113,0,Low
C1998,Sarah Sanchez,3237,Verified,False,3971.47,3,7,1,59.07,62,0,Low
C3734,Jacqueline Kennedy,328,Verified,False,3592.39,2,3,1,68.56,114,0,Low
C2443,Jessica Burgess,2421,Verified,False,1407.27,1,2,2,1104.39,2,0,Low
C930,Destiny Powers,3364,Pending,False,1806.04,3,3,1,256.85,96,0,Low
C5573,Susan Gregory,3454,Verified,True,662.13,1,7,1,74.62,102,0,Medium (Compliance)
C3908,Jason Smith,315,Verified,False,1371.24,2,7,1,11.49,47,0,Low
C2991,Carlos Adams,3348,Verified,False,459.48,2,4,1,101.54,117,0,Low
C3841,Vanessa Flores,2759,Verified,False,2339.83,1,14,1,331.33,37,0,Low
C2775,Albert Nguyen,124,Verified,False,4705.66,1,10,1,287.43,111,0,Low
C5387,Dwayne Joseph,3304,Pending,False,1433.03,1,0,1,29.55,51,0,Low
C2689,Leah Walters,1886,Verified,False,309.2,1,8,1,133.0,112,0,Low
C294,James Spears,1469,Verified,False,7049.11,1,13,1,317.88,2,0,Low
C4989,Gilbert Reed,1196,Verified,False,3675.85,1,8,1,1171.29,63,0,Low
C2335,Joel Newton,209,Verified,False,1243.31,2,11,1,79.54,83,0,Low
C4234,Michael Chambers,3090,Pending,False,1188.75,2,5,2,2029.98,76,0,Low
C5054,Andrew Phelps,3638,Verified,False,7303.77,10,33,1,294.29,109,0,High (Network Risk)
C522,Lynn Hoffman,1494,Verified,False,4607.67,2,7,1,57.91,65,0,Low
C141,Daniel Mercer,3549,Verified,False,6024.48,1,8,1,30.34,62,0,Low
C1866,Edgar Stewart,3334,Pending,False,655.21,10,4,1,5.23,62,0,Low
C728,Alyssa Weber,1555,Verified,False,5132.12,2,17,1,30.8,78,0,Low
C1323,Guy Reynolds,3313,Verified,False,1040.91,2,23,1,1325.7,31,0,Low
C90,Allison Mcpherson DDS,2871,Verified,False,722.29,2,4,1,71.12,78,0,Low
C160,David Morse Jr.,1329,Failed,False,2888.33,1,2,1,12.07,83,5,Medium (Compliance)
C879,Sarah Davis,502,Verified,False,4828.71,1,2,2,39.35,64,0,Low
C238,Willie Duncan,2098,Verified,False,3082.65,1,10,1,148.26,103,0,Low
C5141,Christopher Waters,1853,Failed,False,3226.06,1,11,1,82.9,32,5,Medium (Compliance)
C5074,Jennifer Ortiz,101,Failed,False,927.58,10,10,1,244.78,65,0,Medium (Compliance)
C1575,Jennifer Greene,957,Verified,False,414.0,1,10,20,84.21,58,0,High (Network Risk)
C5346,Jack Garcia,1303,Failed,False,4669.55,2,4,5,56.87,106,0,High (Network Risk)
C1600,Toni Gill,3239,Verified,False,3788.29,1,1,1,125.78,93,0,Low
C3516,Joseph Myers,2402,Verified,False,1820.07,1,4,1,25.29,70,0,Low
C2792,Kathleen Marshall,524,Verified,False,1894.36,2,27,1,179.75,58,1,Low
C4491,Joanna Bradshaw,772,Verified,False,3272.54,1,9,1,31.13,87,0,Low
C3019,Dylan Patel,3603,Verified,False,1956.59,1,10,1,104.49,95,0,Low
C1918,John Jackson,580,Verified,False,6021.14,1,15,1,222.01,31,0,Low
C2019,Janet Delgado,3297,Verified,False,6285.69,1,3,1,79.65,118,10,Low
C2290,Jennifer Fields,3482,Verified,False,2724.79,1,8,1,132.69,85,0,Low
C4068,Brenda Harvey,2495,Verified,False,2372.38,1,11,1,387.76,66,0,Low
C4397,Ms. Monique Dougherty MD,2130,Verified,False,3883.77,1,3,1,46.56,56,0,Low
C417,Keith Kennedy,3453,Verified,False,166.87,1,9,5,1715.02,87,0,High (Network Risk)
C4062,Jacob Paul,2062,Verified,False,2790.33,1,20,5,20.68,102,0,High (Network Risk)
C2961,Martha Arnold,1941,Verified,False,596.09,2,5,2,869.96,106,0,Low
C2218,Sarah Martin,2994,Verified,False,4540.17,1,1,1,262.05,30,0,Low
C3688,Shaun Thompson,744,Verified,False,7354.38,1,8,1,277.74,85,0,Low
C1180,Tammy Morris,2034,Verified,False,233.37,1,4,1,627.42,39,1,Low
C5556,Steven Clark,3057,Pending,False,5849.98,3,8,1,142.14,53,0,Low
C154,David Morrison,2359,Verified,False,2682.07,1,3,1,186.96,103,0,Low
C4019,Rebecca Kaufman DDS,1192,Verified,False,4897.91,1,7,1,157.54,41,0,Low
C644,Larry Rivera,1122,Verified,False,8063.5,2,19,1,507.75,2,0,Low
C4169,Caitlin Ford,2191,Verified,False,3717.73,2,7,1,664.6,31,0,Low
C716,Adriana Johnson,1378,Verified,False,3426.86,2,1,1,141.9,54,0,Low
C2095,Sharon Cowan,1283,Verified,False,933.08,2,9,1,83.78,78,5,Low
C4435,Andrea Butler,999,Verified,False,1245.85,1,7,20,29.83,31,0,High (Network Risk)
C2691,Mike Martinez,335,Verified,False,22099.34,1,8,1,191.86,111,0,Low
C223,Maria Ferguson,2185,Verified,False,8063.33,1,16,1,69.26,62,0,Low
C3010,John Barber,1060,Pending,False,4737.55,1,4,1,9.91,35,0,Low
C393,James Short,2173,Verified,False,1143.89,1,5,1,117.45,101,0,Low
C3242,Heidi Moran,3380,Verified,False,4253.91,1,3,2,154.13,33,0,Low
C5202,Marie Patterson,604,Verified,False,1930.68,10,29,20,472.15,77,5,High (Network Risk)
C560,Charles Baker,3091,Pending,False,27646.33,1,8,1,137.01,58,0,Low
C2298,Nicole Rodriguez,2789,Verified,False,11907.17,2,6,1,30.16,40,0,Low
C5324,Jason Morgan,863,Verified,False,1295.64,3,13,2,653.61,60,1,Low
C5007,Rebecca Clark,707,Verified,False,1431.88,10,3,1,6.24,63,0,Low
C4311,Martin Jones,1445,Verified,False,2378.77,1,8,1,14.0,62,0,Low
C2276,Katherine Sanchez,2501,Verified,False,10830.35,1,11,2,94.23,61,0,Low
C3931,Edward Wallace,2174,Verified,False,8962.79,1,4,2,86.81,41,0,Low
C3244,Melissa Carroll,230,Verified,False,337.14,2,2,2,95.19,39,0,Low
C5084,Pam Hernandez,516,Verified,False,4537.81,3,1,1,39.03,117,0,Low
C855,Daniel Wood,3352,Verified,False,9540.4,1,8,1,560.13,63,0,Low
C755,Eddie Duffy,816,Verified,False,2409.2,1,28,1,99.32,117,0,Low
C4510,Mark Alvarez,220,Verified,False,5179.18,2,4,1,17.0,42,0,Low
C636,Edward Manning,960,Verified,False,19887.46,1,10,1,231.26,96,0,Low
C5047,Bridget Carter,235,Failed,False,12027.93,2,1,1,40.6,94,5,Medium (Compliance)
C1076,Mark Johnson,1998,Verified,False,4864.87,1,9,2,31.48,79,0,Low
C405,Eric Silva,315,Verified,False,4188.56,1,3,1,114.53,50,1,Low
C3489,Nathan Mcgee,22,Verified,False,2876.54,1,5,1,1452.83,50,0,Low
C3591,Jennifer Montgomery MD,1658,Pending,False,5220.53,1,7,1,5.01,55,0,Low
C4852,Christopher Farrell,2393,Verified,False,2451.62,1,1,1,10.95,92,0,Low
C4557,James Grimes,2010,Verified,False,8554.94,1,91,1,32.59,43,0,High (Network Risk)
C2866,Mr. Joseph Thompson,802,Verified,False,1068.62,1,4,1,1538.85,46,0,Low
C1190,Alexis Arroyo,553,Verified,False,1614.3,2,12,5,23.62,101,0,High (Network Risk)
C3583,Eric Walker,1936,Verified,False,1997.32,1,24,1,591.05,4,0,Low
C545,Richard Mccormick,2740,Verified,False,10216.84,2,9,1,456.0,113,1,Low
C2966,Heather Stevens,1702,Verified,False,6645.29,1,2,1,664.6,101,1,Low
C173,Susan Larsen,451,Verified,False,4048.61,2,8,1,31.52,47,0,Low
C3916,Rachel Warren,1490,Pending,False,4248.81,1,1,1,142.19,45,0,Low
C4617,Dale Beck,3422,Verified,False,406.66,2,5,1,354.45,77,0,Low
C763,Brett Rivera,3492,Verified,False,5730.19,1,28,1,223.48,69,0,Low
C1917,Juan Nichols,1585,Verified,False,986.52,1,2,1,8762.99,111,0,Low
C4858,Shelia Waller,3481,Verified,False,1507.55,3,3,1,2192.8,59,0,Low
C5004,Keith Wright,1982,Verified,False,66486.21,10,58,5,729.12,114,1,High (Network Risk)
C5095,Patrick Norris,2699,Pending,False,4808.49,2,44,5,371.5,81,1,High (Network Risk)
C4198,Danielle Norris,2795,Verified,False,3367.44,2,3,1,417.32,1,0,Low
C3684,Andrew Lynch,1897,Verified,False,2330.98,1,10,2,671.01,66,1,Low
C5257,Anna Lee,3030,Verified,False,10138.53,1,5,1,1871.91,83,5,Low
C1662,Amy Leach,3530,Verified,False,978.75,2,0,1,40.77,55,0,Low
C306,Amy Perez,2909,Verified,False,1656.63,2,2,2,797.65,75,0,Low
C1215,Lauren Marshall,1708,Verified,False,9219.66,1,38,1,202.88,88,0,High (Network Risk)
C4275,Rachael Flores,1228,Verified,False,2907.73,2,9,1,661.92,66,0,Low
C4086,Christina Wilson,684,Verified,False,4299.78,2,23,1,156.75,2,0,Low
C81,Craig Daniels,2718,Verified,False,1586.63,1,3,1,70.74,103,0,Low
C939,John Hudson,2476,Verified,False,5216.91,2,7,1,72.58,116,0,Low
C1853,Shannon Rodriguez,318,Verified,False,1702.83,1,6,1,166.83,32,0,Low
C4001,Paula Lee,2477,Pending,False,579.74,1,4,1,309.63,44,1,Low
C4102,Lisa Bryant,2294,Verified,False,7809.05,3,8,1,75.4,105,0,Low
C250,Paul Guzman,2180,Verified,False,1176.69,2,3,1,15.78,105,1,Low
C5370,Christopher Hunter MD,1300,Pending,False,815.04,1,39,1,385.37,51,0,High (Network Risk)
C1787,Elizabeth Camacho,2815,Verified,False,1074.3,1,10,2,119.5,118,0,Low
C3034,Donald Hoffman,63,Verified,False,3062.14,1,6,1,6.27,42,0,Low
C5036,Jeremiah Rowland,795,Pending,False,1370.61,1,8,1,12.85,112,0,Low
C5593,Katherine Flores,2888,Failed,False,18458.32,1,5,2,218.25,86,0,Medium (Compliance)
C4881,Julie Martin,2779,Verified,False,8797.22,1,1,1,380.88,112,0,Low
C4098,Jeffrey Torres,3209,Verified,False,3257.28,1,3,2,759.88,114,0,Low
C714,Jessica Little,3631,Verified,False,1148.09,1,6,1,65.84,43,0,Low
C3788,Catherine Maxwell,464,Verified,False,7597.72,2,5,1,54.72,76,0,Low
C2348,Cindy Shaw,659,Verified,False,3987.69,2,12,1,327.45,63,1,Low
C2934,Joseph Garcia,602,Verified,False,1449.46,1,11,2,39.64,116,0,Low
C1731,Leon Duncan,1864,Pending,False,3712.19,1,4,1,41.64,116,0,Low
C4663,Christopher Miranda,469,Verified,False,3618.72,10,3,1,190.9,85,0,Low
C5221,Sarah Bishop,3494,Verified,False,1368.36,1,13,1,215.23,54,0,Low
C3652,Tyler Zavala,3648,Verified,False,724.77,1,8,1,325.05,83,0,Low
C4781,Rachel Chan,3111,Verified,False,9769.87,1,4,2,169.26,83,0,Low
C1752,Timothy Kennedy,205,Verified,False,6051.89,2,2,1,31.84,46,0,Low
C3864,Elizabeth Thomas,1681,Verified,False,2561.49,1,4,1,83.57,92,0,Low
C2345,Hector Mcgee,2537,Verified,False,4978.98,3,10,1,161.04,43,0,Low
C2,Jeffery Long,1208,Verified,False,7180.01,3,28,1,955.75,36,0,Low
C1282,Philip Powell,146,Verified,False,1948.57,2,6,1,401.63,86,1,Low
C283,Heather Trujillo,1236,Verified,False,2127.97,2,3,20,184.08,103,0,High (Network Risk)
C5498,Pamela Smith,2370,Failed,False,16911.3,3,36,2,378.54,35,5,High (Network Risk)
C2120,Christine Moran,1365,Verified,False,1535.05,3,5,1,993.06,84,0,Low
C5541,James Morris,3539,Pending,True,19373.48,1,3,1,20.65,117,0,Medium (Compliance)
C2601,Erika Castro,2930,Verified,False,84560.38,2,5,1,151.15,116,0,Low
C4823,Daniel Shaw,630,Verified,False,3877.45,1,5,1,12.58,55,0,Low
C0,Ashley Sanchez,3182,Verified,False,533.79,1,20,1,147.37,118,0,Low
C1348,John Griffith,2518,Verified,False,2696.22,1,1,1,70.32,71,0,Low
C200,Wesley Williams,1154,Verified,False,3214.83,10,11,1,1100.24,39,0,Low
C4931,Melissa Stout,2562,Verified,False,2743.89,1,7,1,822.83,46,0,Low
C1014,Mr. Lawrence Brooks,3470,Verified,False,10972.53,1,4,1,3139.17,76,0,Low
C4476,Mark Hill,1193,Verified,True,1836.24,1,5,5,96.78,70,0,High (Network Risk)
C3147,Thomas Rodriguez,1036,Verified,False,4679.21,2,6,1,214.73,41,0,Low
C2302,Paul Nguyen,3225,Verified,True,4440.31,1,7,1,136.48,50,0,Medium (Compliance)
C2139,Jennifer Hernandez,2110,Verified,False,4589.78,1,5,1,1068.37,88,0,Low
C4497,Edwin Gonzalez,2544,Verified,False,1164.09,1,7,5,142.29,105,5,High (Network Risk)
C2105,David Armstrong,3633,Verified,False,7552.83,2,3,1,35.37,66,0,Low
C4166,Debbie Schmidt,781,Verified,False,1088.12,3,42,1,11.59,1,5,High (Network Risk)
C1624,Alex Barton,2815,Verified,False,4418.79,1,16,1,983.08,77,0,Low
C5251,Richard Dawson,519,Pending,False,4941.15,1,39,5,243.44,67,0,High (Network Risk)
C3434,Scott Stein,804,Verified,False,1097.72,2,5,1,198.66,81,0,Low
C1512,Stephen Lopez,3076,Verified,False,1014.63,1,14,5,1498.58,99,1,High (Network Risk)
C4726,Joel Cook,1317,Verified,False,2092.08,2,9,1,185.77,95,0,Low
C2336,Michele Scott,128,Verified,False,9092.32,2,8,1,16.09,109,0,Low
C5270,Allison Wilson,1277,Failed,False,4559.47,3,4,1,22.75,101,5,Medium (Compliance)
C210,James Tucker,3170,Verified,False,8479.86,2,9,1,368.68,117,0,Low
C4400,Joseph Durham,1575,Verified,False,9172.5,1,28,2,434.65,68,1,Low
C4601,Alexis Kim,340,Verified,False,6296.44,3,7,1,4252.33,35,0,Low
C2759,Jonathan Yates,2528,Verified,False,2876.28,1,5,1,168.18,78,0,Low
C5557,Katherine Andrews,3182,Pending,False,115.59,3,7,5,2607.82,41,5,High (Network Risk)
C3549,Morgan Cunningham,2230,Verified,False,5907.88,1,7,1,29.21,39,0,Low
C4522,Phyllis Schmidt,930,Verified,False,31084.59,1,4,2,52.55,52,0,Low
C3370,Sarah Miller,1560,Verified,False,1420.11,1,4,1,30.96,42,5,Low
C1166,Lisa Kaiser,2947,Verified,False,2868.53,2,13,1,223.39,115,0,Low
C4199,Pamela Jordan,637,Verified,False,17636.45,2,19,1,987.22,80,0,Low
C5122,Jerry Gilmore,3647,Pending,False,5068.22,2,45,1,125.19,117,0,High (Network Risk)
C5273,Marie Jones,1010,Verified,False,4777.69,10,10,1,39.51,81,10,Low
C1089,Gina Rose,1026,Verified,False,1964.91,1,8,1,420.34,81,0,Low
C998,Samantha Reynolds,3272,Verified,False,3958.32,3,15,1,135.03,36,0,Low
C4837,Kenneth Smith,3088,Verified,False,3638.4,1,3,2,431.86,96,0,Low
C1647,Alicia Perez,1232,Failed,False,4499.68,1,12,1,143.25,73,0,Medium (Compliance)
C456,David Walker,2874,Pending,False,946.11,1,16,1,142.27,72,0,Low
C1971,Erin Ellis,10,Verified,False,33315.94,2,16,1,3428.14,114,0,Low
C4493,Patricia Andrews,2874,Verified,False,3032.87,1,28,1,33.83,111,0,Low
C885,Spencer Camacho,3232,Verified,False,1093.56,1,4,1,305.88,78,0,Low
C1616,Raymond Harris,1194,Verified,False,1474.45,1,4,1,481.59,39,0,Low
C5458,Alexander Guzman,921,Failed,False,985.52,1,6,5,796.73,99,5,High (Network Risk)
C2053,Penny Fernandez,3018,Verified,False,2312.22,1,3,1,31.61,102,0,Low
C4417,Erin Stewart,2368,Verified,False,2160.71,2,11,1,294.53,36,1,Low
C629,Daniel Turner,3452,Verified,False,7977.37,2,12,1,79.72,72,0,Low
C3254,Devin Mayer,96,Verified,False,831.4,3,11,2,145.33,54,5,Low
C3085,Henry Taylor,46,Verified,False,745.51,1,8,1,84.08,70,0,Low
C3966,Jessica Flowers,129,Verified,False,397.46,2,16,1,73.55,102,0,Low
C1236,Jeremy Manning,2945,Verified,False,4283.39,1,11,1,1651.8,81,0,Low
C3181,Jamie Griffin,354,Verified,False,5874.74,2,4,1,738.0,47,0,Low
C2898,Daniel James,312,Verified,False,98.63,1,0,1,19.9,72,0,Low
C523,Anna Thompson,1008,Verified,False,4526.86,1,5,1,105.55,90,0,Low
C5591,Misty Martinez,754,Failed,False,1459.55,3,7,1,131.39,106,0,Medium (Compliance)
C818,Barbara Burns,2496,Verified,False,8408.55,1,7,1,1223.04,41,0,Low
C4540,Nicole Stewart,1392,Verified,True,20363.76,2,6,1,27.87,51,0,Medium (Compliance)
C4276,William Marsh,918,Verified,False,537.22,1,4,1,55.8,55,5,Low
C1455,David Rodriguez,3603,Verified,False,1671.25,2,3,1,51.01,41,0,Low
C18,Adam Lara,2508,Verified,False,8351.9,1,3,1,8.16,65,0,Low
C5112,Scott Gomez,2648,Verified,False,8405.65,10,10,1,8.3,87,0,Low
C2779,Sara Hamilton,2512,Verified,False,2568.2,3,17,1,224.33,84,0,Low
C178,Elizabeth Key,3616,Verified,False,7521.44,2,2,1,49.43,97,0,Low
C3955,Mason Price,3150,Verified,False,4781.25,3,7,1,213.15,3,0,Low
C1268,Trevor Hill,1424,Verified,False,7965.35,1,13,1,13.48,74,0,Low
C2913,Erica Taylor,1530,Verified,False,8532.86,2,6,1,27.11,112,0,Low
C2237,Justin Anderson,2640,Verified,False,2632.97,2,13,1,78.63,88,1,Low
C74,Michael Farmer,1942,Verified,True,6879.65,1,17,1,16.0,69,1,Medium (Compliance)
C735,Robert Cline,2442,Verified,False,2665.79,1,10,1,94.52,73,0,Low
C3472,Jacqueline Perry,2495,Verified,False,7147.66,1,4,1,92.49,53,0,Low
C3142,Christopher Mayer,19,Verified,False,1418.71,1,21,5,81.14,104,1,High (Network Risk)
C3028,Natalie Patrick,1458,Verified,False,4658.14,2,5,1,18.91,4,0,Low
C1762,Shawn Rodriguez,341,Verified,False,4557.04,2,5,1,861.2,93,1,Low
C2620,Jonathan Torres,2410,Pending,False,7699.39,1,11,1,24.05,81,0,Low
C3978,Susan Baker,48,Verified,False,2665.27,1,5,1,113.03,116,1,Low
C3768,Richard Rivera,3263,Verified,False,1163.19,2,6,5,114.03,56,0,High (Network Risk)
C5049,Amanda Wiggins,1715,Pending,False,2763.54,1,5,1,154.48,84,0,Low
C1734,Amber Bennett,1657,Verified,False,700.08,2,6,1,18.46,94,0,Low
C1942,Kelly Moore,2106,Verified,False,1958.0,1,8,1,221.44,90,0,Low
C4775,Steven Davis,1632,Verified,False,618.7,2,1,1,51.47,112,0,Low
C4292,Ashley Alvarez DVM,153,Verified,False,3221.38,1,6,1,325.98,77,0,Low
C1840,Kimberly Taylor,2923,Verified,False,8932.23,1,1,2,570.75,3,0,Low
C5067,Mallory Collins,906,Pending,False,7654.96,1,27,1,158.11,78,10,Low
C168,Steven Anderson,2278,Verified,False,546.85,1,9,1,62.42,56,0,Low
C942,Holly Austin,2867,Verified,False,3829.41,1,5,1,1628.99,37,0,Low
C3153,Karen Goodman,385,Verified,False,36647.11,1,12,1,273.5,110,0,Low
C1702,Christina Robinson,446,Pending,False,1705.58,1,9,1,45.62,70,0,Low
C4201,Tom Perez,47,Verified,False,4770.85,2,1,1,26.59,95,0,Low
C5126,Brandon Powell,2504,Failed,True,10033.26,1,19,1,259.53,51,1,Medium (Compliance)
C4828,Ashley Perez,3546,Verified,False,669.29,1,9,2,89.37,46,0,Low
C4232,Matthew Murphy,1654,Verified,False,4314.54,1,4,1,28.14,117,1,Low
C2075,Mary Meyer,2786,Verified,False,7760.82,2,5,1,166.73,46,0,Low
C4049,Sophia Wolf,294,Verified,False,2144.01,1,1,1,22.46,110,0,Low
C3396,Javier Stanley,968,Verified,False,689.06,2,8,1,166.73,87,0,Low
C95,Taylor Johnson,2683,Verified,False,10540.09,2,12,1,220.14,66,0,Low
C4524,Janice Williams,3428,Verified,False,506.58,1,4,1,41.07,62,0,Low
C2824,Christopher Thomas,3092,Verified,False,309.93,1,3,1,243.66,39,0,Low
C1850,Robert Martin,414,Verified,False,714.11,1,8,2,46.81,60,0,Low
C5182,Kenneth Webb,1944,Verified,False,1963.15,2,19,1,138.85,64,0,Low
C265,Mark Montoya,2689,Verified,False,615.37,1,17,2,14.11,40,0,Low
C2191,Jodi Lewis,1988,Verified,False,892.46,1,14,1,165.73,119,0,Low
C4347,Kimberly Wilson,1011,Verified,False,1469.01,2,37,2,717.76,112,10,High (Network Risk)
C2614,Randy Bradshaw,203,Verified,False,11243.79,2,15,1,15.3,36,0,Low
C2519,Steven Scott,2332,Failed,False,4715.83,1,18,1,435.26,83,0,Medium (Compliance)
C3639,Katherine Dunn,3475,Verified,False,3751.13,1,7,1,62.22,111,1,Low
C3064,Mary Peterson,360,Verified,False,15636.62,1,5,1,555.7,37,0,Low
C4804,Amy Diaz,3205,Verified,False,16564.02,2,18,1,1964.55,39,1,Low
C4825,Traci Martinez,2937,Pending,False,1152.87,1,3,1,166.69,55,0,Low
C4507,Jim Rodriguez,3625,Verified,False,1082.8,1,10,1,330.25,80,0,Low
C4429,Elizabeth Marks,1231,Verified,False,1560.2,2,4,1,254.65,81,0,Low
C4053,Jeffrey Joyce,2697,Verified,False,3856.42,2,9,1,620.48,108,0,Low
C1242,Sean Wagner,850,Verified,False,12245.97,1,9,1,104.73,111,1,Low
C1690,Todd Lutz,2270,Verified,False,1008.67,2,8,1,399.0,85,0,Low
C2330,Ryan Walker,377,Verified,False,2748.22,1,7,1,51.09,35,0,Low
C2789,Nicholas Gomez,3188,Verified,False,2603.78,2,11,2,790.29,45,0,Low
C3895,Brittany Heath,1754,Verified,False,12975.97,1,12,1,29.95,100,0,Low
C3855,Rebecca Cox,3421,Verified,False,7393.67,1,2,1,73.05,119,0,Low
C3517,Travis Schmidt,3099,Verified,False,1028.27,2,7,1,56.52,39,0,Low
C4155,Brett Martin,3356,Verified,False,6874.33,1,5,1,261.19,107,0,Low
C1789,Lisa Bridges,2561,Verified,False,2216.52,1,8,2,464.89,66,0,Low
C34,Brittany Dunlap,133,Verified,False,3940.28,2,5,1,328.06,43,0,Low
C870,Shannon Ramirez,3554,Verified,False,816.26,1,20,1,66.53,95,0,Low
C1120,Tiffany Phillips,2821,Pending,False,380.98,1,6,1,1321.71,4,0,Low
C4943,Valerie English,1072,Verified,False,2196.42,1,16,1,850.43,49,0,Low
C4569,Chad Hurley,1353,Verified,False,1090.04,2,3,2,220.46,88,10,Low
C1246,David Peters,2857,Verified,False,2446.64,1,5,1,59.2,44,0,Low
C591,Thomas Austin,2968,Verified,False,1507.22,1,4,2,19.45,83,0,Low
C883,Amy Jenkins,538,Verified,False,3127.26,1,10,1,422.03,100,0,Low
C2415,Rodney Duran,220,Verified,False,3826.01,1,2,5,92.64,61,0,High (Network Risk)
C4764,Tiffany Sanchez,2450,Verified,False,6253.01,2,1,1,620.31,43,0,Low
C4535,Maria Myers,1906,Verified,False,6190.25,2,4,2,692.49,103,0,Low
C52,Ruben Jones,2264,Failed,False,11334.55,1,11,1,76.2,40,0,Medium (Compliance)
C217,Desiree Stafford,3577,Verified,False,3295.77,1,3,2,150.74,55,0,Low
C1366,Patrick Blackburn,2402,Verified,False,844.14,1,9,1,141.73,33,0,Low
C2353,Jeremy Chambers,2198,Verified,False,8238.6,1,4,1,1296.56,57,0,Low
C4319,Alexandra Wilson,387,Verified,False,3957.39,1,1,1,85.24,34,1,Low
C2623,Brian Fuller,203,Pending,False,6606.53,1,14,1,392.66,79,0,Low
C4551,Matthew Evans,3449,Verified,False,6898.83,1,12,1,164.56,41,0,Low
C1957,Patrick Gibson,3504,Verified,False,2261.71,1,7,2,1505.55,35,1,Low
C1105,William Lozano,3092,Verified,False,2228.98,2,7,1,54.74,102,1,Low
C2409,Dillon Travis,1030,Failed,False,23092.03,1,6,1,31.04,37,0,Medium (Compliance)
C4940,Steven Rodriguez,3078,Verified,False,788.66,2,3,2,8.81,64,0,Low
C5320,Kevin Walter,3390,Verified,False,1866.01,2,54,1,189.71,116,1,High (Network Risk)
C4014,Rebecca Blake,139,Verified,False,7190.25,2,6,1,211.68,67,5,Low
C1870,Brian Bright,837,Verified,False,2447.12,1,9,1,106.98,69,0,Low
C1590,Linda Cox,766,Verified,False,1671.22,1,4,1,578.0,91,0,Low
C1999,Mary Copeland,1789,Verified,False,6771.86,1,10,2,1449.0,80,0,Low
C3131,Jennifer Little,2803,Verified,False,11996.38,1,18,1,46.25,102,0,Low
C3039,Diana Ramsey,467,Verified,False,3568.14,1,8,1,105.19,119,0,Low
C2265,David Romero,1236,Verified,False,615.13,1,9,1,11.71,83,0,Low
C3200,Russell Bird,3214,Verified,False,3370.73,1,14,1,161.96,117,0,Low
C1593,Brian Shaffer,690,Verified,False,4535.53,1,13,1,56.94,41,0,Low
C2181,Jon Garza,2423,Verified,False,1054.07,3,17,1,77.69,99,0,Low
C3043,Ashley Norman,1433,Verified,False,14071.45,1,9,1,117.62,77,0,Low
C5166,Kristina Monroe,401,Verified,False,5205.76,1,9,1,304.57,82,0,Low
C2478,Joseph Schaefer,1095,Verified,False,1103.99,1,8,2,98.18,104,0,Low
C499,Kyle Garza,3083,Verified,False,5309.9,2,14,2,2816.63,52,0,Low
C2219,Tiffany Johnston,1938,Verified,False,5206.93,2,5,1,124.2,81,0,Low
C307,Phillip Ward,3621,Verified,False,1593.37,1,11,1,17.06,46,0,Low
C1699,Stephanie Fisher,1737,Verified,False,825.12,1,46,1,46.62,102,0,High (Network Risk)
C68,Patrick Reed,3476,Verified,False,2228.84,1,9,2,354.03,40,1,Low
C1260,Sarah Berry,100,Verified,False,1567.33,1,2,2,378.24,47,0,Low
C5177,Teresa Li,156,Verified,False,3904.94,10,5,1,136.75,63,0,Low
C5037,Paula Caldwell,3416,Pending,False,2246.81,10,12,5,137.53,76,5,High (Network Risk)
C3552,Keith Johnson,2897,Verified,False,4949.53,1,4,1,182.82,53,1,Low
C5035,Annette Knapp,3639,Pending,False,3789.21,1,3,5,373.61,79,0,High (Network Risk)
C4066,Monica Atkinson,3376,Verified,False,6471.41,1,2,2,130.48,105,0,Low
C2373,Robert Cooper,2394,Pending,False,5468.75,1,6,1,20.92,41,0,Low
C3143,Danielle Griffin,3630,Verified,False,8334.13,1,26,1,47.23,112,0,Low
C3977,Jimmy Ritter,2,Pending,False,1226.79,1,4,1,56.49,3,1,Low
C1864,Riley Clark,3442,Verified,False,8798.83,2,14,1,23.35,84,0,Low
C1533,Kimberly Morris,2255,Pending,False,21805.43,1,5,5,21.76,82,0,High (Network Risk)
C1250,Gregory Ochoa,3197,Verified,False,10442.25,1,5,1,221.1,88,0,Low
C4619,Shannon Cook,2209,Verified,False,655.22,1,11,2,124.74,64,0,Low
C965,Natalie Huff,3300,Verified,False,16082.59,2,2,1,372.89,3,0,Low
C2917,Ronald Garcia,2285,Verified,False,6573.41,2,28,5,1816.94,33,0,High (Network Risk)
C824,Margaret Edwards,786,Verified,False,8462.53,1,11,1,418.43,2,0,Low
C4583,Cody Reyes III,1974,Pending,False,1313.58,1,17,1,364.39,79,5,Low
C4277,Heather Shaffer,3489,Verified,False,679.64,1,6,1,14.48,107,0,Low
C4898,Nicole Chung,2395,Verified,False,13431.98,2,10,1,315.8,30,0,Low
C3854,Brian Perkins,2808,Verified,False,1832.02,1,15,1,125.91,33,5,Low
C176,Melody Castro,2195,Verified,False,1274.5,1,6,2,771.56,74,0,Low
C829,Kimberly Sanders,1117,Pending,False,603.47,1,3,1,20.42,3,0,Low
C1661,Christina Davis,1473,Verified,False,509.8,1,3,1,494.26,105,0,Low
C199,Sherri Sullivan,1664,Verified,False,2982.82,2,5,1,55.74,44,0,Low
C5325,Mike Patel,2723,Verified,False,7531.36,1,55,2,29.7,113,0,High (Network Risk)
C118,Thomas Garcia,1163,Verified,False,4040.07,1,6,1,2811.49,100,0,Low
C1085,Robin Clay,1643,Verified,False,2583.87,2,4,1,150.22,92,0,Low
C572,Kelly Miller,2526,Verified,False,11678.97,3,12,1,113.72,88,0,Low
C476,Mrs. Amanda Kelley DDS,378,Verified,False,13441.0,1,5,1,60.2,118,0,Low
C4078,Johnny Whitaker,460,Verified,False,1168.03,1,4,1,83.71,52,0,Low
C367,Mrs. Courtney Wong,357,Verified,False,3614.83,2,15,5,73.73,113,0,High (Network Risk)
C5529,Adam Sanchez,1127,Pending,False,3387.48,2,11,5,93.14,99,0,High (Network Risk)
C3753,Logan Massey,2297,Verified,False,2180.05,1,2,2,107.98,99,0,Low
C2906,Juan Carroll,2640,Pending,False,4759.4,1,2,1,91.56,100,0,Low
C170,Ryan Carpenter,1774,Pending,False,13239.17,1,3,1,26.87,30,0,Low
C2356,Stacy Werner,2881,Pending,False,395.4,2,7,1,137.09,74,0,Low
C1714,Michelle Holden,438,Verified,False,3768.24,1,18,1,200.03,87,0,Low
C1922,Deborah Wood,1819,Verified,False,3460.63,1,23,5,428.18,79,0,High (Network Risk)
C3095,Taylor Flores,3130,Verified,False,2334.09,1,13,1,682.46,114,0,Low
C2552,Tyler Taylor,2234,Verified,False,6427.2,3,34,2,82.37,3,0,High (Network Risk)
C3570,Victoria Wright,116,Pending,False,2282.26,1,8,1,223.1,113,0,Low
C2369,Betty Pollard,2728,Verified,False,1439.04,1,17,1,407.89,68,0,Low
C4674,Katie Alvarez,2860,Verified,False,6612.12,2,4,1,58.08,70,0,Low
C3690,Robert Munoz,1730,Failed,False,840.13,3,2,1,184.68,89,0,Medium (Compliance)
C1558,Michelle Newman,2438,Verified,False,1480.77,1,5,1,220.4,102,0,Low
C618,Victoria Marshall,2270,Verified,False,1282.33,1,6,5,9.03,36,0,High (Network Risk)
C4944,Amy Montgomery,1007,Verified,False,16280.07,1,58,5,132.81,96,0,High (Network Risk)
C3667,Jeffrey Benton Jr.,471,Verified,False,3454.57,1,7,1,164.95,62,0,Low
C2038,Kristin Brown,2468,Verified,False,747.28,1,3,1,47.85,89,0,Low
C5598,Sean Hernandez,3485,Pending,False,3842.12,1,56,1,544.97,1,0,High (Network Risk)
C467,Ana Higgins,1226,Verified,False,965.91,2,4,1,1830.13,45,0,Low
C1470,Theresa Luna,784,Verified,False,3962.18,1,8,1,230.05,93,0,Low
C3975,Katherine Padilla,212,Verified,False,781.19,2,14,1,23.78,95,0,Low
C1175,Victoria Lewis,1645,Verified,False,644.26,2,3,1,99.93,63,0,Low
C3066,Joshua Leonard,192,Verified,False,6084.59,1,24,5,35.55,40,0,High (Network Risk)
C3861,Kelly Liu,3318,Verified,False,1589.84,1,18,1,2853.39,113,0,Low
C3747,Brianna Ryan,2824,Verified,False,10489.78,2,9,1,62.04,59,0,Low
C3365,Emily Smith,1393,Verified,False,327.98,2,30,1,179.97,102,0,Low
C997,Michelle Howard,1572,Verified,False,5313.02,1,5,1,717.89,61,0,Low
C1026,William Austin,773,Verified,False,1822.51,1,13,1,39.55,75,0,Low
C951,Monica Oconnor,2697,Verified,False,6211.27,2,9,1,47.07,105,0,Low
C3880,Kyle Blake,3093,Verified,False,1956.27,1,4,5,873.27,94,1,High (Network Risk)
C5517,Christopher Banks,2922,Verified,False,5492.25,2,39,1,832.96,88,5,High (Network Risk)
C1728,Bryan Davis DVM,423,Pending,False,2258.81,1,37,1,33.05,58,0,High (Network Risk)
C1063,Tiffany Hughes,1771,Pending,False,3286.4,1,17,1,30.87,40,5,Low
C3656,Michael Taylor,2990,Verified,False,11064.07,1,15,20,331.93,74,0,High (Network Risk)
C4667,Brendan Kelly,944,Verified,False,3157.96,1,4,1,327.83,65,1,Low
C1103,Sherry Porter,493,Verified,False,1594.14,2,13,2,60.09,81,0,Low
C4834,James Perez,2332,Verified,False,1146.47,1,5,1,213.59,74,0,Low
C4653,Miss Gina Walton,100,Pending,False,4857.81,1,28,1,26.82,55,0,Low
C3457,Alicia Obrien,1039,Verified,False,9166.35,1,19,2,304.4,35,0,Low
C2322,Mrs. Jacqueline Jackson,762,Verified,False,5818.69,1,15,1,204.03,106,0,Low
C5296,Kendra Smith,1652,Failed,False,17027.4,1,43,1,11.89,37,0,High (Network Risk)
C270,Alexander Stein,1193,Verified,False,4004.14,1,6,1,81.62,79,0,Low
C5183,Shannon Sosa,2692,Failed,False,1700.39,10,28,1,87.71,80,1,Medium (Compliance)
C1037,Marc White,1478,Verified,False,11664.64,2,25,5,362.49,71,5,High (Network Risk)
C3558,Gregory Wiggins,1543,Verified,False,775.32,2,10,1,30.16,38,0,Low
C660,Linda Berry,2921,Verified,False,1331.39,1,3,1,744.73,58,0,Low
C3378,Michelle Hobbs,724,Verified,False,3222.78,2,20,1,153.19,72,0,Low
C974,Charles Fuentes,3184,Verified,False,1070.86,3,4,5,680.6,109,0,High (Network Risk)
C1191,Andrew Medina,2420,Verified,False,5116.18,1,7,2,18.12,117,0,Low
C2413,Teresa Aguirre,1292,Verified,False,1935.44,2,5,1,213.99,57,0,Low
C3685,Eddie Bailey,1240,Verified,False,8585.39,1,0,1,183.24,90,0,Low
C120,Joseph Mccullough,611,Verified,False,4859.74,1,8,1,192.72,41,0,Low
C3529,Mr. Zachary Mora DVM,185,Verified,False,19823.71,3,42,5,239.11,72,0,High (Network Risk)
C4456,Kimberly Price,1431,Verified,False,510.37,2,9,1,214.43,37,0,Low
C4204,Bruce Spencer,1673,Verified,False,4780.93,1,79,2,5.11,67,0,High (Network Risk)
C3092,Jacob Allen,2822,Verified,False,3402.41,1,6,1,1725.62,107,0,Low
C4301,Chelsea Powell,2090,Verified,False,3367.93,1,8,1,55.32,38,0,Low
C5531,Thomas Morse,3503,Verified,False,1964.21,1,6,5,60.61,58,1,High (Network Risk)
C3640,Susan Zimmerman,82,Verified,False,4132.37,2,7,1,161.54,70,0,Low
C2506,Annette Meyer,1092,Verified,False,415.32,1,9,1,301.77,88,0,Low
C3083,Erica Rose,2671,Pending,False,401.7,1,24,2,20.4,91,0,Low
C448,Kim Long,120,Verified,False,1297.91,2,3,1,15.69,119,0,Low
C1287,Christina Flores,574,Verified,False,398.75,1,7,1,1351.64,1,1,Low
C5164,Craig Raymond,3206,Verified,False,4373.18,1,12,1,87.94,53,5,Low
C4733,Jeffrey Miller,3250,Verified,False,1094.99,1,20,1,231.41,99,1,Low
C5563,Brian Hoffman,1211,Verified,False,2750.61,1,56,1,32.19,86,0,High (Network Risk)
C3546,Elizabeth Gay,585,Verified,False,3938.7,1,2,1,1660.49,74,10,Low
C1796,Patricia Hale,2347,Verified,False,2501.59,1,7,1,516.88,79,0,Low
C3767,Amanda Arroyo,1309,Verified,False,5670.33,2,18,5,64.0,73,1,High (Network Risk)
C4639,Kevin Mccullough,518,Verified,False,1817.54,1,5,1,1478.32,36,0,Low
C3049,Margaret Stevenson,1619,Failed,False,2731.89,2,12,1,402.83,2,0,Medium (Compliance)
C3012,Amber Turner,1659,Pending,False,1746.77,1,35,1,501.19,61,0,High (Network Risk)
C5,Victor Williams,1656,Verified,False,7406.11,2,7,1,559.6,91,0,Low
C4392,Shelly Rodgers,1569,Verified,False,762.36,2,6,2,84.88,41,0,Low
C477,Cassandra Wood,2610,Verified,False,4224.41,2,10,1,2219.9,70,0,Low
C2990,Susan Garcia,2208,Verified,False,13481.94,1,8,1,2059.76,51,0,Low
C1589,Stephanie Joseph,3197,Pending,False,4660.87,1,9,1,2181.8,97,0,Low
C2113,Dalton Clark,2253,Verified,False,1594.93,2,6,1,4.63,107,0,Low
C5029,Alexis Weeks,3279,Verified,True,4056.09,2,6,5,157.15,106,0,High (Network Risk)
C5059,Michael Glass,1670,Verified,False,1506.73,2,3,1,256.09,59,0,Low
C3442,David Cervantes,1385,Verified,False,8614.8,1,12,1,92.48,100,0,Low
C2398,Victoria Benitez,3564,Verified,False,4576.37,1,3,1,151.16,32,0,Low
C4925,Jacqueline Monroe,7,Verified,False,3420.98,1,3,1,142.23,56,0,Low
C4546,Charles Sanchez,3539,Verified,False,11892.32,1,2,1,1120.94,109,0,Low
C784,Sonia Henderson,1262,Verified,False,3116.21,2,5,1,912.29,75,0,Low
C230,Sharon Sims,760,Verified,False,673.67,1,7,1,251.33,113,0,Low
C1303,Shawn Doyle,2848,Verified,False,3084.29,1,3,1,289.48,90,0,Low
C5432,Michael Perry,1631,Verified,False,2195.08,3,5,1,155.9,78,5,Low
C882,Donald Santana,3349,Verified,False,2820.35,2,8,1,3042.71,59,0,Low
C4252,Katherine Greene,1646,Verified,False,4763.62,1,2,1,263.83,61,0,Low
C1098,Jennifer Dominguez,3596,Pending,False,5830.32,1,4,5,2052.81,36,0,High (Network Risk)
C1981,Matthew Walker,1508,Verified,False,979.66,2,31,1,644.05,103,1,High (Network Risk)
C401,Ashley Barrera,660,Verified,True,2953.8,2,4,1,363.56,57,0,Medium (Compliance)
C1232,Clifford Murphy DVM,123,Verified,False,2378.44,1,13,1,15.36,38,5,Low
C2098,Michael Arias,1336,Verified,False,3585.2,1,4,5,952.03,4,0,High (Network Risk)
C4243,Joshua Mitchell,2196,Verified,False,4400.53,1,8,1,11.26,85,0,Low
C2400,Ashley Wilson,2395,Verified,False,2707.82,1,3,1,112.67,115,10,Low
C3387,Stacey Clements,1014,Verified,False,856.99,1,1,1,19.32,43,0,Low
C3780,Kathleen Martinez,1908,Verified,False,2642.73,1,5,1,650.75,100,1,Low
C40,Julie Rodriguez MD,41,Verified,False,9302.56,1,10,1,81.3,107,0,Low
C3530,Cathy Farmer,2453,Verified,False,951.76,1,12,1,401.12,46,0,Low
C4423,Dana Gilbert,2479,Verified,False,11312.87,2,8,2,6.45,99,0,Low
C5375,Charles Harper,76,Pending,True,535.18,3,3,1,576.21,77,0,Medium (Compliance)
C1403,Timothy Wang,3158,Verified,False,3537.24,1,15,1,526.57,110,0,Low
C866,Daniel Stewart,2720,Verified,False,1564.68,1,4,20,32.24,42,0,High (Network Risk)
C4216,Tiffany Peterson,123,Verified,False,2832.26,1,4,1,66.25,117,0,Low
C251,Tammy Bell,271,Verified,False,5989.94,1,3,2,1120.22,2,0,Low
C570,Mathew Myers,3019,Verified,False,7381.06,1,5,1,227.52,101,0,Low
C509,Edgar Brown,3069,Verified,False,10389.21,1,5,1,538.9,66,0,Low
C3589,Cory Barrett,2234,Verified,False,612.4,2,9,1,10.6,54,0,Low
C2267,Seth Jones,1156,Verified,False,1197.06,2,2,1,117.4,89,0,Low
C4376,Joseph Hawkins,1218,Verified,False,1623.43,2,5,5,703.84,85,1,High (Network Risk)
C2796,Victor Brown,1758,Verified,False,1354.69,1,3,2,50.4,104,0,Low
C2480,Jennifer Ferguson,2148,Verified,False,4400.13,2,10,1,56.88,114,0,Low
C3420,Carolyn Cantu,2528,Verified,False,6366.95,1,9,1,148.36,66,0,Low
C5068,Charles Garcia,1862,Verified,False,448.62,10,3,1,47.67,47,10,Low
C3851,James Hart,1637,Pending,False,963.47,1,10,1,1277.44,104,0,Low
C3666,Patricia Wilson,2355,Verified,False,2428.47,2,7,1,446.25,47,0,Low
C4284,Mark Elliott,3248,Verified,False,2841.35,1,13,1,150.11,110,0,Low
C3229,Matthew Bartlett,1894,Verified,False,13925.84,1,4,5,3562.77,97,0,High (Network Risk)
C908,Maria Campbell,1812,Verified,False,834.92,1,11,1,127.12,107,1,Low
C4818,Joanna Adkins,1577,Verified,False,1658.65,1,14,1,322.63,86,0,Low
C3386,Lisa Reed,3307,Pending,False,10527.53,10,7,1,38.56,59,0,Low
C4081,Jordan Calhoun MD,88,Verified,False,1705.37,1,39,1,143.92,70,0,High (Network Risk)
C197,Heather Thomas,396,Verified,False,5896.94,2,10,1,433.12,98,0,Low
C2679,Carrie Coffey,1292,Verified,False,1779.91,3,30,2,411.81,38,1,Low
C1119,Dr. Isabel Smith PhD,1546,Pending,False,2185.57,1,55,1,39.31,33,0,High (Network Risk)
C3798,Joe Page,1177,Failed,False,5021.02,2,1,1,21.68,98,0,Medium (Compliance)
C1213,Crystal Morales,1492,Verified,False,2160.05,2,18,1,171.81,3,0,Low
C3266,Heather Mcmahon,732,Verified,False,1350.51,1,11,1,275.48,60,0,Low
C457,Jason Quinn,3303,Verified,False,5725.47,1,8,1,7.93,88,0,Low
C2088,James Cox,1047,Verified,False,1150.66,1,4,1,3883.92,111,0,Low
C2973,James Cummings,602,Verified,False,6031.66,1,3,1,243.18,78,0,Low
C260,Daniel Lee,3535,Verified,False,1994.46,2,3,1,7.28,3,5,High (ATO Risk)
C1769,Shane Hopkins,3567,Pending,False,1135.57,1,43,1,285.97,107,0,High (Network Risk)
C811,Stephanie Kelley,803,Verified,False,6592.26,2,10,1,13.55,97,0,Low
C3899,Jennifer Schneider,985,Verified,False,1823.31,2,2,1,32.53,56,1,Low
C807,Charles Rodriguez,360,Verified,False,2327.96,1,3,1,304.05,46,0,Low
C1939,Elizabeth Wall,1238,Verified,False,390.44,2,1,1,22.92,32,0,Low
C2989,Loretta Williams,3163,Verified,False,876.63,2,19,1,36.35,90,0,Low
C5088,Juan Moore,781,Verified,False,9004.82,1,29,1,543.52,112,0,Low
C2968,Joseph White,1878,Verified,False,3423.68,1,11,5,127.99,3,0,High (Network Risk)
C4009,Michael Cruz,2516,Verified,False,8932.5,2,7,1,76.62,56,0,Low
C984,Denise Reese,3358,Verified,False,2576.74,1,15,1,116.84,50,0,Low
C3148,Brittney Morales,671,Verified,False,3065.15,1,5,1,1937.73,109,0,Low
C884,Christina Jenkins,135,Verified,False,14995.86,2,9,2,534.62,96,0,Low
C590,Sean Anderson,2294,Verified,False,4349.83,1,9,1,18.91,55,0,Low
C1509,Emily Fitzpatrick,1996,Verified,False,14738.74,1,2,1,1433.04,66,0,Low
C2832,Nancy Liu,257,Verified,False,1802.74,2,4,1,79.58,45,0,Low
C149,Rachel Miller,1122,Pending,False,2218.17,1,5,2,132.18,39,1,Low
C3320,Scott Brown,1476,Verified,False,1320.43,1,9,1,35.0,55,0,Low
C3180,Emily Winters,1306,Verified,False,4954.72,1,22,2,74.76,110,0,Low
C1156,Chris Lewis,2885,Pending,False,1158.88,1,8,1,200.92,81,0,Low
C5010,Heidi Blankenship,2708,Verified,False,15444.68,10,6,1,167.01,69,5,Low
C3965,Sandra Alvarez,1984,Verified,False,560.26,2,9,1,1999.68,97,0,Low
C5495,Donna Garcia,2711,Pending,False,2848.33,1,6,1,27.22,61,0,Low
C158,Stephanie Hernandez,1949,Verified,False,1599.45,1,7,1,119.56,48,0,Low
C2690,Joseph Montgomery,1732,Verified,False,3709.02,2,24,2,6.47,101,5,Low
C2342,Juan Harrison,2237,Verified,False,1340.65,2,6,1,63.2,60,0,Low
C426,Miss Stephanie Cherry,128,Verified,False,3579.02,2,9,1,708.94,31,0,Low
C3450,Bridget Wallace,23,Verified,False,4299.67,1,4,1,1430.22,34,0,Low
C4428,Brandy James,3411,Pending,False,4969.3,1,20,1,1622.26,83,0,Low
C3211,Christopher Smith,2288,Verified,False,16782.27,3,3,2,84.07,31,0,Low
C4673,Sabrina Galvan,31,Verified,False,2734.71,2,6,2,93.3,34,0,Low
C1291,Catherine Shannon,3364,Verified,False,2176.97,2,16,1,34.8,52,0,Low
C339,Theresa Knight,1926,Verified,False,2381.06,1,3,1,111.02,114,0,Low
C3071,Victoria Tanner,1533,Verified,False,674.36,2,14,1,872.12,54,0,Low
C5485,Chad Evans,736,Verified,False,7537.54,3,1,1,518.06,1,5,High (ATO Risk)
C1933,Chase Haney,2582,Verified,False,1085.21,1,3,1,69.37,73,0,Low
C3498,Maureen Nixon,1807,Verified,False,8307.64,1,6,1,91.34,88,0,Low
C2888,Michael Rush,3482,Verified,False,1195.96,1,50,1,96.48,57,0,High (Network Risk)
C334,Larry Lloyd,287,Pending,False,546.68,2,8,1,65.41,2,0,Low
C4455,Steven Butler,2723,Verified,False,260.12,1,8,1,210.63,55,0,Low
C3865,Samuel Lee,83,Verified,False,6973.33,1,18,1,450.68,100,0,Low
C177,Joseph Moon,2227,Verified,False,10498.17,1,3,5,4687.54,110,0,High (Network Risk)
C576,Taylor Williams II,3086,Verified,False,4219.5,2,0,1,151.11,93,0,Low
C1278,Jerry Hamilton,2118,Pending,False,1034.46,1,29,1,421.23,40,0,Low
C964,Paul Wolf,796,Verified,False,895.28,2,11,1,32.62,68,0,Low
C4145,Bobby Arnold,1940,Verified,False,1834.38,1,5,1,174.17,1,0,Low
C4541,William Weber,931,Verified,False,7219.44,1,7,1,117.52,44,0,Low
C2273,Alicia James,1825,Verified,False,2201.92,1,17,1,403.16,3,0,Low
C2103,Jamie Johnson,69,Verified,False,664.75,1,6,1,309.58,105,0,Low
C1433,Melissa Rogers,3420,Verified,False,1191.53,2,8,1,417.14,86,0,Low
C3368,Sarah Mueller,2957,Pending,False,3529.41,1,37,1,120.59,92,1,High (Network Risk)
C1071,Gordon Hahn,79,Verified,False,9733.75,2,2,2,88.73,54,0,Low
C1452,Kristen Burns,2056,Verified,False,5482.76,2,11,2,24.45,58,1,Low
C5524,Thomas Sellers,1906,Verified,False,1246.41,3,2,1,202.87,86,0,Low
C761,Melvin Flores,2956,Verified,False,2825.29,2,25,5,127.96,69,0,High (Network Risk)
C3042,Ashley Cochran,1249,Verified,False,8044.54,1,9,2,1154.76,49,0,Low
C5209,Ashley Jones,1615,Pending,False,2770.03,3,4,20,116.3,1,0,High (Network Risk)
C2341,Christian Solis,1278,Verified,False,583.06,1,2,2,66.07,94,0,Low
C3297,Sharon Smith,2339,Verified,False,1469.39,2,5,1,348.66,87,0,Low
C2261,Robert Berg,1347,Verified,False,114.35,1,8,1,18.94,49,0,Low
C3554,Brooke Sims,1926,Verified,False,3965.98,1,18,1,229.07,112,0,Low
C3716,Julia Marks,233,Verified,False,10880.86,2,3,1,58.35,107,0,Low
C3934,Ashley Martinez,2834,Verified,False,12821.53,2,3,1,23.98,32,0,Low
C2914,Christina Reese,510,Verified,False,2745.38,1,4,1,180.85,86,1,Low
C2613,Brandon Bean,1247,Verified,False,1207.81,1,3,1,4.13,86,0,Low
C4548,Rickey Hall,2469,Verified,False,2360.96,1,4,1,351.91,95,0,Low
C3359,Bobby Flores,424,Verified,False,3393.72,2,3,1,169.15,64,0,Low
C2527,Karen Gonzalez,2367,Verified,False,10173.83,1,10,2,60.25,59,0,Low
C2807,Lisa Lopez MD,854,Verified,False,4230.5,1,5,5,614.52,56,0,High (Network Risk)
C4248,Sharon Brown,3509,Verified,False,548.82,2,7,5,318.5,4,0,High (Network Risk)
C3564,Aaron Thompson,2032,Verified,False,6567.95,1,9,1,22.03,110,0,Low
C3874,Charles Weaver,2014,Verified,False,435.12,1,2,2,360.95,61,0,Low
C3351,Melissa Warner,1013,Verified,False,3566.7,2,11,1,318.71,68,0,Low
C2963,Cody Morris,3104,Verified,False,15794.63,2,8,1,76.39,94,0,Low
C2187,Carla Reid DDS,608,Verified,False,578.28,1,8,1,106.32,68,10,Low
C3853,Katie Mitchell,2422,Pending,False,2605.85,1,6,1,1739.4,83,0,Low
C4044,Roger Moss,3236,Verified,False,2757.8,2,5,1,275.09,55,1,Low
C4287,Mary Donaldson,1885,Verified,False,2960.31,1,7,1,23.41,86,0,Low
C2848,Paul Brown,1176,Verified,False,6710.7,1,7,2,179.87,97,0,Low
C1183,Gregory Quinn,2895,Verified,False,1499.39,1,2,20,15.03,64,1,High (Network Risk)
C4116,Sabrina Miller,129,Verified,False,5793.03,1,26,1,322.44,69,0,Low
C918,Michelle Smith,723,Verified,False,2259.01,2,4,1,64.05,109,0,Low
C2372,Anita Chapman,2099,Verified,False,3356.3,3,7,1,74.1,65,0,Low
C2606,Heather Becker,1042,Verified,False,727.59,2,18,2,37.26,50,5,Low
C5348,Andrea Baker,2713,Verified,False,8642.81,1,5,1,90.85,92,0,Low
C2740,Joanne Harmon,418,Pending,False,3479.43,1,8,1,212.28,77,0,Low
C767,Mr. Phillip Edwards,624,Verified,False,5351.77,1,1,1,56.73,85,0,Low
C2467,Mrs. Laurie Williams MD,2789,Verified,False,9124.09,2,1,2,48.16,3,0,Low
C1572,Joel Mclean,1818,Verified,False,2234.03,1,7,1,167.83,119,0,Low
C2635,Valerie Ford,2856,Pending,True,2311.98,3,8,20,93.8,63,0,High (Network Risk)
C1171,Jodi Thomas,385,Verified,False,498.04,1,17,1,103.55,57,0,Low
C4520,Jennifer Johnson,1802,Verified,False,3541.71,1,14,1,53.38,43,0,Low
C3979,Eugene Fritz,707,Pending,False,11701.88,1,2,1,35.83,114,0,Low
C3078,Jennifer Smith,2998,Verified,False,2811.49,1,20,5,122.69,90,0,High (Network Risk)
C963,Mary Thompson,943,Verified,False,1296.79,1,2,1,439.69,75,0,Low
C4594,Catherine Davis,2555,Verified,False,7219.61,1,14,1,133.38,107,1,Low
C778,Chris Rogers,2904,Verified,False,708.24,1,5,1,94.38,32,0,Low
C5360,James Torres,2551,Failed,True,1617.62,1,50,1,17.42,118,5,High (Network Risk)
C3247,Kirsten Perez,662,Pending,False,1520.83,1,4,1,72.72,94,0,Low
C2571,Dr. Jeffrey Valentine,556,Verified,False,7248.46,2,6,1,66.4,3,1,Low
C4136,Wayne Brown,339,Verified,False,3742.41,2,8,1,168.78,64,0,Low
C4576,Andrea Morris,3062,Verified,False,1652.92,1,6,1,159.08,102,0,Low
C2482,Dylan Young,1352,Verified,False,1786.62,1,3,1,4867.69,109,5,Low
C167,Regina Butler,695,Verified,False,3536.07,2,43,1,86.42,41,0,High (Network Risk)
C4040,Eric Moore,3587,Verified,False,3642.47,3,4,1,495.87,67,0,Low
C3555,Melinda Patterson,896,Verified,False,3459.72,2,4,1,517.81,76,0,Low
C738,Carl Campbell,1969,Verified,False,1527.24,1,6,1,380.43,40,0,Low
C708,Renee Shields,2489,Verified,False,8743.26,2,8,1,149.97,59,0,Low
C2657,Wesley Brown,1924,Verified,False,14714.51,2,4,1,6608.96,90,0,Low
C4197,Jason Clark,1826,Verified,True,12278.82,1,15,1,41.58,56,0,Medium (Compliance)
C1972,David Wiggins,2898,Verified,False,10121.17,1,8,1,307.3,60,0,Low
C80,Thomas Kaufman,261,Verified,False,32154.78,2,7,5,440.67,42,0,High (Network Risk)
C3773,Kristen Ray,1716,Verified,False,1482.37,2,11,2,12.6,85,5,Low
C5430,Cory Martinez,3415,Pending,False,1578.06,10,47,5,17.88,32,0,High (Network Risk)
C3604,Mark Maddox,2629,Pending,False,742.16,2,4,1,946.46,56,0,Low
C1318,Kevin Young,1741,Verified,False,2353.96,1,7,1,233.05,116,0,Low
C327,Katherine Harrison,243,Pending,False,864.07,2,15,1,26.51,60,0,Low
C1212,Jorge Davis,1466,Verified,False,11208.85,1,6,1,918.77,98,0,Low
C1930,Loretta Miller,1010,Verified,False,3727.62,1,5,1,113.66,1,0,Low
C5436,Lance Macdonald DVM,892,Verified,False,2152.72,1,28,1,609.86,47,10,Low
C3655,Jerry Waters,1553,Verified,False,1006.98,1,4,1,1891.31,76,0,Low
C1439,Desiree Thomas,814,Pending,False,833.32,2,1,1,111.11,73,0,Low
C1977,Amy Wright,1213,Verified,False,1776.22,2,2,1,8.16,119,0,Low
C4106,Erin Summers,1756,Verified,False,15158.28,1,9,2,46.36,116,0,Low
C84,Mr. Don Flores,122,Verified,False,9420.6,1,105,2,7.31,78,0,High (Network Risk)
C2078,Miss Kimberly Holloway,456,Verified,False,6390.68,1,8,1,38.03,114,1,Low
C172,Tina Harper,1804,Verified,False,340.07,1,9,1,1177.24,84,0,Low
C236,Nicholas Moss,844,Pending,False,2716.04,1,4,2,49.3,38,0,Low
C2174,Robert Campbell,968,Verified,False,2337.7,1,3,1,27.91,107,0,Low
C4597,Jenny Cardenas,1155,Verified,False,1489.51,1,38,1,1511.38,95,0,High (Network Risk)
C5496,Dean Thomas,1632,Verified,False,3160.63,10,3,2,110.05,30,0,Low
C2202,Matthew Farmer,255,Verified,False,1213.19,2,1,1,207.32,31,0,Low
C1420,John Browning,3152,Verified,False,1745.17,1,8,1,28.58,114,0,Low
C3118,Mario Peters,927,Verified,False,1255.75,2,5,1,929.64,2,0,Low
C1116,Olivia Rodriguez,429,Verified,False,1579.04,1,11,1,155.35,60,10,Low
C860,Donald Mccarthy,2791,Verified,False,110.32,1,25,2,477.28,81,5,Low
C725,Christopher Anderson,1836,Verified,False,3220.18,1,9,1,16.6,104,0,Low
C349,Becky Parrish,1534,Verified,False,5588.63,1,8,1,1022.95,80,0,Low
C5484,Jackie Stewart,1353,Pending,False,1337.81,1,28,1,237.21,83,0,Low
C1467,Krista Fuller,466,Verified,False,9148.38,3,64,1,48.75,35,0,High (Network Risk)
C5234,Jennifer Nguyen,1117,Verified,False,1251.81,3,45,5,77.38,106,0,High (Network Risk)
C2283,Amanda Campbell,2883,Verified,False,880.49,1,5,2,65.97,45,0,Low
C5549,Laura Ware,1437,Pending,False,8537.78,2,15,1,214.4,64,0,Low
C5241,Mitchell Anderson,2438,Failed,False,1760.64,2,53,1,174.6,82,0,High (Network Risk)
C1264,Barry Hernandez,438,Verified,False,3770.77,2,12,1,1590.73,106,0,Low
C421,Teresa Young,1100,Pending,False,691.21,1,7,1,6.94,76,0,Low
C552,Valerie Morgan,2080,Pending,False,2546.46,1,4,1,362.08,113,0,Low
C1345,Paul Vasquez,32,Verified,False,2161.8,2,7,1,12.87,47,0,Low
C5321,Kelly May,1618,Verified,False,2041.1,10,50,5,6418.99,1,5,High (Network Risk)
C3758,Christopher Carson,1309,Verified,False,2079.46,1,15,1,1379.93,96,0,Low
C978,Joan Wilson,3250,Verified,False,3591.31,3,22,1,137.17,85,0,Low
C345,Debbie Allen,1496,Verified,False,3350.78,2,5,1,275.55,51,0,Low
C2309,Kristin Williams,193,Verified,False,4999.76,1,5,1,162.25,48,0,Low
C2611,Courtney Williams,3169,Verified,False,409.83,2,3,1,57.9,61,5,Low
C1631,David Hernandez,2556,Verified,False,13361.04,2,10,1,48.63,89,0,Low
C836,Kathryn Morris,1821,Verified,False,2394.13,1,7,20,138.06,96,0,High (Network Risk)
C2660,Meagan Smith,139,Verified,False,1771.61,2,2,2,2.68,113,0,Low
C427,Katherine Caldwell,883,Verified,False,4203.52,1,76,1,1050.17,91,0,High (Network Risk)
C3126,Krista Williams,1700,Verified,False,2485.56,1,1,1,1901.19,88,0,Low
C3664,Christine Aguilar,313,Verified,False,3349.8,1,2,1,99.36,60,1,Low
C2227,Michael Perkins,1278,Verified,False,2048.26,1,15,1,1274.84,96,0,Low
C2269,Steven Martin,1171,Pending,False,5280.88,1,12,1,68.01,83,0,Low
C1949,Joshua Herman,793,Verified,False,596.64,1,4,5,62.82,108,0,High (Network Risk)
C4650,Diana Hawkins,814,Verified,False,3785.89,1,3,1,198.71,38,0,Low
C2528,Caitlin Harris,3596,Failed,False,1790.87,1,10,1,320.46,91,0,Medium (Compliance)
C2664,Felicia Murphy,2951,Verified,False,484.01,1,9,2,41.23,54,0,Low
C762,Bryan Mitchell,1910,Verified,False,8996.24,1,4,1,242.59,52,0,Low
C1983,Larry Curtis,3387,Verified,False,2045.38,1,16,1,224.53,30,0,Low
C2886,Jennifer Lopez,3336,Verified,False,8213.98,1,11,2,4.97,89,0,Low
C2653,Robert Newton,491,Verified,False,6166.93,1,21,2,96.7,53,10,Low
C1595,Christina Hudson,2026,Verified,False,1422.9,2,7,1,104.54,113,0,Low
C1561,Sandra Craig,2417,Verified,False,9563.48,2,14,1,58.56,74,0,Low
C1889,Sabrina Ward,3512,Verified,False,2358.52,2,6,1,58.84,95,0,Low
C4792,Mark Knight,3149,Verified,False,1523.05,1,11,1,302.32,71,0,Low
C383,Darlene Dixon,3472,Verified,False,1105.43,2,9,1,13.37,54,1,Low
C657,Daniel White,1969,Verified,False,1338.16,1,14,2,746.9,90,0,Low
C1404,Jonathan Cortez,250,Verified,False,4317.31,2,11,1,121.28,110,0,Low
C4218,Judith Myers,672,Verified,False,1427.01,1,1,1,946.0,86,0,Low
C5435,Tammie Castillo,1000,Pending,False,4574.92,2,4,5,57.17,113,0,High (Network Risk)
C5510,Rebecca Estrada,3521,Verified,False,1785.57,10,43,20,631.74,57,5,High (Network Risk)
C1338,Angela Rodriguez,3317,Verified,False,7713.26,2,10,1,336.22,51,0,Low
C2876,Andre Williams,823,Verified,False,2028.97,2,14,5,10.14,43,0,High (Network Risk)
C4632,Donald Smith,1180,Verified,False,2471.36,1,11,1,112.01,63,0,Low
C5371,Nicholas Ali,736,Failed,False,2597.06,1,4,1,6624.24,115,0,Medium (Compliance)
C4757,Jacob Brewer,1771,Verified,False,3581.25,1,15,1,527.8,40,0,Low
C2887,Natalie Watson,3416,Verified,False,3092.67,1,3,1,28.3,83,1,Low
C945,Matthew Evans,802,Verified,False,1144.8,2,20,1,73.15,113,0,Low
C730,Bryan Thomas,3447,Verified,False,20009.71,2,21,1,513.7,79,0,Low
C2297,Timothy Lucero,3046,Verified,False,5732.24,10,7,1,246.47,82,0,Low
C4099,Barbara Fields,3344,Verified,False,7524.73,3,4,1,15.28,97,0,Low
C1298,Rebecca Beard,1240,Verified,False,9672.19,1,4,2,10.59,3,0,Low
C4163,Carrie Rodriguez,1400,Pending,False,2409.94,2,3,5,430.95,85,5,High (Network Risk)
C2027,Jordan Tanner,2144,Verified,False,6809.99,2,3,1,97.21,54,0,Low
C1438,Denise Johnson,1809,Verified,False,11501.04,2,6,1,737.5,111,10,Low
C186,Amy Holt,1784,Verified,False,12406.24,1,4,1,248.07,80,0,Low
C2170,James Bennett,2522,Pending,False,7602.46,1,2,1,43.47,3,0,Low
C5383,Jeffrey Owens,2348,Pending,False,2392.09,1,5,20,139.79,117,0,High (Network Risk)
C3112,Adam Merritt,1985,Verified,False,11487.2,1,7,1,78.24,74,0,Low
C3027,Tina Walter,2384,Failed,False,830.43,1,5,1,228.85,71,0,Medium (Compliance)
C430,Michelle Harris,1342,Verified,False,1571.75,1,3,1,38.54,52,0,Low
C1001,Michael Richmond,699,Verified,False,296.44,1,1,5,15.21,118,0,High (Network Risk)
C5119,Michael Patrick,2471,Verified,True,2329.76,1,18,1,116.72,89,0,Medium (Compliance)
C4368,Amanda Hart DVM,879,Verified,False,1966.98,1,7,1,40.98,96,0,Low
C5536,Michele Conner,3259,Pending,False,1858.83,2,9,1,612.4,110,0,Low
C2595,Natalie Mitchell,1165,Verified,False,2396.15,1,8,1,103.69,93,0,Low
C4595,Jacob Hoover,312,Pending,False,995.04,1,10,1,219.61,116,0,Low
C599,Jacqueline Winters,2898,Verified,False,5571.01,1,8,2,84.31,43,1,Low
C4225,Kimberly Flores,2703,Verified,False,2386.5,1,7,1,188.67,72,0,Low
C1002,Jennifer Carpenter,1510,Verified,False,2152.22,1,13,1,368.79,47,0,Low
C3308,William Saunders,3016,Verified,False,780.04,2,16,1,212.39,58,0,Low
C705,Michael Preston,2287,Verified,False,1073.94,1,22,1,12.75,96,0,Low
C153,Jennifer Ali,2113,Verified,False,1167.37,1,3,1,76.15,79,10,Low
C3367,David Taylor,1342,Verified,False,4786.52,1,9,1,3175.93,44,0,Low
C162,Maria Hayes,3346,Verified,False,47163.89,1,2,1,259.35,93,0,Low
C1885,Melanie Preston,6,Verified,False,3790.92,3,5,1,75.77,79,0,Low
C927,Thomas Mcgrath,1244,Verified,False,6519.63,1,6,1,69.0,62,5,Low
C1742,Glenn Chen,1974,Verified,False,7016.27,1,13,2,1217.2,76,0,Low
C3497,Sarah Berry,2560,Verified,False,585.61,2,6,2,327.78,100,0,Low
C3329,Rebecca Summers,1314,Verified,False,9416.7,2,12,2,22.29,95,0,Low
C2580,Rodney Gilmore,1149,Pending,False,3835.8,1,5,1,2975.61,47,0,Low
C140,Kimberly Stone DDS,3047,Verified,False,8693.02,3,4,1,226.68,2,0,Low
C1584,Joshua Dunlap,3197,Verified,False,1067.88,1,3,2,218.84,63,0,Low
C4094,Melinda French,3037,Verified,False,3918.18,1,12,1,1366.17,49,0,Low
C956,Gabriel Copeland MD,1593,Verified,False,5964.28,2,5,5,189.44,115,0,High (Network Risk)
C727,Kelly Weiss,2383,Verified,False,2727.49,2,1,2,281.07,100,5,Low
C1970,Gregory Russell,3551,Verified,False,940.55,1,12,1,15.18,108,0,Low
C2791,Ashley Bowman,366,Verified,False,520.64,1,3,1,129.85,100,0,Low
C4800,Ruben Woodard,1382,Verified,False,6039.48,1,8,2,22.33,1,1,Low
C1425,Aaron Leon,2373,Verified,False,5306.58,2,2,1,68.16,33,0,Low
C3818,Ashley Thomas,156,Verified,False,1489.79,1,7,1,215.84,119,0,Low
C5261,Travis Allen,1628,Verified,False,6712.85,3,0,1,5.14,78,0,Low
C4268,Roger Weaver,3265,Verified,False,1701.66,1,7,2,241.49,3,5,High (ATO Risk)
C888,Robert Johnson,3470,Verified,False,1107.6,2,3,1,522.34,37,0,Low
C1361,Bryan Lopez,865,Verified,False,4537.29,2,2,1,9.5,31,0,Low
C3316,Andrea King,1886,Verified,False,521.66,1,13,1,53.57,40,0,Low
C4997,Jennifer Howard,1510,Verified,False,3648.03,1,6,1,15.31,58,0,Low
C443,Michael Evans,961,Verified,False,545.6,1,6,1,323.23,35,0,Low
C358,Daniel Patterson,3122,Verified,False,922.66,1,4,1,69.83,53,0,Low
C619,Karen Mendez,2195,Verified,False,2017.99,1,15,1,801.2,98,0,Low
C2046,John Johnson,222,Pending,False,5985.46,2,5,1,20.75,60,0,Low
C4158,Andre Haynes,1997,Verified,False,383.4,1,24,1,199.45,81,0,Low
C3070,Janet Ryan,1,Verified,False,6158.83,1,19,1,42.38,95,0,Low
C1642,Michael Oliver,1324,Verified,False,9698.84,1,23,1,152.16,75,0,Low
C2236,Wesley Henry,207,Verified,False,3782.2,1,16,1,90.75,74,0,Low
C4421,Andrew Freeman,2535,Verified,False,2486.02,1,4,1,426.0,49,1,Low
C2462,Karen Stephens,3423,Pending,False,2892.41,2,7,1,228.65,48,1,Low
C4074,Nathaniel Baldwin,1825,Verified,False,705.67,2,6,2,830.24,32,0,Low
C1700,Jordan Curry,234,Verified,False,2817.67,1,14,1,128.41,31,0,Low
C5104,William Johnson,1652,Failed,True,4042.66,3,7,2,37.74,50,5,Medium (Compliance)
C2377,Richard Bond,1616,Verified,False,116701.94,1,6,1,372.4,36,0,Low
C450,Jason Smith,3531,Verified,False,10726.65,10,27,1,132.77,58,1,Low
C3580,Scott Norman,2196,Verified,False,2515.53,1,5,1,99.56,4,1,Low
C1465,Jill Shaw,1947,Verified,False,1090.92,1,4,1,247.22,107,0,Low
C3478,Michael Price,1280,Pending,False,4170.57,2,5,1,47.57,91,0,Low
C2429,Martha Williams,1809,Verified,True,2802.5,1,17,1,2144.12,43,0,Medium (Compliance)
C2379,Melissa Henry,3209,Verified,False,4275.04,2,8,1,717.94,2,0,Low
C241,Elaine Martin,2967,Verified,False,1049.17,2,10,1,256.82,48,0,Low
C2572,Gary Rodriguez,3008,Verified,False,561.65,1,8,1,217.83,47,1,Low
C548,Ryan Gonzalez,2720,Pending,False,4373.97,1,1,2,158.05,42,0,Low
C1225,Mr. Reginald Roman,2335,Pending,False,1820.82,1,3,2,68.12,50,1,Low
C541,Patricia Williams,498,Pending,False,2915.94,1,5,1,316.94,100,0,Low
C1240,Gerald Vega,3338,Verified,False,1004.35,1,9,1,78.62,79,0,Low
C1517,Crystal Wallace,1859,Verified,False,8861.1,1,3,2,1742.06,3,5,High (ATO Risk)
C3512,Susan Garcia,3,Pending,False,820.84,1,3,1,1277.83,45,0,Low
C375,Patrick Potts,1183,Verified,False,6880.46,1,5,1,206.61,39,0,Low
C3122,Jessica Richardson,3118,Verified,False,2780.4,1,21,1,594.47,105,0,Low
C333,Alicia Warren,2347,Verified,False,2338.6,1,1,1,15.54,75,0,Low
C489,Madison Rodriguez,2120,Verified,False,3503.36,1,0,2,190.4,71,0,Low
C4462,Douglas Grant,1360,Verified,False,2389.16,2,29,1,10.71,75,0,Low
C5148,Austin Baker,2967,Pending,False,2171.58,1,2,1,173.35,72,0,Low
C5223,Heather Morales,2327,Pending,False,2865.34,1,5,1,44.36,69,0,Low
C912,Susan Hutchinson,674,Verified,False,1798.59,2,2,1,576.92,67,0,Low
C2889,Christopher Hudson,1781,Verified,False,4029.9,1,5,1,167.43,106,0,Low
C2531,Jill Barajas,2908,Verified,False,10772.91,1,6,1,84.77,103,0,Low
C3273,Dennis Jones,1769,Verified,False,37241.09,1,26,1,86.9,80,0,Low
C520,Charlene Gutierrez,3156,Verified,False,8094.53,1,13,1,5.5,102,5,Low
C970,Crystal Hernandez,3493,Verified,False,5841.98,2,2,1,558.76,32,0,Low
C3733,Michael Smith,741,Verified,False,372.01,1,1,1,1173.66,94,0,Low
C5372,Richard Rodriguez,3321,Failed,False,2551.13,3,11,1,478.04,58,10,Medium (Compliance)
C3130,Lauren Smith,3126,Verified,False,1507.51,1,4,1,70.43,39,0,Low
C4527,Breanna Mccall,3594,Verified,False,643.13,1,4,1,40.33,99,1,Low
C30,Rebecca Lopez,2628,Verified,False,8338.52,1,19,1,12.02,103,0,Low
C1327,John Garcia,2361,Verified,False,567.43,1,1,1,83.06,42,0,Low
C518,Mark Weaver,1836,Verified,False,1308.9,1,5,1,4.64,82,0,Low
C1982,Brianna Martinez,2600,Verified,False,518.34,1,12,1,6.01,106,0,Low
C483,Shannon Jones,3128,Verified,False,2589.05,1,2,1,633.05,89,1,Low
C2826,Victoria Knight,701,Verified,False,9290.59,2,20,1,1639.94,76,0,Low
C868,Paul Franco,1380,Verified,False,876.73,2,3,1,58.36,53,1,Low
C2229,Darin Baker,250,Verified,True,1750.19,2,6,1,300.92,59,0,Medium (Compliance)
C2736,Jeffrey Harrell,1874,Verified,False,6640.98,2,4,1,70.79,106,0,Low
C2639,Alyssa Powers,873,Verified,False,10487.23,1,0,1,868.24,49,1,Low
C131,Jeanette Obrien,1107,Verified,False,3029.87,2,5,1,208.7,39,0,Low
C1307,Nicole Anderson,1253,Verified,False,862.57,3,13,1,374.13,58,0,Low
C5171,Rachel Oneal,200,Pending,False,2163.63,1,3,2,9.72,61,0,Low
C5052,Nicole Moore,299,Pending,False,1945.76,1,51,5,128.96,34,0,High (Network Risk)
C351,Donna Mejia,2712,Pending,False,1624.85,1,4,1,67.36,77,0,Low
C245,Andre Jones,1595,Verified,False,795.21,1,11,1,1159.6,80,0,Low
C4843,Steven Thomas,1104,Verified,False,6102.97,1,5,1,65.45,111,0,Low
C2987,Jaclyn Long,1514,Verified,False,2106.2,1,7,1,102.16,53,0,Low
C3638,Robert Stark,435,Verified,False,481.31,1,7,5,9.12,56,0,High (Network Risk)
C770,Joseph Murphy,2227,Verified,False,5293.69,2,4,1,186.75,108,0,Low
C5034,Travis Dixon,3373,Verified,False,15865.91,3,28,5,173.21,69,5,High (Network Risk)
C2696,Seth Barker,3197,Verified,False,3929.47,1,3,1,96.15,42,0,Low
C646,Tammy Jacobs,765,Verified,False,1068.46,1,12,1,1003.42,82,0,Low
C2203,Laura Harrison,3287,Verified,False,24629.63,3,20,1,152.92,71,0,Low
C4060,John Peterson,865,Verified,False,2896.59,2,6,1,57.76,79,1,Low
C1241,Lynn King,2351,Verified,False,6434.64,1,7,1,44.66,3,0,Low
C4128,Devon Roberts,945,Verified,False,2014.14,2,11,1,456.63,112,0,Low
C5415,Emily Bullock,3310,Failed,False,1549.89,2,5,1,13.05,97,0,Medium (Compliance)
C4288,Kylie Bailey,2392,Verified,False,6177.35,2,1,1,54.9,100,0,Low
C3963,Roger Holmes,810,Verified,False,1130.08,2,6,1,122.72,49,0,Low
C5382,Dennis Coleman,1229,Pending,False,1927.69,10,27,1,80.18,109,0,Low
C1786,Patricia Zamora,2002,Verified,False,2642.36,1,11,2,132.95,115,0,Low
C1,Randy Phillips,39,Verified,False,10589.45,2,7,1,809.93,2,10,High (ATO Risk)
C2402,Heather Daniels,3257,Pending,False,728.6,2,13,1,98.91,115,0,Low
C4685,Robert Perkins,2023,Verified,False,8607.69,1,6,1,33.28,65,1,Low
C3145,Nathaniel Walter,3416,Verified,False,6451.67,1,7,1,1492.85,67,0,Low
C1427,Christine Tyler,2531,Verified,False,5353.21,1,5,1,97.93,85,0,Low
C3925,Catherine Holland,3632,Verified,False,5989.85,1,10,1,280.11,71,0,Low
C398,David Washington III,1908,Verified,False,962.18,1,4,2,1362.43,73,0,Low
C3703,Kimberly Thomas,2955,Verified,False,731.59,1,5,1,50.41,60,0,Low
C603,Dawn Levy,2464,Verified,False,484.05,1,14,5,2155.17,60,0,High (Network Risk)
C4041,Victoria Smith,246,Verified,False,2012.32,1,6,1,2153.92,65,0,Low
C2466,Timothy Reilly,2105,Verified,False,4029.96,1,11,1,49.59,83,1,Low
C1888,William Silva,2876,Verified,False,1105.06,1,12,2,62.86,101,0,Low
C4759,Keith Gonzalez,3414,Verified,False,5259.42,1,6,1,447.4,42,0,Low
C4589,Jeffrey Holden,433,Verified,False,2504.87,1,5,1,1306.03,75,0,Low
C4643,Karen Hughes,2283,Verified,False,2955.42,1,2,1,514.59,74,0,Low
C5189,Christopher Ward,2959,Failed,False,5446.84,1,3,1,139.51,110,5,Medium (Compliance)
C503,Amy Boone,1381,Verified,False,2977.18,1,12,1,331.12,40,0,Low
C3338,Joshua Adams,597,Verified,False,900.38,1,11,1,432.32,66,1,Low
C1877,Tammy Mcdaniel,3443,Verified,False,14025.08,2,3,1,237.85,56,5,Low
C5113,Steven Knight,2681,Failed,False,5078.65,10,10,1,75.5,92,0,Medium (Compliance)
C4119,George Weber,1293,Verified,False,966.04,1,8,1,506.06,40,0,Low
C4598,Jeffrey Hall,3110,Verified,False,2377.85,1,15,5,100.22,96,0,High (Network Risk)
C793,Laura Adams,292,Verified,False,3495.77,1,41,1,8.72,118,5,High (Network Risk)
C4873,Sara Hernandez,502,Verified,False,892.29,1,11,2,19.22,60,0,Low
C4394,Emily Robinson,879,Verified,False,6432.64,1,4,1,1039.53,58,0,Low
C578,Samantha Harris,90,Verified,False,962.69,2,13,1,29.97,112,0,Low
C2818,Tiffany Davis,2678,Verified,False,16142.87,1,3,1,174.74,52,0,Low
C2135,Veronica Nelson,2783,Verified,False,7521.52,2,43,1,1014.25,75,0,High (Network Risk)
C394,Mr. Ryan Walker,1560,Verified,False,1494.47,2,2,1,194.68,41,0,Low
C3988,Christopher Thompson,2086,Pending,False,1016.35,1,10,1,4713.89,75,0,Low
C1193,Brian Allen,3229,Verified,False,3401.41,2,7,1,128.96,103,0,Low
C480,Kevin Greene,1271,Verified,False,729.16,2,5,1,43.38,34,0,Low
C1144,Daniel Garcia,1698,Verified,False,2482.14,1,5,1,17.12,97,0,Low
C4502,Micheal Ramos,1409,Verified,False,2890.79,1,21,1,9.27,106,5,Low
C3353,Janice Gilbert,148,Verified,False,4296.93,1,11,2,1511.36,41,0,Low
C2159,Joshua Nelson,330,Verified,False,7873.11,1,6,1,27.98,84,1,Low
C261,Katherine Clarke,1387,Verified,False,6882.03,1,29,2,13.29,83,0,Low
C4582,Erica Porter,2760,Verified,False,7748.04,1,6,1,86.97,3,0,Low
C5242,Sara Obrien,3085,Verified,True,4305.06,1,13,5,61.98,33,0,High (Network Risk)
C1209,Michael Burke,3283,Verified,False,3462.93,1,2,1,54.91,58,0,Low
C2915,Jamie French,1040,Verified,False,1525.33,1,2,1,1038.02,2,0,Low
C3411,Ernest Sullivan,624,Verified,False,411.03,3,13,1,208.64,63,1,Low
C61,Earl Hall,2329,Verified,False,3404.8,1,9,1,551.42,34,0,Low
C642,Julie Johnson,2021,Verified,False,875.67,3,41,1,4647.69,4,0,High (Network Risk)
C4351,Dana Wolfe,318,Verified,False,3317.78,1,4,1,45.28,98,0,Low
C3285,Robert Price,2786,Verified,False,309.31,1,12,2,210.66,102,0,Low
C3990,James Henry,2526,Verified,False,876.83,1,6,2,18.45,109,0,Low
C253,Susan Davis,1161,Pending,False,1382.42,1,14,1,1496.5,78,0,Low
C2502,Darryl Richardson,543,Verified,False,69968.08,1,13,1,109.26,71,0,Low
C47,Karen Jackson DVM,3445,Verified,False,1403.3,1,7,1,1.46,100,0,Low
C1009,Linda Patrick,2190,Verified,False,1908.76,2,4,1,20.16,111,0,Low
C5255,Veronica Diaz,1089,Pending,True,3134.99,1,5,20,1388.77,81,5,High (Network Risk)
C4672,Ann Moon,2475,Verified,False,6505.96,1,3,1,9.62,45,0,Low
C1826,Michael Williams,3572,Verified,False,1429.53,1,9,2,127.99,43,0,Low
C418,Timothy Chavez,2567,Verified,False,418.38,2,0,1,312.14,4,0,Low
C3525,Scott Ramirez,391,Verified,False,622.9,10,4,1,346.2,49,0,Low
C204,Crystal Collins,1479,Verified,False,2110.73,1,15,1,6907.94,72,1,Low
C3326,Crystal Davis,205,Verified,False,13551.16,1,14,1,132.0,59,0,Low
C4797,Matthew Mueller,1513,Verified,False,1077.61,3,2,1,34.98,102,0,Low
C3612,Teresa Thompson,1785,Verified,False,6414.45,10,11,1,39.82,50,0,Low
C2878,Teresa Jacobson,3482,Verified,False,1780.25,2,2,2,852.94,74,0,Low
C624,Robert Gonzalez,85,Verified,False,2430.91,2,5,1,3.73,110,0,Low
C661,Andrea Garcia,3574,Verified,False,931.11,1,13,1,210.95,72,0,Low
C4452,Cassandra Martinez,2894,Verified,False,4324.59,1,3,2,1744.73,47,1,Low
C3473,Philip Cummings,1106,Verified,False,5250.99,1,23,2,169.98,58,0,Low
C1736,Timothy Sanchez,2654,Verified,False,548.98,1,9,1,1070.66,38,0,Low
C1774,Scott Miranda,2889,Verified,False,1285.28,2,10,1,5.98,104,0,Low
C1772,Alicia Wagner,36,Verified,False,2622.34,1,17,1,1006.57,105,0,Low
C1266,Chad Williams,3272,Verified,False,4974.76,1,15,2,201.87,118,0,Low
C2798,Carlos Hensley,326,Verified,False,31862.02,2,14,5,66.04,42,0,High (Network Risk)
C3425,Laura Ramirez,2021,Verified,False,1529.34,1,4,1,67.65,53,0,Low
C4688,Christopher Rodriguez,1670,Verified,False,202.24,1,3,2,2027.03,30,0,Low
C5259,Mark Webster,1548,Pending,False,1650.08,2,5,20,42.56,73,10,High (Network Risk)
C4444,James Smith,3546,Verified,False,4196.35,1,10,1,46.0,91,0,Low
C1754,Robert Byrd,220,Failed,False,4788.22,1,2,1,1672.46,56,0,Medium (Compliance)
C1649,Joshua Powell,3016,Verified,False,2411.25,1,11,5,232.84,43,1,High (Network Risk)
C3185,Tonya Harding,3005,Verified,False,1008.36,1,9,1,312.48,39,0,Low
C1565,Larry Higgins,1311,Pending,False,4288.24,1,6,2,31.62,65,0,Low
C9,Nicole Mills,580,Verified,False,3264.82,2,7,1,30.91,101,10,Low
C2733,Jonathan Porter,1145,Pending,False,3771.88,1,7,2,2078.84,59,0,Low
C354,Christine Greene,2685,Verified,False,1424.0,1,10,1,245.02,89,0,Low
C4951,Edwin Munoz,2659,Verified,False,6928.94,1,13,1,142.26,116,1,Low
C1806,James Brooks,2199,Verified,False,3594.73,2,73,1,89.92,36,0,High (Network Risk)
C4739,Craig Smith,1110,Verified,False,2676.46,1,8,1,116.56,38,0,Low
C3592,Mark Thomas,3361,Verified,False,8407.95,2,4,1,45.19,96,0,Low
C4559,Rachel Curry,2566,Verified,False,2086.01,1,1,1,264.17,35,0,Low
C2008,Elizabeth Sanchez,224,Verified,False,7215.48,2,2,1,53.92,72,5,Low
C278,Darren Gonzales,154,Pending,False,1670.57,1,4,1,77.93,99,0,Low
C3572,Mr. John Khan,2567,Pending,False,949.4,3,12,1,293.54,99,1,Low
C1151,Jason Williams,3010,Pending,False,2920.24,1,5,1,1217.9,59,0,Low
C4903,Stephanie Livingston,2534,Verified,False,380.81,2,10,1,928.6,40,0,Low
C3568,Anthony Marshall,676,Verified,False,4200.32,1,4,1,54.81,80,5,Low
C2926,Matthew Hamilton,3077,Verified,False,8339.82,1,10,1,105.79,64,1,Low
C2751,Heather Hunt,1327,Verified,False,33320.35,2,14,1,11.39,30,0,Low
C2110,Timothy Melton,2576,Verified,False,8279.23,1,5,1,370.27,108,0,Low
C3186,Harold Lee,2606,Verified,False,18100.01,2,10,1,438.3,119,0,Low
C268,Carol Gay,984,Verified,False,4017.67,1,5,1,145.92,32,0,Low
C3096,Michael Nelson,798,Verified,False,12046.35,2,2,1,966.01,88,0,Low
C3711,Daniel Meyer,2698,Verified,False,3600.93,1,11,1,58.44,53,0,Low
C926,Jamie Lindsey,3641,Verified,False,12309.37,1,10,1,164.66,89,0,Low
C12,Marc Mitchell,2215,Verified,False,343.46,2,11,1,24.97,39,0,Low
C4805,Jose Martinez,1255,Verified,False,977.89,2,15,1,116.27,97,0,Low
C989,John Gallagher,1327,Pending,False,2054.12,2,6,1,69.43,39,0,Low
C5196,Richard Chandler,2058,Verified,False,7201.3,2,58,5,352.26,62,0,High (Network Risk)
C1773,Andrea Donaldson,2862,Pending,False,6145.98,1,5,2,80.68,59,0,Low
C899,Jamie Guerrero,3138,Verified,False,1163.58,2,9,1,854.75,66,0,Low
C3806,Nathan Adams,2953,Verified,False,722.3,1,6,2,11.14,72,0,Low
C1893,Thomas Davis,3553,Verified,False,2612.01,1,8,1,333.8,69,5,Low
C4708,James Williams,1786,Verified,False,1861.23,2,4,1,2.28,47,0,Low
C3896,Troy Lee,3301,Verified,False,1986.45,1,3,1,120.6,101,0,Low
C4913,Jennifer Mckenzie,2471,Verified,False,2259.27,2,3,1,843.45,116,0,Low
C5576,Joshua Scott,3332,Verified,False,2361.77,10,10,2,121.62,4,0,Low
C3440,April Jones,167,Pending,False,7842.29,2,7,2,889.59,82,0,Low
C1678,Deborah Webb,2655,Verified,False,7309.38,1,4,1,32.07,55,0,Low
C3875,John Zavala,3506,Verified,False,1920.39,2,12,2,187.19,115,0,Low
C2162,Katherine Miller,369,Failed,False,2022.3,1,23,2,41.69,100,0,Medium (Compliance)
C2134,Steven Jensen,3495,Pending,False,6604.98,1,4,1,1313.09,87,0,Low
C2148,Sarah Sosa,883,Verified,False,3915.29,2,3,1,39.98,36,0,Low
C3559,Justin Small,1719,Verified,False,7551.07,2,15,1,32.92,101,0,Low
C736,Erin Ortega,2468,Pending,False,4922.7,1,7,1,956.51,115,0,Low
C4157,Mary Conley,319,Verified,False,2890.38,2,6,1,21.68,114,0,Low
C4056,Melanie Drake,2385,Verified,False,3654.29,2,16,1,41.14,79,0,Low
C293,Danielle Briggs,2620,Verified,False,448.35,1,5,1,326.08,86,5,Low
C630,Dillon Case,2318,Verified,False,1591.58,1,10,2,199.61,40,0,Low
C4283,William Esparza,983,Verified,False,13005.98,2,8,1,49.65,34,0,Low
C2185,Kevin Solis,458,Verified,False,8448.95,1,99,1,119.94,47,0,High (Network Risk)
C2325,Roger Peters,2375,Verified,False,2312.61,1,6,1,2088.57,60,0,Low
C3929,Colleen Blanchard,949,Verified,False,981.8,1,15,1,31.15,48,0,Low
C1746,Christian Garcia,535,Verified,False,5755.73,2,6,20,142.71,73,0,High (Network Risk)
C2728,Heidi Newton,2284,Verified,False,430.48,2,10,1,91.83,46,0,Low
C3900,Gary Miller,1071,Verified,False,4813.2,2,6,1,640.3,103,0,Low
C2643,John Hebert,1711,Verified,False,3133.24,2,13,5,22.46,76,1,High (Network Risk)
C3139,Erik Small,3166,Verified,False,2268.05,2,6,2,51.49,39,0,Low
C4348,Robert Moore,2318,Verified,False,8577.76,1,11,2,86.22,3,0,Low
C105,Andre Pace,919,Verified,False,7361.16,1,4,1,50.8,33,0,Low
C1274,David Koch,910,Verified,False,6448.13,1,3,1,271.32,44,0,Low
C2918,Tyler Chapman MD,3458,Verified,False,14152.45,1,1,1,404.81,90,0,Low
C5451,Donna Bishop,1950,Verified,True,1712.31,1,39,1,267.04,34,1,High (Network Risk)
C3835,Christopher Murphy,1490,Verified,False,1745.89,1,4,1,10.0,52,0,Low
C2985,Bradley Miller,100,Pending,False,3186.08,1,42,1,85.91,33,0,High (Network Risk)
C3182,Alejandra Fernandez,1434,Failed,False,18120.72,1,5,2,97.7,34,0,Medium (Compliance)
C861,Brandon Cordova PhD,170,Verified,False,575.78,1,20,1,25.4,41,0,Low
C2129,Wendy Smith,1118,Verified,False,1755.83,1,18,2,37.58,42,0,Low
C3888,Casey Terrell,1109,Verified,False,1606.62,1,6,1,2015.55,48,0,Low
C5012,Michael Serrano,719,Verified,False,4894.22,2,4,1,473.99,108,0,Low
C5033,Kenneth Williams,46,Failed,False,949.29,2,6,1,22.95,66,0,Medium (Compliance)
C1244,Erin Williams,3310,Verified,False,3187.37,2,18,1,375.46,31,0,Low
C2360,Virginia Mendez,1471,Failed,False,16518.66,1,45,1,337.78,96,0,High (Network Risk)
C1234,Cheryl Jackson,1880,Pending,False,866.13,1,2,1,43.67,36,0,Low
C3671,Wyatt Rodriguez,1152,Verified,True,1258.23,2,7,1,295.1,32,0,Medium (Compliance)
C2491,Lisa Fox,1587,Verified,False,3383.59,1,4,1,70.44,88,0,Low
C1729,Diane Brown,1820,Verified,False,7453.53,1,5,1,9.23,55,1,Low
C2423,Debbie Schneider,569,Verified,False,3602.94,1,28,1,72.35,113,1,Low
C3717,Anne Obrien,343,Verified,False,7773.3,1,3,2,28.04,32,0,Low
C4213,Amanda Phelps,1213,Verified,False,7664.04,1,2,1,56.69,54,0,Low
C2574,Melissa Patrick,1646,Verified,False,959.44,1,8,2,307.31,119,0,Low
C4466,Jordan Carter,3539,Verified,False,2587.13,1,10,1,307.78,96,0,Low
C3820,Jennifer Roman,614,Verified,False,401.36,1,5,1,254.05,92,0,Low
C1566,William Parker,630,Verified,False,5052.52,1,4,2,228.54,37,0,Low
C3363,David Hernandez,1593,Verified,False,25090.74,3,8,1,29.37,47,1,Low
C4024,Bobby Matthews,3298,Verified,False,1652.53,1,2,1,44.26,83,0,Low
C3611,Brian Cole,728,Verified,False,2174.32,2,10,1,832.72,39,0,Low
C3636,Benjamin Townsend,1930,Verified,False,1475.68,1,5,1,2119.02,2,0,Low
C588,Lauren Higgins,2417,Verified,False,13232.02,2,22,1,145.01,55,0,Low
C880,Bryan Newman,3557,Verified,False,5672.38,2,9,1,230.53,74,0,Low
C4312,Kristen Matthews,713,Verified,False,2215.49,1,6,2,3565.25,96,5,Low
C3996,Christine Kennedy,1477,Verified,False,755.53,1,6,1,77.73,34,0,Low
C1493,Christopher Lee,124,Verified,False,2252.66,2,1,1,189.09,119,0,Low
C1139,Andre Farrell,1365,Pending,False,1029.95,2,6,1,54.67,108,0,Low
C1370,Cody Jimenez,3579,Failed,False,2685.85,1,6,1,6.12,53,0,Medium (Compliance)
C2573,Jennifer Fletcher,2237,Verified,False,3443.96,1,7,1,60.64,54,5,Low
C3100,Casey Murphy,2537,Pending,False,1260.78,2,6,1,259.14,103,0,Low
C4366,Jennifer Edwards,2230,Verified,False,2018.06,1,23,1,13.8,91,0,Low
C2012,Lacey Graves,2830,Verified,False,7969.22,1,5,1,312.04,104,0,Low
C5331,Richard Best,592,Verified,False,1584.29,3,3,2,21.17,78,5,Low
C2485,John Mcneil,186,Verified,False,14525.6,3,1,1,58.31,90,0,Low
C1134,Stephen Allen,2368,Verified,False,5022.19,1,5,2,109.94,118,0,Low
C1072,Tina Solomon,2405,Verified,False,4227.31,1,3,1,36.86,76,5,Low
C2275,Jennifer Townsend,1669,Verified,False,4801.85,1,2,1,154.31,67,0,Low
C4554,Michelle Mcbride,1938,Verified,False,321.86,1,5,1,124.37,113,0,Low
C3400,Aaron Webb,255,Verified,False,7628.63,3,18,1,163.83,105,1,Low
C1835,Kathryn Clark,3357,Pending,False,9633.9,1,15,20,1342.18,89,0,High (Network Risk)
C739,Matthew Doyle,697,Verified,False,5158.21,1,2,1,43.15,65,0,Low
C2132,Kiara Preston,2541,Verified,False,744.79,2,7,1,301.29,76,0,Low
C259,Lisa Salazar MD,1314,Verified,False,4712.28,1,10,1,48.04,92,5,Low
C1723,Rebecca Gibson,752,Verified,False,1061.62,3,11,1,150.68,84,0,Low
C2339,Kimberly Ryan,223,Verified,False,6084.45,1,26,1,626.31,71,0,Low
C3482,Amanda Cook,588,Pending,False,5502.21,1,2,1,653.77,99,0,Low
C2240,Mark Conner,2558,Verified,False,2069.16,3,3,1,74.05,84,0,Low
C841,Shawn Hickman,828,Verified,False,3838.79,1,4,1,579.67,41,1,Low
C1554,Lisa Hall,2214,Verified,False,4051.93,2,9,1,227.14,43,0,Low
C2562,Kevin Cole,2218,Verified,False,10737.95,1,0,1,178.11,104,0,Low
C3138,Matthew Williams,585,Verified,False,4864.25,2,6,2,224.72,78,5,Low
C4016,Tanner King,1623,Verified,False,1134.46,1,1,1,143.22,106,0,Low
C2497,Joseph Williams,1810,Verified,False,514.34,2,7,1,40.23,70,0,Low
C360,Joann Sanders,3493,Verified,False,11887.36,3,38,1,120.55,61,0,High (Network Risk)
C1901,Tyler Lang,3119,Verified,False,804.07,1,15,5,1269.75,54,0,High (Network Risk)
C2431,Robert Payne,2743,Verified,False,941.67,1,2,1,58.47,35,0,Low
C4563,Jonathan Cisneros,1222,Verified,False,1892.79,2,5,5,19079.16,89,0,High (Network Risk)
C4149,Margaret Torres,436,Verified,False,1926.13,10,3,1,48.12,100,1,Low
C2274,Amber Zhang,1063,Failed,False,620.33,1,20,1,549.9,4,0,Medium (Compliance)
C4996,Matthew Roberts,3469,Verified,False,3186.27,10,1,2,16.66,108,0,Low
C1163,David Hays,1399,Failed,False,860.71,2,5,1,277.57,103,1,Medium (Compliance)
C187,Erin Gardner,2764,Verified,False,4430.75,2,4,2,12.28,82,0,Low
C760,Michael Miller,409,Verified,False,4881.23,1,2,1,563.59,39,0,Low
C2590,Theresa Smith,102,Verified,False,8994.28,1,27,5,155.65,97,0,High (Network Risk)
C2422,Paul Scott,1653,Verified,False,4718.39,2,2,1,660.27,83,0,Low
C4090,Megan Perry,3294,Verified,False,5710.19,2,2,1,24.45,98,0,Low
C4095,Christina Martin,3023,Verified,False,681.26,1,26,1,200.34,81,0,Low
C1110,Timothy Collins,2396,Verified,False,1309.7,1,6,1,373.26,56,0,Low
C83,Kimberly Jones,700,Verified,False,2559.4,2,6,1,368.38,50,0,Low
C2713,Dr. Sarah Smith,1344,Verified,False,7040.42,1,4,1,39.17,40,0,Low
C2126,Richard Bauer,824,Verified,False,2839.7,1,7,1,185.28,63,0,Low
C3763,Traci Wilson,204,Verified,False,2268.82,1,5,1,68.99,109,5,Low
C2852,Bryan Miranda,441,Verified,False,5353.37,1,4,1,200.49,46,0,Low
C3883,Julie Martinez,2933,Verified,False,438.44,1,2,1,12.13,1,0,Low
C2060,Diana Miller,163,Verified,False,1072.16,1,7,1,1370.62,46,0,Low
C3485,Heather Hughes,778,Verified,False,3561.42,1,4,1,59.87,69,0,Low
C3661,Tony Swanson,1355,Verified,False,3084.97,2,5,1,307.66,43,0,Low
C4983,Lisa Montes,1721,Verified,False,4779.58,1,12,1,25.99,108,0,Low
C5328,Wendy Martin,3270,Verified,False,3885.9,1,4,1,12.26,3,10,High (ATO Risk)
C2248,Joseph Norris,3487,Verified,False,4435.07,2,6,1,405.78,58,0,Low
C324,William Todd,3585,Verified,False,1666.37,1,28,1,392.78,38,0,Low
C1127,Gerald Price,2774,Pending,False,11318.3,10,10,1,532.38,67,0,Low
C2146,Ashley Hunt,361,Verified,False,1035.9,1,4,1,253.97,32,0,Low
C5024,Christy Lee,2029,Pending,False,2347.33,2,3,1,871.07,32,0,Low
C1894,Patricia Adkins,2802,Verified,False,3078.36,2,6,1,248.66,73,0,Low
C4783,Willie Perez,1378,Verified,False,5638.12,3,13,1,37.23,3,0,Low
C4194,Susan Snyder,3160,Verified,False,1173.75,2,4,1,5467.65,73,0,Low
C1892,Jasmine Day,2410,Verified,False,2741.44,1,7,1,42.47,89,5,Low
C4338,Andrew Chavez,2258,Verified,False,8445.83,2,4,5,525.35,61,0,High (Network Risk)
C610,Henry Huerta,2193,Verified,False,2966.15,1,5,1,313.46,115,0,Low
C4289,Mariah Perry,1034,Verified,False,3515.66,1,2,1,729.03,90,0,Low
C2811,Tracy Atkins,895,Verified,False,2032.44,1,8,1,128.92,40,0,Low
C5401,Ryan Wheeler,364,Failed,False,2987.66,2,7,5,245.78,119,0,High (Network Risk)
C3270,Audrey Taylor,2926,Verified,False,2895.09,2,22,2,57.94,111,0,Low
C4683,Zachary Swanson MD,3046,Verified,False,4494.97,2,7,1,354.45,51,0,Low
C4746,Amanda Conley,436,Verified,False,868.87,1,3,1,21.64,40,0,Low
C1409,Eric Short,686,Verified,False,2597.72,10,22,2,997.24,69,5,Low
C4994,Scott Brown,772,Verified,False,3428.36,2,9,1,5047.77,109,0,Low
C171,Victor Taylor,2256,Verified,False,6634.39,1,8,1,774.35,87,0,Low
C1619,James Hernandez,525,Verified,False,5818.66,1,6,1,6.62,109,0,Low
C4209,Jason Jones,173,Verified,False,12037.9,1,7,5,66.83,105,1,High (Network Risk)
C797,Angela Parker,2219,Verified,False,3050.38,1,3,2,647.6,32,0,Low
C3349,Alexander Zavala,126,Verified,False,810.45,1,6,1,27.79,92,0,Low
C3015,Michael Kane,132,Verified,False,2767.52,1,5,2,19.69,61,0,Low
C4636,Lindsey York,190,Verified,False,589.93,1,9,1,182.77,118,1,Low
C2758,Brandon Baker,3493,Verified,False,585.62,2,17,1,72.45,49,0,Low
C1615,Stephen White,3535,Verified,False,1577.65,1,15,1,66.56,88,0,Low
C3488,Robert Hall,2279,Verified,False,3766.42,2,10,1,18.28,118,0,Low
C2972,Ryan Pierce,1600,Verified,False,1020.0,1,1,1,1885.19,98,0,Low
C76,Shannon Cain,3286,Verified,False,11275.39,1,4,1,34.27,56,0,Low
C1738,Laura Vaughn,328,Pending,False,3719.13,2,1,1,77.78,116,5,Low
C3315,Juan Evans,449,Verified,False,10298.31,1,16,1,278.33,79,0,Low
C3001,Nicole Williams,1783,Verified,False,16971.54,1,6,2,105.29,103,0,Low
C4012,Jennifer Barrett,767,Verified,False,7994.62,2,6,2,72.32,68,0,Low
C1295,Anthony Jones,1745,Verified,False,1842.45,1,4,1,606.39,88,0,Low
C85,Leah Rodriguez,2751,Verified,False,1042.22,2,19,2,257.32,77,1,Low
C3267,John Ward,58,Verified,False,1156.32,2,7,1,241.04,85,0,Low
C3144,Deborah Garza,3081,Verified,False,3419.7,1,6,1,78.82,90,0,Low
C961,Rebecca Miller,3247,Pending,False,1916.1,2,7,1,20.7,105,0,Low
C1630,Matthew Carroll,982,Verified,False,1056.69,2,8,1,826.13,62,0,Low
C4956,Lynn Smith,3223,Verified,False,5388.92,3,6,1,50.04,86,0,Low
C4504,Michael Jackson,2638,Pending,False,4960.73,1,19,1,19.11,110,5,Low
C2538,Sharon Hicks,1091,Verified,False,1185.13,2,19,1,85.45,102,0,Low
C1947,Abigail Mills MD,3082,Verified,False,1704.37,1,7,2,133.0,50,0,Low
C3113,Paula Lopez,3645,Verified,False,682.16,1,3,2,17.78,56,0,Low
C887,Amy Clark,1100,Verified,False,3237.92,2,9,1,75.46,107,0,Low
C4405,Cheryl Rose,2698,Pending,False,1886.53,3,4,1,143.91,115,0,Low
C4159,Jared Garza,1276,Verified,False,7937.07,1,21,1,21.25,80,0,Low
C5080,Donna Wright,2117,Verified,False,2920.78,3,24,1,781.62,66,1,Low
C43,Belinda Fisher,1491,Verified,False,1379.19,3,12,1,20.97,113,1,Low
C4795,Kathleen Levine,92,Verified,False,3000.29,1,2,1,390.59,38,0,Low
C4700,Corey King,2775,Verified,False,2188.44,1,4,1,185.71,105,0,Low
C232,Cody Davidson,16,Verified,False,1370.13,1,5,1,6681.66,116,0,Low
C1187,Michael Anderson,1298,Verified,False,2519.24,2,3,2,161.92,97,5,Low
C4971,Zachary Mcgee,2353,Verified,False,774.36,3,5,1,18.04,63,0,Low
C2394,Melinda Anderson,390,Verified,False,3357.26,1,8,1,22.09,60,0,Low
C609,Tyler Andrews,1014,Pending,False,3623.45,2,10,2,91.75,61,0,Low
C3941,Michelle Greer,2044,Verified,False,8419.56,1,19,1,3.51,49,0,Low
C3455,Brian Clark,1124,Verified,False,3412.86,1,6,1,19.53,54,0,Low
C5508,Nathaniel Floyd,198,Verified,True,1074.68,2,5,5,377.73,3,5,High (Network Risk)
C99,Erika Jenkins,2097,Verified,False,134.39,1,2,1,3806.25,82,0,Low
C2057,Melanie Ramos,2037,Verified,False,962.25,1,9,1,127.16,43,0,Low
C1578,Mark Clark,25,Verified,False,4006.72,1,4,1,30.22,49,0,Low
C3520,Sergio Hodge,1090,Verified,False,9860.96,1,5,2,694.29,32,0,Low
C972,Katherine Avery,1998,Verified,False,3206.59,1,4,1,1050.37,102,1,Low
C447,David Hamilton,2514,Verified,False,1280.71,3,4,2,75.1,105,0,Low
C5283,Richard Bass,899,Verified,False,3711.29,1,12,1,378.54,89,0,Low
C3439,Kelly Harris,670,Verified,False,260.68,2,6,1,1051.97,103,0,Low
C1978,Dustin Campbell,1076,Pending,False,3043.22,1,24,1,243.61,58,1,Low
C4370,Randy Kennedy,2729,Verified,False,5336.59,2,2,1,52.67,112,0,Low
C832,Ana Gibson,1008,Verified,False,1335.48,1,19,1,67.74,112,0,Low
C1887,Danny Harris,3388,Verified,False,7849.49,3,4,1,23.33,3,0,Low
C5132,Sara Stuart,219,Pending,False,12131.7,10,6,1,45.74,44,10,Low
C4681,John Kim,2713,Verified,False,5212.68,1,10,2,377.64,105,0,Low
C4020,Richard Brewer,3502,Verified,False,4316.41,1,15,1,106.48,63,0,Low
C389,William Arnold,1097,Verified,False,91.85,1,16,1,15.12,41,0,Low
C4359,Brianna Adams,1063,Verified,False,4022.28,1,16,1,247.69,112,5,Low
C1267,David Garcia,1985,Verified,False,7814.2,2,5,1,775.29,84,1,Low
C528,Kelli Collins,2421,Verified,False,2630.95,1,29,1,113.66,76,0,Low
C2925,Arthur Krueger,3061,Verified,False,6731.5,2,11,2,131.06,112,1,Low
C150,Steven King,3284,Verified,False,3425.05,2,0,1,1347.39,43,0,Low
C2820,Tyler Velazquez,2876,Verified,False,3113.44,1,7,1,864.6,111,0,Low
C5461,Laura Middleton,1350,Verified,False,4827.76,3,5,20,336.73,4,0,High (Network Risk)
C3202,Lori Madden,203,Verified,False,2469.54,1,5,1,1256.85,110,10,Low
C4241,Tyler Murphy,1826,Pending,False,1386.65,2,11,1,864.4,31,0,Low
C3051,Kristen Bradley,225,Verified,False,2311.69,2,9,1,124.56,94,0,Low
C3110,Corey Rodriguez,2794,Verified,False,2093.52,2,4,1,265.44,60,0,Low
C191,Phillip King,405,Verified,False,4360.91,1,23,1,178.18,62,0,Low
C3375,Laurie Fuller,350,Verified,False,1218.8,2,2,5,2891.36,116,0,High (Network Risk)
C5441,Toni Cunningham,1675,Pending,False,9521.03,10,2,1,283.51,47,0,Low
C2546,James Weber,2175,Verified,False,4116.74,1,3,1,252.85,44,0,Low
C1639,Erika Hodge,658,Verified,False,9877.11,1,10,20,2459.79,37,0,High (Network Risk)
C4101,Peter Patel,2125,Verified,False,2315.97,2,9,20,192.66,93,0,High (Network Risk)
C227,Jeffrey Hart DDS,2558,Verified,True,792.43,1,3,1,89.94,38,0,Medium (Compliance)
C1442,Steven Hall,543,Verified,False,869.91,1,4,1,5.81,119,0,Low
C1472,Christine Gutierrez,3276,Verified,False,1558.11,2,7,1,78.04,44,0,Low
C4565,Angel Becker DVM,679,Verified,False,1033.02,2,3,1,198.0,83,0,Low
C2068,Chad Rojas,81,Verified,False,621.42,1,13,1,649.15,80,5,Low
C4093,Brent Scott,3364,Verified,False,3593.33,1,25,1,147.05,65,1,Low
C3491,Jennifer Esparza,2714,Verified,False,4178.54,1,6,1,40.7,32,0,Low
C3634,Stacy Orozco,2728,Pending,False,2380.56,1,9,1,269.54,94,0,Low
C2928,Thomas Carr,137,Verified,False,12120.84,1,7,1,10.5,45,0,Low
C4433,David George,1764,Verified,False,2899.05,2,21,1,1040.71,52,0,Low
C4296,Teresa Allen,284,Verified,False,2144.06,2,33,1,1273.95,2,0,High (Network Risk)
C335,Donald Jackson,2853,Pending,False,2215.66,3,5,20,10.71,81,0,High (Network Risk)
C1781,Monica Howe,1581,Verified,False,6308.21,3,7,1,41.83,2,0,Low
C4501,Willie Flynn PhD,3203,Verified,False,762.47,10,14,1,252.19,113,0,Low
C3124,Jonathan Perez,3648,Verified,False,476.4,1,9,1,2086.67,1,0,Low
C823,April Horton,1124,Verified,False,3686.46,1,3,1,137.32,81,0,Low
C5300,Nicole Hawkins,1084,Verified,False,3681.86,1,53,1,266.74,66,0,High (Network Risk)
C3598,Patrick Hooper,3571,Pending,False,5383.59,2,4,1,217.31,113,1,Low
C4658,Mary Lee,1869,Verified,False,2904.84,3,9,1,14.47,61,0,Low
C740,Cynthia Williams,2608,Verified,False,17316.68,1,5,1,89.1,75,0,Low
C3304,Ronald Gonzalez,3567,Verified,False,6796.74,1,3,1,47.58,76,1,Low
C1349,Antonio Cole,1506,Verified,False,298.64,1,4,1,211.27,4,5,High (ATO Risk)
C2416,Amanda Swanson,2297,Verified,False,755.99,1,30,1,53.28,83,0,Low
C2041,Holly Sherman,2832,Verified,False,460.24,2,2,1,155.85,92,0,Low
C4730,Sandy Reynolds,1329,Verified,False,3223.17,1,5,1,137.28,2,0,Low
C1953,Sandra Moore,2425,Verified,False,3607.49,1,4,1,155.4,31,0,Low
C5497,Christopher Johnson,1195,Verified,False,16467.78,10,34,1,736.61,88,0,High (Network Risk)
C2704,Ryan Fisher,2837,Verified,False,1423.3,1,2,1,264.94,45,0,Low
C4303,Christopher Jones,1029,Verified,False,1214.52,1,3,1,102.91,65,1,Low
C5344,Jeffrey Lyons,1773,Verified,False,3839.3,2,34,1,312.97,112,0,High (Network Risk)
C981,Miguel Reeves,301,Verified,False,1063.55,1,8,1,65.92,47,0,Low
C1181,Kiara Santana,3153,Verified,False,2311.44,1,17,1,29.56,36,0,Low
C3691,Tonya Richards,380,Verified,False,7504.75,1,16,1,742.99,106,0,Low
C2263,Jesse Poole,129,Verified,False,6480.98,1,4,1,55.35,107,0,Low
C4567,Mary Lewis,2667,Verified,False,8643.72,1,9,1,32.55,48,0,Low
C4585,Christopher Copeland,661,Verified,False,807.81,2,6,1,1449.28,47,0,Low
C2387,Ethan Obrien,2030,Verified,False,5207.35,1,4,1,554.86,101,0,Low
C2204,Rebecca Houston,3626,Verified,False,3009.3,10,16,2,112.62,83,0,Low
C4634,Edward Barton,472,Verified,False,31837.09,1,8,2,566.35,82,0,Low
C4917,Brandon Perkins,811,Verified,False,6121.38,2,25,2,73.93,104,0,Low
C4885,Beth Brown,1470,Verified,False,3004.47,2,10,1,305.74,97,0,Low
C2018,Kim Vincent,2935,Pending,False,8338.71,1,15,1,161.37,60,0,Low
C651,Jennifer Banks,854,Verified,False,5338.61,1,0,1,86.05,30,0,Low
C3503,Ruth Brown,3550,Verified,False,6382.39,2,7,1,218.99,55,0,Low
C4723,Shawn Lindsey,1532,Verified,False,4975.17,1,10,1,27.68,49,0,Low
C4441,Anthony Garrison,2596,Verified,False,2048.77,2,10,2,63.07,89,0,Low
C2731,Angela Ryan,2276,Verified,False,2031.11,1,24,2,6.84,69,5,Low
C3060,Joseph Davis,1713,Verified,False,6027.35,2,11,1,90.97,35,0,Low
C2603,Joshua Clayton,451,Verified,False,1604.66,1,2,1,217.28,108,0,Low
C2390,John Massey,1530,Verified,False,3574.0,1,11,1,17.05,38,0,Low
C2902,Richard Hale,2625,Verified,False,4971.15,1,14,1,262.79,39,0,Low
C3228,Charles Ramos,641,Verified,False,1698.16,1,4,1,5.5,113,0,Low
C1747,Mark Miller,143,Verified,False,4707.25,1,5,2,61.35,80,0,Low
C5450,Julia Maldonado,1924,Verified,False,3098.18,1,36,1,127.94,104,0,High (Network Risk)
C3487,Gail Johnson MD,39,Verified,False,2057.14,2,7,1,143.65,105,0,Low
C35,Maurice Johnson,1173,Verified,False,6516.31,1,17,1,210.29,42,0,Low
C1421,Amanda Morris,3092,Verified,False,854.82,1,8,1,12.34,31,0,Low
C355,Rhonda Willis,805,Verified,False,849.93,2,1,1,190.39,66,0,Low
C3645,Connor Benton,2601,Verified,False,3152.99,2,7,2,411.63,33,0,Low
C3787,Richard Ryan,364,Verified,False,980.88,2,5,1,75.88,56,0,Low
C1668,Richard Goodman,306,Verified,False,10935.88,1,11,1,103.38,65,0,Low
C2772,Michelle Mcneil,1356,Verified,False,2160.01,2,10,1,17.08,69,0,Low
C5597,Michael Norton,223,Verified,False,746.62,1,3,1,540.37,38,1,Low
C2727,Donna Carter,2561,Verified,False,2569.39,1,8,1,22.1,49,0,Low
C4203,Joshua Hernandez,3022,Verified,False,17873.37,2,11,1,748.14,37,1,Low
C2477,Kimberly Mitchell,491,Verified,False,1245.56,1,10,1,3991.23,87,0,Low
C4035,Patricia Hernandez,329,Verified,False,1620.03,1,15,1,70.14,49,0,Low
C5176,Donna Howell,2081,Verified,True,5246.78,1,3,1,46.55,82,0,Medium (Compliance)
C1126,James Williams,2716,Verified,False,12264.16,1,6,1,112.09,72,0,Low
C2581,Alexander Greene,558,Verified,False,1109.26,1,1,1,659.26,95,0,Low
C2777,Dean Sanchez,2278,Verified,False,1408.17,2,18,1,37.67,59,0,Low
C4772,Glenn Ward,1086,Verified,False,638.17,2,7,1,5.9,30,0,Low
C4596,Kendra Sullivan,3069,Verified,False,2947.03,10,6,1,804.85,117,0,Low
C269,Cynthia Hernandez,2433,Pending,False,3838.58,1,6,1,152.82,114,0,Low
C4813,Darren Morris,1654,Verified,False,7460.28,2,10,1,104.82,70,0,Low
C3693,Holly Underwood,1904,Verified,False,4597.19,2,16,1,160.16,35,0,Low
C2560,Jaime Williams,2110,Verified,False,3329.32,1,5,1,43.03,81,0,Low
C2845,Lori Brown,1293,Verified,False,3888.32,1,10,1,110.27,83,0,Low
C635,Jason Chase,503,Verified,False,5447.82,1,10,1,217.83,63,0,Low
C3190,Lisa Buchanan,2538,Verified,False,919.21,1,1,2,304.81,52,0,Low
C1021,Marcus Fields,3229,Pending,False,3866.54,1,4,5,154.25,39,0,High (Network Risk)
C5384,Tammy Lopez,2024,Verified,False,569.25,3,10,1,3.93,73,0,Low
C4671,Derek Williams,1317,Verified,False,9391.58,1,19,1,90.06,67,0,Low
C4174,James Davenport,3257,Verified,False,18203.67,1,21,1,157.38,79,0,Low
C2235,Justin Moreno,828,Verified,False,1672.77,1,2,2,178.45,70,0,Low
C2841,Mario Green,1528,Verified,False,4111.54,1,16,2,76.53,117,0,Low
C298,Cassandra Fry,109,Pending,False,6736.88,1,16,1,2758.88,115,0,Low
C31,Dr. Jose Gray DDS,2347,Verified,False,14232.28,2,10,1,74.48,119,0,Low
C3109,Amy Adams,1654,Verified,False,2631.39,1,1,1,284.36,110,5,Low
C5491,Austin Horton,2936,Failed,False,1483.74,2,25,1,72.58,111,0,Medium (Compliance)
C566,Elizabeth Jackson,6,Verified,False,4799.71,1,8,2,295.19,30,0,Low
C606,Maureen Cross,2420,Verified,False,11234.7,1,6,2,15.82,110,10,Low
C2437,Christopher Sanchez,2254,Verified,False,3244.14,2,1,1,1400.94,54,5,Low
C2306,Mitchell Richardson,1788,Verified,False,11584.65,1,5,1,240.24,51,0,Low
C3521,Kelsey Lewis,2695,Verified,False,8240.06,1,3,2,65.62,81,0,Low
C1800,Richard Miller,244,Verified,False,6260.83,2,11,1,79.47,78,0,Low
C2091,Samantha Carter,409,Verified,False,2910.1,1,10,1,48.0,93,0,Low
C2454,Mrs. Heather Christensen,3166,Verified,False,2348.49,2,11,1,85.18,107,0,Low
C1399,Sharon Williams,1701,Verified,False,16710.62,3,5,1,140.75,70,0,Low
C3330,Daryl Lowe,251,Verified,True,1252.27,1,7,1,62.53,104,0,Medium (Compliance)
C4460,Michael Carter,1680,Verified,False,5016.63,1,6,5,437.1,94,0,High (Network Risk)
C4058,Susan Johnson,1722,Verified,False,4674.14,1,15,2,4071.47,92,0,Low
C2592,James Jenkins,498,Verified,False,4232.32,1,4,1,103.78,94,0,Low
C2128,Dylan Johnston,802,Verified,False,1012.2,1,4,1,5.12,73,0,Low
C2608,Kathy Hull,1860,Verified,False,3228.79,1,15,1,86.38,93,5,Low
C482,Monica Richardson,2742,Verified,False,1756.28,2,14,1,124.04,84,0,Low
C1369,Kathryn White,2403,Verified,False,7595.55,2,10,1,451.9,1,0,Low
C4998,Mrs. Valerie Owens,2454,Verified,False,3854.99,1,26,1,50.15,1,0,Low
C4309,Amy Watts,2567,Verified,False,13187.27,1,39,1,51.51,30,0,High (Network Risk)
C2460,Michael Brown,793,Verified,False,12579.12,10,19,1,49.56,108,0,Low
C304,Cynthia Hendricks,469,Verified,False,2010.46,1,4,1,21.11,47,0,Low
C1676,Phillip Kelly,2636,Verified,False,12580.67,1,14,1,10.04,4,0,Low
C717,Deanna Edwards,2659,Verified,False,1615.19,1,8,5,165.04,61,0,High (Network Risk)
C2891,Jennifer Walker,1254,Verified,False,11362.53,1,4,2,16.54,95,0,Low
C2860,Brian Davis,2419,Verified,False,924.38,1,4,1,92.03,70,0,Low
C4938,Kelsey Griffith,999,Verified,False,13241.55,1,9,2,386.55,93,0,Low
C1449,Kimberly Obrien,553,Verified,False,1476.96,1,14,1,36.74,38,0,Low
C1606,Kevin Mccoy,443,Verified,False,2132.26,2,22,1,807.98,96,0,Low
C1871,Daniel Sullivan,723,Verified,False,2516.22,1,12,1,48.51,92,0,Low
C3680,Darius Khan,1197,Verified,False,1647.63,2,11,1,14.81,111,0,Low
C495,Miranda Huber,1179,Verified,False,11676.18,1,6,5,77.73,42,0,High (Network Risk)
C2933,Lisa Wagner,3538,Verified,False,542.82,1,8,1,242.7,70,0,Low
C2452,Erin Price,2680,Verified,False,4990.46,3,2,1,483.2,55,0,Low
C1492,Jonathan Russell,620,Verified,False,5458.95,1,11,1,257.06,119,0,Low
C2912,Sharon Snow,1197,Verified,False,1048.37,1,10,1,2053.65,59,0,Low
C1456,Cody Hoover,3321,Verified,False,1902.78,1,34,1,195.38,87,0,High (Network Risk)
C4788,Alyssa Rodriguez PhD,2761,Verified,False,1102.47,1,7,1,66.06,82,0,Low
C3380,Carl Harper,3493,Verified,False,2165.57,1,19,1,134.72,77,0,Low
C4713,Dana Bennett,2445,Verified,False,7400.24,2,5,1,20.81,96,0,Low
C514,Michael Baker,1954,Verified,False,2042.22,2,28,1,513.67,2,1,Low
C2899,William Wilson,2667,Verified,False,3974.16,1,23,1,18.34,57,0,Low
C1757,Jennifer Smith,2278,Verified,False,2693.16,1,18,1,30.99,90,0,Low
C3465,Cindy Richardson,271,Verified,False,22206.82,1,7,1,119.44,2,0,Low
C4143,Brandi Brown,1485,Verified,False,3397.36,1,6,1,35.25,80,0,Low
C546,Benjamin Martinez,1616,Pending,False,1265.13,1,5,1,256.42,61,0,Low
C3809,Patricia Mitchell,2015,Verified,False,3792.18,1,3,2,226.72,85,0,Low
C4402,Courtney Sanders,624,Verified,False,5993.1,1,10,1,435.66,102,1,Low
C1913,Ryan Willis,2861,Verified,False,1737.74,1,6,1,349.47,54,0,Low
C4438,Jennifer Jackson,286,Verified,False,10830.61,1,10,1,205.94,44,0,Low
C1633,Teresa Obrien,3413,Pending,False,590.77,1,8,1,130.28,106,0,Low
C4307,Angel Hayes,1073,Verified,False,1946.79,1,3,1,422.22,62,0,Low
C928,Jason Davis,1940,Verified,False,3043.55,2,17,1,147.46,116,0,Low
C746,Melissa Mathews,2341,Verified,False,7935.39,2,7,1,1205.1,82,0,Low
C4875,Joseph Russell,1420,Verified,False,12242.59,1,14,1,564.82,99,0,Low
C1664,Sandra Mccoy,2645,Verified,False,11953.89,1,2,1,98.16,75,0,Low
C4707,Gail Vasquez,177,Verified,False,3502.59,1,4,1,877.37,45,0,Low
C2168,Jeffrey Gibbs,3307,Verified,False,9257.59,2,5,1,1410.33,62,0,Low
C653,Michael Wilson,1367,Verified,False,5801.19,1,8,2,3554.58,30,0,Low
C4714,Richard Smith,2626,Verified,False,3396.94,1,6,1,811.96,49,0,Low
C872,Corey Mooney,11,Verified,False,1810.11,1,22,1,29.84,92,0,Low
C1907,Christina Myers,309,Verified,False,3771.25,1,16,1,35.24,75,0,Low
C5107,Anita Pitts,1240,Verified,False,10575.56,2,4,1,30.66,116,1,Low
C3175,Christian Bryant,2581,Verified,False,3254.98,1,78,1,670.11,38,0,High (Network Risk)
C1391,Patrick Garcia,3259,Failed,False,2040.38,1,6,1,6702.22,39,0,Medium (Compliance)
C21,Daniel Merritt,309,Verified,False,9483.35,2,20,1,256.68,65,0,Low
C3898,Robert Hicks,3482,Verified,False,1921.85,1,5,5,158.14,107,0,High (Network Risk)
C3658,Kenneth Washington,3029,Verified,False,5211.49,3,12,2,315.36,36,0,Low
C983,Jessica Hoffman,3184,Verified,False,4403.54,2,15,5,348.37,78,0,High (Network Risk)
C2085,Lisa Riggs,138,Verified,False,7371.09,2,2,1,990.8,2,0,Low
C988,Donna Mccarty,741,Verified,False,6679.78,2,29,1,61.6,100,0,Low
C3251,Eric Spencer,2008,Verified,False,5799.23,2,3,1,294.65,116,0,Low
C4784,Victoria Deleon,1672,Verified,False,2157.66,1,5,1,506.13,1,0,Low
C2892,David Roy,2992,Verified,False,1781.89,2,4,1,216.89,73,0,Low
C3223,Nancy Rice,3616,Verified,False,4126.98,1,4,1,14.24,54,0,Low
C4323,Daniel Brewer,1327,Verified,False,3785.99,2,4,1,8.8,82,0,Low
C758,Becky Garcia,2380,Verified,False,35453.95,1,2,1,18.72,43,0,Low
C1923,Michael Smith,1520,Verified,False,4265.25,2,13,5,782.63,75,0,High (Network Risk)
C2440,Katie Kaiser,3499,Verified,False,3275.84,1,8,1,1573.83,35,0,Low
C5058,Amy Roberts,2403,Verified,False,1699.88,10,6,5,28.49,49,0,High (Network Risk)
C1043,Taylor Espinoza,1775,Verified,False,1080.43,2,16,1,503.32,45,0,Low
C3432,David Aguirre,1176,Verified,False,662.98,1,30,1,7.0,39,0,Low
C109,Kyle Armstrong,208,Verified,False,1024.16,1,2,1,58.58,35,0,Low
C4851,Jennifer Weber,3454,Verified,False,2241.78,2,27,1,258.3,60,0,Low
C4279,Sheila Douglas,2220,Verified,False,7870.92,1,7,1,522.66,56,0,Low
C5228,Maria Malone,723,Verified,False,4559.64,1,25,5,53.8,76,5,High (Network Risk)
C1158,Megan Juarez,1166,Verified,False,1123.62,1,10,1,126.69,67,0,Low
C1546,Ann Boyd,137,Verified,False,1632.64,2,6,1,133.66,92,5,Low
C852,Richard Riley,2127,Verified,False,2680.04,1,14,1,20.04,90,0,Low
C3093,Laura Thomas,3431,Verified,False,2121.04,1,8,2,717.32,88,0,Low
C5477,Elizabeth Barton,2317,Verified,True,1273.67,3,9,1,198.28,114,0,Medium (Compliance)
C1394,Laura Sparks,1685,Verified,False,255.04,2,5,1,44.86,77,0,Low
C1436,Tiffany Zamora,1404,Verified,False,1032.73,2,3,2,134.77,76,0,Low
C5041,Ryan Roman,2954,Verified,False,1090.82,1,13,1,772.03,61,1,Low
C5502,Richard Parsons,2952,Verified,True,9353.72,3,4,1,44.37,75,0,Medium (Compliance)
C410,Justin Yu,2452,Verified,False,12088.63,2,10,2,26.46,53,0,Low
C3269,Marcus Johnson,1144,Verified,False,457.72,2,24,1,28.23,119,0,Low
C2086,Brittney Bowman,2856,Verified,False,6345.71,1,6,20,5445.4,96,1,High (Network Risk)
C663,Jason Snow,900,Verified,False,10101.57,2,12,1,562.99,68,0,Low
C1161,Carrie Lewis,1290,Verified,False,1383.53,2,7,1,34.21,110,5,Low
C5421,Wendy Perez,1139,Failed,True,586.98,10,5,20,175.69,105,10,High (Network Risk)
C4648,Erika Bates,3454,Verified,False,15398.55,2,2,1,217.03,86,0,Low
C1994,Marie Roach,3388,Verified,False,2472.51,1,7,1,161.8,56,0,Low
C4356,Mary Hoffman,969,Verified,False,10683.34,2,6,1,63.05,39,5,Low
C1912,Robert Mitchell,3649,Verified,False,3247.16,1,3,1,18.3,39,0,Low
C673,Gregory Russell,2277,Verified,False,13021.48,1,1,1,49.96,101,1,Low
C4659,Vicki Barrera,3058,Verified,False,4738.3,1,1,2,68.68,41,0,Low
C1469,Jessica Johnson,1931,Verified,False,2081.37,1,30,1,513.61,83,5,Low
C3225,Rachel Sullivan,1254,Pending,False,1842.11,1,7,2,191.66,73,0,Low
C2010,Kimberly Thomas,236,Verified,False,1670.55,1,2,1,341.87,88,0,Low
C5197,Anna Pierce,2906,Verified,False,2438.17,2,4,1,27.41,35,0,Low
C2518,Haley Mccoy,2971,Verified,False,2788.68,3,7,1,101.85,92,0,Low
C2099,Claire Hoffman,1639,Verified,False,4309.68,1,10,2,720.89,39,0,Low
C1507,Annette Rivas,334,Verified,False,2011.33,1,6,1,21.93,71,0,Low
C4962,Pamela Aguirre,2143,Verified,False,17320.42,1,37,1,1873.92,68,0,High (Network Risk)
C3161,George Bradshaw,2809,Pending,False,15020.87,2,38,2,175.97,75,1,High (Network Risk)
C3778,Ryan Waters,1889,Verified,False,3977.34,1,10,1,392.04,34,0,Low
C1090,Chase Matthews,1639,Verified,True,19042.07,1,5,1,8.53,58,0,Medium (Compliance)
C3452,Sarah Nelson,3180,Verified,False,12888.87,1,10,1,438.5,65,0,Low
C4383,Sarah Wall,2512,Verified,False,2231.01,1,2,1,40.3,86,0,Low
C1092,Paul Smith,3391,Verified,False,4833.72,2,16,1,166.02,53,0,Low
C3345,Kayla Burke,1416,Verified,False,2840.75,2,8,1,24.65,74,1,Low
C5352,Jean Murillo,1849,Verified,False,12774.15,3,2,1,669.99,4,0,Low
C733,William Hughes,2427,Verified,False,1269.99,1,4,1,30.48,3,1,Low
C3587,Brad Lee,562,Verified,False,730.95,1,11,1,301.62,33,1,Low
C491,Samantha Morrow,2330,Verified,False,2958.95,3,1,1,255.83,1,0,Low
C4025,Tony Brooks,260,Verified,False,1285.8,2,3,2,223.28,67,0,Low
C2695,Matthew Miller,1457,Verified,False,1321.44,2,5,1,113.41,86,1,Low
C3882,Angel Rojas,1273,Verified,False,2518.83,3,16,1,339.42,38,0,Low
C288,Jason Thompson,3115,Verified,False,1937.65,1,29,1,136.28,70,0,Low
C4191,Christina Aguilar,2479,Verified,False,2253.15,1,10,1,99.81,61,0,Low
C5136,Jason Thomas,3449,Pending,False,2445.57,2,0,5,450.19,48,0,High (Network Risk)
C3887,Connie Ramirez,164,Verified,False,3978.07,1,3,1,3224.78,90,0,Low
C2543,Jon Ramos,3457,Verified,False,1569.66,1,121,2,142.37,100,0,High (Network Risk)
C904,Christopher Klein,74,Verified,False,1724.07,2,8,1,20.22,80,1,Low
C202,Charles Powell,2946,Verified,False,7240.79,1,0,1,98.42,78,0,Low
C382,Megan Carlson,295,Verified,False,9823.88,1,49,1,386.78,79,0,High (Network Risk)
C3284,Justin Davis,642,Pending,False,18072.93,1,2,2,87.32,86,1,Low
C121,Molly Mckenzie,145,Verified,False,3134.47,1,11,1,17.17,98,0,Low
C688,Tammy Hendrix,3521,Verified,False,9328.97,1,2,1,217.58,80,0,Low
C2687,Tara Jones,553,Verified,False,2217.39,1,43,2,109.98,107,0,High (Network Risk)
C2983,Alison Zuniga,2103,Verified,False,4797.2,1,2,1,57.88,86,0,Low
C4160,Deborah Waller,1307,Verified,False,3336.9,3,4,1,224.92,71,0,Low
C3726,Jesse Davis,786,Pending,False,17204.97,1,17,1,572.22,38,5,Low
C163,Timothy Howard,126,Verified,False,1617.33,2,4,1,79.77,49,0,Low
C1564,Christina Moon,2169,Verified,False,1325.26,3,10,1,502.53,55,0,Low
C4011,John Ho,1023,Verified,False,3149.51,1,14,1,174.65,77,1,Low
C5075,Daniel Ferrell,2207,Verified,False,435.95,1,8,1,32.89,99,5,Low
C1839,Megan Miller,2553,Verified,False,3220.35,2,3,2,8.13,75,0,Low
C2083,James Robinson,1573,Verified,False,258.85,1,3,1,209.46,101,0,Low
C2558,Roger Petty,1587,Verified,False,1248.81,1,5,1,136.34,106,0,Low
C4070,John Payne,403,Verified,False,2974.04,1,11,1,50.88,34,0,Low
C3701,Jamie Lee,1326,Verified,False,575.02,2,14,1,61.02,84,0,Low
C1380,Steven Gardner,2428,Verified,False,3858.29,2,8,1,25.69,95,0,Low
C5522,Kevin Barber,2746,Verified,False,336.93,1,12,1,221.35,116,10,Low
C2212,Kenneth Williams,617,Verified,False,2776.16,1,2,1,30.56,50,0,Low
C1620,Elizabeth Williams,1206,Pending,False,6234.48,1,9,1,98.37,91,0,Low
C2066,Jessica Mitchell,954,Verified,False,9592.66,1,7,1,72.66,105,5,Low
C4675,Jesse Fleming,2131,Verified,False,13776.38,1,10,1,15.61,74,1,Low
C1410,Jennifer Ferguson,2882,Verified,False,1236.81,2,13,2,370.65,64,0,Low
C159,Susan Figueroa,3187,Verified,False,1986.39,1,3,1,114.72,59,0,Low
C4361,Mr. Thomas Jones PhD,2431,Verified,False,1491.79,1,6,1,5298.15,56,0,Low
C2911,Sherry Shannon,77,Verified,False,7017.37,1,21,1,40.72,83,0,Low
C1882,Samantha Garcia,550,Verified,False,3669.28,2,9,1,2169.24,56,0,Low
C3241,Joseph Beltran,185,Pending,False,2949.32,2,6,2,161.16,1,0,Low
C5250,Joshua Navarro,2066,Verified,True,2799.77,1,30,1,72.85,1,0,Medium (Compliance)
C4529,Nicholas Obrien II,426,Verified,False,5262.59,1,11,1,33.81,71,0,Low
C2875,Ronald Baxter,960,Verified,False,1267.48,3,2,1,20.09,91,0,Low
C155,Sherri Charles,917,Verified,False,6586.2,1,6,1,56.56,68,0,Low
C4185,Michael Flores,2634,Verified,True,4145.64,2,4,20,48.98,84,1,High (Network Risk)
C5561,Darryl Christensen,2149,Pending,False,8485.8,3,10,1,78.96,72,5,Low
C240,Allison Floyd,1277,Verified,False,2082.21,2,4,1,49.43,115,0,Low
C4981,Michelle Patterson,1405,Verified,False,3138.74,1,5,1,566.55,49,0,Low
C4625,Wendy Chavez,727,Verified,False,8921.89,2,3,1,29.13,57,0,Low
